inventory_id,product_id,warehouse_id,stock_quantity,reorder_level,last_updated
1,1,1,200,45,2026-01-01
2,1,2,463,40,2026-01-01
3,1,3,434,25,2026-01-01
4,1,4,394,29,2026-01-01
5,1,5,111,40,2026-01-01
6,1,6,389,97,2026-01-01
7,1,7,348,71,2026-01-01
8,1,8,171,44,2026-01-01
9,1,9,304,73,2026-01-01
10,1,10,207,25,2026-01-01
11,1,11,100,85,2026-01-01
12,1,12,174,20,2026-01-01
13,1,13,306,86,2026-01-01
14,1,14,454,91,2026-01-01
15,1,15,89,66,2026-01-01
16,1,16,198,68,2026-01-01
17,1,17,485,68,2026-01-01
18,1,18,421,58,2026-01-01
19,1,19,28,72,2026-01-01
20,1,20,439,96,2026-01-01
21,2,1,332,52,2026-01-01
22,2,2,62,49,2026-01-01
23,2,3,396,51,2026-01-01
24,2,4,419,66,2026-01-01
25,2,5,221,59,2026-01-01
26,2,6,192,62,2026-01-01
27,2,7,228,73,2026-01-01
28,2,8,491,32,2026-01-01
29,2,9,217,36,2026-01-01
30,2,10,292,37,2026-01-01
31,2,11,354,64,2026-01-01
32,2,12,451,84,2026-01-01
33,2,13,21,56,2026-01-01
34,2,14,448,63,2026-01-01
35,2,15,130,56,2026-01-01
36,2,16,247,30,2026-01-01
37,2,17,210,65,2026-01-01
38,2,18,456,92,2026-01-01
39,2,19,170,65,2026-01-01
40,2,20,132,42,2026-01-01
41,3,1,110,78,2026-01-01
42,3,2,239,55,2026-01-01
43,3,3,487,100,2026-01-01
44,3,4,59,68,2026-01-01
45,3,5,251,87,2026-01-01
46,3,6,388,92,2026-01-01
47,3,7,199,64,2026-01-01
48,3,8,97,57,2026-01-01
49,3,9,23,89,2026-01-01
50,3,10,470,62,2026-01-01
51,3,11,467,63,2026-01-01
52,3,12,149,53,2026-01-01
53,3,13,391,54,2026-01-01
54,3,14,302,65,2026-01-01
55,3,15,314,83,2026-01-01
56,3,16,397,88,2026-01-01
57,3,17,445,47,2026-01-01
58,3,18,144,65,2026-01-01
59,3,19,5,35,2026-01-01
60,3,20,47,34,2026-01-01
61,4,1,487,97,2026-01-01
62,4,2,314,72,2026-01-01
63,4,3,87,96,2026-01-01
64,4,4,495,53,2026-01-01
65,4,5,258,97,2026-01-01
66,4,6,295,54,2026-01-01
67,4,7,96,60,2026-01-01
68,4,8,168,31,2026-01-01
69,4,9,362,74,2026-01-01
70,4,10,475,40,2026-01-01
71,4,11,379,81,2026-01-01
72,4,12,99,88,2026-01-01
73,4,13,11,32,2026-01-01
74,4,14,5,62,2026-01-01
75,4,15,50,83,2026-01-01
76,4,16,418,62,2026-01-01
77,4,17,110,59,2026-01-01
78,4,18,144,89,2026-01-01
79,4,19,138,24,2026-01-01
80,4,20,135,36,2026-01-01
81,5,1,295,37,2026-01-01
82,5,2,84,21,2026-01-01
83,5,3,421,34,2026-01-01
84,5,4,467,84,2026-01-01
85,5,5,318,78,2026-01-01
86,5,6,100,73,2026-01-01
87,5,7,319,31,2026-01-01
88,5,8,412,38,2026-01-01
89,5,9,173,24,2026-01-01
90,5,10,355,88,2026-01-01
91,5,11,280,60,2026-01-01
92,5,12,358,57,2026-01-01
93,5,13,316,77,2026-01-01
94,5,14,293,43,2026-01-01
95,5,15,96,98,2026-01-01
96,5,16,422,57,2026-01-01
97,5,17,16,62,2026-01-01
98,5,18,43,80,2026-01-01
99,5,19,379,23,2026-01-01
100,5,20,362,98,2026-01-01
101,6,1,474,58,2026-01-01
102,6,2,115,46,2026-01-01
103,6,3,324,60,2026-01-01
104,6,4,74,53,2026-01-01
105,6,5,119,40,2026-01-01
106,6,6,218,30,2026-01-01
107,6,7,488,60,2026-01-01
108,6,8,127,77,2026-01-01
109,6,9,275,33,2026-01-01
110,6,10,269,30,2026-01-01
111,6,11,58,47,2026-01-01
112,6,12,61,41,2026-01-01
113,6,13,228,85,2026-01-01
114,6,14,21,20,2026-01-01
115,6,15,68,37,2026-01-01
116,6,16,464,43,2026-01-01
117,6,17,301,21,2026-01-01
118,6,18,290,57,2026-01-01
119,6,19,435,44,2026-01-01
120,6,20,338,44,2026-01-01
121,7,1,407,70,2026-01-01
122,7,2,154,35,2026-01-01
123,7,3,176,75,2026-01-01
124,7,4,483,23,2026-01-01
125,7,5,51,97,2026-01-01
126,7,6,147,32,2026-01-01
127,7,7,275,26,2026-01-01
128,7,8,269,90,2026-01-01
129,7,9,174,57,2026-01-01
130,7,10,54,49,2026-01-01
131,7,11,231,77,2026-01-01
132,7,12,74,29,2026-01-01
133,7,13,251,43,2026-01-01
134,7,14,81,91,2026-01-01
135,7,15,419,71,2026-01-01
136,7,16,344,59,2026-01-01
137,7,17,304,77,2026-01-01
138,7,18,457,41,2026-01-01
139,7,19,326,78,2026-01-01
140,7,20,148,82,2026-01-01
141,8,1,314,39,2026-01-01
142,8,2,90,74,2026-01-01
143,8,3,355,94,2026-01-01
144,8,4,198,67,2026-01-01
145,8,5,209,61,2026-01-01
146,8,6,294,94,2026-01-01
147,8,7,226,45,2026-01-01
148,8,8,446,77,2026-01-01
149,8,9,390,47,2026-01-01
150,8,10,219,30,2026-01-01
151,8,11,54,24,2026-01-01
152,8,12,247,69,2026-01-01
153,8,13,98,83,2026-01-01
154,8,14,138,31,2026-01-01
155,8,15,439,92,2026-01-01
156,8,16,349,61,2026-01-01
157,8,17,178,38,2026-01-01
158,8,18,306,54,2026-01-01
159,8,19,66,62,2026-01-01
160,8,20,47,70,2026-01-01
161,9,1,97,53,2026-01-01
162,9,2,123,55,2026-01-01
163,9,3,303,91,2026-01-01
164,9,4,10,55,2026-01-01
165,9,5,404,70,2026-01-01
166,9,6,321,38,2026-01-01
167,9,7,13,38,2026-01-01
168,9,8,271,99,2026-01-01
169,9,9,102,96,2026-01-01
170,9,10,488,67,2026-01-01
171,9,11,236,75,2026-01-01
172,9,12,160,56,2026-01-01
173,9,13,129,98,2026-01-01
174,9,14,365,96,2026-01-01
175,9,15,424,43,2026-01-01
176,9,16,467,69,2026-01-01
177,9,17,130,43,2026-01-01
178,9,18,329,21,2026-01-01
179,9,19,136,24,2026-01-01
180,9,20,346,47,2026-01-01
181,10,1,458,29,2026-01-01
182,10,2,484,66,2026-01-01
183,10,3,333,29,2026-01-01
184,10,4,498,49,2026-01-01
185,10,5,100,50,2026-01-01
186,10,6,373,99,2026-01-01
187,10,7,244,98,2026-01-01
188,10,8,63,96,2026-01-01
189,10,9,21,80,2026-01-01
190,10,10,97,40,2026-01-01
191,10,11,498,70,2026-01-01
192,10,12,487,35,2026-01-01
193,10,13,178,67,2026-01-01
194,10,14,232,75,2026-01-01
195,10,15,208,83,2026-01-01
196,10,16,82,54,2026-01-01
197,10,17,319,21,2026-01-01
198,10,18,327,75,2026-01-01
199,10,19,117,62,2026-01-01
200,10,20,268,73,2026-01-01
201,11,1,172,52,2026-01-01
202,11,2,18,39,2026-01-01
203,11,3,476,73,2026-01-01
204,11,4,129,77,2026-01-01
205,11,5,454,63,2026-01-01
206,11,6,253,91,2026-01-01
207,11,7,216,44,2026-01-01
208,11,8,292,39,2026-01-01
209,11,9,465,59,2026-01-01
210,11,10,242,53,2026-01-01
211,11,11,68,45,2026-01-01
212,11,12,348,87,2026-01-01
213,11,13,113,53,2026-01-01
214,11,14,470,86,2026-01-01
215,11,15,384,74,2026-01-01
216,11,16,133,86,2026-01-01
217,11,17,59,71,2026-01-01
218,11,18,477,62,2026-01-01
219,11,19,236,42,2026-01-01
220,11,20,450,78,2026-01-01
221,12,1,34,56,2026-01-01
222,12,2,159,63,2026-01-01
223,12,3,143,53,2026-01-01
224,12,4,417,51,2026-01-01
225,12,5,247,84,2026-01-01
226,12,6,9,86,2026-01-01
227,12,7,32,99,2026-01-01
228,12,8,480,57,2026-01-01
229,12,9,161,37,2026-01-01
230,12,10,167,35,2026-01-01
231,12,11,163,37,2026-01-01
232,12,12,273,98,2026-01-01
233,12,13,102,60,2026-01-01
234,12,14,85,80,2026-01-01
235,12,15,193,78,2026-01-01
236,12,16,343,29,2026-01-01
237,12,17,134,54,2026-01-01
238,12,18,424,57,2026-01-01
239,12,19,263,50,2026-01-01
240,12,20,79,23,2026-01-01
241,13,1,400,27,2026-01-01
242,13,2,62,62,2026-01-01
243,13,3,340,36,2026-01-01
244,13,4,139,45,2026-01-01
245,13,5,139,35,2026-01-01
246,13,6,68,69,2026-01-01
247,13,7,469,53,2026-01-01
248,13,8,210,91,2026-01-01
249,13,9,125,69,2026-01-01
250,13,10,205,69,2026-01-01
251,13,11,91,54,2026-01-01
252,13,12,428,64,2026-01-01
253,13,13,437,59,2026-01-01
254,13,14,1,23,2026-01-01
255,13,15,41,32,2026-01-01
256,13,16,79,54,2026-01-01
257,13,17,435,57,2026-01-01
258,13,18,428,90,2026-01-01
259,13,19,332,47,2026-01-01
260,13,20,117,91,2026-01-01
261,14,1,487,34,2026-01-01
262,14,2,239,22,2026-01-01
263,14,3,424,41,2026-01-01
264,14,4,484,68,2026-01-01
265,14,5,331,43,2026-01-01
266,14,6,377,21,2026-01-01
267,14,7,244,39,2026-01-01
268,14,8,421,77,2026-01-01
269,14,9,37,55,2026-01-01
270,14,10,12,55,2026-01-01
271,14,11,182,58,2026-01-01
272,14,12,408,81,2026-01-01
273,14,13,405,95,2026-01-01
274,14,14,482,78,2026-01-01
275,14,15,442,98,2026-01-01
276,14,16,214,43,2026-01-01
277,14,17,467,95,2026-01-01
278,14,18,397,59,2026-01-01
279,14,19,499,32,2026-01-01
280,14,20,164,31,2026-01-01
281,15,1,20,58,2026-01-01
282,15,2,341,26,2026-01-01
283,15,3,407,32,2026-01-01
284,15,4,322,84,2026-01-01
285,15,5,122,24,2026-01-01
286,15,6,149,53,2026-01-01
287,15,7,35,40,2026-01-01
288,15,8,386,55,2026-01-01
289,15,9,363,62,2026-01-01
290,15,10,140,50,2026-01-01
291,15,11,135,22,2026-01-01
292,15,12,372,55,2026-01-01
293,15,13,420,28,2026-01-01
294,15,14,8,40,2026-01-01
295,15,15,44,62,2026-01-01
296,15,16,295,37,2026-01-01
297,15,17,487,37,2026-01-01
298,15,18,184,25,2026-01-01
299,15,19,134,44,2026-01-01
300,15,20,289,48,2026-01-01
301,16,1,119,39,2026-01-01
302,16,2,123,76,2026-01-01
303,16,3,320,96,2026-01-01
304,16,4,350,73,2026-01-01
305,16,5,436,36,2026-01-01
306,16,6,89,27,2026-01-01
307,16,7,305,22,2026-01-01
308,16,8,452,74,2026-01-01
309,16,9,85,31,2026-01-01
310,16,10,287,31,2026-01-01
311,16,11,423,96,2026-01-01
312,16,12,237,71,2026-01-01
313,16,13,19,30,2026-01-01
314,16,14,137,37,2026-01-01
315,16,15,460,75,2026-01-01
316,16,16,400,95,2026-01-01
317,16,17,110,97,2026-01-01
318,16,18,234,33,2026-01-01
319,16,19,488,40,2026-01-01
320,16,20,214,37,2026-01-01
321,17,1,445,49,2026-01-01
322,17,2,63,33,2026-01-01
323,17,3,346,49,2026-01-01
324,17,4,24,74,2026-01-01
325,17,5,60,99,2026-01-01
326,17,6,119,97,2026-01-01
327,17,7,6,50,2026-01-01
328,17,8,118,82,2026-01-01
329,17,9,340,84,2026-01-01
330,17,10,272,71,2026-01-01
331,17,11,149,24,2026-01-01
332,17,12,275,70,2026-01-01
333,17,13,130,100,2026-01-01
334,17,14,297,54,2026-01-01
335,17,15,265,80,2026-01-01
336,17,16,372,53,2026-01-01
337,17,17,22,74,2026-01-01
338,17,18,119,68,2026-01-01
339,17,19,80,44,2026-01-01
340,17,20,403,78,2026-01-01
341,18,1,391,70,2026-01-01
342,18,2,107,35,2026-01-01
343,18,3,93,87,2026-01-01
344,18,4,33,60,2026-01-01
345,18,5,353,32,2026-01-01
346,18,6,379,42,2026-01-01
347,18,7,187,24,2026-01-01
348,18,8,108,84,2026-01-01
349,18,9,220,47,2026-01-01
350,18,10,364,58,2026-01-01
351,18,11,41,64,2026-01-01
352,18,12,199,97,2026-01-01
353,18,13,420,64,2026-01-01
354,18,14,161,92,2026-01-01
355,18,15,472,74,2026-01-01
356,18,16,28,24,2026-01-01
357,18,17,442,33,2026-01-01
358,18,18,218,54,2026-01-01
359,18,19,311,63,2026-01-01
360,18,20,445,87,2026-01-01
361,19,1,159,70,2026-01-01
362,19,2,396,91,2026-01-01
363,19,3,462,70,2026-01-01
364,19,4,415,88,2026-01-01
365,19,5,441,39,2026-01-01
366,19,6,192,32,2026-01-01
367,19,7,369,24,2026-01-01
368,19,8,280,26,2026-01-01
369,19,9,316,74,2026-01-01
370,19,10,450,27,2026-01-01
371,19,11,429,26,2026-01-01
372,19,12,219,100,2026-01-01
373,19,13,123,76,2026-01-01
374,19,14,94,63,2026-01-01
375,19,15,307,92,2026-01-01
376,19,16,231,53,2026-01-01
377,19,17,482,20,2026-01-01
378,19,18,459,58,2026-01-01
379,19,19,457,39,2026-01-01
380,19,20,418,80,2026-01-01
381,20,1,277,98,2026-01-01
382,20,2,357,97,2026-01-01
383,20,3,40,58,2026-01-01
384,20,4,82,86,2026-01-01
385,20,5,477,82,2026-01-01
386,20,6,290,37,2026-01-01
387,20,7,481,25,2026-01-01
388,20,8,373,80,2026-01-01
389,20,9,482,80,2026-01-01
390,20,10,355,50,2026-01-01
391,20,11,108,38,2026-01-01
392,20,12,269,98,2026-01-01
393,20,13,32,72,2026-01-01
394,20,14,120,72,2026-01-01
395,20,15,248,70,2026-01-01
396,20,16,391,51,2026-01-01
397,20,17,373,47,2026-01-01
398,20,18,434,79,2026-01-01
399,20,19,430,53,2026-01-01
400,20,20,50,91,2026-01-01
401,21,1,50,21,2026-01-01
402,21,2,257,45,2026-01-01
403,21,3,347,83,2026-01-01
404,21,4,217,61,2026-01-01
405,21,5,489,83,2026-01-01
406,21,6,198,53,2026-01-01
407,21,7,9,59,2026-01-01
408,21,8,259,79,2026-01-01
409,21,9,400,69,2026-01-01
410,21,10,147,61,2026-01-01
411,21,11,292,77,2026-01-01
412,21,12,29,94,2026-01-01
413,21,13,365,21,2026-01-01
414,21,14,468,67,2026-01-01
415,21,15,64,44,2026-01-01
416,21,16,497,65,2026-01-01
417,21,17,64,64,2026-01-01
418,21,18,183,34,2026-01-01
419,21,19,268,75,2026-01-01
420,21,20,246,32,2026-01-01
421,22,1,152,56,2026-01-01
422,22,2,166,35,2026-01-01
423,22,3,360,85,2026-01-01
424,22,4,297,39,2026-01-01
425,22,5,334,46,2026-01-01
426,22,6,180,28,2026-01-01
427,22,7,341,98,2026-01-01
428,22,8,135,66,2026-01-01
429,22,9,164,68,2026-01-01
430,22,10,383,32,2026-01-01
431,22,11,469,86,2026-01-01
432,22,12,29,88,2026-01-01
433,22,13,389,44,2026-01-01
434,22,14,395,34,2026-01-01
435,22,15,390,84,2026-01-01
436,22,16,393,35,2026-01-01
437,22,17,111,62,2026-01-01
438,22,18,309,23,2026-01-01
439,22,19,281,88,2026-01-01
440,22,20,295,29,2026-01-01
441,23,1,87,90,2026-01-01
442,23,2,397,85,2026-01-01
443,23,3,334,62,2026-01-01
444,23,4,223,40,2026-01-01
445,23,5,380,57,2026-01-01
446,23,6,15,25,2026-01-01
447,23,7,72,75,2026-01-01
448,23,8,130,96,2026-01-01
449,23,9,3,59,2026-01-01
450,23,10,225,43,2026-01-01
451,23,11,124,36,2026-01-01
452,23,12,165,44,2026-01-01
453,23,13,165,22,2026-01-01
454,23,14,338,24,2026-01-01
455,23,15,212,81,2026-01-01
456,23,16,324,64,2026-01-01
457,23,17,80,63,2026-01-01
458,23,18,107,49,2026-01-01
459,23,19,148,66,2026-01-01
460,23,20,372,23,2026-01-01
461,24,1,123,20,2026-01-01
462,24,2,124,37,2026-01-01
463,24,3,24,21,2026-01-01
464,24,4,380,84,2026-01-01
465,24,5,366,73,2026-01-01
466,24,6,227,35,2026-01-01
467,24,7,60,51,2026-01-01
468,24,8,215,89,2026-01-01
469,24,9,407,86,2026-01-01
470,24,10,143,53,2026-01-01
471,24,11,339,23,2026-01-01
472,24,12,444,27,2026-01-01
473,24,13,210,59,2026-01-01
474,24,14,417,59,2026-01-01
475,24,15,129,23,2026-01-01
476,24,16,433,66,2026-01-01
477,24,17,446,45,2026-01-01
478,24,18,498,39,2026-01-01
479,24,19,337,55,2026-01-01
480,24,20,359,76,2026-01-01
481,25,1,467,62,2026-01-01
482,25,2,362,53,2026-01-01
483,25,3,53,64,2026-01-01
484,25,4,356,68,2026-01-01
485,25,5,367,77,2026-01-01
486,25,6,343,70,2026-01-01
487,25,7,433,69,2026-01-01
488,25,8,80,98,2026-01-01
489,25,9,63,98,2026-01-01
490,25,10,39,69,2026-01-01
491,25,11,87,71,2026-01-01
492,25,12,31,73,2026-01-01
493,25,13,485,34,2026-01-01
494,25,14,339,81,2026-01-01
495,25,15,466,35,2026-01-01
496,25,16,282,98,2026-01-01
497,25,17,235,95,2026-01-01
498,25,18,161,22,2026-01-01
499,25,19,433,26,2026-01-01
500,25,20,133,85,2026-01-01
501,26,1,476,59,2026-01-01
502,26,2,186,56,2026-01-01
503,26,3,83,36,2026-01-01
504,26,4,467,91,2026-01-01
505,26,5,204,95,2026-01-01
506,26,6,13,92,2026-01-01
507,26,7,291,53,2026-01-01
508,26,8,332,42,2026-01-01
509,26,9,253,56,2026-01-01
510,26,10,36,84,2026-01-01
511,26,11,113,46,2026-01-01
512,26,12,392,65,2026-01-01
513,26,13,280,46,2026-01-01
514,26,14,320,41,2026-01-01
515,26,15,312,33,2026-01-01
516,26,16,422,77,2026-01-01
517,26,17,164,63,2026-01-01
518,26,18,365,44,2026-01-01
519,26,19,183,78,2026-01-01
520,26,20,382,72,2026-01-01
521,27,1,82,71,2026-01-01
522,27,2,359,32,2026-01-01
523,27,3,442,100,2026-01-01
524,27,4,425,30,2026-01-01
525,27,5,416,69,2026-01-01
526,27,6,313,77,2026-01-01
527,27,7,74,85,2026-01-01
528,27,8,152,72,2026-01-01
529,27,9,172,22,2026-01-01
530,27,10,284,40,2026-01-01
531,27,11,212,74,2026-01-01
532,27,12,171,44,2026-01-01
533,27,13,422,86,2026-01-01
534,27,14,115,20,2026-01-01
535,27,15,46,54,2026-01-01
536,27,16,290,35,2026-01-01
537,27,17,154,84,2026-01-01
538,27,18,353,31,2026-01-01
539,27,19,149,62,2026-01-01
540,27,20,323,22,2026-01-01
541,28,1,473,91,2026-01-01
542,28,2,369,41,2026-01-01
543,28,3,90,56,2026-01-01
544,28,4,288,70,2026-01-01
545,28,5,44,84,2026-01-01
546,28,6,491,56,2026-01-01
547,28,7,85,78,2026-01-01
548,28,8,492,61,2026-01-01
549,28,9,233,95,2026-01-01
550,28,10,429,54,2026-01-01
551,28,11,85,99,2026-01-01
552,28,12,260,38,2026-01-01
553,28,13,421,22,2026-01-01
554,28,14,40,94,2026-01-01
555,28,15,447,48,2026-01-01
556,28,16,290,98,2026-01-01
557,28,17,471,90,2026-01-01
558,28,18,293,96,2026-01-01
559,28,19,474,90,2026-01-01
560,28,20,329,76,2026-01-01
561,29,1,208,95,2026-01-01
562,29,2,139,47,2026-01-01
563,29,3,484,47,2026-01-01
564,29,4,274,89,2026-01-01
565,29,5,478,44,2026-01-01
566,29,6,375,83,2026-01-01
567,29,7,389,67,2026-01-01
568,29,8,216,48,2026-01-01
569,29,9,491,56,2026-01-01
570,29,10,240,48,2026-01-01
571,29,11,201,30,2026-01-01
572,29,12,2,21,2026-01-01
573,29,13,463,28,2026-01-01
574,29,14,26,40,2026-01-01
575,29,15,331,97,2026-01-01
576,29,16,89,63,2026-01-01
577,29,17,450,66,2026-01-01
578,29,18,474,40,2026-01-01
579,29,19,445,26,2026-01-01
580,29,20,308,73,2026-01-01
581,30,1,167,50,2026-01-01
582,30,2,57,62,2026-01-01
583,30,3,353,56,2026-01-01
584,30,4,386,85,2026-01-01
585,30,5,173,98,2026-01-01
586,30,6,450,90,2026-01-01
587,30,7,142,39,2026-01-01
588,30,8,9,31,2026-01-01
589,30,9,211,51,2026-01-01
590,30,10,438,56,2026-01-01
591,30,11,311,56,2026-01-01
592,30,12,33,80,2026-01-01
593,30,13,263,76,2026-01-01
594,30,14,27,27,2026-01-01
595,30,15,343,43,2026-01-01
596,30,16,28,49,2026-01-01
597,30,17,226,96,2026-01-01
598,30,18,180,78,2026-01-01
599,30,19,302,32,2026-01-01
600,30,20,37,90,2026-01-01
601,31,1,467,37,2026-01-01
602,31,2,219,50,2026-01-01
603,31,3,301,94,2026-01-01
604,31,4,51,95,2026-01-01
605,31,5,316,67,2026-01-01
606,31,6,355,96,2026-01-01
607,31,7,77,28,2026-01-01
608,31,8,464,47,2026-01-01
609,31,9,99,72,2026-01-01
610,31,10,261,58,2026-01-01
611,31,11,450,82,2026-01-01
612,31,12,162,26,2026-01-01
613,31,13,49,29,2026-01-01
614,31,14,189,86,2026-01-01
615,31,15,14,37,2026-01-01
616,31,16,294,67,2026-01-01
617,31,17,202,97,2026-01-01
618,31,18,230,51,2026-01-01
619,31,19,493,64,2026-01-01
620,31,20,356,45,2026-01-01
621,32,1,440,28,2026-01-01
622,32,2,421,94,2026-01-01
623,32,3,300,41,2026-01-01
624,32,4,238,21,2026-01-01
625,32,5,197,31,2026-01-01
626,32,6,485,80,2026-01-01
627,32,7,326,38,2026-01-01
628,32,8,182,78,2026-01-01
629,32,9,298,27,2026-01-01
630,32,10,258,54,2026-01-01
631,32,11,100,94,2026-01-01
632,32,12,22,34,2026-01-01
633,32,13,439,54,2026-01-01
634,32,14,7,47,2026-01-01
635,32,15,42,93,2026-01-01
636,32,16,469,66,2026-01-01
637,32,17,167,28,2026-01-01
638,32,18,315,34,2026-01-01
639,32,19,456,63,2026-01-01
640,32,20,89,44,2026-01-01
641,33,1,392,52,2026-01-01
642,33,2,72,97,2026-01-01
643,33,3,496,67,2026-01-01
644,33,4,219,60,2026-01-01
645,33,5,417,46,2026-01-01
646,33,6,395,79,2026-01-01
647,33,7,320,66,2026-01-01
648,33,8,100,46,2026-01-01
649,33,9,498,89,2026-01-01
650,33,10,484,87,2026-01-01
651,33,11,251,68,2026-01-01
652,33,12,258,94,2026-01-01
653,33,13,296,50,2026-01-01
654,33,14,5,90,2026-01-01
655,33,15,461,84,2026-01-01
656,33,16,132,68,2026-01-01
657,33,17,424,94,2026-01-01
658,33,18,486,48,2026-01-01
659,33,19,114,26,2026-01-01
660,33,20,240,47,2026-01-01
661,34,1,496,57,2026-01-01
662,34,2,491,28,2026-01-01
663,34,3,437,47,2026-01-01
664,34,4,468,65,2026-01-01
665,34,5,80,43,2026-01-01
666,34,6,125,39,2026-01-01
667,34,7,113,62,2026-01-01
668,34,8,449,72,2026-01-01
669,34,9,319,48,2026-01-01
670,34,10,269,74,2026-01-01
671,34,11,385,71,2026-01-01
672,34,12,455,81,2026-01-01
673,34,13,273,49,2026-01-01
674,34,14,112,59,2026-01-01
675,34,15,106,34,2026-01-01
676,34,16,247,58,2026-01-01
677,34,17,109,24,2026-01-01
678,34,18,482,78,2026-01-01
679,34,19,217,69,2026-01-01
680,34,20,286,27,2026-01-01
681,35,1,461,91,2026-01-01
682,35,2,178,81,2026-01-01
683,35,3,40,50,2026-01-01
684,35,4,96,83,2026-01-01
685,35,5,347,76,2026-01-01
686,35,6,214,85,2026-01-01
687,35,7,308,22,2026-01-01
688,35,8,270,66,2026-01-01
689,35,9,178,30,2026-01-01
690,35,10,178,27,2026-01-01
691,35,11,34,99,2026-01-01
692,35,12,138,29,2026-01-01
693,35,13,272,69,2026-01-01
694,35,14,408,48,2026-01-01
695,35,15,84,65,2026-01-01
696,35,16,333,79,2026-01-01
697,35,17,154,64,2026-01-01
698,35,18,119,85,2026-01-01
699,35,19,364,50,2026-01-01
700,35,20,186,86,2026-01-01
701,36,1,254,35,2026-01-01
702,36,2,447,52,2026-01-01
703,36,3,319,84,2026-01-01
704,36,4,310,98,2026-01-01
705,36,5,326,31,2026-01-01
706,36,6,477,96,2026-01-01
707,36,7,237,56,2026-01-01
708,36,8,247,52,2026-01-01
709,36,9,300,76,2026-01-01
710,36,10,27,69,2026-01-01
711,36,11,151,20,2026-01-01
712,36,12,44,40,2026-01-01
713,36,13,416,94,2026-01-01
714,36,14,279,70,2026-01-01
715,36,15,81,22,2026-01-01
716,36,16,322,78,2026-01-01
717,36,17,193,92,2026-01-01
718,36,18,143,24,2026-01-01
719,36,19,408,24,2026-01-01
720,36,20,237,71,2026-01-01
721,37,1,223,45,2026-01-01
722,37,2,393,34,2026-01-01
723,37,3,276,64,2026-01-01
724,37,4,477,65,2026-01-01
725,37,5,122,78,2026-01-01
726,37,6,295,24,2026-01-01
727,37,7,477,58,2026-01-01
728,37,8,471,29,2026-01-01
729,37,9,29,37,2026-01-01
730,37,10,100,38,2026-01-01
731,37,11,333,85,2026-01-01
732,37,12,294,31,2026-01-01
733,37,13,319,82,2026-01-01
734,37,14,396,77,2026-01-01
735,37,15,43,66,2026-01-01
736,37,16,334,38,2026-01-01
737,37,17,491,28,2026-01-01
738,37,18,129,23,2026-01-01
739,37,19,461,78,2026-01-01
740,37,20,127,53,2026-01-01
741,38,1,195,75,2026-01-01
742,38,2,14,41,2026-01-01
743,38,3,182,44,2026-01-01
744,38,4,278,93,2026-01-01
745,38,5,225,59,2026-01-01
746,38,6,245,69,2026-01-01
747,38,7,176,41,2026-01-01
748,38,8,264,32,2026-01-01
749,38,9,479,51,2026-01-01
750,38,10,40,30,2026-01-01
751,38,11,265,56,2026-01-01
752,38,12,334,98,2026-01-01
753,38,13,208,24,2026-01-01
754,38,14,240,87,2026-01-01
755,38,15,175,70,2026-01-01
756,38,16,250,24,2026-01-01
757,38,17,260,100,2026-01-01
758,38,18,203,77,2026-01-01
759,38,19,104,42,2026-01-01
760,38,20,207,85,2026-01-01
761,39,1,272,77,2026-01-01
762,39,2,375,26,2026-01-01
763,39,3,9,89,2026-01-01
764,39,4,365,23,2026-01-01
765,39,5,374,42,2026-01-01
766,39,6,79,40,2026-01-01
767,39,7,398,62,2026-01-01
768,39,8,234,25,2026-01-01
769,39,9,276,53,2026-01-01
770,39,10,132,25,2026-01-01
771,39,11,117,89,2026-01-01
772,39,12,412,52,2026-01-01
773,39,13,77,38,2026-01-01
774,39,14,204,81,2026-01-01
775,39,15,204,20,2026-01-01
776,39,16,230,52,2026-01-01
777,39,17,88,49,2026-01-01
778,39,18,493,100,2026-01-01
779,39,19,448,89,2026-01-01
780,39,20,22,31,2026-01-01
781,40,1,48,59,2026-01-01
782,40,2,228,29,2026-01-01
783,40,3,319,43,2026-01-01
784,40,4,438,41,2026-01-01
785,40,5,30,67,2026-01-01
786,40,6,157,20,2026-01-01
787,40,7,153,89,2026-01-01
788,40,8,495,65,2026-01-01
789,40,9,402,30,2026-01-01
790,40,10,58,51,2026-01-01
791,40,11,56,65,2026-01-01
792,40,12,245,97,2026-01-01
793,40,13,476,70,2026-01-01
794,40,14,385,76,2026-01-01
795,40,15,472,98,2026-01-01
796,40,16,181,34,2026-01-01
797,40,17,225,25,2026-01-01
798,40,18,422,76,2026-01-01
799,40,19,306,76,2026-01-01
800,40,20,337,73,2026-01-01
801,41,1,292,69,2026-01-01
802,41,2,459,38,2026-01-01
803,41,3,34,23,2026-01-01
804,41,4,253,52,2026-01-01
805,41,5,122,22,2026-01-01
806,41,6,115,24,2026-01-01
807,41,7,64,48,2026-01-01
808,41,8,288,33,2026-01-01
809,41,9,38,37,2026-01-01
810,41,10,283,55,2026-01-01
811,41,11,139,96,2026-01-01
812,41,12,318,59,2026-01-01
813,41,13,496,57,2026-01-01
814,41,14,5,51,2026-01-01
815,41,15,133,40,2026-01-01
816,41,16,57,51,2026-01-01
817,41,17,340,59,2026-01-01
818,41,18,116,50,2026-01-01
819,41,19,303,35,2026-01-01
820,41,20,158,72,2026-01-01
821,42,1,114,69,2026-01-01
822,42,2,270,31,2026-01-01
823,42,3,472,60,2026-01-01
824,42,4,377,98,2026-01-01
825,42,5,324,37,2026-01-01
826,42,6,286,92,2026-01-01
827,42,7,257,42,2026-01-01
828,42,8,367,66,2026-01-01
829,42,9,255,53,2026-01-01
830,42,10,455,34,2026-01-01
831,42,11,257,58,2026-01-01
832,42,12,134,51,2026-01-01
833,42,13,379,21,2026-01-01
834,42,14,31,65,2026-01-01
835,42,15,48,61,2026-01-01
836,42,16,236,64,2026-01-01
837,42,17,343,77,2026-01-01
838,42,18,35,42,2026-01-01
839,42,19,356,49,2026-01-01
840,42,20,171,53,2026-01-01
841,43,1,226,64,2026-01-01
842,43,2,393,37,2026-01-01
843,43,3,344,40,2026-01-01
844,43,4,214,78,2026-01-01
845,43,5,456,42,2026-01-01
846,43,6,15,76,2026-01-01
847,43,7,250,100,2026-01-01
848,43,8,391,83,2026-01-01
849,43,9,394,98,2026-01-01
850,43,10,156,92,2026-01-01
851,43,11,464,84,2026-01-01
852,43,12,17,69,2026-01-01
853,43,13,2,82,2026-01-01
854,43,14,250,97,2026-01-01
855,43,15,488,80,2026-01-01
856,43,16,9,61,2026-01-01
857,43,17,383,29,2026-01-01
858,43,18,249,65,2026-01-01
859,43,19,5,67,2026-01-01
860,43,20,68,67,2026-01-01
861,44,1,358,59,2026-01-01
862,44,2,397,49,2026-01-01
863,44,3,189,83,2026-01-01
864,44,4,253,79,2026-01-01
865,44,5,412,100,2026-01-01
866,44,6,55,84,2026-01-01
867,44,7,401,22,2026-01-01
868,44,8,375,65,2026-01-01
869,44,9,445,71,2026-01-01
870,44,10,490,51,2026-01-01
871,44,11,53,33,2026-01-01
872,44,12,195,72,2026-01-01
873,44,13,188,20,2026-01-01
874,44,14,103,85,2026-01-01
875,44,15,447,67,2026-01-01
876,44,16,397,70,2026-01-01
877,44,17,99,65,2026-01-01
878,44,18,338,92,2026-01-01
879,44,19,131,64,2026-01-01
880,44,20,1,63,2026-01-01
881,45,1,3,47,2026-01-01
882,45,2,454,93,2026-01-01
883,45,3,407,52,2026-01-01
884,45,4,25,49,2026-01-01
885,45,5,412,23,2026-01-01
886,45,6,375,96,2026-01-01
887,45,7,37,62,2026-01-01
888,45,8,153,72,2026-01-01
889,45,9,44,90,2026-01-01
890,45,10,11,52,2026-01-01
891,45,11,433,58,2026-01-01
892,45,12,243,71,2026-01-01
893,45,13,428,87,2026-01-01
894,45,14,71,64,2026-01-01
895,45,15,112,65,2026-01-01
896,45,16,304,82,2026-01-01
897,45,17,15,56,2026-01-01
898,45,18,30,22,2026-01-01
899,45,19,363,39,2026-01-01
900,45,20,36,72,2026-01-01
901,46,1,31,39,2026-01-01
902,46,2,60,68,2026-01-01
903,46,3,401,99,2026-01-01
904,46,4,22,45,2026-01-01
905,46,5,139,70,2026-01-01
906,46,6,167,71,2026-01-01
907,46,7,32,56,2026-01-01
908,46,8,346,33,2026-01-01
909,46,9,344,46,2026-01-01
910,46,10,65,95,2026-01-01
911,46,11,196,79,2026-01-01
912,46,12,17,50,2026-01-01
913,46,13,133,93,2026-01-01
914,46,14,234,22,2026-01-01
915,46,15,368,46,2026-01-01
916,46,16,118,74,2026-01-01
917,46,17,430,95,2026-01-01
918,46,18,411,75,2026-01-01
919,46,19,117,25,2026-01-01
920,46,20,170,47,2026-01-01
921,47,1,306,51,2026-01-01
922,47,2,239,86,2026-01-01
923,47,3,441,76,2026-01-01
924,47,4,199,96,2026-01-01
925,47,5,39,34,2026-01-01
926,47,6,126,62,2026-01-01
927,47,7,167,97,2026-01-01
928,47,8,55,36,2026-01-01
929,47,9,440,64,2026-01-01
930,47,10,70,49,2026-01-01
931,47,11,373,66,2026-01-01
932,47,12,119,45,2026-01-01
933,47,13,461,49,2026-01-01
934,47,14,432,74,2026-01-01
935,47,15,223,34,2026-01-01
936,47,16,268,88,2026-01-01
937,47,17,477,32,2026-01-01
938,47,18,380,47,2026-01-01
939,47,19,45,29,2026-01-01
940,47,20,109,64,2026-01-01
941,48,1,310,29,2026-01-01
942,48,2,60,100,2026-01-01
943,48,3,444,47,2026-01-01
944,48,4,491,80,2026-01-01
945,48,5,46,100,2026-01-01
946,48,6,13,40,2026-01-01
947,48,7,320,76,2026-01-01
948,48,8,27,98,2026-01-01
949,48,9,273,94,2026-01-01
950,48,10,82,94,2026-01-01
951,48,11,163,39,2026-01-01
952,48,12,285,85,2026-01-01
953,48,13,56,23,2026-01-01
954,48,14,31,86,2026-01-01
955,48,15,286,72,2026-01-01
956,48,16,98,74,2026-01-01
957,48,17,161,51,2026-01-01
958,48,18,451,43,2026-01-01
959,48,19,208,25,2026-01-01
960,48,20,384,100,2026-01-01
961,49,1,292,41,2026-01-01
962,49,2,259,29,2026-01-01
963,49,3,437,85,2026-01-01
964,49,4,75,57,2026-01-01
965,49,5,211,68,2026-01-01
966,49,6,141,34,2026-01-01
967,49,7,456,57,2026-01-01
968,49,8,252,37,2026-01-01
969,49,9,409,55,2026-01-01
970,49,10,115,37,2026-01-01
971,49,11,346,99,2026-01-01
972,49,12,25,41,2026-01-01
973,49,13,173,85,2026-01-01
974,49,14,379,35,2026-01-01
975,49,15,68,63,2026-01-01
976,49,16,405,58,2026-01-01
977,49,17,79,59,2026-01-01
978,49,18,67,66,2026-01-01
979,49,19,304,74,2026-01-01
980,49,20,260,27,2026-01-01
981,50,1,485,28,2026-01-01
982,50,2,354,73,2026-01-01
983,50,3,223,52,2026-01-01
984,50,4,369,91,2026-01-01
985,50,5,179,27,2026-01-01
986,50,6,173,30,2026-01-01
987,50,7,83,33,2026-01-01
988,50,8,495,80,2026-01-01
989,50,9,46,44,2026-01-01
990,50,10,180,44,2026-01-01
991,50,11,12,43,2026-01-01
992,50,12,311,96,2026-01-01
993,50,13,296,33,2026-01-01
994,50,14,219,68,2026-01-01
995,50,15,485,44,2026-01-01
996,50,16,230,86,2026-01-01
997,50,17,271,49,2026-01-01
998,50,18,62,83,2026-01-01
999,50,19,289,95,2026-01-01
1000,50,20,499,41,2026-01-01
1001,51,1,229,68,2026-01-01
1002,51,2,251,40,2026-01-01
1003,51,3,492,94,2026-01-01
1004,51,4,92,66,2026-01-01
1005,51,5,407,39,2026-01-01
1006,51,6,197,68,2026-01-01
1007,51,7,134,70,2026-01-01
1008,51,8,24,62,2026-01-01
1009,51,9,31,69,2026-01-01
1010,51,10,258,27,2026-01-01
1011,51,11,426,73,2026-01-01
1012,51,12,179,54,2026-01-01
1013,51,13,436,23,2026-01-01
1014,51,14,446,100,2026-01-01
1015,51,15,120,42,2026-01-01
1016,51,16,0,93,2026-01-01
1017,51,17,430,31,2026-01-01
1018,51,18,336,90,2026-01-01
1019,51,19,452,64,2026-01-01
1020,51,20,472,99,2026-01-01
1021,52,1,385,83,2026-01-01
1022,52,2,109,83,2026-01-01
1023,52,3,358,41,2026-01-01
1024,52,4,52,53,2026-01-01
1025,52,5,382,48,2026-01-01
1026,52,6,349,89,2026-01-01
1027,52,7,312,94,2026-01-01
1028,52,8,98,47,2026-01-01
1029,52,9,329,64,2026-01-01
1030,52,10,64,80,2026-01-01
1031,52,11,270,53,2026-01-01
1032,52,12,179,50,2026-01-01
1033,52,13,56,59,2026-01-01
1034,52,14,388,25,2026-01-01
1035,52,15,496,48,2026-01-01
1036,52,16,159,40,2026-01-01
1037,52,17,385,81,2026-01-01
1038,52,18,377,89,2026-01-01
1039,52,19,277,100,2026-01-01
1040,52,20,212,86,2026-01-01
1041,53,1,472,28,2026-01-01
1042,53,2,2,64,2026-01-01
1043,53,3,468,27,2026-01-01
1044,53,4,293,54,2026-01-01
1045,53,5,306,79,2026-01-01
1046,53,6,59,35,2026-01-01
1047,53,7,57,39,2026-01-01
1048,53,8,178,63,2026-01-01
1049,53,9,340,57,2026-01-01
1050,53,10,27,39,2026-01-01
1051,53,11,236,87,2026-01-01
1052,53,12,121,50,2026-01-01
1053,53,13,33,80,2026-01-01
1054,53,14,357,100,2026-01-01
1055,53,15,129,71,2026-01-01
1056,53,16,454,51,2026-01-01
1057,53,17,260,68,2026-01-01
1058,53,18,295,31,2026-01-01
1059,53,19,39,49,2026-01-01
1060,53,20,54,47,2026-01-01
1061,54,1,441,77,2026-01-01
1062,54,2,402,91,2026-01-01
1063,54,3,147,34,2026-01-01
1064,54,4,405,70,2026-01-01
1065,54,5,37,94,2026-01-01
1066,54,6,148,62,2026-01-01
1067,54,7,147,33,2026-01-01
1068,54,8,291,77,2026-01-01
1069,54,9,462,35,2026-01-01
1070,54,10,492,58,2026-01-01
1071,54,11,465,41,2026-01-01
1072,54,12,146,65,2026-01-01
1073,54,13,353,24,2026-01-01
1074,54,14,473,61,2026-01-01
1075,54,15,282,82,2026-01-01
1076,54,16,253,23,2026-01-01
1077,54,17,141,57,2026-01-01
1078,54,18,464,39,2026-01-01
1079,54,19,336,43,2026-01-01
1080,54,20,466,54,2026-01-01
1081,55,1,463,38,2026-01-01
1082,55,2,59,70,2026-01-01
1083,55,3,282,28,2026-01-01
1084,55,4,328,36,2026-01-01
1085,55,5,403,27,2026-01-01
1086,55,6,6,85,2026-01-01
1087,55,7,479,78,2026-01-01
1088,55,8,195,89,2026-01-01
1089,55,9,151,67,2026-01-01
1090,55,10,88,42,2026-01-01
1091,55,11,228,59,2026-01-01
1092,55,12,104,70,2026-01-01
1093,55,13,495,73,2026-01-01
1094,55,14,140,38,2026-01-01
1095,55,15,306,63,2026-01-01
1096,55,16,444,46,2026-01-01
1097,55,17,374,97,2026-01-01
1098,55,18,12,24,2026-01-01
1099,55,19,158,54,2026-01-01
1100,55,20,459,24,2026-01-01
1101,56,1,314,85,2026-01-01
1102,56,2,93,98,2026-01-01
1103,56,3,90,58,2026-01-01
1104,56,4,32,69,2026-01-01
1105,56,5,493,65,2026-01-01
1106,56,6,145,89,2026-01-01
1107,56,7,300,97,2026-01-01
1108,56,8,410,46,2026-01-01
1109,56,9,238,81,2026-01-01
1110,56,10,406,44,2026-01-01
1111,56,11,284,45,2026-01-01
1112,56,12,252,36,2026-01-01
1113,56,13,188,26,2026-01-01
1114,56,14,49,96,2026-01-01
1115,56,15,132,33,2026-01-01
1116,56,16,298,47,2026-01-01
1117,56,17,338,88,2026-01-01
1118,56,18,158,80,2026-01-01
1119,56,19,266,57,2026-01-01
1120,56,20,28,51,2026-01-01
1121,57,1,172,49,2026-01-01
1122,57,2,415,45,2026-01-01
1123,57,3,117,42,2026-01-01
1124,57,4,490,87,2026-01-01
1125,57,5,159,75,2026-01-01
1126,57,6,241,79,2026-01-01
1127,57,7,317,42,2026-01-01
1128,57,8,486,61,2026-01-01
1129,57,9,123,49,2026-01-01
1130,57,10,487,67,2026-01-01
1131,57,11,87,61,2026-01-01
1132,57,12,274,22,2026-01-01
1133,57,13,49,73,2026-01-01
1134,57,14,165,47,2026-01-01
1135,57,15,169,36,2026-01-01
1136,57,16,469,98,2026-01-01
1137,57,17,271,25,2026-01-01
1138,57,18,191,93,2026-01-01
1139,57,19,182,83,2026-01-01
1140,57,20,280,54,2026-01-01
1141,58,1,210,52,2026-01-01
1142,58,2,438,20,2026-01-01
1143,58,3,65,49,2026-01-01
1144,58,4,379,61,2026-01-01
1145,58,5,491,21,2026-01-01
1146,58,6,106,29,2026-01-01
1147,58,7,368,82,2026-01-01
1148,58,8,52,29,2026-01-01
1149,58,9,274,61,2026-01-01
1150,58,10,272,79,2026-01-01
1151,58,11,264,59,2026-01-01
1152,58,12,142,54,2026-01-01
1153,58,13,247,29,2026-01-01
1154,58,14,206,40,2026-01-01
1155,58,15,377,21,2026-01-01
1156,58,16,341,78,2026-01-01
1157,58,17,136,50,2026-01-01
1158,58,18,249,37,2026-01-01
1159,58,19,102,92,2026-01-01
1160,58,20,483,92,2026-01-01
1161,59,1,161,78,2026-01-01
1162,59,2,86,60,2026-01-01
1163,59,3,383,50,2026-01-01
1164,59,4,127,35,2026-01-01
1165,59,5,79,61,2026-01-01
1166,59,6,117,91,2026-01-01
1167,59,7,483,65,2026-01-01
1168,59,8,314,90,2026-01-01
1169,59,9,83,55,2026-01-01
1170,59,10,376,84,2026-01-01
1171,59,11,287,61,2026-01-01
1172,59,12,74,72,2026-01-01
1173,59,13,395,66,2026-01-01
1174,59,14,343,70,2026-01-01
1175,59,15,494,34,2026-01-01
1176,59,16,461,56,2026-01-01
1177,59,17,422,22,2026-01-01
1178,59,18,403,74,2026-01-01
1179,59,19,453,22,2026-01-01
1180,59,20,459,64,2026-01-01
1181,60,1,226,41,2026-01-01
1182,60,2,279,35,2026-01-01
1183,60,3,123,83,2026-01-01
1184,60,4,380,76,2026-01-01
1185,60,5,413,88,2026-01-01
1186,60,6,86,43,2026-01-01
1187,60,7,96,68,2026-01-01
1188,60,8,260,78,2026-01-01
1189,60,9,162,94,2026-01-01
1190,60,10,223,47,2026-01-01
1191,60,11,496,29,2026-01-01
1192,60,12,378,27,2026-01-01
1193,60,13,420,76,2026-01-01
1194,60,14,145,29,2026-01-01
1195,60,15,207,22,2026-01-01
1196,60,16,234,25,2026-01-01
1197,60,17,62,58,2026-01-01
1198,60,18,211,75,2026-01-01
1199,60,19,372,87,2026-01-01
1200,60,20,381,89,2026-01-01
1201,61,1,495,23,2026-01-01
1202,61,2,220,75,2026-01-01
1203,61,3,381,49,2026-01-01
1204,61,4,476,97,2026-01-01
1205,61,5,366,57,2026-01-01
1206,61,6,86,57,2026-01-01
1207,61,7,108,78,2026-01-01
1208,61,8,490,39,2026-01-01
1209,61,9,234,35,2026-01-01
1210,61,10,372,67,2026-01-01
1211,61,11,217,100,2026-01-01
1212,61,12,329,41,2026-01-01
1213,61,13,447,31,2026-01-01
1214,61,14,206,69,2026-01-01
1215,61,15,131,33,2026-01-01
1216,61,16,224,77,2026-01-01
1217,61,17,241,35,2026-01-01
1218,61,18,102,75,2026-01-01
1219,61,19,185,82,2026-01-01
1220,61,20,294,50,2026-01-01
1221,62,1,218,87,2026-01-01
1222,62,2,226,86,2026-01-01
1223,62,3,270,68,2026-01-01
1224,62,4,349,64,2026-01-01
1225,62,5,246,48,2026-01-01
1226,62,6,131,49,2026-01-01
1227,62,7,134,65,2026-01-01
1228,62,8,234,49,2026-01-01
1229,62,9,377,58,2026-01-01
1230,62,10,307,59,2026-01-01
1231,62,11,88,84,2026-01-01
1232,62,12,322,43,2026-01-01
1233,62,13,85,100,2026-01-01
1234,62,14,329,51,2026-01-01
1235,62,15,144,71,2026-01-01
1236,62,16,435,30,2026-01-01
1237,62,17,78,30,2026-01-01
1238,62,18,328,92,2026-01-01
1239,62,19,433,42,2026-01-01
1240,62,20,297,73,2026-01-01
1241,63,1,475,79,2026-01-01
1242,63,2,368,86,2026-01-01
1243,63,3,358,43,2026-01-01
1244,63,4,127,20,2026-01-01
1245,63,5,258,59,2026-01-01
1246,63,6,467,80,2026-01-01
1247,63,7,269,92,2026-01-01
1248,63,8,272,54,2026-01-01
1249,63,9,147,83,2026-01-01
1250,63,10,233,80,2026-01-01
1251,63,11,352,63,2026-01-01
1252,63,12,256,53,2026-01-01
1253,63,13,367,77,2026-01-01
1254,63,14,73,35,2026-01-01
1255,63,15,454,29,2026-01-01
1256,63,16,412,26,2026-01-01
1257,63,17,221,45,2026-01-01
1258,63,18,316,63,2026-01-01
1259,63,19,259,84,2026-01-01
1260,63,20,257,69,2026-01-01
1261,64,1,232,72,2026-01-01
1262,64,2,459,72,2026-01-01
1263,64,3,240,31,2026-01-01
1264,64,4,338,69,2026-01-01
1265,64,5,18,65,2026-01-01
1266,64,6,330,23,2026-01-01
1267,64,7,223,45,2026-01-01
1268,64,8,318,58,2026-01-01
1269,64,9,212,21,2026-01-01
1270,64,10,447,86,2026-01-01
1271,64,11,443,30,2026-01-01
1272,64,12,239,92,2026-01-01
1273,64,13,120,44,2026-01-01
1274,64,14,173,77,2026-01-01
1275,64,15,439,32,2026-01-01
1276,64,16,351,31,2026-01-01
1277,64,17,237,26,2026-01-01
1278,64,18,118,59,2026-01-01
1279,64,19,45,43,2026-01-01
1280,64,20,12,56,2026-01-01
1281,65,1,181,84,2026-01-01
1282,65,2,401,65,2026-01-01
1283,65,3,410,34,2026-01-01
1284,65,4,235,89,2026-01-01
1285,65,5,161,33,2026-01-01
1286,65,6,117,92,2026-01-01
1287,65,7,139,44,2026-01-01
1288,65,8,5,91,2026-01-01
1289,65,9,438,71,2026-01-01
1290,65,10,27,78,2026-01-01
1291,65,11,405,32,2026-01-01
1292,65,12,322,39,2026-01-01
1293,65,13,253,51,2026-01-01
1294,65,14,160,47,2026-01-01
1295,65,15,353,55,2026-01-01
1296,65,16,57,78,2026-01-01
1297,65,17,72,60,2026-01-01
1298,65,18,248,52,2026-01-01
1299,65,19,22,89,2026-01-01
1300,65,20,183,42,2026-01-01
1301,66,1,43,28,2026-01-01
1302,66,2,119,85,2026-01-01
1303,66,3,304,62,2026-01-01
1304,66,4,125,87,2026-01-01
1305,66,5,267,62,2026-01-01
1306,66,6,77,46,2026-01-01
1307,66,7,330,23,2026-01-01
1308,66,8,267,29,2026-01-01
1309,66,9,202,94,2026-01-01
1310,66,10,159,68,2026-01-01
1311,66,11,221,29,2026-01-01
1312,66,12,39,79,2026-01-01
1313,66,13,11,88,2026-01-01
1314,66,14,259,71,2026-01-01
1315,66,15,159,92,2026-01-01
1316,66,16,163,84,2026-01-01
1317,66,17,475,84,2026-01-01
1318,66,18,73,88,2026-01-01
1319,66,19,497,45,2026-01-01
1320,66,20,4,96,2026-01-01
1321,67,1,259,83,2026-01-01
1322,67,2,56,56,2026-01-01
1323,67,3,404,45,2026-01-01
1324,67,4,287,29,2026-01-01
1325,67,5,204,42,2026-01-01
1326,67,6,131,43,2026-01-01
1327,67,7,461,48,2026-01-01
1328,67,8,33,73,2026-01-01
1329,67,9,304,46,2026-01-01
1330,67,10,150,85,2026-01-01
1331,67,11,352,58,2026-01-01
1332,67,12,357,63,2026-01-01
1333,67,13,117,57,2026-01-01
1334,67,14,450,64,2026-01-01
1335,67,15,24,100,2026-01-01
1336,67,16,117,90,2026-01-01
1337,67,17,339,66,2026-01-01
1338,67,18,393,75,2026-01-01
1339,67,19,155,59,2026-01-01
1340,67,20,22,30,2026-01-01
1341,68,1,8,36,2026-01-01
1342,68,2,206,51,2026-01-01
1343,68,3,460,60,2026-01-01
1344,68,4,349,24,2026-01-01
1345,68,5,373,68,2026-01-01
1346,68,6,478,59,2026-01-01
1347,68,7,237,52,2026-01-01
1348,68,8,165,91,2026-01-01
1349,68,9,167,53,2026-01-01
1350,68,10,353,65,2026-01-01
1351,68,11,163,84,2026-01-01
1352,68,12,436,92,2026-01-01
1353,68,13,309,90,2026-01-01
1354,68,14,477,87,2026-01-01
1355,68,15,379,44,2026-01-01
1356,68,16,287,75,2026-01-01
1357,68,17,251,68,2026-01-01
1358,68,18,246,83,2026-01-01
1359,68,19,373,91,2026-01-01
1360,68,20,12,56,2026-01-01
1361,69,1,124,70,2026-01-01
1362,69,2,231,93,2026-01-01
1363,69,3,44,29,2026-01-01
1364,69,4,217,90,2026-01-01
1365,69,5,239,33,2026-01-01
1366,69,6,116,61,2026-01-01
1367,69,7,150,71,2026-01-01
1368,69,8,459,77,2026-01-01
1369,69,9,433,63,2026-01-01
1370,69,10,349,29,2026-01-01
1371,69,11,62,72,2026-01-01
1372,69,12,190,28,2026-01-01
1373,69,13,63,56,2026-01-01
1374,69,14,472,77,2026-01-01
1375,69,15,138,31,2026-01-01
1376,69,16,410,94,2026-01-01
1377,69,17,172,58,2026-01-01
1378,69,18,371,96,2026-01-01
1379,69,19,165,28,2026-01-01
1380,69,20,112,44,2026-01-01
1381,70,1,472,85,2026-01-01
1382,70,2,385,70,2026-01-01
1383,70,3,117,41,2026-01-01
1384,70,4,251,47,2026-01-01
1385,70,5,52,39,2026-01-01
1386,70,6,45,58,2026-01-01
1387,70,7,475,72,2026-01-01
1388,70,8,459,41,2026-01-01
1389,70,9,39,87,2026-01-01
1390,70,10,67,68,2026-01-01
1391,70,11,276,66,2026-01-01
1392,70,12,108,63,2026-01-01
1393,70,13,397,57,2026-01-01
1394,70,14,38,96,2026-01-01
1395,70,15,125,94,2026-01-01
1396,70,16,259,44,2026-01-01
1397,70,17,411,47,2026-01-01
1398,70,18,78,36,2026-01-01
1399,70,19,200,86,2026-01-01
1400,70,20,178,97,2026-01-01
1401,71,1,409,29,2026-01-01
1402,71,2,244,44,2026-01-01
1403,71,3,479,92,2026-01-01
1404,71,4,478,74,2026-01-01
1405,71,5,223,25,2026-01-01
1406,71,6,328,49,2026-01-01
1407,71,7,400,90,2026-01-01
1408,71,8,138,40,2026-01-01
1409,71,9,54,73,2026-01-01
1410,71,10,198,21,2026-01-01
1411,71,11,130,55,2026-01-01
1412,71,12,114,49,2026-01-01
1413,71,13,48,70,2026-01-01
1414,71,14,156,66,2026-01-01
1415,71,15,363,37,2026-01-01
1416,71,16,322,66,2026-01-01
1417,71,17,458,42,2026-01-01
1418,71,18,49,71,2026-01-01
1419,71,19,483,100,2026-01-01
1420,71,20,433,66,2026-01-01
1421,72,1,61,23,2026-01-01
1422,72,2,387,37,2026-01-01
1423,72,3,135,40,2026-01-01
1424,72,4,269,97,2026-01-01
1425,72,5,339,100,2026-01-01
1426,72,6,144,63,2026-01-01
1427,72,7,275,43,2026-01-01
1428,72,8,381,91,2026-01-01
1429,72,9,395,60,2026-01-01
1430,72,10,0,78,2026-01-01
1431,72,11,366,54,2026-01-01
1432,72,12,152,45,2026-01-01
1433,72,13,13,86,2026-01-01
1434,72,14,371,100,2026-01-01
1435,72,15,244,66,2026-01-01
1436,72,16,36,93,2026-01-01
1437,72,17,2,88,2026-01-01
1438,72,18,491,22,2026-01-01
1439,72,19,88,69,2026-01-01
1440,72,20,126,84,2026-01-01
1441,73,1,82,43,2026-01-01
1442,73,2,220,98,2026-01-01
1443,73,3,448,98,2026-01-01
1444,73,4,221,93,2026-01-01
1445,73,5,16,58,2026-01-01
1446,73,6,105,90,2026-01-01
1447,73,7,228,55,2026-01-01
1448,73,8,474,35,2026-01-01
1449,73,9,246,69,2026-01-01
1450,73,10,69,68,2026-01-01
1451,73,11,123,22,2026-01-01
1452,73,12,8,40,2026-01-01
1453,73,13,30,90,2026-01-01
1454,73,14,312,54,2026-01-01
1455,73,15,379,45,2026-01-01
1456,73,16,161,37,2026-01-01
1457,73,17,253,33,2026-01-01
1458,73,18,342,78,2026-01-01
1459,73,19,82,48,2026-01-01
1460,73,20,333,39,2026-01-01
1461,74,1,132,84,2026-01-01
1462,74,2,309,36,2026-01-01
1463,74,3,64,91,2026-01-01
1464,74,4,381,56,2026-01-01
1465,74,5,484,75,2026-01-01
1466,74,6,269,20,2026-01-01
1467,74,7,209,89,2026-01-01
1468,74,8,480,53,2026-01-01
1469,74,9,8,29,2026-01-01
1470,74,10,337,76,2026-01-01
1471,74,11,443,32,2026-01-01
1472,74,12,337,67,2026-01-01
1473,74,13,99,88,2026-01-01
1474,74,14,94,79,2026-01-01
1475,74,15,32,71,2026-01-01
1476,74,16,119,67,2026-01-01
1477,74,17,93,74,2026-01-01
1478,74,18,280,70,2026-01-01
1479,74,19,186,27,2026-01-01
1480,74,20,255,27,2026-01-01
1481,75,1,49,65,2026-01-01
1482,75,2,341,25,2026-01-01
1483,75,3,392,82,2026-01-01
1484,75,4,194,25,2026-01-01
1485,75,5,11,21,2026-01-01
1486,75,6,409,28,2026-01-01
1487,75,7,344,78,2026-01-01
1488,75,8,48,91,2026-01-01
1489,75,9,69,42,2026-01-01
1490,75,10,71,58,2026-01-01
1491,75,11,150,77,2026-01-01
1492,75,12,321,28,2026-01-01
1493,75,13,474,88,2026-01-01
1494,75,14,442,38,2026-01-01
1495,75,15,153,67,2026-01-01
1496,75,16,407,78,2026-01-01
1497,75,17,186,76,2026-01-01
1498,75,18,382,87,2026-01-01
1499,75,19,73,35,2026-01-01
1500,75,20,368,56,2026-01-01
1501,76,1,407,28,2026-01-01
1502,76,2,406,54,2026-01-01
1503,76,3,27,46,2026-01-01
1504,76,4,209,25,2026-01-01
1505,76,5,259,63,2026-01-01
1506,76,6,87,45,2026-01-01
1507,76,7,376,69,2026-01-01
1508,76,8,182,31,2026-01-01
1509,76,9,335,52,2026-01-01
1510,76,10,222,70,2026-01-01
1511,76,11,384,32,2026-01-01
1512,76,12,289,60,2026-01-01
1513,76,13,390,71,2026-01-01
1514,76,14,395,25,2026-01-01
1515,76,15,448,67,2026-01-01
1516,76,16,214,33,2026-01-01
1517,76,17,266,92,2026-01-01
1518,76,18,439,88,2026-01-01
1519,76,19,98,44,2026-01-01
1520,76,20,384,48,2026-01-01
1521,77,1,369,69,2026-01-01
1522,77,2,336,65,2026-01-01
1523,77,3,176,52,2026-01-01
1524,77,4,244,45,2026-01-01
1525,77,5,119,22,2026-01-01
1526,77,6,446,71,2026-01-01
1527,77,7,147,54,2026-01-01
1528,77,8,220,87,2026-01-01
1529,77,9,308,93,2026-01-01
1530,77,10,26,70,2026-01-01
1531,77,11,247,25,2026-01-01
1532,77,12,189,27,2026-01-01
1533,77,13,40,100,2026-01-01
1534,77,14,327,74,2026-01-01
1535,77,15,482,26,2026-01-01
1536,77,16,127,90,2026-01-01
1537,77,17,131,92,2026-01-01
1538,77,18,340,34,2026-01-01
1539,77,19,0,94,2026-01-01
1540,77,20,99,73,2026-01-01
1541,78,1,495,56,2026-01-01
1542,78,2,487,20,2026-01-01
1543,78,3,326,29,2026-01-01
1544,78,4,188,77,2026-01-01
1545,78,5,126,92,2026-01-01
1546,78,6,349,35,2026-01-01
1547,78,7,454,46,2026-01-01
1548,78,8,3,69,2026-01-01
1549,78,9,202,69,2026-01-01
1550,78,10,355,61,2026-01-01
1551,78,11,383,94,2026-01-01
1552,78,12,489,82,2026-01-01
1553,78,13,269,85,2026-01-01
1554,78,14,449,78,2026-01-01
1555,78,15,302,68,2026-01-01
1556,78,16,403,27,2026-01-01
1557,78,17,486,61,2026-01-01
1558,78,18,318,78,2026-01-01
1559,78,19,73,39,2026-01-01
1560,78,20,271,43,2026-01-01
1561,79,1,235,76,2026-01-01
1562,79,2,292,44,2026-01-01
1563,79,3,356,22,2026-01-01
1564,79,4,285,56,2026-01-01
1565,79,5,271,56,2026-01-01
1566,79,6,434,32,2026-01-01
1567,79,7,32,52,2026-01-01
1568,79,8,107,50,2026-01-01
1569,79,9,95,24,2026-01-01
1570,79,10,181,88,2026-01-01
1571,79,11,486,44,2026-01-01
1572,79,12,407,91,2026-01-01
1573,79,13,125,56,2026-01-01
1574,79,14,326,44,2026-01-01
1575,79,15,87,74,2026-01-01
1576,79,16,9,31,2026-01-01
1577,79,17,107,72,2026-01-01
1578,79,18,183,98,2026-01-01
1579,79,19,410,24,2026-01-01
1580,79,20,118,31,2026-01-01
1581,80,1,84,27,2026-01-01
1582,80,2,319,26,2026-01-01
1583,80,3,478,61,2026-01-01
1584,80,4,53,60,2026-01-01
1585,80,5,248,84,2026-01-01
1586,80,6,280,20,2026-01-01
1587,80,7,288,46,2026-01-01
1588,80,8,25,52,2026-01-01
1589,80,9,199,75,2026-01-01
1590,80,10,11,79,2026-01-01
1591,80,11,483,80,2026-01-01
1592,80,12,371,42,2026-01-01
1593,80,13,337,38,2026-01-01
1594,80,14,201,56,2026-01-01
1595,80,15,363,61,2026-01-01
1596,80,16,475,93,2026-01-01
1597,80,17,167,55,2026-01-01
1598,80,18,148,23,2026-01-01
1599,80,19,152,78,2026-01-01
1600,80,20,306,89,2026-01-01
1601,81,1,423,74,2026-01-01
1602,81,2,63,54,2026-01-01
1603,81,3,377,84,2026-01-01
1604,81,4,44,39,2026-01-01
1605,81,5,161,84,2026-01-01
1606,81,6,131,44,2026-01-01
1607,81,7,47,99,2026-01-01
1608,81,8,273,34,2026-01-01
1609,81,9,211,64,2026-01-01
1610,81,10,435,98,2026-01-01
1611,81,11,185,24,2026-01-01
1612,81,12,313,33,2026-01-01
1613,81,13,156,95,2026-01-01
1614,81,14,128,77,2026-01-01
1615,81,15,444,84,2026-01-01
1616,81,16,288,42,2026-01-01
1617,81,17,455,48,2026-01-01
1618,81,18,41,22,2026-01-01
1619,81,19,303,85,2026-01-01
1620,81,20,390,83,2026-01-01
1621,82,1,9,59,2026-01-01
1622,82,2,358,93,2026-01-01
1623,82,3,457,85,2026-01-01
1624,82,4,210,30,2026-01-01
1625,82,5,17,97,2026-01-01
1626,82,6,455,50,2026-01-01
1627,82,7,135,81,2026-01-01
1628,82,8,465,49,2026-01-01
1629,82,9,77,87,2026-01-01
1630,82,10,354,86,2026-01-01
1631,82,11,295,73,2026-01-01
1632,82,12,168,60,2026-01-01
1633,82,13,193,52,2026-01-01
1634,82,14,76,36,2026-01-01
1635,82,15,401,70,2026-01-01
1636,82,16,297,60,2026-01-01
1637,82,17,423,99,2026-01-01
1638,82,18,254,89,2026-01-01
1639,82,19,6,76,2026-01-01
1640,82,20,470,28,2026-01-01
1641,83,1,315,43,2026-01-01
1642,83,2,87,29,2026-01-01
1643,83,3,38,28,2026-01-01
1644,83,4,173,74,2026-01-01
1645,83,5,160,67,2026-01-01
1646,83,6,435,82,2026-01-01
1647,83,7,275,67,2026-01-01
1648,83,8,183,24,2026-01-01
1649,83,9,350,43,2026-01-01
1650,83,10,178,92,2026-01-01
1651,83,11,329,29,2026-01-01
1652,83,12,233,87,2026-01-01
1653,83,13,450,73,2026-01-01
1654,83,14,266,81,2026-01-01
1655,83,15,297,71,2026-01-01
1656,83,16,169,21,2026-01-01
1657,83,17,225,37,2026-01-01
1658,83,18,379,93,2026-01-01
1659,83,19,235,72,2026-01-01
1660,83,20,212,48,2026-01-01
1661,84,1,193,96,2026-01-01
1662,84,2,108,77,2026-01-01
1663,84,3,246,76,2026-01-01
1664,84,4,61,72,2026-01-01
1665,84,5,124,62,2026-01-01
1666,84,6,391,36,2026-01-01
1667,84,7,279,48,2026-01-01
1668,84,8,414,67,2026-01-01
1669,84,9,491,46,2026-01-01
1670,84,10,41,75,2026-01-01
1671,84,11,195,57,2026-01-01
1672,84,12,55,31,2026-01-01
1673,84,13,350,89,2026-01-01
1674,84,14,383,72,2026-01-01
1675,84,15,196,55,2026-01-01
1676,84,16,284,40,2026-01-01
1677,84,17,415,71,2026-01-01
1678,84,18,303,52,2026-01-01
1679,84,19,147,87,2026-01-01
1680,84,20,13,53,2026-01-01
1681,85,1,485,72,2026-01-01
1682,85,2,74,92,2026-01-01
1683,85,3,6,65,2026-01-01
1684,85,4,214,28,2026-01-01
1685,85,5,346,73,2026-01-01
1686,85,6,25,32,2026-01-01
1687,85,7,281,62,2026-01-01
1688,85,8,146,51,2026-01-01
1689,85,9,270,30,2026-01-01
1690,85,10,22,44,2026-01-01
1691,85,11,293,37,2026-01-01
1692,85,12,448,62,2026-01-01
1693,85,13,497,25,2026-01-01
1694,85,14,219,37,2026-01-01
1695,85,15,412,36,2026-01-01
1696,85,16,336,78,2026-01-01
1697,85,17,124,97,2026-01-01
1698,85,18,240,33,2026-01-01
1699,85,19,190,76,2026-01-01
1700,85,20,239,89,2026-01-01
1701,86,1,485,44,2026-01-01
1702,86,2,468,81,2026-01-01
1703,86,3,142,59,2026-01-01
1704,86,4,367,73,2026-01-01
1705,86,5,394,71,2026-01-01
1706,86,6,261,27,2026-01-01
1707,86,7,430,91,2026-01-01
1708,86,8,50,96,2026-01-01
1709,86,9,225,20,2026-01-01
1710,86,10,486,56,2026-01-01
1711,86,11,35,63,2026-01-01
1712,86,12,131,42,2026-01-01
1713,86,13,235,98,2026-01-01
1714,86,14,353,94,2026-01-01
1715,86,15,218,95,2026-01-01
1716,86,16,351,35,2026-01-01
1717,86,17,249,38,2026-01-01
1718,86,18,282,38,2026-01-01
1719,86,19,279,69,2026-01-01
1720,86,20,106,60,2026-01-01
1721,87,1,285,40,2026-01-01
1722,87,2,2,76,2026-01-01
1723,87,3,47,81,2026-01-01
1724,87,4,230,43,2026-01-01
1725,87,5,249,96,2026-01-01
1726,87,6,245,88,2026-01-01
1727,87,7,19,37,2026-01-01
1728,87,8,489,88,2026-01-01
1729,87,9,199,37,2026-01-01
1730,87,10,153,28,2026-01-01
1731,87,11,107,65,2026-01-01
1732,87,12,58,44,2026-01-01
1733,87,13,292,91,2026-01-01
1734,87,14,114,22,2026-01-01
1735,87,15,39,77,2026-01-01
1736,87,16,439,97,2026-01-01
1737,87,17,350,95,2026-01-01
1738,87,18,219,69,2026-01-01
1739,87,19,150,85,2026-01-01
1740,87,20,428,51,2026-01-01
1741,88,1,347,40,2026-01-01
1742,88,2,266,44,2026-01-01
1743,88,3,154,88,2026-01-01
1744,88,4,339,98,2026-01-01
1745,88,5,14,73,2026-01-01
1746,88,6,120,86,2026-01-01
1747,88,7,94,72,2026-01-01
1748,88,8,400,91,2026-01-01
1749,88,9,220,39,2026-01-01
1750,88,10,68,46,2026-01-01
1751,88,11,57,87,2026-01-01
1752,88,12,67,30,2026-01-01
1753,88,13,182,74,2026-01-01
1754,88,14,403,37,2026-01-01
1755,88,15,108,59,2026-01-01
1756,88,16,15,35,2026-01-01
1757,88,17,47,95,2026-01-01
1758,88,18,264,55,2026-01-01
1759,88,19,176,83,2026-01-01
1760,88,20,181,76,2026-01-01
1761,89,1,495,50,2026-01-01
1762,89,2,481,66,2026-01-01
1763,89,3,36,71,2026-01-01
1764,89,4,472,41,2026-01-01
1765,89,5,221,81,2026-01-01
1766,89,6,259,72,2026-01-01
1767,89,7,71,43,2026-01-01
1768,89,8,273,49,2026-01-01
1769,89,9,55,31,2026-01-01
1770,89,10,132,74,2026-01-01
1771,89,11,450,60,2026-01-01
1772,89,12,488,40,2026-01-01
1773,89,13,299,86,2026-01-01
1774,89,14,139,65,2026-01-01
1775,89,15,477,31,2026-01-01
1776,89,16,100,77,2026-01-01
1777,89,17,356,86,2026-01-01
1778,89,18,161,82,2026-01-01
1779,89,19,353,54,2026-01-01
1780,89,20,185,89,2026-01-01
1781,90,1,231,78,2026-01-01
1782,90,2,426,44,2026-01-01
1783,90,3,155,44,2026-01-01
1784,90,4,236,79,2026-01-01
1785,90,5,239,52,2026-01-01
1786,90,6,33,75,2026-01-01
1787,90,7,278,65,2026-01-01
1788,90,8,410,46,2026-01-01
1789,90,9,314,94,2026-01-01
1790,90,10,32,55,2026-01-01
1791,90,11,246,59,2026-01-01
1792,90,12,368,68,2026-01-01
1793,90,13,347,97,2026-01-01
1794,90,14,335,46,2026-01-01
1795,90,15,403,72,2026-01-01
1796,90,16,333,69,2026-01-01
1797,90,17,218,59,2026-01-01
1798,90,18,437,91,2026-01-01
1799,90,19,293,95,2026-01-01
1800,90,20,344,36,2026-01-01
1801,91,1,255,57,2026-01-01
1802,91,2,497,64,2026-01-01
1803,91,3,185,65,2026-01-01
1804,91,4,124,64,2026-01-01
1805,91,5,52,67,2026-01-01
1806,91,6,279,93,2026-01-01
1807,91,7,158,62,2026-01-01
1808,91,8,292,35,2026-01-01
1809,91,9,166,44,2026-01-01
1810,91,10,470,96,2026-01-01
1811,91,11,39,100,2026-01-01
1812,91,12,252,84,2026-01-01
1813,91,13,442,97,2026-01-01
1814,91,14,135,65,2026-01-01
1815,91,15,389,22,2026-01-01
1816,91,16,465,98,2026-01-01
1817,91,17,83,29,2026-01-01
1818,91,18,440,41,2026-01-01
1819,91,19,363,46,2026-01-01
1820,91,20,195,59,2026-01-01
1821,92,1,412,20,2026-01-01
1822,92,2,194,29,2026-01-01
1823,92,3,90,82,2026-01-01
1824,92,4,465,59,2026-01-01
1825,92,5,449,38,2026-01-01
1826,92,6,115,78,2026-01-01
1827,92,7,164,20,2026-01-01
1828,92,8,2,58,2026-01-01
1829,92,9,348,91,2026-01-01
1830,92,10,183,30,2026-01-01
1831,92,11,65,64,2026-01-01
1832,92,12,258,54,2026-01-01
1833,92,13,403,41,2026-01-01
1834,92,14,176,65,2026-01-01
1835,92,15,179,53,2026-01-01
1836,92,16,441,71,2026-01-01
1837,92,17,117,96,2026-01-01
1838,92,18,499,73,2026-01-01
1839,92,19,484,93,2026-01-01
1840,92,20,101,25,2026-01-01
1841,93,1,81,43,2026-01-01
1842,93,2,328,66,2026-01-01
1843,93,3,327,85,2026-01-01
1844,93,4,304,31,2026-01-01
1845,93,5,80,56,2026-01-01
1846,93,6,159,45,2026-01-01
1847,93,7,421,23,2026-01-01
1848,93,8,201,90,2026-01-01
1849,93,9,12,93,2026-01-01
1850,93,10,188,90,2026-01-01
1851,93,11,75,77,2026-01-01
1852,93,12,232,62,2026-01-01
1853,93,13,161,29,2026-01-01
1854,93,14,326,91,2026-01-01
1855,93,15,491,45,2026-01-01
1856,93,16,336,40,2026-01-01
1857,93,17,146,49,2026-01-01
1858,93,18,286,52,2026-01-01
1859,93,19,291,35,2026-01-01
1860,93,20,54,56,2026-01-01
1861,94,1,128,56,2026-01-01
1862,94,2,445,32,2026-01-01
1863,94,3,246,40,2026-01-01
1864,94,4,478,50,2026-01-01
1865,94,5,83,51,2026-01-01
1866,94,6,293,97,2026-01-01
1867,94,7,140,21,2026-01-01
1868,94,8,232,60,2026-01-01
1869,94,9,31,97,2026-01-01
1870,94,10,222,59,2026-01-01
1871,94,11,97,22,2026-01-01
1872,94,12,143,23,2026-01-01
1873,94,13,83,77,2026-01-01
1874,94,14,80,40,2026-01-01
1875,94,15,183,61,2026-01-01
1876,94,16,235,49,2026-01-01
1877,94,17,123,24,2026-01-01
1878,94,18,426,45,2026-01-01
1879,94,19,95,38,2026-01-01
1880,94,20,114,66,2026-01-01
1881,95,1,283,87,2026-01-01
1882,95,2,478,54,2026-01-01
1883,95,3,273,87,2026-01-01
1884,95,4,383,83,2026-01-01
1885,95,5,486,96,2026-01-01
1886,95,6,378,70,2026-01-01
1887,95,7,241,38,2026-01-01
1888,95,8,222,22,2026-01-01
1889,95,9,249,70,2026-01-01
1890,95,10,41,69,2026-01-01
1891,95,11,48,22,2026-01-01
1892,95,12,394,52,2026-01-01
1893,95,13,494,44,2026-01-01
1894,95,14,103,33,2026-01-01
1895,95,15,260,40,2026-01-01
1896,95,16,4,32,2026-01-01
1897,95,17,480,44,2026-01-01
1898,95,18,493,81,2026-01-01
1899,95,19,338,35,2026-01-01
1900,95,20,147,79,2026-01-01
1901,96,1,115,74,2026-01-01
1902,96,2,278,61,2026-01-01
1903,96,3,258,80,2026-01-01
1904,96,4,291,92,2026-01-01
1905,96,5,299,36,2026-01-01
1906,96,6,82,86,2026-01-01
1907,96,7,83,64,2026-01-01
1908,96,8,431,43,2026-01-01
1909,96,9,477,79,2026-01-01
1910,96,10,196,78,2026-01-01
1911,96,11,266,94,2026-01-01
1912,96,12,282,73,2026-01-01
1913,96,13,38,90,2026-01-01
1914,96,14,129,30,2026-01-01
1915,96,15,446,51,2026-01-01
1916,96,16,325,68,2026-01-01
1917,96,17,151,30,2026-01-01
1918,96,18,410,89,2026-01-01
1919,96,19,8,61,2026-01-01
1920,96,20,104,29,2026-01-01
1921,97,1,411,33,2026-01-01
1922,97,2,417,25,2026-01-01
1923,97,3,335,25,2026-01-01
1924,97,4,238,95,2026-01-01
1925,97,5,106,97,2026-01-01
1926,97,6,487,41,2026-01-01
1927,97,7,423,50,2026-01-01
1928,97,8,233,22,2026-01-01
1929,97,9,487,25,2026-01-01
1930,97,10,230,63,2026-01-01
1931,97,11,138,66,2026-01-01
1932,97,12,417,53,2026-01-01
1933,97,13,341,94,2026-01-01
1934,97,14,9,40,2026-01-01
1935,97,15,6,97,2026-01-01
1936,97,16,391,43,2026-01-01
1937,97,17,439,89,2026-01-01
1938,97,18,48,23,2026-01-01
1939,97,19,217,55,2026-01-01
1940,97,20,423,86,2026-01-01
1941,98,1,500,40,2026-01-01
1942,98,2,498,45,2026-01-01
1943,98,3,244,84,2026-01-01
1944,98,4,366,62,2026-01-01
1945,98,5,294,61,2026-01-01
1946,98,6,379,21,2026-01-01
1947,98,7,323,64,2026-01-01
1948,98,8,130,38,2026-01-01
1949,98,9,50,50,2026-01-01
1950,98,10,337,77,2026-01-01
1951,98,11,190,48,2026-01-01
1952,98,12,227,68,2026-01-01
1953,98,13,177,58,2026-01-01
1954,98,14,376,45,2026-01-01
1955,98,15,206,64,2026-01-01
1956,98,16,180,92,2026-01-01
1957,98,17,174,20,2026-01-01
1958,98,18,28,45,2026-01-01
1959,98,19,75,57,2026-01-01
1960,98,20,279,37,2026-01-01
1961,99,1,148,94,2026-01-01
1962,99,2,352,51,2026-01-01
1963,99,3,135,23,2026-01-01
1964,99,4,147,87,2026-01-01
1965,99,5,382,51,2026-01-01
1966,99,6,179,33,2026-01-01
1967,99,7,375,79,2026-01-01
1968,99,8,11,76,2026-01-01
1969,99,9,190,33,2026-01-01
1970,99,10,484,40,2026-01-01
1971,99,11,216,78,2026-01-01
1972,99,12,392,56,2026-01-01
1973,99,13,102,48,2026-01-01
1974,99,14,285,51,2026-01-01
1975,99,15,404,53,2026-01-01
1976,99,16,173,20,2026-01-01
1977,99,17,380,46,2026-01-01
1978,99,18,248,45,2026-01-01
1979,99,19,129,80,2026-01-01
1980,99,20,489,78,2026-01-01
1981,100,1,485,56,2026-01-01
1982,100,2,136,98,2026-01-01
1983,100,3,375,98,2026-01-01
1984,100,4,334,33,2026-01-01
1985,100,5,11,84,2026-01-01
1986,100,6,52,81,2026-01-01
1987,100,7,86,73,2026-01-01
1988,100,8,249,28,2026-01-01
1989,100,9,301,69,2026-01-01
1990,100,10,169,55,2026-01-01
1991,100,11,414,77,2026-01-01
1992,100,12,156,55,2026-01-01
1993,100,13,243,43,2026-01-01
1994,100,14,261,98,2026-01-01
1995,100,15,467,29,2026-01-01
1996,100,16,196,100,2026-01-01
1997,100,17,126,45,2026-01-01
1998,100,18,452,34,2026-01-01
1999,100,19,441,22,2026-01-01
2000,100,20,414,69,2026-01-01
2001,101,1,447,25,2026-01-01
2002,101,2,41,68,2026-01-01
2003,101,3,112,53,2026-01-01
2004,101,4,146,38,2026-01-01
2005,101,5,263,66,2026-01-01
2006,101,6,0,30,2026-01-01
2007,101,7,437,98,2026-01-01
2008,101,8,464,75,2026-01-01
2009,101,9,454,95,2026-01-01
2010,101,10,482,81,2026-01-01
2011,101,11,386,30,2026-01-01
2012,101,12,244,37,2026-01-01
2013,101,13,320,88,2026-01-01
2014,101,14,16,49,2026-01-01
2015,101,15,234,54,2026-01-01
2016,101,16,171,76,2026-01-01
2017,101,17,65,67,2026-01-01
2018,101,18,219,87,2026-01-01
2019,101,19,413,29,2026-01-01
2020,101,20,53,81,2026-01-01
2021,102,1,197,91,2026-01-01
2022,102,2,416,93,2026-01-01
2023,102,3,198,30,2026-01-01
2024,102,4,434,27,2026-01-01
2025,102,5,149,33,2026-01-01
2026,102,6,285,97,2026-01-01
2027,102,7,36,67,2026-01-01
2028,102,8,269,100,2026-01-01
2029,102,9,422,75,2026-01-01
2030,102,10,225,58,2026-01-01
2031,102,11,261,58,2026-01-01
2032,102,12,359,68,2026-01-01
2033,102,13,272,64,2026-01-01
2034,102,14,2,52,2026-01-01
2035,102,15,173,43,2026-01-01
2036,102,16,333,40,2026-01-01
2037,102,17,489,72,2026-01-01
2038,102,18,71,39,2026-01-01
2039,102,19,202,58,2026-01-01
2040,102,20,448,58,2026-01-01
2041,103,1,430,61,2026-01-01
2042,103,2,34,42,2026-01-01
2043,103,3,167,52,2026-01-01
2044,103,4,322,34,2026-01-01
2045,103,5,189,65,2026-01-01
2046,103,6,94,89,2026-01-01
2047,103,7,214,36,2026-01-01
2048,103,8,329,78,2026-01-01
2049,103,9,162,37,2026-01-01
2050,103,10,423,83,2026-01-01
2051,103,11,208,28,2026-01-01
2052,103,12,276,85,2026-01-01
2053,103,13,484,71,2026-01-01
2054,103,14,232,66,2026-01-01
2055,103,15,65,62,2026-01-01
2056,103,16,219,66,2026-01-01
2057,103,17,285,54,2026-01-01
2058,103,18,160,60,2026-01-01
2059,103,19,47,75,2026-01-01
2060,103,20,404,89,2026-01-01
2061,104,1,373,31,2026-01-01
2062,104,2,22,49,2026-01-01
2063,104,3,336,79,2026-01-01
2064,104,4,462,47,2026-01-01
2065,104,5,273,28,2026-01-01
2066,104,6,145,59,2026-01-01
2067,104,7,34,41,2026-01-01
2068,104,8,464,57,2026-01-01
2069,104,9,39,72,2026-01-01
2070,104,10,203,86,2026-01-01
2071,104,11,435,27,2026-01-01
2072,104,12,144,95,2026-01-01
2073,104,13,263,80,2026-01-01
2074,104,14,482,57,2026-01-01
2075,104,15,378,56,2026-01-01
2076,104,16,54,62,2026-01-01
2077,104,17,395,70,2026-01-01
2078,104,18,164,65,2026-01-01
2079,104,19,291,69,2026-01-01
2080,104,20,315,51,2026-01-01
2081,105,1,431,73,2026-01-01
2082,105,2,61,69,2026-01-01
2083,105,3,458,24,2026-01-01
2084,105,4,332,100,2026-01-01
2085,105,5,431,54,2026-01-01
2086,105,6,41,24,2026-01-01
2087,105,7,474,47,2026-01-01
2088,105,8,136,24,2026-01-01
2089,105,9,358,84,2026-01-01
2090,105,10,417,48,2026-01-01
2091,105,11,336,32,2026-01-01
2092,105,12,6,57,2026-01-01
2093,105,13,73,26,2026-01-01
2094,105,14,387,44,2026-01-01
2095,105,15,146,61,2026-01-01
2096,105,16,238,63,2026-01-01
2097,105,17,434,75,2026-01-01
2098,105,18,178,27,2026-01-01
2099,105,19,448,92,2026-01-01
2100,105,20,274,36,2026-01-01
2101,106,1,12,64,2026-01-01
2102,106,2,399,79,2026-01-01
2103,106,3,164,50,2026-01-01
2104,106,4,442,97,2026-01-01
2105,106,5,491,63,2026-01-01
2106,106,6,270,63,2026-01-01
2107,106,7,79,45,2026-01-01
2108,106,8,416,91,2026-01-01
2109,106,9,246,43,2026-01-01
2110,106,10,438,86,2026-01-01
2111,106,11,20,92,2026-01-01
2112,106,12,435,81,2026-01-01
2113,106,13,166,72,2026-01-01
2114,106,14,90,58,2026-01-01
2115,106,15,465,86,2026-01-01
2116,106,16,168,49,2026-01-01
2117,106,17,458,99,2026-01-01
2118,106,18,72,31,2026-01-01
2119,106,19,375,42,2026-01-01
2120,106,20,357,26,2026-01-01
2121,107,1,426,34,2026-01-01
2122,107,2,232,43,2026-01-01
2123,107,3,25,27,2026-01-01
2124,107,4,417,29,2026-01-01
2125,107,5,266,38,2026-01-01
2126,107,6,60,24,2026-01-01
2127,107,7,451,53,2026-01-01
2128,107,8,117,81,2026-01-01
2129,107,9,47,47,2026-01-01
2130,107,10,198,90,2026-01-01
2131,107,11,387,85,2026-01-01
2132,107,12,265,71,2026-01-01
2133,107,13,370,70,2026-01-01
2134,107,14,457,34,2026-01-01
2135,107,15,332,59,2026-01-01
2136,107,16,85,66,2026-01-01
2137,107,17,250,93,2026-01-01
2138,107,18,469,86,2026-01-01
2139,107,19,377,98,2026-01-01
2140,107,20,175,76,2026-01-01
2141,108,1,230,28,2026-01-01
2142,108,2,417,63,2026-01-01
2143,108,3,151,28,2026-01-01
2144,108,4,78,86,2026-01-01
2145,108,5,98,82,2026-01-01
2146,108,6,488,26,2026-01-01
2147,108,7,319,100,2026-01-01
2148,108,8,248,32,2026-01-01
2149,108,9,407,32,2026-01-01
2150,108,10,307,98,2026-01-01
2151,108,11,347,29,2026-01-01
2152,108,12,260,86,2026-01-01
2153,108,13,223,98,2026-01-01
2154,108,14,132,40,2026-01-01
2155,108,15,189,52,2026-01-01
2156,108,16,47,88,2026-01-01
2157,108,17,126,42,2026-01-01
2158,108,18,151,51,2026-01-01
2159,108,19,103,51,2026-01-01
2160,108,20,388,32,2026-01-01
2161,109,1,5,98,2026-01-01
2162,109,2,14,32,2026-01-01
2163,109,3,82,35,2026-01-01
2164,109,4,250,77,2026-01-01
2165,109,5,342,23,2026-01-01
2166,109,6,271,89,2026-01-01
2167,109,7,478,33,2026-01-01
2168,109,8,78,64,2026-01-01
2169,109,9,86,45,2026-01-01
2170,109,10,469,40,2026-01-01
2171,109,11,162,97,2026-01-01
2172,109,12,290,34,2026-01-01
2173,109,13,464,64,2026-01-01
2174,109,14,121,46,2026-01-01
2175,109,15,62,69,2026-01-01
2176,109,16,362,64,2026-01-01
2177,109,17,477,71,2026-01-01
2178,109,18,314,59,2026-01-01
2179,109,19,274,22,2026-01-01
2180,109,20,201,36,2026-01-01
2181,110,1,393,78,2026-01-01
2182,110,2,278,48,2026-01-01
2183,110,3,83,53,2026-01-01
2184,110,4,27,20,2026-01-01
2185,110,5,475,66,2026-01-01
2186,110,6,477,93,2026-01-01
2187,110,7,461,83,2026-01-01
2188,110,8,453,86,2026-01-01
2189,110,9,133,65,2026-01-01
2190,110,10,23,21,2026-01-01
2191,110,11,292,93,2026-01-01
2192,110,12,275,26,2026-01-01
2193,110,13,6,42,2026-01-01
2194,110,14,132,63,2026-01-01
2195,110,15,455,29,2026-01-01
2196,110,16,426,79,2026-01-01
2197,110,17,164,36,2026-01-01
2198,110,18,419,82,2026-01-01
2199,110,19,54,34,2026-01-01
2200,110,20,146,29,2026-01-01
2201,111,1,52,30,2026-01-01
2202,111,2,468,71,2026-01-01
2203,111,3,191,69,2026-01-01
2204,111,4,101,82,2026-01-01
2205,111,5,54,34,2026-01-01
2206,111,6,268,81,2026-01-01
2207,111,7,42,84,2026-01-01
2208,111,8,500,70,2026-01-01
2209,111,9,319,22,2026-01-01
2210,111,10,418,82,2026-01-01
2211,111,11,213,68,2026-01-01
2212,111,12,161,87,2026-01-01
2213,111,13,272,49,2026-01-01
2214,111,14,196,89,2026-01-01
2215,111,15,294,28,2026-01-01
2216,111,16,194,99,2026-01-01
2217,111,17,160,39,2026-01-01
2218,111,18,302,85,2026-01-01
2219,111,19,370,75,2026-01-01
2220,111,20,266,75,2026-01-01
2221,112,1,283,53,2026-01-01
2222,112,2,137,65,2026-01-01
2223,112,3,350,27,2026-01-01
2224,112,4,273,83,2026-01-01
2225,112,5,1,56,2026-01-01
2226,112,6,126,89,2026-01-01
2227,112,7,29,70,2026-01-01
2228,112,8,419,58,2026-01-01
2229,112,9,39,56,2026-01-01
2230,112,10,94,92,2026-01-01
2231,112,11,483,62,2026-01-01
2232,112,12,4,63,2026-01-01
2233,112,13,89,21,2026-01-01
2234,112,14,232,98,2026-01-01
2235,112,15,453,35,2026-01-01
2236,112,16,298,60,2026-01-01
2237,112,17,62,55,2026-01-01
2238,112,18,322,98,2026-01-01
2239,112,19,399,36,2026-01-01
2240,112,20,102,78,2026-01-01
2241,113,1,273,84,2026-01-01
2242,113,2,357,56,2026-01-01
2243,113,3,129,49,2026-01-01
2244,113,4,454,75,2026-01-01
2245,113,5,37,25,2026-01-01
2246,113,6,344,74,2026-01-01
2247,113,7,432,21,2026-01-01
2248,113,8,341,33,2026-01-01
2249,113,9,96,85,2026-01-01
2250,113,10,319,30,2026-01-01
2251,113,11,440,81,2026-01-01
2252,113,12,420,44,2026-01-01
2253,113,13,328,32,2026-01-01
2254,113,14,114,89,2026-01-01
2255,113,15,40,68,2026-01-01
2256,113,16,121,98,2026-01-01
2257,113,17,458,71,2026-01-01
2258,113,18,63,25,2026-01-01
2259,113,19,154,75,2026-01-01
2260,113,20,103,41,2026-01-01
2261,114,1,61,97,2026-01-01
2262,114,2,196,71,2026-01-01
2263,114,3,11,22,2026-01-01
2264,114,4,163,68,2026-01-01
2265,114,5,321,74,2026-01-01
2266,114,6,430,87,2026-01-01
2267,114,7,284,56,2026-01-01
2268,114,8,378,74,2026-01-01
2269,114,9,354,90,2026-01-01
2270,114,10,309,68,2026-01-01
2271,114,11,251,29,2026-01-01
2272,114,12,280,86,2026-01-01
2273,114,13,427,53,2026-01-01
2274,114,14,187,21,2026-01-01
2275,114,15,226,85,2026-01-01
2276,114,16,474,93,2026-01-01
2277,114,17,401,89,2026-01-01
2278,114,18,271,29,2026-01-01
2279,114,19,494,98,2026-01-01
2280,114,20,341,85,2026-01-01
2281,115,1,174,73,2026-01-01
2282,115,2,187,30,2026-01-01
2283,115,3,211,63,2026-01-01
2284,115,4,35,72,2026-01-01
2285,115,5,36,62,2026-01-01
2286,115,6,393,28,2026-01-01
2287,115,7,212,61,2026-01-01
2288,115,8,190,34,2026-01-01
2289,115,9,413,37,2026-01-01
2290,115,10,82,44,2026-01-01
2291,115,11,387,65,2026-01-01
2292,115,12,349,89,2026-01-01
2293,115,13,411,59,2026-01-01
2294,115,14,123,97,2026-01-01
2295,115,15,115,61,2026-01-01
2296,115,16,433,78,2026-01-01
2297,115,17,453,80,2026-01-01
2298,115,18,66,88,2026-01-01
2299,115,19,426,96,2026-01-01
2300,115,20,328,33,2026-01-01
2301,116,1,423,73,2026-01-01
2302,116,2,338,26,2026-01-01
2303,116,3,133,49,2026-01-01
2304,116,4,274,29,2026-01-01
2305,116,5,130,97,2026-01-01
2306,116,6,394,29,2026-01-01
2307,116,7,285,76,2026-01-01
2308,116,8,12,35,2026-01-01
2309,116,9,13,25,2026-01-01
2310,116,10,459,47,2026-01-01
2311,116,11,118,80,2026-01-01
2312,116,12,73,28,2026-01-01
2313,116,13,351,71,2026-01-01
2314,116,14,387,73,2026-01-01
2315,116,15,226,98,2026-01-01
2316,116,16,267,79,2026-01-01
2317,116,17,463,65,2026-01-01
2318,116,18,219,28,2026-01-01
2319,116,19,412,32,2026-01-01
2320,116,20,419,33,2026-01-01
2321,117,1,392,74,2026-01-01
2322,117,2,252,26,2026-01-01
2323,117,3,88,23,2026-01-01
2324,117,4,374,96,2026-01-01
2325,117,5,221,56,2026-01-01
2326,117,6,347,93,2026-01-01
2327,117,7,470,54,2026-01-01
2328,117,8,463,54,2026-01-01
2329,117,9,5,76,2026-01-01
2330,117,10,90,77,2026-01-01
2331,117,11,433,71,2026-01-01
2332,117,12,93,36,2026-01-01
2333,117,13,339,54,2026-01-01
2334,117,14,378,38,2026-01-01
2335,117,15,429,51,2026-01-01
2336,117,16,192,72,2026-01-01
2337,117,17,189,52,2026-01-01
2338,117,18,279,68,2026-01-01
2339,117,19,352,27,2026-01-01
2340,117,20,75,34,2026-01-01
2341,118,1,329,91,2026-01-01
2342,118,2,332,30,2026-01-01
2343,118,3,228,87,2026-01-01
2344,118,4,89,34,2026-01-01
2345,118,5,40,96,2026-01-01
2346,118,6,72,89,2026-01-01
2347,118,7,370,70,2026-01-01
2348,118,8,393,38,2026-01-01
2349,118,9,209,52,2026-01-01
2350,118,10,114,57,2026-01-01
2351,118,11,137,74,2026-01-01
2352,118,12,341,36,2026-01-01
2353,118,13,163,48,2026-01-01
2354,118,14,121,46,2026-01-01
2355,118,15,121,23,2026-01-01
2356,118,16,89,55,2026-01-01
2357,118,17,358,53,2026-01-01
2358,118,18,158,20,2026-01-01
2359,118,19,109,22,2026-01-01
2360,118,20,137,26,2026-01-01
2361,119,1,334,20,2026-01-01
2362,119,2,216,78,2026-01-01
2363,119,3,184,98,2026-01-01
2364,119,4,299,65,2026-01-01
2365,119,5,10,59,2026-01-01
2366,119,6,111,47,2026-01-01
2367,119,7,389,60,2026-01-01
2368,119,8,270,61,2026-01-01
2369,119,9,171,42,2026-01-01
2370,119,10,481,28,2026-01-01
2371,119,11,258,64,2026-01-01
2372,119,12,436,56,2026-01-01
2373,119,13,9,98,2026-01-01
2374,119,14,317,49,2026-01-01
2375,119,15,212,89,2026-01-01
2376,119,16,137,79,2026-01-01
2377,119,17,497,81,2026-01-01
2378,119,18,213,45,2026-01-01
2379,119,19,77,80,2026-01-01
2380,119,20,456,28,2026-01-01
2381,120,1,478,26,2026-01-01
2382,120,2,183,95,2026-01-01
2383,120,3,176,67,2026-01-01
2384,120,4,84,65,2026-01-01
2385,120,5,114,49,2026-01-01
2386,120,6,68,89,2026-01-01
2387,120,7,436,87,2026-01-01
2388,120,8,461,56,2026-01-01
2389,120,9,169,71,2026-01-01
2390,120,10,277,39,2026-01-01
2391,120,11,203,37,2026-01-01
2392,120,12,157,68,2026-01-01
2393,120,13,325,20,2026-01-01
2394,120,14,308,74,2026-01-01
2395,120,15,387,96,2026-01-01
2396,120,16,373,89,2026-01-01
2397,120,17,444,87,2026-01-01
2398,120,18,237,98,2026-01-01
2399,120,19,415,96,2026-01-01
2400,120,20,203,44,2026-01-01
2401,121,1,418,88,2026-01-01
2402,121,2,17,100,2026-01-01
2403,121,3,170,75,2026-01-01
2404,121,4,186,70,2026-01-01
2405,121,5,166,56,2026-01-01
2406,121,6,101,71,2026-01-01
2407,121,7,411,25,2026-01-01
2408,121,8,366,31,2026-01-01
2409,121,9,143,61,2026-01-01
2410,121,10,400,52,2026-01-01
2411,121,11,90,88,2026-01-01
2412,121,12,166,86,2026-01-01
2413,121,13,183,94,2026-01-01
2414,121,14,12,61,2026-01-01
2415,121,15,127,52,2026-01-01
2416,121,16,1,21,2026-01-01
2417,121,17,430,21,2026-01-01
2418,121,18,384,62,2026-01-01
2419,121,19,252,23,2026-01-01
2420,121,20,388,84,2026-01-01
2421,122,1,77,35,2026-01-01
2422,122,2,290,60,2026-01-01
2423,122,3,345,79,2026-01-01
2424,122,4,172,39,2026-01-01
2425,122,5,195,22,2026-01-01
2426,122,6,80,21,2026-01-01
2427,122,7,123,28,2026-01-01
2428,122,8,438,49,2026-01-01
2429,122,9,198,94,2026-01-01
2430,122,10,364,26,2026-01-01
2431,122,11,295,47,2026-01-01
2432,122,12,113,76,2026-01-01
2433,122,13,11,87,2026-01-01
2434,122,14,345,81,2026-01-01
2435,122,15,24,41,2026-01-01
2436,122,16,220,33,2026-01-01
2437,122,17,36,78,2026-01-01
2438,122,18,282,92,2026-01-01
2439,122,19,191,67,2026-01-01
2440,122,20,474,51,2026-01-01
2441,123,1,124,36,2026-01-01
2442,123,2,124,95,2026-01-01
2443,123,3,44,65,2026-01-01
2444,123,4,488,60,2026-01-01
2445,123,5,15,59,2026-01-01
2446,123,6,345,82,2026-01-01
2447,123,7,57,25,2026-01-01
2448,123,8,10,100,2026-01-01
2449,123,9,485,79,2026-01-01
2450,123,10,149,45,2026-01-01
2451,123,11,94,21,2026-01-01
2452,123,12,399,80,2026-01-01
2453,123,13,127,29,2026-01-01
2454,123,14,283,38,2026-01-01
2455,123,15,460,89,2026-01-01
2456,123,16,369,23,2026-01-01
2457,123,17,257,29,2026-01-01
2458,123,18,97,26,2026-01-01
2459,123,19,424,49,2026-01-01
2460,123,20,269,85,2026-01-01
2461,124,1,352,82,2026-01-01
2462,124,2,336,81,2026-01-01
2463,124,3,223,96,2026-01-01
2464,124,4,312,35,2026-01-01
2465,124,5,154,40,2026-01-01
2466,124,6,230,73,2026-01-01
2467,124,7,166,97,2026-01-01
2468,124,8,463,98,2026-01-01
2469,124,9,342,38,2026-01-01
2470,124,10,368,76,2026-01-01
2471,124,11,363,35,2026-01-01
2472,124,12,152,87,2026-01-01
2473,124,13,34,36,2026-01-01
2474,124,14,213,56,2026-01-01
2475,124,15,438,62,2026-01-01
2476,124,16,40,87,2026-01-01
2477,124,17,125,41,2026-01-01
2478,124,18,186,83,2026-01-01
2479,124,19,476,48,2026-01-01
2480,124,20,339,71,2026-01-01
2481,125,1,264,74,2026-01-01
2482,125,2,433,55,2026-01-01
2483,125,3,42,78,2026-01-01
2484,125,4,243,82,2026-01-01
2485,125,5,183,45,2026-01-01
2486,125,6,354,88,2026-01-01
2487,125,7,108,37,2026-01-01
2488,125,8,257,53,2026-01-01
2489,125,9,37,24,2026-01-01
2490,125,10,208,66,2026-01-01
2491,125,11,147,75,2026-01-01
2492,125,12,332,75,2026-01-01
2493,125,13,429,21,2026-01-01
2494,125,14,492,40,2026-01-01
2495,125,15,124,46,2026-01-01
2496,125,16,194,35,2026-01-01
2497,125,17,383,35,2026-01-01
2498,125,18,460,80,2026-01-01
2499,125,19,410,38,2026-01-01
2500,125,20,350,31,2026-01-01
2501,126,1,87,79,2026-01-01
2502,126,2,58,23,2026-01-01
2503,126,3,346,55,2026-01-01
2504,126,4,327,40,2026-01-01
2505,126,5,52,96,2026-01-01
2506,126,6,305,93,2026-01-01
2507,126,7,258,54,2026-01-01
2508,126,8,228,67,2026-01-01
2509,126,9,441,42,2026-01-01
2510,126,10,178,64,2026-01-01
2511,126,11,244,60,2026-01-01
2512,126,12,468,54,2026-01-01
2513,126,13,401,74,2026-01-01
2514,126,14,58,77,2026-01-01
2515,126,15,388,22,2026-01-01
2516,126,16,494,66,2026-01-01
2517,126,17,123,91,2026-01-01
2518,126,18,11,60,2026-01-01
2519,126,19,288,53,2026-01-01
2520,126,20,112,64,2026-01-01
2521,127,1,109,99,2026-01-01
2522,127,2,243,36,2026-01-01
2523,127,3,387,81,2026-01-01
2524,127,4,398,62,2026-01-01
2525,127,5,123,75,2026-01-01
2526,127,6,180,99,2026-01-01
2527,127,7,413,47,2026-01-01
2528,127,8,230,78,2026-01-01
2529,127,9,4,58,2026-01-01
2530,127,10,384,54,2026-01-01
2531,127,11,18,86,2026-01-01
2532,127,12,416,81,2026-01-01
2533,127,13,165,83,2026-01-01
2534,127,14,99,54,2026-01-01
2535,127,15,156,25,2026-01-01
2536,127,16,441,97,2026-01-01
2537,127,17,431,96,2026-01-01
2538,127,18,46,62,2026-01-01
2539,127,19,206,54,2026-01-01
2540,127,20,227,25,2026-01-01
2541,128,1,362,75,2026-01-01
2542,128,2,55,65,2026-01-01
2543,128,3,41,25,2026-01-01
2544,128,4,100,28,2026-01-01
2545,128,5,245,71,2026-01-01
2546,128,6,462,26,2026-01-01
2547,128,7,212,24,2026-01-01
2548,128,8,499,50,2026-01-01
2549,128,9,112,58,2026-01-01
2550,128,10,347,38,2026-01-01
2551,128,11,63,23,2026-01-01
2552,128,12,80,38,2026-01-01
2553,128,13,317,50,2026-01-01
2554,128,14,230,56,2026-01-01
2555,128,15,284,31,2026-01-01
2556,128,16,398,98,2026-01-01
2557,128,17,190,46,2026-01-01
2558,128,18,410,93,2026-01-01
2559,128,19,5,65,2026-01-01
2560,128,20,354,70,2026-01-01
2561,129,1,54,96,2026-01-01
2562,129,2,443,26,2026-01-01
2563,129,3,183,95,2026-01-01
2564,129,4,460,70,2026-01-01
2565,129,5,257,88,2026-01-01
2566,129,6,484,100,2026-01-01
2567,129,7,395,99,2026-01-01
2568,129,8,66,48,2026-01-01
2569,129,9,62,90,2026-01-01
2570,129,10,490,32,2026-01-01
2571,129,11,53,62,2026-01-01
2572,129,12,480,50,2026-01-01
2573,129,13,491,39,2026-01-01
2574,129,14,436,50,2026-01-01
2575,129,15,270,41,2026-01-01
2576,129,16,172,38,2026-01-01
2577,129,17,73,21,2026-01-01
2578,129,18,200,88,2026-01-01
2579,129,19,393,89,2026-01-01
2580,129,20,287,70,2026-01-01
2581,130,1,20,43,2026-01-01
2582,130,2,179,74,2026-01-01
2583,130,3,16,56,2026-01-01
2584,130,4,183,78,2026-01-01
2585,130,5,20,24,2026-01-01
2586,130,6,369,84,2026-01-01
2587,130,7,35,46,2026-01-01
2588,130,8,366,88,2026-01-01
2589,130,9,285,93,2026-01-01
2590,130,10,265,46,2026-01-01
2591,130,11,424,82,2026-01-01
2592,130,12,154,99,2026-01-01
2593,130,13,121,87,2026-01-01
2594,130,14,123,23,2026-01-01
2595,130,15,170,95,2026-01-01
2596,130,16,112,73,2026-01-01
2597,130,17,486,58,2026-01-01
2598,130,18,364,77,2026-01-01
2599,130,19,51,53,2026-01-01
2600,130,20,248,77,2026-01-01
2601,131,1,236,82,2026-01-01
2602,131,2,126,36,2026-01-01
2603,131,3,221,80,2026-01-01
2604,131,4,391,92,2026-01-01
2605,131,5,479,56,2026-01-01
2606,131,6,76,55,2026-01-01
2607,131,7,208,42,2026-01-01
2608,131,8,385,36,2026-01-01
2609,131,9,199,30,2026-01-01
2610,131,10,134,72,2026-01-01
2611,131,11,487,44,2026-01-01
2612,131,12,51,83,2026-01-01
2613,131,13,319,38,2026-01-01
2614,131,14,358,87,2026-01-01
2615,131,15,276,54,2026-01-01
2616,131,16,267,87,2026-01-01
2617,131,17,173,43,2026-01-01
2618,131,18,349,71,2026-01-01
2619,131,19,37,95,2026-01-01
2620,131,20,456,89,2026-01-01
2621,132,1,80,21,2026-01-01
2622,132,2,431,81,2026-01-01
2623,132,3,389,42,2026-01-01
2624,132,4,407,76,2026-01-01
2625,132,5,203,92,2026-01-01
2626,132,6,226,94,2026-01-01
2627,132,7,278,23,2026-01-01
2628,132,8,150,79,2026-01-01
2629,132,9,143,93,2026-01-01
2630,132,10,24,50,2026-01-01
2631,132,11,415,63,2026-01-01
2632,132,12,174,77,2026-01-01
2633,132,13,272,58,2026-01-01
2634,132,14,386,92,2026-01-01
2635,132,15,371,31,2026-01-01
2636,132,16,4,25,2026-01-01
2637,132,17,175,49,2026-01-01
2638,132,18,96,75,2026-01-01
2639,132,19,397,32,2026-01-01
2640,132,20,3,29,2026-01-01
2641,133,1,342,98,2026-01-01
2642,133,2,58,30,2026-01-01
2643,133,3,144,91,2026-01-01
2644,133,4,72,77,2026-01-01
2645,133,5,226,51,2026-01-01
2646,133,6,303,21,2026-01-01
2647,133,7,11,21,2026-01-01
2648,133,8,0,33,2026-01-01
2649,133,9,405,25,2026-01-01
2650,133,10,427,39,2026-01-01
2651,133,11,432,56,2026-01-01
2652,133,12,19,38,2026-01-01
2653,133,13,435,53,2026-01-01
2654,133,14,285,27,2026-01-01
2655,133,15,480,41,2026-01-01
2656,133,16,312,54,2026-01-01
2657,133,17,227,23,2026-01-01
2658,133,18,230,72,2026-01-01
2659,133,19,155,39,2026-01-01
2660,133,20,192,47,2026-01-01
2661,134,1,453,46,2026-01-01
2662,134,2,2,21,2026-01-01
2663,134,3,382,68,2026-01-01
2664,134,4,17,58,2026-01-01
2665,134,5,167,75,2026-01-01
2666,134,6,476,61,2026-01-01
2667,134,7,464,80,2026-01-01
2668,134,8,352,50,2026-01-01
2669,134,9,363,44,2026-01-01
2670,134,10,281,38,2026-01-01
2671,134,11,256,87,2026-01-01
2672,134,12,0,32,2026-01-01
2673,134,13,96,84,2026-01-01
2674,134,14,382,34,2026-01-01
2675,134,15,119,42,2026-01-01
2676,134,16,64,99,2026-01-01
2677,134,17,347,24,2026-01-01
2678,134,18,120,71,2026-01-01
2679,134,19,232,73,2026-01-01
2680,134,20,45,23,2026-01-01
2681,135,1,142,99,2026-01-01
2682,135,2,117,70,2026-01-01
2683,135,3,341,86,2026-01-01
2684,135,4,35,86,2026-01-01
2685,135,5,1,30,2026-01-01
2686,135,6,267,60,2026-01-01
2687,135,7,250,40,2026-01-01
2688,135,8,122,36,2026-01-01
2689,135,9,286,32,2026-01-01
2690,135,10,373,81,2026-01-01
2691,135,11,47,80,2026-01-01
2692,135,12,487,62,2026-01-01
2693,135,13,167,65,2026-01-01
2694,135,14,135,100,2026-01-01
2695,135,15,144,36,2026-01-01
2696,135,16,480,93,2026-01-01
2697,135,17,331,29,2026-01-01
2698,135,18,203,48,2026-01-01
2699,135,19,112,42,2026-01-01
2700,135,20,354,27,2026-01-01
2701,136,1,117,36,2026-01-01
2702,136,2,141,63,2026-01-01
2703,136,3,55,57,2026-01-01
2704,136,4,101,64,2026-01-01
2705,136,5,31,70,2026-01-01
2706,136,6,228,34,2026-01-01
2707,136,7,302,71,2026-01-01
2708,136,8,273,53,2026-01-01
2709,136,9,431,42,2026-01-01
2710,136,10,362,53,2026-01-01
2711,136,11,469,77,2026-01-01
2712,136,12,99,51,2026-01-01
2713,136,13,15,100,2026-01-01
2714,136,14,418,27,2026-01-01
2715,136,15,363,75,2026-01-01
2716,136,16,39,64,2026-01-01
2717,136,17,122,32,2026-01-01
2718,136,18,345,49,2026-01-01
2719,136,19,263,47,2026-01-01
2720,136,20,316,70,2026-01-01
2721,137,1,191,23,2026-01-01
2722,137,2,110,84,2026-01-01
2723,137,3,417,23,2026-01-01
2724,137,4,122,62,2026-01-01
2725,137,5,73,38,2026-01-01
2726,137,6,103,35,2026-01-01
2727,137,7,172,75,2026-01-01
2728,137,8,217,43,2026-01-01
2729,137,9,364,41,2026-01-01
2730,137,10,385,40,2026-01-01
2731,137,11,426,84,2026-01-01
2732,137,12,8,33,2026-01-01
2733,137,13,361,54,2026-01-01
2734,137,14,107,47,2026-01-01
2735,137,15,377,97,2026-01-01
2736,137,16,308,25,2026-01-01
2737,137,17,246,33,2026-01-01
2738,137,18,389,39,2026-01-01
2739,137,19,200,23,2026-01-01
2740,137,20,226,46,2026-01-01
2741,138,1,400,54,2026-01-01
2742,138,2,363,98,2026-01-01
2743,138,3,258,28,2026-01-01
2744,138,4,195,75,2026-01-01
2745,138,5,29,60,2026-01-01
2746,138,6,58,91,2026-01-01
2747,138,7,482,26,2026-01-01
2748,138,8,477,49,2026-01-01
2749,138,9,330,50,2026-01-01
2750,138,10,313,58,2026-01-01
2751,138,11,299,33,2026-01-01
2752,138,12,377,72,2026-01-01
2753,138,13,178,78,2026-01-01
2754,138,14,74,74,2026-01-01
2755,138,15,283,53,2026-01-01
2756,138,16,89,63,2026-01-01
2757,138,17,25,96,2026-01-01
2758,138,18,310,86,2026-01-01
2759,138,19,400,51,2026-01-01
2760,138,20,165,49,2026-01-01
2761,139,1,6,57,2026-01-01
2762,139,2,313,45,2026-01-01
2763,139,3,272,94,2026-01-01
2764,139,4,204,25,2026-01-01
2765,139,5,320,95,2026-01-01
2766,139,6,89,53,2026-01-01
2767,139,7,215,30,2026-01-01
2768,139,8,69,98,2026-01-01
2769,139,9,271,22,2026-01-01
2770,139,10,432,51,2026-01-01
2771,139,11,334,50,2026-01-01
2772,139,12,265,32,2026-01-01
2773,139,13,180,30,2026-01-01
2774,139,14,197,90,2026-01-01
2775,139,15,183,24,2026-01-01
2776,139,16,68,69,2026-01-01
2777,139,17,499,88,2026-01-01
2778,139,18,222,38,2026-01-01
2779,139,19,65,49,2026-01-01
2780,139,20,108,96,2026-01-01
2781,140,1,337,69,2026-01-01
2782,140,2,139,31,2026-01-01
2783,140,3,371,44,2026-01-01
2784,140,4,434,33,2026-01-01
2785,140,5,265,71,2026-01-01
2786,140,6,330,30,2026-01-01
2787,140,7,269,31,2026-01-01
2788,140,8,480,59,2026-01-01
2789,140,9,362,98,2026-01-01
2790,140,10,55,67,2026-01-01
2791,140,11,295,62,2026-01-01
2792,140,12,344,61,2026-01-01
2793,140,13,435,73,2026-01-01
2794,140,14,328,39,2026-01-01
2795,140,15,46,50,2026-01-01
2796,140,16,102,62,2026-01-01
2797,140,17,209,63,2026-01-01
2798,140,18,0,98,2026-01-01
2799,140,19,342,86,2026-01-01
2800,140,20,31,79,2026-01-01
2801,141,1,9,56,2026-01-01
2802,141,2,132,22,2026-01-01
2803,141,3,95,84,2026-01-01
2804,141,4,144,48,2026-01-01
2805,141,5,298,85,2026-01-01
2806,141,6,282,57,2026-01-01
2807,141,7,91,59,2026-01-01
2808,141,8,393,51,2026-01-01
2809,141,9,360,62,2026-01-01
2810,141,10,347,77,2026-01-01
2811,141,11,165,20,2026-01-01
2812,141,12,22,59,2026-01-01
2813,141,13,271,57,2026-01-01
2814,141,14,280,66,2026-01-01
2815,141,15,375,63,2026-01-01
2816,141,16,27,24,2026-01-01
2817,141,17,196,29,2026-01-01
2818,141,18,38,85,2026-01-01
2819,141,19,301,54,2026-01-01
2820,141,20,368,81,2026-01-01
2821,142,1,100,83,2026-01-01
2822,142,2,298,37,2026-01-01
2823,142,3,427,40,2026-01-01
2824,142,4,44,93,2026-01-01
2825,142,5,401,42,2026-01-01
2826,142,6,130,61,2026-01-01
2827,142,7,421,21,2026-01-01
2828,142,8,17,97,2026-01-01
2829,142,9,285,85,2026-01-01
2830,142,10,108,31,2026-01-01
2831,142,11,316,73,2026-01-01
2832,142,12,180,71,2026-01-01
2833,142,13,50,75,2026-01-01
2834,142,14,446,22,2026-01-01
2835,142,15,207,53,2026-01-01
2836,142,16,194,20,2026-01-01
2837,142,17,357,42,2026-01-01
2838,142,18,34,75,2026-01-01
2839,142,19,47,51,2026-01-01
2840,142,20,412,35,2026-01-01
2841,143,1,366,33,2026-01-01
2842,143,2,286,58,2026-01-01
2843,143,3,349,82,2026-01-01
2844,143,4,48,50,2026-01-01
2845,143,5,493,66,2026-01-01
2846,143,6,207,85,2026-01-01
2847,143,7,209,20,2026-01-01
2848,143,8,399,92,2026-01-01
2849,143,9,341,60,2026-01-01
2850,143,10,95,78,2026-01-01
2851,143,11,442,71,2026-01-01
2852,143,12,131,85,2026-01-01
2853,143,13,162,22,2026-01-01
2854,143,14,484,51,2026-01-01
2855,143,15,396,53,2026-01-01
2856,143,16,424,95,2026-01-01
2857,143,17,289,41,2026-01-01
2858,143,18,38,90,2026-01-01
2859,143,19,16,31,2026-01-01
2860,143,20,434,73,2026-01-01
2861,144,1,391,64,2026-01-01
2862,144,2,474,61,2026-01-01
2863,144,3,250,40,2026-01-01
2864,144,4,353,41,2026-01-01
2865,144,5,275,93,2026-01-01
2866,144,6,459,92,2026-01-01
2867,144,7,398,44,2026-01-01
2868,144,8,19,87,2026-01-01
2869,144,9,450,85,2026-01-01
2870,144,10,37,66,2026-01-01
2871,144,11,94,84,2026-01-01
2872,144,12,241,39,2026-01-01
2873,144,13,223,40,2026-01-01
2874,144,14,118,93,2026-01-01
2875,144,15,12,99,2026-01-01
2876,144,16,106,21,2026-01-01
2877,144,17,128,53,2026-01-01
2878,144,18,127,84,2026-01-01
2879,144,19,290,51,2026-01-01
2880,144,20,38,55,2026-01-01
2881,145,1,121,51,2026-01-01
2882,145,2,174,62,2026-01-01
2883,145,3,212,47,2026-01-01
2884,145,4,101,55,2026-01-01
2885,145,5,137,96,2026-01-01
2886,145,6,286,40,2026-01-01
2887,145,7,420,40,2026-01-01
2888,145,8,487,20,2026-01-01
2889,145,9,263,20,2026-01-01
2890,145,10,71,36,2026-01-01
2891,145,11,235,86,2026-01-01
2892,145,12,41,70,2026-01-01
2893,145,13,210,38,2026-01-01
2894,145,14,394,33,2026-01-01
2895,145,15,11,36,2026-01-01
2896,145,16,68,66,2026-01-01
2897,145,17,458,42,2026-01-01
2898,145,18,4,80,2026-01-01
2899,145,19,495,69,2026-01-01
2900,145,20,329,89,2026-01-01
2901,146,1,456,64,2026-01-01
2902,146,2,385,98,2026-01-01
2903,146,3,172,22,2026-01-01
2904,146,4,456,37,2026-01-01
2905,146,5,64,64,2026-01-01
2906,146,6,27,47,2026-01-01
2907,146,7,306,20,2026-01-01
2908,146,8,451,38,2026-01-01
2909,146,9,325,97,2026-01-01
2910,146,10,137,50,2026-01-01
2911,146,11,460,27,2026-01-01
2912,146,12,233,50,2026-01-01
2913,146,13,223,94,2026-01-01
2914,146,14,113,98,2026-01-01
2915,146,15,368,57,2026-01-01
2916,146,16,393,30,2026-01-01
2917,146,17,70,97,2026-01-01
2918,146,18,489,52,2026-01-01
2919,146,19,20,42,2026-01-01
2920,146,20,61,40,2026-01-01
2921,147,1,54,23,2026-01-01
2922,147,2,50,87,2026-01-01
2923,147,3,238,51,2026-01-01
2924,147,4,308,65,2026-01-01
2925,147,5,151,85,2026-01-01
2926,147,6,422,43,2026-01-01
2927,147,7,21,92,2026-01-01
2928,147,8,129,65,2026-01-01
2929,147,9,270,75,2026-01-01
2930,147,10,466,64,2026-01-01
2931,147,11,71,54,2026-01-01
2932,147,12,123,33,2026-01-01
2933,147,13,386,81,2026-01-01
2934,147,14,425,80,2026-01-01
2935,147,15,374,60,2026-01-01
2936,147,16,494,48,2026-01-01
2937,147,17,455,66,2026-01-01
2938,147,18,331,53,2026-01-01
2939,147,19,7,80,2026-01-01
2940,147,20,302,77,2026-01-01
2941,148,1,197,28,2026-01-01
2942,148,2,43,79,2026-01-01
2943,148,3,488,29,2026-01-01
2944,148,4,153,20,2026-01-01
2945,148,5,320,97,2026-01-01
2946,148,6,477,50,2026-01-01
2947,148,7,219,45,2026-01-01
2948,148,8,12,84,2026-01-01
2949,148,9,21,43,2026-01-01
2950,148,10,305,42,2026-01-01
2951,148,11,348,59,2026-01-01
2952,148,12,195,90,2026-01-01
2953,148,13,116,75,2026-01-01
2954,148,14,243,74,2026-01-01
2955,148,15,342,51,2026-01-01
2956,148,16,4,27,2026-01-01
2957,148,17,485,95,2026-01-01
2958,148,18,430,99,2026-01-01
2959,148,19,82,71,2026-01-01
2960,148,20,89,100,2026-01-01
2961,149,1,110,85,2026-01-01
2962,149,2,132,31,2026-01-01
2963,149,3,274,30,2026-01-01
2964,149,4,135,28,2026-01-01
2965,149,5,66,95,2026-01-01
2966,149,6,424,79,2026-01-01
2967,149,7,477,32,2026-01-01
2968,149,8,9,100,2026-01-01
2969,149,9,48,31,2026-01-01
2970,149,10,130,69,2026-01-01
2971,149,11,274,79,2026-01-01
2972,149,12,457,61,2026-01-01
2973,149,13,217,23,2026-01-01
2974,149,14,64,71,2026-01-01
2975,149,15,67,32,2026-01-01
2976,149,16,196,95,2026-01-01
2977,149,17,393,67,2026-01-01
2978,149,18,72,51,2026-01-01
2979,149,19,349,98,2026-01-01
2980,149,20,88,86,2026-01-01
2981,150,1,112,32,2026-01-01
2982,150,2,196,65,2026-01-01
2983,150,3,389,79,2026-01-01
2984,150,4,434,83,2026-01-01
2985,150,5,422,22,2026-01-01
2986,150,6,210,60,2026-01-01
2987,150,7,425,93,2026-01-01
2988,150,8,274,59,2026-01-01
2989,150,9,381,50,2026-01-01
2990,150,10,151,38,2026-01-01
2991,150,11,404,86,2026-01-01
2992,150,12,417,98,2026-01-01
2993,150,13,103,58,2026-01-01
2994,150,14,169,74,2026-01-01
2995,150,15,225,44,2026-01-01
2996,150,16,373,91,2026-01-01
2997,150,17,450,73,2026-01-01
2998,150,18,495,88,2026-01-01
2999,150,19,383,21,2026-01-01
3000,150,20,68,53,2026-01-01
3001,151,1,73,75,2026-01-01
3002,151,2,204,21,2026-01-01
3003,151,3,390,40,2026-01-01
3004,151,4,254,29,2026-01-01
3005,151,5,308,34,2026-01-01
3006,151,6,30,25,2026-01-01
3007,151,7,104,27,2026-01-01
3008,151,8,159,43,2026-01-01
3009,151,9,245,53,2026-01-01
3010,151,10,91,43,2026-01-01
3011,151,11,321,94,2026-01-01
3012,151,12,92,71,2026-01-01
3013,151,13,378,93,2026-01-01
3014,151,14,464,44,2026-01-01
3015,151,15,106,92,2026-01-01
3016,151,16,54,89,2026-01-01
3017,151,17,204,42,2026-01-01
3018,151,18,207,58,2026-01-01
3019,151,19,403,62,2026-01-01
3020,151,20,332,73,2026-01-01
3021,152,1,309,90,2026-01-01
3022,152,2,433,59,2026-01-01
3023,152,3,94,94,2026-01-01
3024,152,4,110,28,2026-01-01
3025,152,5,307,24,2026-01-01
3026,152,6,196,91,2026-01-01
3027,152,7,36,60,2026-01-01
3028,152,8,314,61,2026-01-01
3029,152,9,311,86,2026-01-01
3030,152,10,290,40,2026-01-01
3031,152,11,464,37,2026-01-01
3032,152,12,210,58,2026-01-01
3033,152,13,185,61,2026-01-01
3034,152,14,40,47,2026-01-01
3035,152,15,59,53,2026-01-01
3036,152,16,127,36,2026-01-01
3037,152,17,285,75,2026-01-01
3038,152,18,112,72,2026-01-01
3039,152,19,272,94,2026-01-01
3040,152,20,82,72,2026-01-01
3041,153,1,486,41,2026-01-01
3042,153,2,487,77,2026-01-01
3043,153,3,331,53,2026-01-01
3044,153,4,100,53,2026-01-01
3045,153,5,173,86,2026-01-01
3046,153,6,125,72,2026-01-01
3047,153,7,184,82,2026-01-01
3048,153,8,74,74,2026-01-01
3049,153,9,311,28,2026-01-01
3050,153,10,177,21,2026-01-01
3051,153,11,272,53,2026-01-01
3052,153,12,443,28,2026-01-01
3053,153,13,266,63,2026-01-01
3054,153,14,311,66,2026-01-01
3055,153,15,478,93,2026-01-01
3056,153,16,406,92,2026-01-01
3057,153,17,171,98,2026-01-01
3058,153,18,335,92,2026-01-01
3059,153,19,113,49,2026-01-01
3060,153,20,227,46,2026-01-01
3061,154,1,342,88,2026-01-01
3062,154,2,196,20,2026-01-01
3063,154,3,335,21,2026-01-01
3064,154,4,393,81,2026-01-01
3065,154,5,37,96,2026-01-01
3066,154,6,321,27,2026-01-01
3067,154,7,474,33,2026-01-01
3068,154,8,85,69,2026-01-01
3069,154,9,50,58,2026-01-01
3070,154,10,407,52,2026-01-01
3071,154,11,469,72,2026-01-01
3072,154,12,462,79,2026-01-01
3073,154,13,69,52,2026-01-01
3074,154,14,95,65,2026-01-01
3075,154,15,34,86,2026-01-01
3076,154,16,245,83,2026-01-01
3077,154,17,0,39,2026-01-01
3078,154,18,334,44,2026-01-01
3079,154,19,389,40,2026-01-01
3080,154,20,388,43,2026-01-01
3081,155,1,233,52,2026-01-01
3082,155,2,250,31,2026-01-01
3083,155,3,138,83,2026-01-01
3084,155,4,269,58,2026-01-01
3085,155,5,369,59,2026-01-01
3086,155,6,8,82,2026-01-01
3087,155,7,433,84,2026-01-01
3088,155,8,25,34,2026-01-01
3089,155,9,314,63,2026-01-01
3090,155,10,171,33,2026-01-01
3091,155,11,7,50,2026-01-01
3092,155,12,395,24,2026-01-01
3093,155,13,141,100,2026-01-01
3094,155,14,354,73,2026-01-01
3095,155,15,47,70,2026-01-01
3096,155,16,359,47,2026-01-01
3097,155,17,299,43,2026-01-01
3098,155,18,462,23,2026-01-01
3099,155,19,259,97,2026-01-01
3100,155,20,201,46,2026-01-01
3101,156,1,386,82,2026-01-01
3102,156,2,5,51,2026-01-01
3103,156,3,204,54,2026-01-01
3104,156,4,17,39,2026-01-01
3105,156,5,155,93,2026-01-01
3106,156,6,62,74,2026-01-01
3107,156,7,414,42,2026-01-01
3108,156,8,477,86,2026-01-01
3109,156,9,43,95,2026-01-01
3110,156,10,77,35,2026-01-01
3111,156,11,449,20,2026-01-01
3112,156,12,446,46,2026-01-01
3113,156,13,222,100,2026-01-01
3114,156,14,19,47,2026-01-01
3115,156,15,456,45,2026-01-01
3116,156,16,438,83,2026-01-01
3117,156,17,344,58,2026-01-01
3118,156,18,209,35,2026-01-01
3119,156,19,270,32,2026-01-01
3120,156,20,372,71,2026-01-01
3121,157,1,45,95,2026-01-01
3122,157,2,367,38,2026-01-01
3123,157,3,263,28,2026-01-01
3124,157,4,9,25,2026-01-01
3125,157,5,60,81,2026-01-01
3126,157,6,43,26,2026-01-01
3127,157,7,363,82,2026-01-01
3128,157,8,378,41,2026-01-01
3129,157,9,414,25,2026-01-01
3130,157,10,417,91,2026-01-01
3131,157,11,14,75,2026-01-01
3132,157,12,388,87,2026-01-01
3133,157,13,248,69,2026-01-01
3134,157,14,183,77,2026-01-01
3135,157,15,306,59,2026-01-01
3136,157,16,404,28,2026-01-01
3137,157,17,406,57,2026-01-01
3138,157,18,418,68,2026-01-01
3139,157,19,152,32,2026-01-01
3140,157,20,193,22,2026-01-01
3141,158,1,471,63,2026-01-01
3142,158,2,320,54,2026-01-01
3143,158,3,454,22,2026-01-01
3144,158,4,303,28,2026-01-01
3145,158,5,278,70,2026-01-01
3146,158,6,163,28,2026-01-01
3147,158,7,410,49,2026-01-01
3148,158,8,464,48,2026-01-01
3149,158,9,358,89,2026-01-01
3150,158,10,96,30,2026-01-01
3151,158,11,195,64,2026-01-01
3152,158,12,218,44,2026-01-01
3153,158,13,108,75,2026-01-01
3154,158,14,159,40,2026-01-01
3155,158,15,318,96,2026-01-01
3156,158,16,377,78,2026-01-01
3157,158,17,173,26,2026-01-01
3158,158,18,196,33,2026-01-01
3159,158,19,212,65,2026-01-01
3160,158,20,276,86,2026-01-01
3161,159,1,449,50,2026-01-01
3162,159,2,469,92,2026-01-01
3163,159,3,18,70,2026-01-01
3164,159,4,93,23,2026-01-01
3165,159,5,469,20,2026-01-01
3166,159,6,163,73,2026-01-01
3167,159,7,369,71,2026-01-01
3168,159,8,272,72,2026-01-01
3169,159,9,161,75,2026-01-01
3170,159,10,285,100,2026-01-01
3171,159,11,177,20,2026-01-01
3172,159,12,323,83,2026-01-01
3173,159,13,243,46,2026-01-01
3174,159,14,462,59,2026-01-01
3175,159,15,122,38,2026-01-01
3176,159,16,254,71,2026-01-01
3177,159,17,98,87,2026-01-01
3178,159,18,361,29,2026-01-01
3179,159,19,110,50,2026-01-01
3180,159,20,167,37,2026-01-01
3181,160,1,326,92,2026-01-01
3182,160,2,22,84,2026-01-01
3183,160,3,496,83,2026-01-01
3184,160,4,409,45,2026-01-01
3185,160,5,300,53,2026-01-01
3186,160,6,302,47,2026-01-01
3187,160,7,60,97,2026-01-01
3188,160,8,406,55,2026-01-01
3189,160,9,381,43,2026-01-01
3190,160,10,476,44,2026-01-01
3191,160,11,473,46,2026-01-01
3192,160,12,455,82,2026-01-01
3193,160,13,192,23,2026-01-01
3194,160,14,56,91,2026-01-01
3195,160,15,220,73,2026-01-01
3196,160,16,389,31,2026-01-01
3197,160,17,340,82,2026-01-01
3198,160,18,95,31,2026-01-01
3199,160,19,151,49,2026-01-01
3200,160,20,191,48,2026-01-01
3201,161,1,400,92,2026-01-01
3202,161,2,57,78,2026-01-01
3203,161,3,13,87,2026-01-01
3204,161,4,24,43,2026-01-01
3205,161,5,78,54,2026-01-01
3206,161,6,20,93,2026-01-01
3207,161,7,453,97,2026-01-01
3208,161,8,453,26,2026-01-01
3209,161,9,441,48,2026-01-01
3210,161,10,71,92,2026-01-01
3211,161,11,474,68,2026-01-01
3212,161,12,161,66,2026-01-01
3213,161,13,149,88,2026-01-01
3214,161,14,105,88,2026-01-01
3215,161,15,218,84,2026-01-01
3216,161,16,39,83,2026-01-01
3217,161,17,358,40,2026-01-01
3218,161,18,18,84,2026-01-01
3219,161,19,448,65,2026-01-01
3220,161,20,114,33,2026-01-01
3221,162,1,457,55,2026-01-01
3222,162,2,65,87,2026-01-01
3223,162,3,463,29,2026-01-01
3224,162,4,303,44,2026-01-01
3225,162,5,176,35,2026-01-01
3226,162,6,490,37,2026-01-01
3227,162,7,84,77,2026-01-01
3228,162,8,247,95,2026-01-01
3229,162,9,152,66,2026-01-01
3230,162,10,176,43,2026-01-01
3231,162,11,173,45,2026-01-01
3232,162,12,98,73,2026-01-01
3233,162,13,0,91,2026-01-01
3234,162,14,202,56,2026-01-01
3235,162,15,394,38,2026-01-01
3236,162,16,275,83,2026-01-01
3237,162,17,142,76,2026-01-01
3238,162,18,129,33,2026-01-01
3239,162,19,113,42,2026-01-01
3240,162,20,347,76,2026-01-01
3241,163,1,430,83,2026-01-01
3242,163,2,429,91,2026-01-01
3243,163,3,460,64,2026-01-01
3244,163,4,346,31,2026-01-01
3245,163,5,69,38,2026-01-01
3246,163,6,176,74,2026-01-01
3247,163,7,282,56,2026-01-01
3248,163,8,367,60,2026-01-01
3249,163,9,462,57,2026-01-01
3250,163,10,343,46,2026-01-01
3251,163,11,188,55,2026-01-01
3252,163,12,434,28,2026-01-01
3253,163,13,185,67,2026-01-01
3254,163,14,381,27,2026-01-01
3255,163,15,449,20,2026-01-01
3256,163,16,128,37,2026-01-01
3257,163,17,137,25,2026-01-01
3258,163,18,166,49,2026-01-01
3259,163,19,177,98,2026-01-01
3260,163,20,198,71,2026-01-01
3261,164,1,115,61,2026-01-01
3262,164,2,92,34,2026-01-01
3263,164,3,142,68,2026-01-01
3264,164,4,374,88,2026-01-01
3265,164,5,117,92,2026-01-01
3266,164,6,24,55,2026-01-01
3267,164,7,186,57,2026-01-01
3268,164,8,438,80,2026-01-01
3269,164,9,101,44,2026-01-01
3270,164,10,230,32,2026-01-01
3271,164,11,442,35,2026-01-01
3272,164,12,144,97,2026-01-01
3273,164,13,274,79,2026-01-01
3274,164,14,181,52,2026-01-01
3275,164,15,95,80,2026-01-01
3276,164,16,405,28,2026-01-01
3277,164,17,79,52,2026-01-01
3278,164,18,166,58,2026-01-01
3279,164,19,402,76,2026-01-01
3280,164,20,198,31,2026-01-01
3281,165,1,407,60,2026-01-01
3282,165,2,366,72,2026-01-01
3283,165,3,197,48,2026-01-01
3284,165,4,384,70,2026-01-01
3285,165,5,271,26,2026-01-01
3286,165,6,42,59,2026-01-01
3287,165,7,259,40,2026-01-01
3288,165,8,428,55,2026-01-01
3289,165,9,120,44,2026-01-01
3290,165,10,401,57,2026-01-01
3291,165,11,213,63,2026-01-01
3292,165,12,112,47,2026-01-01
3293,165,13,110,41,2026-01-01
3294,165,14,208,72,2026-01-01
3295,165,15,417,30,2026-01-01
3296,165,16,316,93,2026-01-01
3297,165,17,105,100,2026-01-01
3298,165,18,78,24,2026-01-01
3299,165,19,389,33,2026-01-01
3300,165,20,323,20,2026-01-01
3301,166,1,182,91,2026-01-01
3302,166,2,157,20,2026-01-01
3303,166,3,33,79,2026-01-01
3304,166,4,361,23,2026-01-01
3305,166,5,469,82,2026-01-01
3306,166,6,120,75,2026-01-01
3307,166,7,497,89,2026-01-01
3308,166,8,112,85,2026-01-01
3309,166,9,170,70,2026-01-01
3310,166,10,293,71,2026-01-01
3311,166,11,338,65,2026-01-01
3312,166,12,58,58,2026-01-01
3313,166,13,345,84,2026-01-01
3314,166,14,235,26,2026-01-01
3315,166,15,127,40,2026-01-01
3316,166,16,408,69,2026-01-01
3317,166,17,255,96,2026-01-01
3318,166,18,85,74,2026-01-01
3319,166,19,172,45,2026-01-01
3320,166,20,146,33,2026-01-01
3321,167,1,389,66,2026-01-01
3322,167,2,268,55,2026-01-01
3323,167,3,102,43,2026-01-01
3324,167,4,321,34,2026-01-01
3325,167,5,47,26,2026-01-01
3326,167,6,58,67,2026-01-01
3327,167,7,312,32,2026-01-01
3328,167,8,159,57,2026-01-01
3329,167,9,336,64,2026-01-01
3330,167,10,454,94,2026-01-01
3331,167,11,80,43,2026-01-01
3332,167,12,90,32,2026-01-01
3333,167,13,243,44,2026-01-01
3334,167,14,211,92,2026-01-01
3335,167,15,132,37,2026-01-01
3336,167,16,409,90,2026-01-01
3337,167,17,71,73,2026-01-01
3338,167,18,293,26,2026-01-01
3339,167,19,18,42,2026-01-01
3340,167,20,298,37,2026-01-01
3341,168,1,273,96,2026-01-01
3342,168,2,203,50,2026-01-01
3343,168,3,117,26,2026-01-01
3344,168,4,386,49,2026-01-01
3345,168,5,409,97,2026-01-01
3346,168,6,335,64,2026-01-01
3347,168,7,309,55,2026-01-01
3348,168,8,16,71,2026-01-01
3349,168,9,481,85,2026-01-01
3350,168,10,179,84,2026-01-01
3351,168,11,1,37,2026-01-01
3352,168,12,358,73,2026-01-01
3353,168,13,198,25,2026-01-01
3354,168,14,62,74,2026-01-01
3355,168,15,369,51,2026-01-01
3356,168,16,181,71,2026-01-01
3357,168,17,32,81,2026-01-01
3358,168,18,475,92,2026-01-01
3359,168,19,397,61,2026-01-01
3360,168,20,398,82,2026-01-01
3361,169,1,35,26,2026-01-01
3362,169,2,447,49,2026-01-01
3363,169,3,50,56,2026-01-01
3364,169,4,189,21,2026-01-01
3365,169,5,417,39,2026-01-01
3366,169,6,81,54,2026-01-01
3367,169,7,435,81,2026-01-01
3368,169,8,321,57,2026-01-01
3369,169,9,372,21,2026-01-01
3370,169,10,158,55,2026-01-01
3371,169,11,16,42,2026-01-01
3372,169,12,71,97,2026-01-01
3373,169,13,313,49,2026-01-01
3374,169,14,89,37,2026-01-01
3375,169,15,191,75,2026-01-01
3376,169,16,338,53,2026-01-01
3377,169,17,140,48,2026-01-01
3378,169,18,83,24,2026-01-01
3379,169,19,218,34,2026-01-01
3380,169,20,359,89,2026-01-01
3381,170,1,196,38,2026-01-01
3382,170,2,195,100,2026-01-01
3383,170,3,230,51,2026-01-01
3384,170,4,395,37,2026-01-01
3385,170,5,283,47,2026-01-01
3386,170,6,496,84,2026-01-01
3387,170,7,299,42,2026-01-01
3388,170,8,315,81,2026-01-01
3389,170,9,362,45,2026-01-01
3390,170,10,202,67,2026-01-01
3391,170,11,133,47,2026-01-01
3392,170,12,432,81,2026-01-01
3393,170,13,431,61,2026-01-01
3394,170,14,469,20,2026-01-01
3395,170,15,292,60,2026-01-01
3396,170,16,279,74,2026-01-01
3397,170,17,476,87,2026-01-01
3398,170,18,368,23,2026-01-01
3399,170,19,454,100,2026-01-01
3400,170,20,320,69,2026-01-01
3401,171,1,188,30,2026-01-01
3402,171,2,388,27,2026-01-01
3403,171,3,278,99,2026-01-01
3404,171,4,240,28,2026-01-01
3405,171,5,201,28,2026-01-01
3406,171,6,101,94,2026-01-01
3407,171,7,458,44,2026-01-01
3408,171,8,175,32,2026-01-01
3409,171,9,450,73,2026-01-01
3410,171,10,240,80,2026-01-01
3411,171,11,242,79,2026-01-01
3412,171,12,286,32,2026-01-01
3413,171,13,280,39,2026-01-01
3414,171,14,321,93,2026-01-01
3415,171,15,125,22,2026-01-01
3416,171,16,242,68,2026-01-01
3417,171,17,170,96,2026-01-01
3418,171,18,485,86,2026-01-01
3419,171,19,412,39,2026-01-01
3420,171,20,91,98,2026-01-01
3421,172,1,413,86,2026-01-01
3422,172,2,369,93,2026-01-01
3423,172,3,466,28,2026-01-01
3424,172,4,313,87,2026-01-01
3425,172,5,124,21,2026-01-01
3426,172,6,274,29,2026-01-01
3427,172,7,247,38,2026-01-01
3428,172,8,103,55,2026-01-01
3429,172,9,227,66,2026-01-01
3430,172,10,405,86,2026-01-01
3431,172,11,36,56,2026-01-01
3432,172,12,161,40,2026-01-01
3433,172,13,229,73,2026-01-01
3434,172,14,417,82,2026-01-01
3435,172,15,138,54,2026-01-01
3436,172,16,142,58,2026-01-01
3437,172,17,437,45,2026-01-01
3438,172,18,373,80,2026-01-01
3439,172,19,23,83,2026-01-01
3440,172,20,471,62,2026-01-01
3441,173,1,160,43,2026-01-01
3442,173,2,483,51,2026-01-01
3443,173,3,282,43,2026-01-01
3444,173,4,447,32,2026-01-01
3445,173,5,183,52,2026-01-01
3446,173,6,131,86,2026-01-01
3447,173,7,279,45,2026-01-01
3448,173,8,180,25,2026-01-01
3449,173,9,100,21,2026-01-01
3450,173,10,235,98,2026-01-01
3451,173,11,347,58,2026-01-01
3452,173,12,499,26,2026-01-01
3453,173,13,241,61,2026-01-01
3454,173,14,325,24,2026-01-01
3455,173,15,410,45,2026-01-01
3456,173,16,437,96,2026-01-01
3457,173,17,115,81,2026-01-01
3458,173,18,68,44,2026-01-01
3459,173,19,392,90,2026-01-01
3460,173,20,154,87,2026-01-01
3461,174,1,392,55,2026-01-01
3462,174,2,491,68,2026-01-01
3463,174,3,288,65,2026-01-01
3464,174,4,125,55,2026-01-01
3465,174,5,95,88,2026-01-01
3466,174,6,116,79,2026-01-01
3467,174,7,6,62,2026-01-01
3468,174,8,405,47,2026-01-01
3469,174,9,147,29,2026-01-01
3470,174,10,379,99,2026-01-01
3471,174,11,169,62,2026-01-01
3472,174,12,267,49,2026-01-01
3473,174,13,36,98,2026-01-01
3474,174,14,494,59,2026-01-01
3475,174,15,302,97,2026-01-01
3476,174,16,499,97,2026-01-01
3477,174,17,131,20,2026-01-01
3478,174,18,474,21,2026-01-01
3479,174,19,17,80,2026-01-01
3480,174,20,290,91,2026-01-01
3481,175,1,481,87,2026-01-01
3482,175,2,272,35,2026-01-01
3483,175,3,377,98,2026-01-01
3484,175,4,115,41,2026-01-01
3485,175,5,376,65,2026-01-01
3486,175,6,23,42,2026-01-01
3487,175,7,331,41,2026-01-01
3488,175,8,214,80,2026-01-01
3489,175,9,421,84,2026-01-01
3490,175,10,60,44,2026-01-01
3491,175,11,412,70,2026-01-01
3492,175,12,316,42,2026-01-01
3493,175,13,479,70,2026-01-01
3494,175,14,465,77,2026-01-01
3495,175,15,440,91,2026-01-01
3496,175,16,217,59,2026-01-01
3497,175,17,94,63,2026-01-01
3498,175,18,13,72,2026-01-01
3499,175,19,163,58,2026-01-01
3500,175,20,4,51,2026-01-01
3501,176,1,79,20,2026-01-01
3502,176,2,345,63,2026-01-01
3503,176,3,214,21,2026-01-01
3504,176,4,155,27,2026-01-01
3505,176,5,189,62,2026-01-01
3506,176,6,272,35,2026-01-01
3507,176,7,421,90,2026-01-01
3508,176,8,73,74,2026-01-01
3509,176,9,158,92,2026-01-01
3510,176,10,286,51,2026-01-01
3511,176,11,209,79,2026-01-01
3512,176,12,276,35,2026-01-01
3513,176,13,413,21,2026-01-01
3514,176,14,53,47,2026-01-01
3515,176,15,355,41,2026-01-01
3516,176,16,354,29,2026-01-01
3517,176,17,456,34,2026-01-01
3518,176,18,340,62,2026-01-01
3519,176,19,440,94,2026-01-01
3520,176,20,47,79,2026-01-01
3521,177,1,301,61,2026-01-01
3522,177,2,491,93,2026-01-01
3523,177,3,462,82,2026-01-01
3524,177,4,428,82,2026-01-01
3525,177,5,456,37,2026-01-01
3526,177,6,500,88,2026-01-01
3527,177,7,382,85,2026-01-01
3528,177,8,332,81,2026-01-01
3529,177,9,376,84,2026-01-01
3530,177,10,450,34,2026-01-01
3531,177,11,354,82,2026-01-01
3532,177,12,32,57,2026-01-01
3533,177,13,310,38,2026-01-01
3534,177,14,192,41,2026-01-01
3535,177,15,378,24,2026-01-01
3536,177,16,368,85,2026-01-01
3537,177,17,120,47,2026-01-01
3538,177,18,230,30,2026-01-01
3539,177,19,96,53,2026-01-01
3540,177,20,44,99,2026-01-01
3541,178,1,49,78,2026-01-01
3542,178,2,232,91,2026-01-01
3543,178,3,230,78,2026-01-01
3544,178,4,267,51,2026-01-01
3545,178,5,291,21,2026-01-01
3546,178,6,63,53,2026-01-01
3547,178,7,286,35,2026-01-01
3548,178,8,405,81,2026-01-01
3549,178,9,318,62,2026-01-01
3550,178,10,114,66,2026-01-01
3551,178,11,244,53,2026-01-01
3552,178,12,94,71,2026-01-01
3553,178,13,228,84,2026-01-01
3554,178,14,424,78,2026-01-01
3555,178,15,46,31,2026-01-01
3556,178,16,10,71,2026-01-01
3557,178,17,78,98,2026-01-01
3558,178,18,78,58,2026-01-01
3559,178,19,365,58,2026-01-01
3560,178,20,41,33,2026-01-01
3561,179,1,104,62,2026-01-01
3562,179,2,261,53,2026-01-01
3563,179,3,156,48,2026-01-01
3564,179,4,144,28,2026-01-01
3565,179,5,481,55,2026-01-01
3566,179,6,287,38,2026-01-01
3567,179,7,276,34,2026-01-01
3568,179,8,26,45,2026-01-01
3569,179,9,315,80,2026-01-01
3570,179,10,354,40,2026-01-01
3571,179,11,53,42,2026-01-01
3572,179,12,391,37,2026-01-01
3573,179,13,190,98,2026-01-01
3574,179,14,468,30,2026-01-01
3575,179,15,144,55,2026-01-01
3576,179,16,186,22,2026-01-01
3577,179,17,110,83,2026-01-01
3578,179,18,45,70,2026-01-01
3579,179,19,369,69,2026-01-01
3580,179,20,2,53,2026-01-01
3581,180,1,226,25,2026-01-01
3582,180,2,419,81,2026-01-01
3583,180,3,319,26,2026-01-01
3584,180,4,69,35,2026-01-01
3585,180,5,214,28,2026-01-01
3586,180,6,171,69,2026-01-01
3587,180,7,437,100,2026-01-01
3588,180,8,183,65,2026-01-01
3589,180,9,220,73,2026-01-01
3590,180,10,387,66,2026-01-01
3591,180,11,489,34,2026-01-01
3592,180,12,447,94,2026-01-01
3593,180,13,353,46,2026-01-01
3594,180,14,461,60,2026-01-01
3595,180,15,61,95,2026-01-01
3596,180,16,356,97,2026-01-01
3597,180,17,418,23,2026-01-01
3598,180,18,15,85,2026-01-01
3599,180,19,232,20,2026-01-01
3600,180,20,489,99,2026-01-01
3601,181,1,468,22,2026-01-01
3602,181,2,342,67,2026-01-01
3603,181,3,223,93,2026-01-01
3604,181,4,191,24,2026-01-01
3605,181,5,324,28,2026-01-01
3606,181,6,160,41,2026-01-01
3607,181,7,268,82,2026-01-01
3608,181,8,449,81,2026-01-01
3609,181,9,343,42,2026-01-01
3610,181,10,293,71,2026-01-01
3611,181,11,151,83,2026-01-01
3612,181,12,153,74,2026-01-01
3613,181,13,185,41,2026-01-01
3614,181,14,306,74,2026-01-01
3615,181,15,380,90,2026-01-01
3616,181,16,24,27,2026-01-01
3617,181,17,483,60,2026-01-01
3618,181,18,197,58,2026-01-01
3619,181,19,280,74,2026-01-01
3620,181,20,62,96,2026-01-01
3621,182,1,366,20,2026-01-01
3622,182,2,447,91,2026-01-01
3623,182,3,353,27,2026-01-01
3624,182,4,354,43,2026-01-01
3625,182,5,337,47,2026-01-01
3626,182,6,359,56,2026-01-01
3627,182,7,193,56,2026-01-01
3628,182,8,432,25,2026-01-01
3629,182,9,285,73,2026-01-01
3630,182,10,153,85,2026-01-01
3631,182,11,418,82,2026-01-01
3632,182,12,120,39,2026-01-01
3633,182,13,363,32,2026-01-01
3634,182,14,345,75,2026-01-01
3635,182,15,272,97,2026-01-01
3636,182,16,123,34,2026-01-01
3637,182,17,287,37,2026-01-01
3638,182,18,27,42,2026-01-01
3639,182,19,149,61,2026-01-01
3640,182,20,359,64,2026-01-01
3641,183,1,485,78,2026-01-01
3642,183,2,46,21,2026-01-01
3643,183,3,311,86,2026-01-01
3644,183,4,268,35,2026-01-01
3645,183,5,43,52,2026-01-01
3646,183,6,293,95,2026-01-01
3647,183,7,334,83,2026-01-01
3648,183,8,104,41,2026-01-01
3649,183,9,287,82,2026-01-01
3650,183,10,314,97,2026-01-01
3651,183,11,304,64,2026-01-01
3652,183,12,306,35,2026-01-01
3653,183,13,486,62,2026-01-01
3654,183,14,278,81,2026-01-01
3655,183,15,372,22,2026-01-01
3656,183,16,43,67,2026-01-01
3657,183,17,341,61,2026-01-01
3658,183,18,248,31,2026-01-01
3659,183,19,412,37,2026-01-01
3660,183,20,218,23,2026-01-01
3661,184,1,98,97,2026-01-01
3662,184,2,244,57,2026-01-01
3663,184,3,2,60,2026-01-01
3664,184,4,17,26,2026-01-01
3665,184,5,180,54,2026-01-01
3666,184,6,186,91,2026-01-01
3667,184,7,158,51,2026-01-01
3668,184,8,224,80,2026-01-01
3669,184,9,200,53,2026-01-01
3670,184,10,200,76,2026-01-01
3671,184,11,108,40,2026-01-01
3672,184,12,296,76,2026-01-01
3673,184,13,82,25,2026-01-01
3674,184,14,456,73,2026-01-01
3675,184,15,267,89,2026-01-01
3676,184,16,434,92,2026-01-01
3677,184,17,476,37,2026-01-01
3678,184,18,223,31,2026-01-01
3679,184,19,67,84,2026-01-01
3680,184,20,255,52,2026-01-01
3681,185,1,490,72,2026-01-01
3682,185,2,302,94,2026-01-01
3683,185,3,481,83,2026-01-01
3684,185,4,112,25,2026-01-01
3685,185,5,304,64,2026-01-01
3686,185,6,398,91,2026-01-01
3687,185,7,344,96,2026-01-01
3688,185,8,465,44,2026-01-01
3689,185,9,78,27,2026-01-01
3690,185,10,175,21,2026-01-01
3691,185,11,18,22,2026-01-01
3692,185,12,63,50,2026-01-01
3693,185,13,25,66,2026-01-01
3694,185,14,161,30,2026-01-01
3695,185,15,363,28,2026-01-01
3696,185,16,105,42,2026-01-01
3697,185,17,341,53,2026-01-01
3698,185,18,454,27,2026-01-01
3699,185,19,444,71,2026-01-01
3700,185,20,190,64,2026-01-01
3701,186,1,0,45,2026-01-01
3702,186,2,142,26,2026-01-01
3703,186,3,344,44,2026-01-01
3704,186,4,57,45,2026-01-01
3705,186,5,123,24,2026-01-01
3706,186,6,43,82,2026-01-01
3707,186,7,478,25,2026-01-01
3708,186,8,117,44,2026-01-01
3709,186,9,140,32,2026-01-01
3710,186,10,1,83,2026-01-01
3711,186,11,265,99,2026-01-01
3712,186,12,447,49,2026-01-01
3713,186,13,121,72,2026-01-01
3714,186,14,215,38,2026-01-01
3715,186,15,174,23,2026-01-01
3716,186,16,170,93,2026-01-01
3717,186,17,492,33,2026-01-01
3718,186,18,37,48,2026-01-01
3719,186,19,376,23,2026-01-01
3720,186,20,385,53,2026-01-01
3721,187,1,77,20,2026-01-01
3722,187,2,145,33,2026-01-01
3723,187,3,99,76,2026-01-01
3724,187,4,337,78,2026-01-01
3725,187,5,388,23,2026-01-01
3726,187,6,308,76,2026-01-01
3727,187,7,444,54,2026-01-01
3728,187,8,200,97,2026-01-01
3729,187,9,135,76,2026-01-01
3730,187,10,441,92,2026-01-01
3731,187,11,87,76,2026-01-01
3732,187,12,43,58,2026-01-01
3733,187,13,173,54,2026-01-01
3734,187,14,207,26,2026-01-01
3735,187,15,189,36,2026-01-01
3736,187,16,302,75,2026-01-01
3737,187,17,137,29,2026-01-01
3738,187,18,9,78,2026-01-01
3739,187,19,161,38,2026-01-01
3740,187,20,339,43,2026-01-01
3741,188,1,211,24,2026-01-01
3742,188,2,342,52,2026-01-01
3743,188,3,111,89,2026-01-01
3744,188,4,340,64,2026-01-01
3745,188,5,323,31,2026-01-01
3746,188,6,426,64,2026-01-01
3747,188,7,358,37,2026-01-01
3748,188,8,158,53,2026-01-01
3749,188,9,271,88,2026-01-01
3750,188,10,184,62,2026-01-01
3751,188,11,475,55,2026-01-01
3752,188,12,254,74,2026-01-01
3753,188,13,19,24,2026-01-01
3754,188,14,290,96,2026-01-01
3755,188,15,493,76,2026-01-01
3756,188,16,337,55,2026-01-01
3757,188,17,67,65,2026-01-01
3758,188,18,252,92,2026-01-01
3759,188,19,464,20,2026-01-01
3760,188,20,232,27,2026-01-01
3761,189,1,63,26,2026-01-01
3762,189,2,350,55,2026-01-01
3763,189,3,275,68,2026-01-01
3764,189,4,309,22,2026-01-01
3765,189,5,208,76,2026-01-01
3766,189,6,302,99,2026-01-01
3767,189,7,34,46,2026-01-01
3768,189,8,463,62,2026-01-01
3769,189,9,425,77,2026-01-01
3770,189,10,153,62,2026-01-01
3771,189,11,367,32,2026-01-01
3772,189,12,470,43,2026-01-01
3773,189,13,17,49,2026-01-01
3774,189,14,115,26,2026-01-01
3775,189,15,44,81,2026-01-01
3776,189,16,464,77,2026-01-01
3777,189,17,151,97,2026-01-01
3778,189,18,484,90,2026-01-01
3779,189,19,202,59,2026-01-01
3780,189,20,481,91,2026-01-01
3781,190,1,258,21,2026-01-01
3782,190,2,271,20,2026-01-01
3783,190,3,193,26,2026-01-01
3784,190,4,293,63,2026-01-01
3785,190,5,349,84,2026-01-01
3786,190,6,48,27,2026-01-01
3787,190,7,404,78,2026-01-01
3788,190,8,47,96,2026-01-01
3789,190,9,132,36,2026-01-01
3790,190,10,43,50,2026-01-01
3791,190,11,172,66,2026-01-01
3792,190,12,55,83,2026-01-01
3793,190,13,269,58,2026-01-01
3794,190,14,73,83,2026-01-01
3795,190,15,355,92,2026-01-01
3796,190,16,286,92,2026-01-01
3797,190,17,265,71,2026-01-01
3798,190,18,483,34,2026-01-01
3799,190,19,47,44,2026-01-01
3800,190,20,285,33,2026-01-01
3801,191,1,176,76,2026-01-01
3802,191,2,325,71,2026-01-01
3803,191,3,438,68,2026-01-01
3804,191,4,486,86,2026-01-01
3805,191,5,173,26,2026-01-01
3806,191,6,210,47,2026-01-01
3807,191,7,388,88,2026-01-01
3808,191,8,393,68,2026-01-01
3809,191,9,384,78,2026-01-01
3810,191,10,464,99,2026-01-01
3811,191,11,210,20,2026-01-01
3812,191,12,97,54,2026-01-01
3813,191,13,84,48,2026-01-01
3814,191,14,172,48,2026-01-01
3815,191,15,324,96,2026-01-01
3816,191,16,285,75,2026-01-01
3817,191,17,421,57,2026-01-01
3818,191,18,477,77,2026-01-01
3819,191,19,249,52,2026-01-01
3820,191,20,283,99,2026-01-01
3821,192,1,280,58,2026-01-01
3822,192,2,301,64,2026-01-01
3823,192,3,395,32,2026-01-01
3824,192,4,99,58,2026-01-01
3825,192,5,39,93,2026-01-01
3826,192,6,404,91,2026-01-01
3827,192,7,287,70,2026-01-01
3828,192,8,352,73,2026-01-01
3829,192,9,355,47,2026-01-01
3830,192,10,117,56,2026-01-01
3831,192,11,479,78,2026-01-01
3832,192,12,34,87,2026-01-01
3833,192,13,42,95,2026-01-01
3834,192,14,7,96,2026-01-01
3835,192,15,289,52,2026-01-01
3836,192,16,136,49,2026-01-01
3837,192,17,4,98,2026-01-01
3838,192,18,124,69,2026-01-01
3839,192,19,82,75,2026-01-01
3840,192,20,266,27,2026-01-01
3841,193,1,196,99,2026-01-01
3842,193,2,252,74,2026-01-01
3843,193,3,439,84,2026-01-01
3844,193,4,226,77,2026-01-01
3845,193,5,460,100,2026-01-01
3846,193,6,182,59,2026-01-01
3847,193,7,244,34,2026-01-01
3848,193,8,301,88,2026-01-01
3849,193,9,263,24,2026-01-01
3850,193,10,418,67,2026-01-01
3851,193,11,426,66,2026-01-01
3852,193,12,311,44,2026-01-01
3853,193,13,265,57,2026-01-01
3854,193,14,118,47,2026-01-01
3855,193,15,384,62,2026-01-01
3856,193,16,410,74,2026-01-01
3857,193,17,39,91,2026-01-01
3858,193,18,75,32,2026-01-01
3859,193,19,495,99,2026-01-01
3860,193,20,259,86,2026-01-01
3861,194,1,489,35,2026-01-01
3862,194,2,381,47,2026-01-01
3863,194,3,55,95,2026-01-01
3864,194,4,449,86,2026-01-01
3865,194,5,232,39,2026-01-01
3866,194,6,177,91,2026-01-01
3867,194,7,290,98,2026-01-01
3868,194,8,237,98,2026-01-01
3869,194,9,476,72,2026-01-01
3870,194,10,463,83,2026-01-01
3871,194,11,248,97,2026-01-01
3872,194,12,65,61,2026-01-01
3873,194,13,304,73,2026-01-01
3874,194,14,12,81,2026-01-01
3875,194,15,445,91,2026-01-01
3876,194,16,327,58,2026-01-01
3877,194,17,128,69,2026-01-01
3878,194,18,418,83,2026-01-01
3879,194,19,331,26,2026-01-01
3880,194,20,32,58,2026-01-01
3881,195,1,6,51,2026-01-01
3882,195,2,405,59,2026-01-01
3883,195,3,430,24,2026-01-01
3884,195,4,283,59,2026-01-01
3885,195,5,384,62,2026-01-01
3886,195,6,309,49,2026-01-01
3887,195,7,93,42,2026-01-01
3888,195,8,189,86,2026-01-01
3889,195,9,492,30,2026-01-01
3890,195,10,178,79,2026-01-01
3891,195,11,176,93,2026-01-01
3892,195,12,411,49,2026-01-01
3893,195,13,301,21,2026-01-01
3894,195,14,467,65,2026-01-01
3895,195,15,357,87,2026-01-01
3896,195,16,243,66,2026-01-01
3897,195,17,339,98,2026-01-01
3898,195,18,150,98,2026-01-01
3899,195,19,402,78,2026-01-01
3900,195,20,309,23,2026-01-01
3901,196,1,150,39,2026-01-01
3902,196,2,329,51,2026-01-01
3903,196,3,277,26,2026-01-01
3904,196,4,382,32,2026-01-01
3905,196,5,486,88,2026-01-01
3906,196,6,134,81,2026-01-01
3907,196,7,418,88,2026-01-01
3908,196,8,477,25,2026-01-01
3909,196,9,310,77,2026-01-01
3910,196,10,419,70,2026-01-01
3911,196,11,52,31,2026-01-01
3912,196,12,320,69,2026-01-01
3913,196,13,287,87,2026-01-01
3914,196,14,415,33,2026-01-01
3915,196,15,378,27,2026-01-01
3916,196,16,110,44,2026-01-01
3917,196,17,397,80,2026-01-01
3918,196,18,391,48,2026-01-01
3919,196,19,272,47,2026-01-01
3920,196,20,433,49,2026-01-01
3921,197,1,397,70,2026-01-01
3922,197,2,471,46,2026-01-01
3923,197,3,362,46,2026-01-01
3924,197,4,473,63,2026-01-01
3925,197,5,226,36,2026-01-01
3926,197,6,41,45,2026-01-01
3927,197,7,88,93,2026-01-01
3928,197,8,206,96,2026-01-01
3929,197,9,98,87,2026-01-01
3930,197,10,366,77,2026-01-01
3931,197,11,456,85,2026-01-01
3932,197,12,39,61,2026-01-01
3933,197,13,383,29,2026-01-01
3934,197,14,53,83,2026-01-01
3935,197,15,236,76,2026-01-01
3936,197,16,67,94,2026-01-01
3937,197,17,204,59,2026-01-01
3938,197,18,112,54,2026-01-01
3939,197,19,114,76,2026-01-01
3940,197,20,190,67,2026-01-01
3941,198,1,157,43,2026-01-01
3942,198,2,360,55,2026-01-01
3943,198,3,230,64,2026-01-01
3944,198,4,78,45,2026-01-01
3945,198,5,376,45,2026-01-01
3946,198,6,421,45,2026-01-01
3947,198,7,382,25,2026-01-01
3948,198,8,6,26,2026-01-01
3949,198,9,331,33,2026-01-01
3950,198,10,143,59,2026-01-01
3951,198,11,42,88,2026-01-01
3952,198,12,116,93,2026-01-01
3953,198,13,302,57,2026-01-01
3954,198,14,442,57,2026-01-01
3955,198,15,477,32,2026-01-01
3956,198,16,168,79,2026-01-01
3957,198,17,465,80,2026-01-01
3958,198,18,374,42,2026-01-01
3959,198,19,154,28,2026-01-01
3960,198,20,301,38,2026-01-01
3961,199,1,474,39,2026-01-01
3962,199,2,249,92,2026-01-01
3963,199,3,38,22,2026-01-01
3964,199,4,362,49,2026-01-01
3965,199,5,138,27,2026-01-01
3966,199,6,96,63,2026-01-01
3967,199,7,76,77,2026-01-01
3968,199,8,22,73,2026-01-01
3969,199,9,242,29,2026-01-01
3970,199,10,312,29,2026-01-01
3971,199,11,438,70,2026-01-01
3972,199,12,177,28,2026-01-01
3973,199,13,403,72,2026-01-01
3974,199,14,38,87,2026-01-01
3975,199,15,240,43,2026-01-01
3976,199,16,43,90,2026-01-01
3977,199,17,406,62,2026-01-01
3978,199,18,174,88,2026-01-01
3979,199,19,81,20,2026-01-01
3980,199,20,446,85,2026-01-01
3981,200,1,174,82,2026-01-01
3982,200,2,393,39,2026-01-01
3983,200,3,261,95,2026-01-01
3984,200,4,143,50,2026-01-01
3985,200,5,121,41,2026-01-01
3986,200,6,327,45,2026-01-01
3987,200,7,321,56,2026-01-01
3988,200,8,138,89,2026-01-01
3989,200,9,413,48,2026-01-01
3990,200,10,90,35,2026-01-01
3991,200,11,64,100,2026-01-01
3992,200,12,15,78,2026-01-01
3993,200,13,117,24,2026-01-01
3994,200,14,238,29,2026-01-01
3995,200,15,334,31,2026-01-01
3996,200,16,305,56,2026-01-01
3997,200,17,30,33,2026-01-01
3998,200,18,37,69,2026-01-01
3999,200,19,416,23,2026-01-01
4000,200,20,196,83,2026-01-01
4001,201,1,495,86,2026-01-01
4002,201,2,14,33,2026-01-01
4003,201,3,367,88,2026-01-01
4004,201,4,198,91,2026-01-01
4005,201,5,370,45,2026-01-01
4006,201,6,481,31,2026-01-01
4007,201,7,235,24,2026-01-01
4008,201,8,223,60,2026-01-01
4009,201,9,40,60,2026-01-01
4010,201,10,185,75,2026-01-01
4011,201,11,23,60,2026-01-01
4012,201,12,277,99,2026-01-01
4013,201,13,460,43,2026-01-01
4014,201,14,499,66,2026-01-01
4015,201,15,442,46,2026-01-01
4016,201,16,437,37,2026-01-01
4017,201,17,478,23,2026-01-01
4018,201,18,417,50,2026-01-01
4019,201,19,28,97,2026-01-01
4020,201,20,297,26,2026-01-01
4021,202,1,321,46,2026-01-01
4022,202,2,177,38,2026-01-01
4023,202,3,369,97,2026-01-01
4024,202,4,146,37,2026-01-01
4025,202,5,471,40,2026-01-01
4026,202,6,319,81,2026-01-01
4027,202,7,417,72,2026-01-01
4028,202,8,14,70,2026-01-01
4029,202,9,247,79,2026-01-01
4030,202,10,152,23,2026-01-01
4031,202,11,230,86,2026-01-01
4032,202,12,264,93,2026-01-01
4033,202,13,354,83,2026-01-01
4034,202,14,419,25,2026-01-01
4035,202,15,453,66,2026-01-01
4036,202,16,166,100,2026-01-01
4037,202,17,283,66,2026-01-01
4038,202,18,74,77,2026-01-01
4039,202,19,286,28,2026-01-01
4040,202,20,466,80,2026-01-01
4041,203,1,429,40,2026-01-01
4042,203,2,175,23,2026-01-01
4043,203,3,105,20,2026-01-01
4044,203,4,459,27,2026-01-01
4045,203,5,304,71,2026-01-01
4046,203,6,230,78,2026-01-01
4047,203,7,355,60,2026-01-01
4048,203,8,294,24,2026-01-01
4049,203,9,495,84,2026-01-01
4050,203,10,15,78,2026-01-01
4051,203,11,266,58,2026-01-01
4052,203,12,332,41,2026-01-01
4053,203,13,229,84,2026-01-01
4054,203,14,267,20,2026-01-01
4055,203,15,275,34,2026-01-01
4056,203,16,235,69,2026-01-01
4057,203,17,247,77,2026-01-01
4058,203,18,41,41,2026-01-01
4059,203,19,303,25,2026-01-01
4060,203,20,446,29,2026-01-01
4061,204,1,268,33,2026-01-01
4062,204,2,167,77,2026-01-01
4063,204,3,414,89,2026-01-01
4064,204,4,433,71,2026-01-01
4065,204,5,55,86,2026-01-01
4066,204,6,217,89,2026-01-01
4067,204,7,458,61,2026-01-01
4068,204,8,418,90,2026-01-01
4069,204,9,336,67,2026-01-01
4070,204,10,426,48,2026-01-01
4071,204,11,8,60,2026-01-01
4072,204,12,274,73,2026-01-01
4073,204,13,210,73,2026-01-01
4074,204,14,486,84,2026-01-01
4075,204,15,133,41,2026-01-01
4076,204,16,234,85,2026-01-01
4077,204,17,184,67,2026-01-01
4078,204,18,64,84,2026-01-01
4079,204,19,481,38,2026-01-01
4080,204,20,368,65,2026-01-01
4081,205,1,341,26,2026-01-01
4082,205,2,476,64,2026-01-01
4083,205,3,184,99,2026-01-01
4084,205,4,324,70,2026-01-01
4085,205,5,433,38,2026-01-01
4086,205,6,500,66,2026-01-01
4087,205,7,397,35,2026-01-01
4088,205,8,431,41,2026-01-01
4089,205,9,271,40,2026-01-01
4090,205,10,57,56,2026-01-01
4091,205,11,33,56,2026-01-01
4092,205,12,24,41,2026-01-01
4093,205,13,25,57,2026-01-01
4094,205,14,456,93,2026-01-01
4095,205,15,389,69,2026-01-01
4096,205,16,258,56,2026-01-01
4097,205,17,292,73,2026-01-01
4098,205,18,495,66,2026-01-01
4099,205,19,31,69,2026-01-01
4100,205,20,296,54,2026-01-01
4101,206,1,442,41,2026-01-01
4102,206,2,387,34,2026-01-01
4103,206,3,148,70,2026-01-01
4104,206,4,371,86,2026-01-01
4105,206,5,300,41,2026-01-01
4106,206,6,405,49,2026-01-01
4107,206,7,33,41,2026-01-01
4108,206,8,42,46,2026-01-01
4109,206,9,407,39,2026-01-01
4110,206,10,327,24,2026-01-01
4111,206,11,74,90,2026-01-01
4112,206,12,95,61,2026-01-01
4113,206,13,462,43,2026-01-01
4114,206,14,20,86,2026-01-01
4115,206,15,282,45,2026-01-01
4116,206,16,103,22,2026-01-01
4117,206,17,148,87,2026-01-01
4118,206,18,53,50,2026-01-01
4119,206,19,387,62,2026-01-01
4120,206,20,353,36,2026-01-01
4121,207,1,487,73,2026-01-01
4122,207,2,309,33,2026-01-01
4123,207,3,414,29,2026-01-01
4124,207,4,236,44,2026-01-01
4125,207,5,294,22,2026-01-01
4126,207,6,241,68,2026-01-01
4127,207,7,326,26,2026-01-01
4128,207,8,148,20,2026-01-01
4129,207,9,129,33,2026-01-01
4130,207,10,411,41,2026-01-01
4131,207,11,39,35,2026-01-01
4132,207,12,213,54,2026-01-01
4133,207,13,321,29,2026-01-01
4134,207,14,192,35,2026-01-01
4135,207,15,304,97,2026-01-01
4136,207,16,57,22,2026-01-01
4137,207,17,253,38,2026-01-01
4138,207,18,424,49,2026-01-01
4139,207,19,49,55,2026-01-01
4140,207,20,153,33,2026-01-01
4141,208,1,45,97,2026-01-01
4142,208,2,345,76,2026-01-01
4143,208,3,200,99,2026-01-01
4144,208,4,187,23,2026-01-01
4145,208,5,404,27,2026-01-01
4146,208,6,345,75,2026-01-01
4147,208,7,287,50,2026-01-01
4148,208,8,313,37,2026-01-01
4149,208,9,276,56,2026-01-01
4150,208,10,140,91,2026-01-01
4151,208,11,468,38,2026-01-01
4152,208,12,247,95,2026-01-01
4153,208,13,85,98,2026-01-01
4154,208,14,150,96,2026-01-01
4155,208,15,73,28,2026-01-01
4156,208,16,284,80,2026-01-01
4157,208,17,423,86,2026-01-01
4158,208,18,280,77,2026-01-01
4159,208,19,67,75,2026-01-01
4160,208,20,357,57,2026-01-01
4161,209,1,231,61,2026-01-01
4162,209,2,395,58,2026-01-01
4163,209,3,469,79,2026-01-01
4164,209,4,78,46,2026-01-01
4165,209,5,50,23,2026-01-01
4166,209,6,136,64,2026-01-01
4167,209,7,225,77,2026-01-01
4168,209,8,56,34,2026-01-01
4169,209,9,227,83,2026-01-01
4170,209,10,438,33,2026-01-01
4171,209,11,381,75,2026-01-01
4172,209,12,198,77,2026-01-01
4173,209,13,450,83,2026-01-01
4174,209,14,477,77,2026-01-01
4175,209,15,333,25,2026-01-01
4176,209,16,256,93,2026-01-01
4177,209,17,437,90,2026-01-01
4178,209,18,414,55,2026-01-01
4179,209,19,469,52,2026-01-01
4180,209,20,344,99,2026-01-01
4181,210,1,363,33,2026-01-01
4182,210,2,322,47,2026-01-01
4183,210,3,175,38,2026-01-01
4184,210,4,70,28,2026-01-01
4185,210,5,481,78,2026-01-01
4186,210,6,341,45,2026-01-01
4187,210,7,220,99,2026-01-01
4188,210,8,307,50,2026-01-01
4189,210,9,294,76,2026-01-01
4190,210,10,161,37,2026-01-01
4191,210,11,263,43,2026-01-01
4192,210,12,267,43,2026-01-01
4193,210,13,204,78,2026-01-01
4194,210,14,384,97,2026-01-01
4195,210,15,344,86,2026-01-01
4196,210,16,396,73,2026-01-01
4197,210,17,377,71,2026-01-01
4198,210,18,414,45,2026-01-01
4199,210,19,427,26,2026-01-01
4200,210,20,300,99,2026-01-01
4201,211,1,106,72,2026-01-01
4202,211,2,395,73,2026-01-01
4203,211,3,144,33,2026-01-01
4204,211,4,491,97,2026-01-01
4205,211,5,485,59,2026-01-01
4206,211,6,293,83,2026-01-01
4207,211,7,169,80,2026-01-01
4208,211,8,279,67,2026-01-01
4209,211,9,386,53,2026-01-01
4210,211,10,201,96,2026-01-01
4211,211,11,471,44,2026-01-01
4212,211,12,26,49,2026-01-01
4213,211,13,495,38,2026-01-01
4214,211,14,390,42,2026-01-01
4215,211,15,112,76,2026-01-01
4216,211,16,117,34,2026-01-01
4217,211,17,364,75,2026-01-01
4218,211,18,258,43,2026-01-01
4219,211,19,96,78,2026-01-01
4220,211,20,370,88,2026-01-01
4221,212,1,329,87,2026-01-01
4222,212,2,484,82,2026-01-01
4223,212,3,481,76,2026-01-01
4224,212,4,434,51,2026-01-01
4225,212,5,439,57,2026-01-01
4226,212,6,258,33,2026-01-01
4227,212,7,277,28,2026-01-01
4228,212,8,117,51,2026-01-01
4229,212,9,93,25,2026-01-01
4230,212,10,226,28,2026-01-01
4231,212,11,233,36,2026-01-01
4232,212,12,138,64,2026-01-01
4233,212,13,122,22,2026-01-01
4234,212,14,96,55,2026-01-01
4235,212,15,122,38,2026-01-01
4236,212,16,41,32,2026-01-01
4237,212,17,456,82,2026-01-01
4238,212,18,94,68,2026-01-01
4239,212,19,129,64,2026-01-01
4240,212,20,52,49,2026-01-01
4241,213,1,336,31,2026-01-01
4242,213,2,290,31,2026-01-01
4243,213,3,423,95,2026-01-01
4244,213,4,224,30,2026-01-01
4245,213,5,387,80,2026-01-01
4246,213,6,439,32,2026-01-01
4247,213,7,242,78,2026-01-01
4248,213,8,4,94,2026-01-01
4249,213,9,424,69,2026-01-01
4250,213,10,410,47,2026-01-01
4251,213,11,310,50,2026-01-01
4252,213,12,437,40,2026-01-01
4253,213,13,0,58,2026-01-01
4254,213,14,186,34,2026-01-01
4255,213,15,95,61,2026-01-01
4256,213,16,84,39,2026-01-01
4257,213,17,199,98,2026-01-01
4258,213,18,79,75,2026-01-01
4259,213,19,104,41,2026-01-01
4260,213,20,286,67,2026-01-01
4261,214,1,50,50,2026-01-01
4262,214,2,336,55,2026-01-01
4263,214,3,186,32,2026-01-01
4264,214,4,365,100,2026-01-01
4265,214,5,114,60,2026-01-01
4266,214,6,340,41,2026-01-01
4267,214,7,268,35,2026-01-01
4268,214,8,498,73,2026-01-01
4269,214,9,373,84,2026-01-01
4270,214,10,340,68,2026-01-01
4271,214,11,333,91,2026-01-01
4272,214,12,366,34,2026-01-01
4273,214,13,9,24,2026-01-01
4274,214,14,249,88,2026-01-01
4275,214,15,434,91,2026-01-01
4276,214,16,119,92,2026-01-01
4277,214,17,220,70,2026-01-01
4278,214,18,431,71,2026-01-01
4279,214,19,229,95,2026-01-01
4280,214,20,284,76,2026-01-01
4281,215,1,20,64,2026-01-01
4282,215,2,84,97,2026-01-01
4283,215,3,208,88,2026-01-01
4284,215,4,127,51,2026-01-01
4285,215,5,474,96,2026-01-01
4286,215,6,140,25,2026-01-01
4287,215,7,439,78,2026-01-01
4288,215,8,59,25,2026-01-01
4289,215,9,21,58,2026-01-01
4290,215,10,197,39,2026-01-01
4291,215,11,478,44,2026-01-01
4292,215,12,94,44,2026-01-01
4293,215,13,10,65,2026-01-01
4294,215,14,281,61,2026-01-01
4295,215,15,491,81,2026-01-01
4296,215,16,355,85,2026-01-01
4297,215,17,244,24,2026-01-01
4298,215,18,447,50,2026-01-01
4299,215,19,437,22,2026-01-01
4300,215,20,228,27,2026-01-01
4301,216,1,438,99,2026-01-01
4302,216,2,459,32,2026-01-01
4303,216,3,367,28,2026-01-01
4304,216,4,479,28,2026-01-01
4305,216,5,177,94,2026-01-01
4306,216,6,423,75,2026-01-01
4307,216,7,418,85,2026-01-01
4308,216,8,26,43,2026-01-01
4309,216,9,65,83,2026-01-01
4310,216,10,162,54,2026-01-01
4311,216,11,173,63,2026-01-01
4312,216,12,7,55,2026-01-01
4313,216,13,382,93,2026-01-01
4314,216,14,492,26,2026-01-01
4315,216,15,141,32,2026-01-01
4316,216,16,278,99,2026-01-01
4317,216,17,308,42,2026-01-01
4318,216,18,82,22,2026-01-01
4319,216,19,463,73,2026-01-01
4320,216,20,110,91,2026-01-01
4321,217,1,287,44,2026-01-01
4322,217,2,138,61,2026-01-01
4323,217,3,440,68,2026-01-01
4324,217,4,175,53,2026-01-01
4325,217,5,284,48,2026-01-01
4326,217,6,452,51,2026-01-01
4327,217,7,500,50,2026-01-01
4328,217,8,373,55,2026-01-01
4329,217,9,234,72,2026-01-01
4330,217,10,74,61,2026-01-01
4331,217,11,95,97,2026-01-01
4332,217,12,310,68,2026-01-01
4333,217,13,33,80,2026-01-01
4334,217,14,91,86,2026-01-01
4335,217,15,479,22,2026-01-01
4336,217,16,42,63,2026-01-01
4337,217,17,8,56,2026-01-01
4338,217,18,262,67,2026-01-01
4339,217,19,23,88,2026-01-01
4340,217,20,35,63,2026-01-01
4341,218,1,101,38,2026-01-01
4342,218,2,422,47,2026-01-01
4343,218,3,320,61,2026-01-01
4344,218,4,217,55,2026-01-01
4345,218,5,455,88,2026-01-01
4346,218,6,356,70,2026-01-01
4347,218,7,437,50,2026-01-01
4348,218,8,0,42,2026-01-01
4349,218,9,405,28,2026-01-01
4350,218,10,272,44,2026-01-01
4351,218,11,177,31,2026-01-01
4352,218,12,161,57,2026-01-01
4353,218,13,155,22,2026-01-01
4354,218,14,223,22,2026-01-01
4355,218,15,433,87,2026-01-01
4356,218,16,332,89,2026-01-01
4357,218,17,118,48,2026-01-01
4358,218,18,161,82,2026-01-01
4359,218,19,438,60,2026-01-01
4360,218,20,37,30,2026-01-01
4361,219,1,236,53,2026-01-01
4362,219,2,490,90,2026-01-01
4363,219,3,355,24,2026-01-01
4364,219,4,168,21,2026-01-01
4365,219,5,101,89,2026-01-01
4366,219,6,153,77,2026-01-01
4367,219,7,229,46,2026-01-01
4368,219,8,339,38,2026-01-01
4369,219,9,82,68,2026-01-01
4370,219,10,136,87,2026-01-01
4371,219,11,459,60,2026-01-01
4372,219,12,209,82,2026-01-01
4373,219,13,196,72,2026-01-01
4374,219,14,243,70,2026-01-01
4375,219,15,166,90,2026-01-01
4376,219,16,428,52,2026-01-01
4377,219,17,429,23,2026-01-01
4378,219,18,75,60,2026-01-01
4379,219,19,8,60,2026-01-01
4380,219,20,184,95,2026-01-01
4381,220,1,387,20,2026-01-01
4382,220,2,102,73,2026-01-01
4383,220,3,133,30,2026-01-01
4384,220,4,424,38,2026-01-01
4385,220,5,244,50,2026-01-01
4386,220,6,144,57,2026-01-01
4387,220,7,167,62,2026-01-01
4388,220,8,411,56,2026-01-01
4389,220,9,196,77,2026-01-01
4390,220,10,233,80,2026-01-01
4391,220,11,61,36,2026-01-01
4392,220,12,425,87,2026-01-01
4393,220,13,335,46,2026-01-01
4394,220,14,383,99,2026-01-01
4395,220,15,260,26,2026-01-01
4396,220,16,272,36,2026-01-01
4397,220,17,338,91,2026-01-01
4398,220,18,427,53,2026-01-01
4399,220,19,266,45,2026-01-01
4400,220,20,474,24,2026-01-01
4401,221,1,198,72,2026-01-01
4402,221,2,91,36,2026-01-01
4403,221,3,158,46,2026-01-01
4404,221,4,31,61,2026-01-01
4405,221,5,36,63,2026-01-01
4406,221,6,162,37,2026-01-01
4407,221,7,178,20,2026-01-01
4408,221,8,202,56,2026-01-01
4409,221,9,152,27,2026-01-01
4410,221,10,199,58,2026-01-01
4411,221,11,216,26,2026-01-01
4412,221,12,125,46,2026-01-01
4413,221,13,144,78,2026-01-01
4414,221,14,19,21,2026-01-01
4415,221,15,495,65,2026-01-01
4416,221,16,5,39,2026-01-01
4417,221,17,18,72,2026-01-01
4418,221,18,278,96,2026-01-01
4419,221,19,157,77,2026-01-01
4420,221,20,336,90,2026-01-01
4421,222,1,233,80,2026-01-01
4422,222,2,414,84,2026-01-01
4423,222,3,340,23,2026-01-01
4424,222,4,72,97,2026-01-01
4425,222,5,472,58,2026-01-01
4426,222,6,378,99,2026-01-01
4427,222,7,141,26,2026-01-01
4428,222,8,277,49,2026-01-01
4429,222,9,441,62,2026-01-01
4430,222,10,330,43,2026-01-01
4431,222,11,216,50,2026-01-01
4432,222,12,316,49,2026-01-01
4433,222,13,197,69,2026-01-01
4434,222,14,481,91,2026-01-01
4435,222,15,139,72,2026-01-01
4436,222,16,80,100,2026-01-01
4437,222,17,415,37,2026-01-01
4438,222,18,356,82,2026-01-01
4439,222,19,369,53,2026-01-01
4440,222,20,405,76,2026-01-01
4441,223,1,107,96,2026-01-01
4442,223,2,493,96,2026-01-01
4443,223,3,324,73,2026-01-01
4444,223,4,50,88,2026-01-01
4445,223,5,312,55,2026-01-01
4446,223,6,387,20,2026-01-01
4447,223,7,272,62,2026-01-01
4448,223,8,126,96,2026-01-01
4449,223,9,484,90,2026-01-01
4450,223,10,298,66,2026-01-01
4451,223,11,230,48,2026-01-01
4452,223,12,210,73,2026-01-01
4453,223,13,35,67,2026-01-01
4454,223,14,431,56,2026-01-01
4455,223,15,289,45,2026-01-01
4456,223,16,148,88,2026-01-01
4457,223,17,311,30,2026-01-01
4458,223,18,453,73,2026-01-01
4459,223,19,32,72,2026-01-01
4460,223,20,306,97,2026-01-01
4461,224,1,96,85,2026-01-01
4462,224,2,214,22,2026-01-01
4463,224,3,185,42,2026-01-01
4464,224,4,190,74,2026-01-01
4465,224,5,233,30,2026-01-01
4466,224,6,254,91,2026-01-01
4467,224,7,245,75,2026-01-01
4468,224,8,138,70,2026-01-01
4469,224,9,175,41,2026-01-01
4470,224,10,10,79,2026-01-01
4471,224,11,458,89,2026-01-01
4472,224,12,445,76,2026-01-01
4473,224,13,433,60,2026-01-01
4474,224,14,71,53,2026-01-01
4475,224,15,420,83,2026-01-01
4476,224,16,349,31,2026-01-01
4477,224,17,342,41,2026-01-01
4478,224,18,161,60,2026-01-01
4479,224,19,170,82,2026-01-01
4480,224,20,438,71,2026-01-01
4481,225,1,172,76,2026-01-01
4482,225,2,371,26,2026-01-01
4483,225,3,107,94,2026-01-01
4484,225,4,228,93,2026-01-01
4485,225,5,1,34,2026-01-01
4486,225,6,257,68,2026-01-01
4487,225,7,487,90,2026-01-01
4488,225,8,139,85,2026-01-01
4489,225,9,163,93,2026-01-01
4490,225,10,107,79,2026-01-01
4491,225,11,87,63,2026-01-01
4492,225,12,80,99,2026-01-01
4493,225,13,7,54,2026-01-01
4494,225,14,497,43,2026-01-01
4495,225,15,380,29,2026-01-01
4496,225,16,202,61,2026-01-01
4497,225,17,177,35,2026-01-01
4498,225,18,396,75,2026-01-01
4499,225,19,18,66,2026-01-01
4500,225,20,306,91,2026-01-01
4501,226,1,257,78,2026-01-01
4502,226,2,175,89,2026-01-01
4503,226,3,132,68,2026-01-01
4504,226,4,106,91,2026-01-01
4505,226,5,408,41,2026-01-01
4506,226,6,303,70,2026-01-01
4507,226,7,176,84,2026-01-01
4508,226,8,124,34,2026-01-01
4509,226,9,411,77,2026-01-01
4510,226,10,107,45,2026-01-01
4511,226,11,32,27,2026-01-01
4512,226,12,471,59,2026-01-01
4513,226,13,164,73,2026-01-01
4514,226,14,172,43,2026-01-01
4515,226,15,40,42,2026-01-01
4516,226,16,305,54,2026-01-01
4517,226,17,133,89,2026-01-01
4518,226,18,444,100,2026-01-01
4519,226,19,90,53,2026-01-01
4520,226,20,118,72,2026-01-01
4521,227,1,184,52,2026-01-01
4522,227,2,126,34,2026-01-01
4523,227,3,41,59,2026-01-01
4524,227,4,444,84,2026-01-01
4525,227,5,403,99,2026-01-01
4526,227,6,263,61,2026-01-01
4527,227,7,278,39,2026-01-01
4528,227,8,82,89,2026-01-01
4529,227,9,228,83,2026-01-01
4530,227,10,253,23,2026-01-01
4531,227,11,479,87,2026-01-01
4532,227,12,235,70,2026-01-01
4533,227,13,389,24,2026-01-01
4534,227,14,37,98,2026-01-01
4535,227,15,119,82,2026-01-01
4536,227,16,329,41,2026-01-01
4537,227,17,373,99,2026-01-01
4538,227,18,268,22,2026-01-01
4539,227,19,7,62,2026-01-01
4540,227,20,292,79,2026-01-01
4541,228,1,438,37,2026-01-01
4542,228,2,411,65,2026-01-01
4543,228,3,306,36,2026-01-01
4544,228,4,447,83,2026-01-01
4545,228,5,349,37,2026-01-01
4546,228,6,91,37,2026-01-01
4547,228,7,129,20,2026-01-01
4548,228,8,37,31,2026-01-01
4549,228,9,388,42,2026-01-01
4550,228,10,320,83,2026-01-01
4551,228,11,174,59,2026-01-01
4552,228,12,221,74,2026-01-01
4553,228,13,224,47,2026-01-01
4554,228,14,420,37,2026-01-01
4555,228,15,125,63,2026-01-01
4556,228,16,135,61,2026-01-01
4557,228,17,404,42,2026-01-01
4558,228,18,380,97,2026-01-01
4559,228,19,182,85,2026-01-01
4560,228,20,474,59,2026-01-01
4561,229,1,79,31,2026-01-01
4562,229,2,162,54,2026-01-01
4563,229,3,211,25,2026-01-01
4564,229,4,393,29,2026-01-01
4565,229,5,9,90,2026-01-01
4566,229,6,66,68,2026-01-01
4567,229,7,171,52,2026-01-01
4568,229,8,135,55,2026-01-01
4569,229,9,11,95,2026-01-01
4570,229,10,349,95,2026-01-01
4571,229,11,358,94,2026-01-01
4572,229,12,269,91,2026-01-01
4573,229,13,100,70,2026-01-01
4574,229,14,189,58,2026-01-01
4575,229,15,197,70,2026-01-01
4576,229,16,325,89,2026-01-01
4577,229,17,31,38,2026-01-01
4578,229,18,68,43,2026-01-01
4579,229,19,364,21,2026-01-01
4580,229,20,213,60,2026-01-01
4581,230,1,169,87,2026-01-01
4582,230,2,390,45,2026-01-01
4583,230,3,226,33,2026-01-01
4584,230,4,43,83,2026-01-01
4585,230,5,159,63,2026-01-01
4586,230,6,317,22,2026-01-01
4587,230,7,237,76,2026-01-01
4588,230,8,54,98,2026-01-01
4589,230,9,446,70,2026-01-01
4590,230,10,90,21,2026-01-01
4591,230,11,175,32,2026-01-01
4592,230,12,80,69,2026-01-01
4593,230,13,102,88,2026-01-01
4594,230,14,83,80,2026-01-01
4595,230,15,65,47,2026-01-01
4596,230,16,359,99,2026-01-01
4597,230,17,39,23,2026-01-01
4598,230,18,95,66,2026-01-01
4599,230,19,433,46,2026-01-01
4600,230,20,18,80,2026-01-01
4601,231,1,464,83,2026-01-01
4602,231,2,487,84,2026-01-01
4603,231,3,450,84,2026-01-01
4604,231,4,264,61,2026-01-01
4605,231,5,345,88,2026-01-01
4606,231,6,127,94,2026-01-01
4607,231,7,84,38,2026-01-01
4608,231,8,351,63,2026-01-01
4609,231,9,16,91,2026-01-01
4610,231,10,227,39,2026-01-01
4611,231,11,462,75,2026-01-01
4612,231,12,204,86,2026-01-01
4613,231,13,20,90,2026-01-01
4614,231,14,79,89,2026-01-01
4615,231,15,80,41,2026-01-01
4616,231,16,456,48,2026-01-01
4617,231,17,29,76,2026-01-01
4618,231,18,342,80,2026-01-01
4619,231,19,336,53,2026-01-01
4620,231,20,305,56,2026-01-01
4621,232,1,239,54,2026-01-01
4622,232,2,310,42,2026-01-01
4623,232,3,134,25,2026-01-01
4624,232,4,149,88,2026-01-01
4625,232,5,194,47,2026-01-01
4626,232,6,456,83,2026-01-01
4627,232,7,12,41,2026-01-01
4628,232,8,495,35,2026-01-01
4629,232,9,122,32,2026-01-01
4630,232,10,386,70,2026-01-01
4631,232,11,413,98,2026-01-01
4632,232,12,282,97,2026-01-01
4633,232,13,400,98,2026-01-01
4634,232,14,493,23,2026-01-01
4635,232,15,319,70,2026-01-01
4636,232,16,145,50,2026-01-01
4637,232,17,201,88,2026-01-01
4638,232,18,477,66,2026-01-01
4639,232,19,199,69,2026-01-01
4640,232,20,498,72,2026-01-01
4641,233,1,144,59,2026-01-01
4642,233,2,314,68,2026-01-01
4643,233,3,464,97,2026-01-01
4644,233,4,459,94,2026-01-01
4645,233,5,446,58,2026-01-01
4646,233,6,257,88,2026-01-01
4647,233,7,209,41,2026-01-01
4648,233,8,5,65,2026-01-01
4649,233,9,390,41,2026-01-01
4650,233,10,62,62,2026-01-01
4651,233,11,399,52,2026-01-01
4652,233,12,65,77,2026-01-01
4653,233,13,116,67,2026-01-01
4654,233,14,443,64,2026-01-01
4655,233,15,148,54,2026-01-01
4656,233,16,7,39,2026-01-01
4657,233,17,357,30,2026-01-01
4658,233,18,362,83,2026-01-01
4659,233,19,370,93,2026-01-01
4660,233,20,342,39,2026-01-01
4661,234,1,316,78,2026-01-01
4662,234,2,89,66,2026-01-01
4663,234,3,190,34,2026-01-01
4664,234,4,62,62,2026-01-01
4665,234,5,165,29,2026-01-01
4666,234,6,50,65,2026-01-01
4667,234,7,210,96,2026-01-01
4668,234,8,163,59,2026-01-01
4669,234,9,281,26,2026-01-01
4670,234,10,39,57,2026-01-01
4671,234,11,117,27,2026-01-01
4672,234,12,287,87,2026-01-01
4673,234,13,113,91,2026-01-01
4674,234,14,319,37,2026-01-01
4675,234,15,277,68,2026-01-01
4676,234,16,455,30,2026-01-01
4677,234,17,0,61,2026-01-01
4678,234,18,245,76,2026-01-01
4679,234,19,253,49,2026-01-01
4680,234,20,498,86,2026-01-01
4681,235,1,189,70,2026-01-01
4682,235,2,206,61,2026-01-01
4683,235,3,444,92,2026-01-01
4684,235,4,226,94,2026-01-01
4685,235,5,397,67,2026-01-01
4686,235,6,66,41,2026-01-01
4687,235,7,80,70,2026-01-01
4688,235,8,240,68,2026-01-01
4689,235,9,474,39,2026-01-01
4690,235,10,462,59,2026-01-01
4691,235,11,209,24,2026-01-01
4692,235,12,160,85,2026-01-01
4693,235,13,238,58,2026-01-01
4694,235,14,331,25,2026-01-01
4695,235,15,325,41,2026-01-01
4696,235,16,356,21,2026-01-01
4697,235,17,242,76,2026-01-01
4698,235,18,381,85,2026-01-01
4699,235,19,170,69,2026-01-01
4700,235,20,173,82,2026-01-01
4701,236,1,58,87,2026-01-01
4702,236,2,94,45,2026-01-01
4703,236,3,370,87,2026-01-01
4704,236,4,314,60,2026-01-01
4705,236,5,146,25,2026-01-01
4706,236,6,18,32,2026-01-01
4707,236,7,469,94,2026-01-01
4708,236,8,111,61,2026-01-01
4709,236,9,155,92,2026-01-01
4710,236,10,379,56,2026-01-01
4711,236,11,480,24,2026-01-01
4712,236,12,485,95,2026-01-01
4713,236,13,378,90,2026-01-01
4714,236,14,142,69,2026-01-01
4715,236,15,51,86,2026-01-01
4716,236,16,122,89,2026-01-01
4717,236,17,346,65,2026-01-01
4718,236,18,41,70,2026-01-01
4719,236,19,363,81,2026-01-01
4720,236,20,376,36,2026-01-01
4721,237,1,340,33,2026-01-01
4722,237,2,159,86,2026-01-01
4723,237,3,500,60,2026-01-01
4724,237,4,268,98,2026-01-01
4725,237,5,82,24,2026-01-01
4726,237,6,428,86,2026-01-01
4727,237,7,449,94,2026-01-01
4728,237,8,358,88,2026-01-01
4729,237,9,300,21,2026-01-01
4730,237,10,481,84,2026-01-01
4731,237,11,110,49,2026-01-01
4732,237,12,40,61,2026-01-01
4733,237,13,326,78,2026-01-01
4734,237,14,193,48,2026-01-01
4735,237,15,64,59,2026-01-01
4736,237,16,108,23,2026-01-01
4737,237,17,144,49,2026-01-01
4738,237,18,70,81,2026-01-01
4739,237,19,361,54,2026-01-01
4740,237,20,479,52,2026-01-01
4741,238,1,50,94,2026-01-01
4742,238,2,473,69,2026-01-01
4743,238,3,322,47,2026-01-01
4744,238,4,437,56,2026-01-01
4745,238,5,357,33,2026-01-01
4746,238,6,484,52,2026-01-01
4747,238,7,395,81,2026-01-01
4748,238,8,124,53,2026-01-01
4749,238,9,164,31,2026-01-01
4750,238,10,63,46,2026-01-01
4751,238,11,150,20,2026-01-01
4752,238,12,77,83,2026-01-01
4753,238,13,31,80,2026-01-01
4754,238,14,222,73,2026-01-01
4755,238,15,36,29,2026-01-01
4756,238,16,315,50,2026-01-01
4757,238,17,218,38,2026-01-01
4758,238,18,217,91,2026-01-01
4759,238,19,208,38,2026-01-01
4760,238,20,75,33,2026-01-01
4761,239,1,195,38,2026-01-01
4762,239,2,381,87,2026-01-01
4763,239,3,493,70,2026-01-01
4764,239,4,373,39,2026-01-01
4765,239,5,188,32,2026-01-01
4766,239,6,386,38,2026-01-01
4767,239,7,282,80,2026-01-01
4768,239,8,386,34,2026-01-01
4769,239,9,374,45,2026-01-01
4770,239,10,264,80,2026-01-01
4771,239,11,198,83,2026-01-01
4772,239,12,397,50,2026-01-01
4773,239,13,162,45,2026-01-01
4774,239,14,388,77,2026-01-01
4775,239,15,385,51,2026-01-01
4776,239,16,276,30,2026-01-01
4777,239,17,300,78,2026-01-01
4778,239,18,304,90,2026-01-01
4779,239,19,459,88,2026-01-01
4780,239,20,360,69,2026-01-01
4781,240,1,293,30,2026-01-01
4782,240,2,420,30,2026-01-01
4783,240,3,23,53,2026-01-01
4784,240,4,227,36,2026-01-01
4785,240,5,33,37,2026-01-01
4786,240,6,363,69,2026-01-01
4787,240,7,99,33,2026-01-01
4788,240,8,249,83,2026-01-01
4789,240,9,171,22,2026-01-01
4790,240,10,448,86,2026-01-01
4791,240,11,388,94,2026-01-01
4792,240,12,488,20,2026-01-01
4793,240,13,246,61,2026-01-01
4794,240,14,180,56,2026-01-01
4795,240,15,344,54,2026-01-01
4796,240,16,275,28,2026-01-01
4797,240,17,302,25,2026-01-01
4798,240,18,416,26,2026-01-01
4799,240,19,38,50,2026-01-01
4800,240,20,21,42,2026-01-01
4801,241,1,55,32,2026-01-01
4802,241,2,168,85,2026-01-01
4803,241,3,248,57,2026-01-01
4804,241,4,204,87,2026-01-01
4805,241,5,232,31,2026-01-01
4806,241,6,222,97,2026-01-01
4807,241,7,255,68,2026-01-01
4808,241,8,12,22,2026-01-01
4809,241,9,44,94,2026-01-01
4810,241,10,1,32,2026-01-01
4811,241,11,352,25,2026-01-01
4812,241,12,27,81,2026-01-01
4813,241,13,329,50,2026-01-01
4814,241,14,48,54,2026-01-01
4815,241,15,68,81,2026-01-01
4816,241,16,42,26,2026-01-01
4817,241,17,444,43,2026-01-01
4818,241,18,4,29,2026-01-01
4819,241,19,126,96,2026-01-01
4820,241,20,225,93,2026-01-01
4821,242,1,209,65,2026-01-01
4822,242,2,110,56,2026-01-01
4823,242,3,209,83,2026-01-01
4824,242,4,386,75,2026-01-01
4825,242,5,255,37,2026-01-01
4826,242,6,497,50,2026-01-01
4827,242,7,332,55,2026-01-01
4828,242,8,223,80,2026-01-01
4829,242,9,207,70,2026-01-01
4830,242,10,40,39,2026-01-01
4831,242,11,404,33,2026-01-01
4832,242,12,360,20,2026-01-01
4833,242,13,111,100,2026-01-01
4834,242,14,13,46,2026-01-01
4835,242,15,23,42,2026-01-01
4836,242,16,131,82,2026-01-01
4837,242,17,120,87,2026-01-01
4838,242,18,290,60,2026-01-01
4839,242,19,396,89,2026-01-01
4840,242,20,256,73,2026-01-01
4841,243,1,389,77,2026-01-01
4842,243,2,197,24,2026-01-01
4843,243,3,487,26,2026-01-01
4844,243,4,438,74,2026-01-01
4845,243,5,103,47,2026-01-01
4846,243,6,154,24,2026-01-01
4847,243,7,303,88,2026-01-01
4848,243,8,51,90,2026-01-01
4849,243,9,136,51,2026-01-01
4850,243,10,23,80,2026-01-01
4851,243,11,62,35,2026-01-01
4852,243,12,489,58,2026-01-01
4853,243,13,21,26,2026-01-01
4854,243,14,349,75,2026-01-01
4855,243,15,46,96,2026-01-01
4856,243,16,294,34,2026-01-01
4857,243,17,96,70,2026-01-01
4858,243,18,20,74,2026-01-01
4859,243,19,444,38,2026-01-01
4860,243,20,194,81,2026-01-01
4861,244,1,197,42,2026-01-01
4862,244,2,1,47,2026-01-01
4863,244,3,304,76,2026-01-01
4864,244,4,500,99,2026-01-01
4865,244,5,0,21,2026-01-01
4866,244,6,203,30,2026-01-01
4867,244,7,371,49,2026-01-01
4868,244,8,97,21,2026-01-01
4869,244,9,173,68,2026-01-01
4870,244,10,77,32,2026-01-01
4871,244,11,25,26,2026-01-01
4872,244,12,380,90,2026-01-01
4873,244,13,271,56,2026-01-01
4874,244,14,231,95,2026-01-01
4875,244,15,26,23,2026-01-01
4876,244,16,251,86,2026-01-01
4877,244,17,401,72,2026-01-01
4878,244,18,262,98,2026-01-01
4879,244,19,383,66,2026-01-01
4880,244,20,188,49,2026-01-01
4881,245,1,209,41,2026-01-01
4882,245,2,167,68,2026-01-01
4883,245,3,390,57,2026-01-01
4884,245,4,66,93,2026-01-01
4885,245,5,10,32,2026-01-01
4886,245,6,145,88,2026-01-01
4887,245,7,178,57,2026-01-01
4888,245,8,251,61,2026-01-01
4889,245,9,380,70,2026-01-01
4890,245,10,174,20,2026-01-01
4891,245,11,251,88,2026-01-01
4892,245,12,470,74,2026-01-01
4893,245,13,78,46,2026-01-01
4894,245,14,431,43,2026-01-01
4895,245,15,278,89,2026-01-01
4896,245,16,390,35,2026-01-01
4897,245,17,401,98,2026-01-01
4898,245,18,441,22,2026-01-01
4899,245,19,312,78,2026-01-01
4900,245,20,478,31,2026-01-01
4901,246,1,0,33,2026-01-01
4902,246,2,265,22,2026-01-01
4903,246,3,462,94,2026-01-01
4904,246,4,382,23,2026-01-01
4905,246,5,255,68,2026-01-01
4906,246,6,283,73,2026-01-01
4907,246,7,223,46,2026-01-01
4908,246,8,229,35,2026-01-01
4909,246,9,178,44,2026-01-01
4910,246,10,188,96,2026-01-01
4911,246,11,101,27,2026-01-01
4912,246,12,148,58,2026-01-01
4913,246,13,46,46,2026-01-01
4914,246,14,192,27,2026-01-01
4915,246,15,489,67,2026-01-01
4916,246,16,248,90,2026-01-01
4917,246,17,189,42,2026-01-01
4918,246,18,206,36,2026-01-01
4919,246,19,293,23,2026-01-01
4920,246,20,475,50,2026-01-01
4921,247,1,421,78,2026-01-01
4922,247,2,237,28,2026-01-01
4923,247,3,229,22,2026-01-01
4924,247,4,218,44,2026-01-01
4925,247,5,360,83,2026-01-01
4926,247,6,157,68,2026-01-01
4927,247,7,381,55,2026-01-01
4928,247,8,155,100,2026-01-01
4929,247,9,135,54,2026-01-01
4930,247,10,450,91,2026-01-01
4931,247,11,238,46,2026-01-01
4932,247,12,479,74,2026-01-01
4933,247,13,482,68,2026-01-01
4934,247,14,120,61,2026-01-01
4935,247,15,126,56,2026-01-01
4936,247,16,98,31,2026-01-01
4937,247,17,154,22,2026-01-01
4938,247,18,426,55,2026-01-01
4939,247,19,401,22,2026-01-01
4940,247,20,81,28,2026-01-01
4941,248,1,497,91,2026-01-01
4942,248,2,195,88,2026-01-01
4943,248,3,157,96,2026-01-01
4944,248,4,309,30,2026-01-01
4945,248,5,434,90,2026-01-01
4946,248,6,184,85,2026-01-01
4947,248,7,409,99,2026-01-01
4948,248,8,450,87,2026-01-01
4949,248,9,236,54,2026-01-01
4950,248,10,479,36,2026-01-01
4951,248,11,462,92,2026-01-01
4952,248,12,102,28,2026-01-01
4953,248,13,104,26,2026-01-01
4954,248,14,360,84,2026-01-01
4955,248,15,52,77,2026-01-01
4956,248,16,171,24,2026-01-01
4957,248,17,337,69,2026-01-01
4958,248,18,498,26,2026-01-01
4959,248,19,177,36,2026-01-01
4960,248,20,314,64,2026-01-01
4961,249,1,303,89,2026-01-01
4962,249,2,229,90,2026-01-01
4963,249,3,153,22,2026-01-01
4964,249,4,76,33,2026-01-01
4965,249,5,116,26,2026-01-01
4966,249,6,21,80,2026-01-01
4967,249,7,434,99,2026-01-01
4968,249,8,119,82,2026-01-01
4969,249,9,382,52,2026-01-01
4970,249,10,133,60,2026-01-01
4971,249,11,44,91,2026-01-01
4972,249,12,112,95,2026-01-01
4973,249,13,449,21,2026-01-01
4974,249,14,67,45,2026-01-01
4975,249,15,344,27,2026-01-01
4976,249,16,130,42,2026-01-01
4977,249,17,110,72,2026-01-01
4978,249,18,298,64,2026-01-01
4979,249,19,51,67,2026-01-01
4980,249,20,209,83,2026-01-01
4981,250,1,95,55,2026-01-01
4982,250,2,197,34,2026-01-01
4983,250,3,64,22,2026-01-01
4984,250,4,153,44,2026-01-01
4985,250,5,70,81,2026-01-01
4986,250,6,329,35,2026-01-01
4987,250,7,154,73,2026-01-01
4988,250,8,3,59,2026-01-01
4989,250,9,376,31,2026-01-01
4990,250,10,303,76,2026-01-01
4991,250,11,228,20,2026-01-01
4992,250,12,4,24,2026-01-01
4993,250,13,439,32,2026-01-01
4994,250,14,272,53,2026-01-01
4995,250,15,257,72,2026-01-01
4996,250,16,206,47,2026-01-01
4997,250,17,49,71,2026-01-01
4998,250,18,249,44,2026-01-01
4999,250,19,481,75,2026-01-01
5000,250,20,271,87,2026-01-01
5001,251,1,127,92,2026-01-01
5002,251,2,94,100,2026-01-01
5003,251,3,138,71,2026-01-01
5004,251,4,488,45,2026-01-01
5005,251,5,32,99,2026-01-01
5006,251,6,343,30,2026-01-01
5007,251,7,278,56,2026-01-01
5008,251,8,295,65,2026-01-01
5009,251,9,455,93,2026-01-01
5010,251,10,34,83,2026-01-01
5011,251,11,314,87,2026-01-01
5012,251,12,88,44,2026-01-01
5013,251,13,213,31,2026-01-01
5014,251,14,94,29,2026-01-01
5015,251,15,380,63,2026-01-01
5016,251,16,178,36,2026-01-01
5017,251,17,200,96,2026-01-01
5018,251,18,414,36,2026-01-01
5019,251,19,330,59,2026-01-01
5020,251,20,61,81,2026-01-01
5021,252,1,46,48,2026-01-01
5022,252,2,365,57,2026-01-01
5023,252,3,315,64,2026-01-01
5024,252,4,65,59,2026-01-01
5025,252,5,297,72,2026-01-01
5026,252,6,327,28,2026-01-01
5027,252,7,194,73,2026-01-01
5028,252,8,124,51,2026-01-01
5029,252,9,162,30,2026-01-01
5030,252,10,207,45,2026-01-01
5031,252,11,121,22,2026-01-01
5032,252,12,341,53,2026-01-01
5033,252,13,43,53,2026-01-01
5034,252,14,272,70,2026-01-01
5035,252,15,307,79,2026-01-01
5036,252,16,187,41,2026-01-01
5037,252,17,453,86,2026-01-01
5038,252,18,243,35,2026-01-01
5039,252,19,476,39,2026-01-01
5040,252,20,246,41,2026-01-01
5041,253,1,357,64,2026-01-01
5042,253,2,439,62,2026-01-01
5043,253,3,238,42,2026-01-01
5044,253,4,432,77,2026-01-01
5045,253,5,269,22,2026-01-01
5046,253,6,396,51,2026-01-01
5047,253,7,445,38,2026-01-01
5048,253,8,189,52,2026-01-01
5049,253,9,294,52,2026-01-01
5050,253,10,177,98,2026-01-01
5051,253,11,397,85,2026-01-01
5052,253,12,24,63,2026-01-01
5053,253,13,396,80,2026-01-01
5054,253,14,276,66,2026-01-01
5055,253,15,87,58,2026-01-01
5056,253,16,182,98,2026-01-01
5057,253,17,323,99,2026-01-01
5058,253,18,217,29,2026-01-01
5059,253,19,89,75,2026-01-01
5060,253,20,290,81,2026-01-01
5061,254,1,66,21,2026-01-01
5062,254,2,239,53,2026-01-01
5063,254,3,303,53,2026-01-01
5064,254,4,136,37,2026-01-01
5065,254,5,327,90,2026-01-01
5066,254,6,209,62,2026-01-01
5067,254,7,107,85,2026-01-01
5068,254,8,105,23,2026-01-01
5069,254,9,171,97,2026-01-01
5070,254,10,154,29,2026-01-01
5071,254,11,239,89,2026-01-01
5072,254,12,124,20,2026-01-01
5073,254,13,37,76,2026-01-01
5074,254,14,186,52,2026-01-01
5075,254,15,299,84,2026-01-01
5076,254,16,314,62,2026-01-01
5077,254,17,397,63,2026-01-01
5078,254,18,309,87,2026-01-01
5079,254,19,76,100,2026-01-01
5080,254,20,421,27,2026-01-01
5081,255,1,188,34,2026-01-01
5082,255,2,216,20,2026-01-01
5083,255,3,280,91,2026-01-01
5084,255,4,380,52,2026-01-01
5085,255,5,226,98,2026-01-01
5086,255,6,178,21,2026-01-01
5087,255,7,269,25,2026-01-01
5088,255,8,280,96,2026-01-01
5089,255,9,125,96,2026-01-01
5090,255,10,287,61,2026-01-01
5091,255,11,408,71,2026-01-01
5092,255,12,462,43,2026-01-01
5093,255,13,97,95,2026-01-01
5094,255,14,500,40,2026-01-01
5095,255,15,269,44,2026-01-01
5096,255,16,261,72,2026-01-01
5097,255,17,54,51,2026-01-01
5098,255,18,388,89,2026-01-01
5099,255,19,160,44,2026-01-01
5100,255,20,391,24,2026-01-01
5101,256,1,302,29,2026-01-01
5102,256,2,418,85,2026-01-01
5103,256,3,119,72,2026-01-01
5104,256,4,417,62,2026-01-01
5105,256,5,237,99,2026-01-01
5106,256,6,273,59,2026-01-01
5107,256,7,136,46,2026-01-01
5108,256,8,302,79,2026-01-01
5109,256,9,183,26,2026-01-01
5110,256,10,55,27,2026-01-01
5111,256,11,75,93,2026-01-01
5112,256,12,302,90,2026-01-01
5113,256,13,1,89,2026-01-01
5114,256,14,404,62,2026-01-01
5115,256,15,359,24,2026-01-01
5116,256,16,479,43,2026-01-01
5117,256,17,283,75,2026-01-01
5118,256,18,330,23,2026-01-01
5119,256,19,152,56,2026-01-01
5120,256,20,374,87,2026-01-01
5121,257,1,443,60,2026-01-01
5122,257,2,208,35,2026-01-01
5123,257,3,398,56,2026-01-01
5124,257,4,482,77,2026-01-01
5125,257,5,166,32,2026-01-01
5126,257,6,328,96,2026-01-01
5127,257,7,43,68,2026-01-01
5128,257,8,399,69,2026-01-01
5129,257,9,272,55,2026-01-01
5130,257,10,42,39,2026-01-01
5131,257,11,16,33,2026-01-01
5132,257,12,140,24,2026-01-01
5133,257,13,204,28,2026-01-01
5134,257,14,226,40,2026-01-01
5135,257,15,121,99,2026-01-01
5136,257,16,113,56,2026-01-01
5137,257,17,82,92,2026-01-01
5138,257,18,28,22,2026-01-01
5139,257,19,432,50,2026-01-01
5140,257,20,67,55,2026-01-01
5141,258,1,39,31,2026-01-01
5142,258,2,370,88,2026-01-01
5143,258,3,469,55,2026-01-01
5144,258,4,352,83,2026-01-01
5145,258,5,456,98,2026-01-01
5146,258,6,216,88,2026-01-01
5147,258,7,146,38,2026-01-01
5148,258,8,122,62,2026-01-01
5149,258,9,309,65,2026-01-01
5150,258,10,150,41,2026-01-01
5151,258,11,364,28,2026-01-01
5152,258,12,283,99,2026-01-01
5153,258,13,226,91,2026-01-01
5154,258,14,418,45,2026-01-01
5155,258,15,127,89,2026-01-01
5156,258,16,151,65,2026-01-01
5157,258,17,24,70,2026-01-01
5158,258,18,286,24,2026-01-01
5159,258,19,334,100,2026-01-01
5160,258,20,347,24,2026-01-01
5161,259,1,314,36,2026-01-01
5162,259,2,45,36,2026-01-01
5163,259,3,303,86,2026-01-01
5164,259,4,342,87,2026-01-01
5165,259,5,368,72,2026-01-01
5166,259,6,206,38,2026-01-01
5167,259,7,481,96,2026-01-01
5168,259,8,285,45,2026-01-01
5169,259,9,306,78,2026-01-01
5170,259,10,353,55,2026-01-01
5171,259,11,407,41,2026-01-01
5172,259,12,209,49,2026-01-01
5173,259,13,444,37,2026-01-01
5174,259,14,76,20,2026-01-01
5175,259,15,242,77,2026-01-01
5176,259,16,447,44,2026-01-01
5177,259,17,415,45,2026-01-01
5178,259,18,310,64,2026-01-01
5179,259,19,488,93,2026-01-01
5180,259,20,63,81,2026-01-01
5181,260,1,454,37,2026-01-01
5182,260,2,487,42,2026-01-01
5183,260,3,405,29,2026-01-01
5184,260,4,108,40,2026-01-01
5185,260,5,367,45,2026-01-01
5186,260,6,224,65,2026-01-01
5187,260,7,347,84,2026-01-01
5188,260,8,422,59,2026-01-01
5189,260,9,18,84,2026-01-01
5190,260,10,96,78,2026-01-01
5191,260,11,36,37,2026-01-01
5192,260,12,443,87,2026-01-01
5193,260,13,0,36,2026-01-01
5194,260,14,108,91,2026-01-01
5195,260,15,125,93,2026-01-01
5196,260,16,146,47,2026-01-01
5197,260,17,365,84,2026-01-01
5198,260,18,148,62,2026-01-01
5199,260,19,167,23,2026-01-01
5200,260,20,218,28,2026-01-01
5201,261,1,415,71,2026-01-01
5202,261,2,26,70,2026-01-01
5203,261,3,236,54,2026-01-01
5204,261,4,435,39,2026-01-01
5205,261,5,374,24,2026-01-01
5206,261,6,492,69,2026-01-01
5207,261,7,233,95,2026-01-01
5208,261,8,64,62,2026-01-01
5209,261,9,34,56,2026-01-01
5210,261,10,26,81,2026-01-01
5211,261,11,339,23,2026-01-01
5212,261,12,347,46,2026-01-01
5213,261,13,377,25,2026-01-01
5214,261,14,410,44,2026-01-01
5215,261,15,18,31,2026-01-01
5216,261,16,202,91,2026-01-01
5217,261,17,304,81,2026-01-01
5218,261,18,480,76,2026-01-01
5219,261,19,71,43,2026-01-01
5220,261,20,266,53,2026-01-01
5221,262,1,249,72,2026-01-01
5222,262,2,399,78,2026-01-01
5223,262,3,370,24,2026-01-01
5224,262,4,4,79,2026-01-01
5225,262,5,81,21,2026-01-01
5226,262,6,244,34,2026-01-01
5227,262,7,314,64,2026-01-01
5228,262,8,451,98,2026-01-01
5229,262,9,303,42,2026-01-01
5230,262,10,38,67,2026-01-01
5231,262,11,81,72,2026-01-01
5232,262,12,13,58,2026-01-01
5233,262,13,411,88,2026-01-01
5234,262,14,44,22,2026-01-01
5235,262,15,334,96,2026-01-01
5236,262,16,281,32,2026-01-01
5237,262,17,123,39,2026-01-01
5238,262,18,425,50,2026-01-01
5239,262,19,55,27,2026-01-01
5240,262,20,59,54,2026-01-01
5241,263,1,136,99,2026-01-01
5242,263,2,355,24,2026-01-01
5243,263,3,240,99,2026-01-01
5244,263,4,257,48,2026-01-01
5245,263,5,184,74,2026-01-01
5246,263,6,261,21,2026-01-01
5247,263,7,415,22,2026-01-01
5248,263,8,57,55,2026-01-01
5249,263,9,22,32,2026-01-01
5250,263,10,32,90,2026-01-01
5251,263,11,277,31,2026-01-01
5252,263,12,19,24,2026-01-01
5253,263,13,312,39,2026-01-01
5254,263,14,93,97,2026-01-01
5255,263,15,252,65,2026-01-01
5256,263,16,461,20,2026-01-01
5257,263,17,180,55,2026-01-01
5258,263,18,199,57,2026-01-01
5259,263,19,133,50,2026-01-01
5260,263,20,403,22,2026-01-01
5261,264,1,272,100,2026-01-01
5262,264,2,86,48,2026-01-01
5263,264,3,196,71,2026-01-01
5264,264,4,452,97,2026-01-01
5265,264,5,272,74,2026-01-01
5266,264,6,218,24,2026-01-01
5267,264,7,490,45,2026-01-01
5268,264,8,47,91,2026-01-01
5269,264,9,177,50,2026-01-01
5270,264,10,208,54,2026-01-01
5271,264,11,280,77,2026-01-01
5272,264,12,389,98,2026-01-01
5273,264,13,84,54,2026-01-01
5274,264,14,422,54,2026-01-01
5275,264,15,64,29,2026-01-01
5276,264,16,474,63,2026-01-01
5277,264,17,488,31,2026-01-01
5278,264,18,57,84,2026-01-01
5279,264,19,61,45,2026-01-01
5280,264,20,367,66,2026-01-01
5281,265,1,16,47,2026-01-01
5282,265,2,196,42,2026-01-01
5283,265,3,51,66,2026-01-01
5284,265,4,280,77,2026-01-01
5285,265,5,353,54,2026-01-01
5286,265,6,295,91,2026-01-01
5287,265,7,362,74,2026-01-01
5288,265,8,38,81,2026-01-01
5289,265,9,477,85,2026-01-01
5290,265,10,146,100,2026-01-01
5291,265,11,147,90,2026-01-01
5292,265,12,368,70,2026-01-01
5293,265,13,348,63,2026-01-01
5294,265,14,233,65,2026-01-01
5295,265,15,235,86,2026-01-01
5296,265,16,278,84,2026-01-01
5297,265,17,381,27,2026-01-01
5298,265,18,313,24,2026-01-01
5299,265,19,108,42,2026-01-01
5300,265,20,302,39,2026-01-01
5301,266,1,152,36,2026-01-01
5302,266,2,37,83,2026-01-01
5303,266,3,234,96,2026-01-01
5304,266,4,329,34,2026-01-01
5305,266,5,7,56,2026-01-01
5306,266,6,439,28,2026-01-01
5307,266,7,179,48,2026-01-01
5308,266,8,332,41,2026-01-01
5309,266,9,288,25,2026-01-01
5310,266,10,197,20,2026-01-01
5311,266,11,232,40,2026-01-01
5312,266,12,123,33,2026-01-01
5313,266,13,275,38,2026-01-01
5314,266,14,244,97,2026-01-01
5315,266,15,387,62,2026-01-01
5316,266,16,112,81,2026-01-01
5317,266,17,387,85,2026-01-01
5318,266,18,253,34,2026-01-01
5319,266,19,348,96,2026-01-01
5320,266,20,327,25,2026-01-01
5321,267,1,251,62,2026-01-01
5322,267,2,440,74,2026-01-01
5323,267,3,181,77,2026-01-01
5324,267,4,258,81,2026-01-01
5325,267,5,334,42,2026-01-01
5326,267,6,99,42,2026-01-01
5327,267,7,467,47,2026-01-01
5328,267,8,27,87,2026-01-01
5329,267,9,10,56,2026-01-01
5330,267,10,381,35,2026-01-01
5331,267,11,307,23,2026-01-01
5332,267,12,219,78,2026-01-01
5333,267,13,358,100,2026-01-01
5334,267,14,15,37,2026-01-01
5335,267,15,385,55,2026-01-01
5336,267,16,12,21,2026-01-01
5337,267,17,441,65,2026-01-01
5338,267,18,353,92,2026-01-01
5339,267,19,379,44,2026-01-01
5340,267,20,218,21,2026-01-01
5341,268,1,138,24,2026-01-01
5342,268,2,367,73,2026-01-01
5343,268,3,60,31,2026-01-01
5344,268,4,459,60,2026-01-01
5345,268,5,280,99,2026-01-01
5346,268,6,275,42,2026-01-01
5347,268,7,500,89,2026-01-01
5348,268,8,60,26,2026-01-01
5349,268,9,243,35,2026-01-01
5350,268,10,213,26,2026-01-01
5351,268,11,28,94,2026-01-01
5352,268,12,103,21,2026-01-01
5353,268,13,448,93,2026-01-01
5354,268,14,342,96,2026-01-01
5355,268,15,245,64,2026-01-01
5356,268,16,248,89,2026-01-01
5357,268,17,170,54,2026-01-01
5358,268,18,280,29,2026-01-01
5359,268,19,472,35,2026-01-01
5360,268,20,140,52,2026-01-01
5361,269,1,83,69,2026-01-01
5362,269,2,450,88,2026-01-01
5363,269,3,47,66,2026-01-01
5364,269,4,394,28,2026-01-01
5365,269,5,133,24,2026-01-01
5366,269,6,272,64,2026-01-01
5367,269,7,407,51,2026-01-01
5368,269,8,234,32,2026-01-01
5369,269,9,99,75,2026-01-01
5370,269,10,230,69,2026-01-01
5371,269,11,90,83,2026-01-01
5372,269,12,0,82,2026-01-01
5373,269,13,3,73,2026-01-01
5374,269,14,263,77,2026-01-01
5375,269,15,357,85,2026-01-01
5376,269,16,444,90,2026-01-01
5377,269,17,478,69,2026-01-01
5378,269,18,131,40,2026-01-01
5379,269,19,430,28,2026-01-01
5380,269,20,497,83,2026-01-01
5381,270,1,471,21,2026-01-01
5382,270,2,140,32,2026-01-01
5383,270,3,45,67,2026-01-01
5384,270,4,116,26,2026-01-01
5385,270,5,455,34,2026-01-01
5386,270,6,102,22,2026-01-01
5387,270,7,45,53,2026-01-01
5388,270,8,485,30,2026-01-01
5389,270,9,150,25,2026-01-01
5390,270,10,6,24,2026-01-01
5391,270,11,413,44,2026-01-01
5392,270,12,12,49,2026-01-01
5393,270,13,365,53,2026-01-01
5394,270,14,474,72,2026-01-01
5395,270,15,20,100,2026-01-01
5396,270,16,318,96,2026-01-01
5397,270,17,262,22,2026-01-01
5398,270,18,203,41,2026-01-01
5399,270,19,237,45,2026-01-01
5400,270,20,428,96,2026-01-01
5401,271,1,462,48,2026-01-01
5402,271,2,321,87,2026-01-01
5403,271,3,53,33,2026-01-01
5404,271,4,270,68,2026-01-01
5405,271,5,301,21,2026-01-01
5406,271,6,425,96,2026-01-01
5407,271,7,103,66,2026-01-01
5408,271,8,113,80,2026-01-01
5409,271,9,262,94,2026-01-01
5410,271,10,112,79,2026-01-01
5411,271,11,39,26,2026-01-01
5412,271,12,29,54,2026-01-01
5413,271,13,480,94,2026-01-01
5414,271,14,111,89,2026-01-01
5415,271,15,390,99,2026-01-01
5416,271,16,211,46,2026-01-01
5417,271,17,266,78,2026-01-01
5418,271,18,476,77,2026-01-01
5419,271,19,430,35,2026-01-01
5420,271,20,57,40,2026-01-01
5421,272,1,333,25,2026-01-01
5422,272,2,397,84,2026-01-01
5423,272,3,270,53,2026-01-01
5424,272,4,334,72,2026-01-01
5425,272,5,487,63,2026-01-01
5426,272,6,184,35,2026-01-01
5427,272,7,447,88,2026-01-01
5428,272,8,136,72,2026-01-01
5429,272,9,90,22,2026-01-01
5430,272,10,128,24,2026-01-01
5431,272,11,57,74,2026-01-01
5432,272,12,283,91,2026-01-01
5433,272,13,127,97,2026-01-01
5434,272,14,126,44,2026-01-01
5435,272,15,143,59,2026-01-01
5436,272,16,97,30,2026-01-01
5437,272,17,310,65,2026-01-01
5438,272,18,23,84,2026-01-01
5439,272,19,220,44,2026-01-01
5440,272,20,489,66,2026-01-01
5441,273,1,453,45,2026-01-01
5442,273,2,292,36,2026-01-01
5443,273,3,16,71,2026-01-01
5444,273,4,344,29,2026-01-01
5445,273,5,234,45,2026-01-01
5446,273,6,372,47,2026-01-01
5447,273,7,479,78,2026-01-01
5448,273,8,65,92,2026-01-01
5449,273,9,100,75,2026-01-01
5450,273,10,21,51,2026-01-01
5451,273,11,252,23,2026-01-01
5452,273,12,306,73,2026-01-01
5453,273,13,5,22,2026-01-01
5454,273,14,209,29,2026-01-01
5455,273,15,430,87,2026-01-01
5456,273,16,303,79,2026-01-01
5457,273,17,405,35,2026-01-01
5458,273,18,399,86,2026-01-01
5459,273,19,87,53,2026-01-01
5460,273,20,195,64,2026-01-01
5461,274,1,93,41,2026-01-01
5462,274,2,219,91,2026-01-01
5463,274,3,283,79,2026-01-01
5464,274,4,319,28,2026-01-01
5465,274,5,293,66,2026-01-01
5466,274,6,33,43,2026-01-01
5467,274,7,219,78,2026-01-01
5468,274,8,154,97,2026-01-01
5469,274,9,149,24,2026-01-01
5470,274,10,138,87,2026-01-01
5471,274,11,264,79,2026-01-01
5472,274,12,67,65,2026-01-01
5473,274,13,463,88,2026-01-01
5474,274,14,41,54,2026-01-01
5475,274,15,73,32,2026-01-01
5476,274,16,204,92,2026-01-01
5477,274,17,89,92,2026-01-01
5478,274,18,237,49,2026-01-01
5479,274,19,116,42,2026-01-01
5480,274,20,313,52,2026-01-01
5481,275,1,104,43,2026-01-01
5482,275,2,86,46,2026-01-01
5483,275,3,319,41,2026-01-01
5484,275,4,384,83,2026-01-01
5485,275,5,266,89,2026-01-01
5486,275,6,390,50,2026-01-01
5487,275,7,425,55,2026-01-01
5488,275,8,358,25,2026-01-01
5489,275,9,327,68,2026-01-01
5490,275,10,0,45,2026-01-01
5491,275,11,73,34,2026-01-01
5492,275,12,461,47,2026-01-01
5493,275,13,119,69,2026-01-01
5494,275,14,253,87,2026-01-01
5495,275,15,454,100,2026-01-01
5496,275,16,18,34,2026-01-01
5497,275,17,138,41,2026-01-01
5498,275,18,493,51,2026-01-01
5499,275,19,243,40,2026-01-01
5500,275,20,137,49,2026-01-01
5501,276,1,40,100,2026-01-01
5502,276,2,425,70,2026-01-01
5503,276,3,477,80,2026-01-01
5504,276,4,109,24,2026-01-01
5505,276,5,21,90,2026-01-01
5506,276,6,202,77,2026-01-01
5507,276,7,313,32,2026-01-01
5508,276,8,496,37,2026-01-01
5509,276,9,171,36,2026-01-01
5510,276,10,418,36,2026-01-01
5511,276,11,76,40,2026-01-01
5512,276,12,11,33,2026-01-01
5513,276,13,6,65,2026-01-01
5514,276,14,146,91,2026-01-01
5515,276,15,177,78,2026-01-01
5516,276,16,474,54,2026-01-01
5517,276,17,128,46,2026-01-01
5518,276,18,321,65,2026-01-01
5519,276,19,124,47,2026-01-01
5520,276,20,430,64,2026-01-01
5521,277,1,295,25,2026-01-01
5522,277,2,371,26,2026-01-01
5523,277,3,435,25,2026-01-01
5524,277,4,295,67,2026-01-01
5525,277,5,432,21,2026-01-01
5526,277,6,232,27,2026-01-01
5527,277,7,185,37,2026-01-01
5528,277,8,246,58,2026-01-01
5529,277,9,287,47,2026-01-01
5530,277,10,352,89,2026-01-01
5531,277,11,91,94,2026-01-01
5532,277,12,20,40,2026-01-01
5533,277,13,50,34,2026-01-01
5534,277,14,207,54,2026-01-01
5535,277,15,198,67,2026-01-01
5536,277,16,487,46,2026-01-01
5537,277,17,288,75,2026-01-01
5538,277,18,453,95,2026-01-01
5539,277,19,285,86,2026-01-01
5540,277,20,105,67,2026-01-01
5541,278,1,492,87,2026-01-01
5542,278,2,297,37,2026-01-01
5543,278,3,188,42,2026-01-01
5544,278,4,34,20,2026-01-01
5545,278,5,187,67,2026-01-01
5546,278,6,84,72,2026-01-01
5547,278,7,336,23,2026-01-01
5548,278,8,298,29,2026-01-01
5549,278,9,54,43,2026-01-01
5550,278,10,91,33,2026-01-01
5551,278,11,363,40,2026-01-01
5552,278,12,110,44,2026-01-01
5553,278,13,304,44,2026-01-01
5554,278,14,96,71,2026-01-01
5555,278,15,148,98,2026-01-01
5556,278,16,167,76,2026-01-01
5557,278,17,366,83,2026-01-01
5558,278,18,192,32,2026-01-01
5559,278,19,106,74,2026-01-01
5560,278,20,207,65,2026-01-01
5561,279,1,319,42,2026-01-01
5562,279,2,27,100,2026-01-01
5563,279,3,116,36,2026-01-01
5564,279,4,26,23,2026-01-01
5565,279,5,153,58,2026-01-01
5566,279,6,457,23,2026-01-01
5567,279,7,407,60,2026-01-01
5568,279,8,36,92,2026-01-01
5569,279,9,492,92,2026-01-01
5570,279,10,65,23,2026-01-01
5571,279,11,218,35,2026-01-01
5572,279,12,84,45,2026-01-01
5573,279,13,393,82,2026-01-01
5574,279,14,32,24,2026-01-01
5575,279,15,150,93,2026-01-01
5576,279,16,239,22,2026-01-01
5577,279,17,187,88,2026-01-01
5578,279,18,343,98,2026-01-01
5579,279,19,334,40,2026-01-01
5580,279,20,75,74,2026-01-01
5581,280,1,429,50,2026-01-01
5582,280,2,182,57,2026-01-01
5583,280,3,277,67,2026-01-01
5584,280,4,57,55,2026-01-01
5585,280,5,114,28,2026-01-01
5586,280,6,0,34,2026-01-01
5587,280,7,150,72,2026-01-01
5588,280,8,141,27,2026-01-01
5589,280,9,265,67,2026-01-01
5590,280,10,457,73,2026-01-01
5591,280,11,494,91,2026-01-01
5592,280,12,432,81,2026-01-01
5593,280,13,168,67,2026-01-01
5594,280,14,241,58,2026-01-01
5595,280,15,33,74,2026-01-01
5596,280,16,130,78,2026-01-01
5597,280,17,208,42,2026-01-01
5598,280,18,331,84,2026-01-01
5599,280,19,13,37,2026-01-01
5600,280,20,337,83,2026-01-01
5601,281,1,76,52,2026-01-01
5602,281,2,338,55,2026-01-01
5603,281,3,209,40,2026-01-01
5604,281,4,162,97,2026-01-01
5605,281,5,255,98,2026-01-01
5606,281,6,225,85,2026-01-01
5607,281,7,223,69,2026-01-01
5608,281,8,383,99,2026-01-01
5609,281,9,217,21,2026-01-01
5610,281,10,354,84,2026-01-01
5611,281,11,496,38,2026-01-01
5612,281,12,241,47,2026-01-01
5613,281,13,29,100,2026-01-01
5614,281,14,121,82,2026-01-01
5615,281,15,182,59,2026-01-01
5616,281,16,234,67,2026-01-01
5617,281,17,432,35,2026-01-01
5618,281,18,290,77,2026-01-01
5619,281,19,461,59,2026-01-01
5620,281,20,401,54,2026-01-01
5621,282,1,215,64,2026-01-01
5622,282,2,211,36,2026-01-01
5623,282,3,173,23,2026-01-01
5624,282,4,481,37,2026-01-01
5625,282,5,88,44,2026-01-01
5626,282,6,397,60,2026-01-01
5627,282,7,194,96,2026-01-01
5628,282,8,268,38,2026-01-01
5629,282,9,475,99,2026-01-01
5630,282,10,368,35,2026-01-01
5631,282,11,325,71,2026-01-01
5632,282,12,34,52,2026-01-01
5633,282,13,197,75,2026-01-01
5634,282,14,247,80,2026-01-01
5635,282,15,63,51,2026-01-01
5636,282,16,409,69,2026-01-01
5637,282,17,497,77,2026-01-01
5638,282,18,43,71,2026-01-01
5639,282,19,440,58,2026-01-01
5640,282,20,17,21,2026-01-01
5641,283,1,345,49,2026-01-01
5642,283,2,280,59,2026-01-01
5643,283,3,394,49,2026-01-01
5644,283,4,269,84,2026-01-01
5645,283,5,303,43,2026-01-01
5646,283,6,374,69,2026-01-01
5647,283,7,96,36,2026-01-01
5648,283,8,477,36,2026-01-01
5649,283,9,198,51,2026-01-01
5650,283,10,339,73,2026-01-01
5651,283,11,364,22,2026-01-01
5652,283,12,90,52,2026-01-01
5653,283,13,73,25,2026-01-01
5654,283,14,285,88,2026-01-01
5655,283,15,34,66,2026-01-01
5656,283,16,222,22,2026-01-01
5657,283,17,97,58,2026-01-01
5658,283,18,51,89,2026-01-01
5659,283,19,315,41,2026-01-01
5660,283,20,148,62,2026-01-01
5661,284,1,100,21,2026-01-01
5662,284,2,481,72,2026-01-01
5663,284,3,114,91,2026-01-01
5664,284,4,4,52,2026-01-01
5665,284,5,258,28,2026-01-01
5666,284,6,55,64,2026-01-01
5667,284,7,415,87,2026-01-01
5668,284,8,471,77,2026-01-01
5669,284,9,30,34,2026-01-01
5670,284,10,342,29,2026-01-01
5671,284,11,256,71,2026-01-01
5672,284,12,431,84,2026-01-01
5673,284,13,375,67,2026-01-01
5674,284,14,340,30,2026-01-01
5675,284,15,284,64,2026-01-01
5676,284,16,26,63,2026-01-01
5677,284,17,180,35,2026-01-01
5678,284,18,139,38,2026-01-01
5679,284,19,387,49,2026-01-01
5680,284,20,147,87,2026-01-01
5681,285,1,353,52,2026-01-01
5682,285,2,295,38,2026-01-01
5683,285,3,102,30,2026-01-01
5684,285,4,408,48,2026-01-01
5685,285,5,144,78,2026-01-01
5686,285,6,57,23,2026-01-01
5687,285,7,257,27,2026-01-01
5688,285,8,148,52,2026-01-01
5689,285,9,15,20,2026-01-01
5690,285,10,168,83,2026-01-01
5691,285,11,171,68,2026-01-01
5692,285,12,250,59,2026-01-01
5693,285,13,279,56,2026-01-01
5694,285,14,5,21,2026-01-01
5695,285,15,347,94,2026-01-01
5696,285,16,392,24,2026-01-01
5697,285,17,215,24,2026-01-01
5698,285,18,115,65,2026-01-01
5699,285,19,9,52,2026-01-01
5700,285,20,15,78,2026-01-01
5701,286,1,184,63,2026-01-01
5702,286,2,461,77,2026-01-01
5703,286,3,71,40,2026-01-01
5704,286,4,426,31,2026-01-01
5705,286,5,30,59,2026-01-01
5706,286,6,382,78,2026-01-01
5707,286,7,215,32,2026-01-01
5708,286,8,473,81,2026-01-01
5709,286,9,182,74,2026-01-01
5710,286,10,250,97,2026-01-01
5711,286,11,484,49,2026-01-01
5712,286,12,209,36,2026-01-01
5713,286,13,145,52,2026-01-01
5714,286,14,115,21,2026-01-01
5715,286,15,66,51,2026-01-01
5716,286,16,136,55,2026-01-01
5717,286,17,492,54,2026-01-01
5718,286,18,482,39,2026-01-01
5719,286,19,443,91,2026-01-01
5720,286,20,68,66,2026-01-01
5721,287,1,426,77,2026-01-01
5722,287,2,81,23,2026-01-01
5723,287,3,339,29,2026-01-01
5724,287,4,197,52,2026-01-01
5725,287,5,9,48,2026-01-01
5726,287,6,270,40,2026-01-01
5727,287,7,46,89,2026-01-01
5728,287,8,393,68,2026-01-01
5729,287,9,380,86,2026-01-01
5730,287,10,14,71,2026-01-01
5731,287,11,159,23,2026-01-01
5732,287,12,454,85,2026-01-01
5733,287,13,143,85,2026-01-01
5734,287,14,290,21,2026-01-01
5735,287,15,430,58,2026-01-01
5736,287,16,70,76,2026-01-01
5737,287,17,360,50,2026-01-01
5738,287,18,34,92,2026-01-01
5739,287,19,8,77,2026-01-01
5740,287,20,263,100,2026-01-01
5741,288,1,77,54,2026-01-01
5742,288,2,496,31,2026-01-01
5743,288,3,233,35,2026-01-01
5744,288,4,130,46,2026-01-01
5745,288,5,497,60,2026-01-01
5746,288,6,322,31,2026-01-01
5747,288,7,76,53,2026-01-01
5748,288,8,258,72,2026-01-01
5749,288,9,439,29,2026-01-01
5750,288,10,183,65,2026-01-01
5751,288,11,474,64,2026-01-01
5752,288,12,467,82,2026-01-01
5753,288,13,147,86,2026-01-01
5754,288,14,454,57,2026-01-01
5755,288,15,290,21,2026-01-01
5756,288,16,53,49,2026-01-01
5757,288,17,441,26,2026-01-01
5758,288,18,184,63,2026-01-01
5759,288,19,413,100,2026-01-01
5760,288,20,214,25,2026-01-01
5761,289,1,23,69,2026-01-01
5762,289,2,148,86,2026-01-01
5763,289,3,469,94,2026-01-01
5764,289,4,372,42,2026-01-01
5765,289,5,435,84,2026-01-01
5766,289,6,207,67,2026-01-01
5767,289,7,258,54,2026-01-01
5768,289,8,408,66,2026-01-01
5769,289,9,132,25,2026-01-01
5770,289,10,265,65,2026-01-01
5771,289,11,318,25,2026-01-01
5772,289,12,291,56,2026-01-01
5773,289,13,225,64,2026-01-01
5774,289,14,256,50,2026-01-01
5775,289,15,135,79,2026-01-01
5776,289,16,463,78,2026-01-01
5777,289,17,70,54,2026-01-01
5778,289,18,314,40,2026-01-01
5779,289,19,135,95,2026-01-01
5780,289,20,318,99,2026-01-01
5781,290,1,329,86,2026-01-01
5782,290,2,10,28,2026-01-01
5783,290,3,6,94,2026-01-01
5784,290,4,244,96,2026-01-01
5785,290,5,206,78,2026-01-01
5786,290,6,374,81,2026-01-01
5787,290,7,28,96,2026-01-01
5788,290,8,274,45,2026-01-01
5789,290,9,8,60,2026-01-01
5790,290,10,455,38,2026-01-01
5791,290,11,497,48,2026-01-01
5792,290,12,168,39,2026-01-01
5793,290,13,2,27,2026-01-01
5794,290,14,222,91,2026-01-01
5795,290,15,174,90,2026-01-01
5796,290,16,39,72,2026-01-01
5797,290,17,349,37,2026-01-01
5798,290,18,138,47,2026-01-01
5799,290,19,100,60,2026-01-01
5800,290,20,287,40,2026-01-01
5801,291,1,175,62,2026-01-01
5802,291,2,293,47,2026-01-01
5803,291,3,229,55,2026-01-01
5804,291,4,65,49,2026-01-01
5805,291,5,47,92,2026-01-01
5806,291,6,480,81,2026-01-01
5807,291,7,440,34,2026-01-01
5808,291,8,77,66,2026-01-01
5809,291,9,74,29,2026-01-01
5810,291,10,335,33,2026-01-01
5811,291,11,90,40,2026-01-01
5812,291,12,74,80,2026-01-01
5813,291,13,52,31,2026-01-01
5814,291,14,55,94,2026-01-01
5815,291,15,406,46,2026-01-01
5816,291,16,448,73,2026-01-01
5817,291,17,288,84,2026-01-01
5818,291,18,102,85,2026-01-01
5819,291,19,437,46,2026-01-01
5820,291,20,26,70,2026-01-01
5821,292,1,95,95,2026-01-01
5822,292,2,249,60,2026-01-01
5823,292,3,320,36,2026-01-01
5824,292,4,352,36,2026-01-01
5825,292,5,106,50,2026-01-01
5826,292,6,33,49,2026-01-01
5827,292,7,138,21,2026-01-01
5828,292,8,458,71,2026-01-01
5829,292,9,496,79,2026-01-01
5830,292,10,152,84,2026-01-01
5831,292,11,445,36,2026-01-01
5832,292,12,249,97,2026-01-01
5833,292,13,161,80,2026-01-01
5834,292,14,473,77,2026-01-01
5835,292,15,490,76,2026-01-01
5836,292,16,474,71,2026-01-01
5837,292,17,227,48,2026-01-01
5838,292,18,391,22,2026-01-01
5839,292,19,245,23,2026-01-01
5840,292,20,369,37,2026-01-01
5841,293,1,393,73,2026-01-01
5842,293,2,285,54,2026-01-01
5843,293,3,132,37,2026-01-01
5844,293,4,234,71,2026-01-01
5845,293,5,344,83,2026-01-01
5846,293,6,453,83,2026-01-01
5847,293,7,400,51,2026-01-01
5848,293,8,130,76,2026-01-01
5849,293,9,42,46,2026-01-01
5850,293,10,436,43,2026-01-01
5851,293,11,466,49,2026-01-01
5852,293,12,443,51,2026-01-01
5853,293,13,489,92,2026-01-01
5854,293,14,126,59,2026-01-01
5855,293,15,155,76,2026-01-01
5856,293,16,73,100,2026-01-01
5857,293,17,419,42,2026-01-01
5858,293,18,255,41,2026-01-01
5859,293,19,82,20,2026-01-01
5860,293,20,287,78,2026-01-01
5861,294,1,275,40,2026-01-01
5862,294,2,338,20,2026-01-01
5863,294,3,297,68,2026-01-01
5864,294,4,305,68,2026-01-01
5865,294,5,156,31,2026-01-01
5866,294,6,380,92,2026-01-01
5867,294,7,316,69,2026-01-01
5868,294,8,69,58,2026-01-01
5869,294,9,300,77,2026-01-01
5870,294,10,82,96,2026-01-01
5871,294,11,181,94,2026-01-01
5872,294,12,372,31,2026-01-01
5873,294,13,68,34,2026-01-01
5874,294,14,176,91,2026-01-01
5875,294,15,112,99,2026-01-01
5876,294,16,50,42,2026-01-01
5877,294,17,396,60,2026-01-01
5878,294,18,1,78,2026-01-01
5879,294,19,56,24,2026-01-01
5880,294,20,448,33,2026-01-01
5881,295,1,305,98,2026-01-01
5882,295,2,163,68,2026-01-01
5883,295,3,326,38,2026-01-01
5884,295,4,349,79,2026-01-01
5885,295,5,288,36,2026-01-01
5886,295,6,437,23,2026-01-01
5887,295,7,88,100,2026-01-01
5888,295,8,293,85,2026-01-01
5889,295,9,28,56,2026-01-01
5890,295,10,418,98,2026-01-01
5891,295,11,417,93,2026-01-01
5892,295,12,453,27,2026-01-01
5893,295,13,460,69,2026-01-01
5894,295,14,231,82,2026-01-01
5895,295,15,384,29,2026-01-01
5896,295,16,24,61,2026-01-01
5897,295,17,161,71,2026-01-01
5898,295,18,84,47,2026-01-01
5899,295,19,152,49,2026-01-01
5900,295,20,348,72,2026-01-01
5901,296,1,499,97,2026-01-01
5902,296,2,287,90,2026-01-01
5903,296,3,376,64,2026-01-01
5904,296,4,401,97,2026-01-01
5905,296,5,2,74,2026-01-01
5906,296,6,441,68,2026-01-01
5907,296,7,0,84,2026-01-01
5908,296,8,414,26,2026-01-01
5909,296,9,67,67,2026-01-01
5910,296,10,245,31,2026-01-01
5911,296,11,88,53,2026-01-01
5912,296,12,47,25,2026-01-01
5913,296,13,273,31,2026-01-01
5914,296,14,256,40,2026-01-01
5915,296,15,295,49,2026-01-01
5916,296,16,281,25,2026-01-01
5917,296,17,365,22,2026-01-01
5918,296,18,398,36,2026-01-01
5919,296,19,304,52,2026-01-01
5920,296,20,425,92,2026-01-01
5921,297,1,71,70,2026-01-01
5922,297,2,165,31,2026-01-01
5923,297,3,218,91,2026-01-01
5924,297,4,125,23,2026-01-01
5925,297,5,12,83,2026-01-01
5926,297,6,82,77,2026-01-01
5927,297,7,240,77,2026-01-01
5928,297,8,215,70,2026-01-01
5929,297,9,117,53,2026-01-01
5930,297,10,279,47,2026-01-01
5931,297,11,96,43,2026-01-01
5932,297,12,307,22,2026-01-01
5933,297,13,214,31,2026-01-01
5934,297,14,371,28,2026-01-01
5935,297,15,419,38,2026-01-01
5936,297,16,464,64,2026-01-01
5937,297,17,277,65,2026-01-01
5938,297,18,346,36,2026-01-01
5939,297,19,314,63,2026-01-01
5940,297,20,299,81,2026-01-01
5941,298,1,465,83,2026-01-01
5942,298,2,81,29,2026-01-01
5943,298,3,161,74,2026-01-01
5944,298,4,24,20,2026-01-01
5945,298,5,137,81,2026-01-01
5946,298,6,13,36,2026-01-01
5947,298,7,202,88,2026-01-01
5948,298,8,168,74,2026-01-01
5949,298,9,119,61,2026-01-01
5950,298,10,334,22,2026-01-01
5951,298,11,145,84,2026-01-01
5952,298,12,469,77,2026-01-01
5953,298,13,280,24,2026-01-01
5954,298,14,385,77,2026-01-01
5955,298,15,482,42,2026-01-01
5956,298,16,417,63,2026-01-01
5957,298,17,299,51,2026-01-01
5958,298,18,94,73,2026-01-01
5959,298,19,460,87,2026-01-01
5960,298,20,312,94,2026-01-01
5961,299,1,5,43,2026-01-01
5962,299,2,135,43,2026-01-01
5963,299,3,279,35,2026-01-01
5964,299,4,115,27,2026-01-01
5965,299,5,199,61,2026-01-01
5966,299,6,145,86,2026-01-01
5967,299,7,119,70,2026-01-01
5968,299,8,115,67,2026-01-01
5969,299,9,264,40,2026-01-01
5970,299,10,167,36,2026-01-01
5971,299,11,399,66,2026-01-01
5972,299,12,279,78,2026-01-01
5973,299,13,338,79,2026-01-01
5974,299,14,192,26,2026-01-01
5975,299,15,169,61,2026-01-01
5976,299,16,436,97,2026-01-01
5977,299,17,181,94,2026-01-01
5978,299,18,331,48,2026-01-01
5979,299,19,74,69,2026-01-01
5980,299,20,9,93,2026-01-01
5981,300,1,336,61,2026-01-01
5982,300,2,282,99,2026-01-01
5983,300,3,18,92,2026-01-01
5984,300,4,62,74,2026-01-01
5985,300,5,280,99,2026-01-01
5986,300,6,447,35,2026-01-01
5987,300,7,97,98,2026-01-01
5988,300,8,139,22,2026-01-01
5989,300,9,14,51,2026-01-01
5990,300,10,217,28,2026-01-01
5991,300,11,461,31,2026-01-01
5992,300,12,389,79,2026-01-01
5993,300,13,133,47,2026-01-01
5994,300,14,372,70,2026-01-01
5995,300,15,285,25,2026-01-01
5996,300,16,400,32,2026-01-01
5997,300,17,208,93,2026-01-01
5998,300,18,13,54,2026-01-01
5999,300,19,45,64,2026-01-01
6000,300,20,239,67,2026-01-01
6001,301,1,36,58,2026-01-01
6002,301,2,175,92,2026-01-01
6003,301,3,336,77,2026-01-01
6004,301,4,54,89,2026-01-01
6005,301,5,449,55,2026-01-01
6006,301,6,400,69,2026-01-01
6007,301,7,105,85,2026-01-01
6008,301,8,24,88,2026-01-01
6009,301,9,122,70,2026-01-01
6010,301,10,166,37,2026-01-01
6011,301,11,492,21,2026-01-01
6012,301,12,369,36,2026-01-01
6013,301,13,196,91,2026-01-01
6014,301,14,278,61,2026-01-01
6015,301,15,286,86,2026-01-01
6016,301,16,120,91,2026-01-01
6017,301,17,222,92,2026-01-01
6018,301,18,485,69,2026-01-01
6019,301,19,320,74,2026-01-01
6020,301,20,157,55,2026-01-01
6021,302,1,120,39,2026-01-01
6022,302,2,491,37,2026-01-01
6023,302,3,358,97,2026-01-01
6024,302,4,166,46,2026-01-01
6025,302,5,30,77,2026-01-01
6026,302,6,295,45,2026-01-01
6027,302,7,103,21,2026-01-01
6028,302,8,155,34,2026-01-01
6029,302,9,261,26,2026-01-01
6030,302,10,376,40,2026-01-01
6031,302,11,20,43,2026-01-01
6032,302,12,343,28,2026-01-01
6033,302,13,108,32,2026-01-01
6034,302,14,234,48,2026-01-01
6035,302,15,441,64,2026-01-01
6036,302,16,244,58,2026-01-01
6037,302,17,233,25,2026-01-01
6038,302,18,161,63,2026-01-01
6039,302,19,333,26,2026-01-01
6040,302,20,6,79,2026-01-01
6041,303,1,113,96,2026-01-01
6042,303,2,109,63,2026-01-01
6043,303,3,490,62,2026-01-01
6044,303,4,369,95,2026-01-01
6045,303,5,432,35,2026-01-01
6046,303,6,317,98,2026-01-01
6047,303,7,289,75,2026-01-01
6048,303,8,90,55,2026-01-01
6049,303,9,7,92,2026-01-01
6050,303,10,372,62,2026-01-01
6051,303,11,77,99,2026-01-01
6052,303,12,401,80,2026-01-01
6053,303,13,205,83,2026-01-01
6054,303,14,381,77,2026-01-01
6055,303,15,335,78,2026-01-01
6056,303,16,324,84,2026-01-01
6057,303,17,229,77,2026-01-01
6058,303,18,154,65,2026-01-01
6059,303,19,4,81,2026-01-01
6060,303,20,221,81,2026-01-01
6061,304,1,413,64,2026-01-01
6062,304,2,24,39,2026-01-01
6063,304,3,167,59,2026-01-01
6064,304,4,39,85,2026-01-01
6065,304,5,83,28,2026-01-01
6066,304,6,60,93,2026-01-01
6067,304,7,165,52,2026-01-01
6068,304,8,17,42,2026-01-01
6069,304,9,356,47,2026-01-01
6070,304,10,131,40,2026-01-01
6071,304,11,63,28,2026-01-01
6072,304,12,139,55,2026-01-01
6073,304,13,485,25,2026-01-01
6074,304,14,483,64,2026-01-01
6075,304,15,336,60,2026-01-01
6076,304,16,189,95,2026-01-01
6077,304,17,473,43,2026-01-01
6078,304,18,338,75,2026-01-01
6079,304,19,333,98,2026-01-01
6080,304,20,385,81,2026-01-01
6081,305,1,499,29,2026-01-01
6082,305,2,216,60,2026-01-01
6083,305,3,376,37,2026-01-01
6084,305,4,209,36,2026-01-01
6085,305,5,463,38,2026-01-01
6086,305,6,95,28,2026-01-01
6087,305,7,134,60,2026-01-01
6088,305,8,44,38,2026-01-01
6089,305,9,16,40,2026-01-01
6090,305,10,20,95,2026-01-01
6091,305,11,325,87,2026-01-01
6092,305,12,384,87,2026-01-01
6093,305,13,148,46,2026-01-01
6094,305,14,406,76,2026-01-01
6095,305,15,11,45,2026-01-01
6096,305,16,438,90,2026-01-01
6097,305,17,234,92,2026-01-01
6098,305,18,238,82,2026-01-01
6099,305,19,40,35,2026-01-01
6100,305,20,364,97,2026-01-01
6101,306,1,436,23,2026-01-01
6102,306,2,439,48,2026-01-01
6103,306,3,2,49,2026-01-01
6104,306,4,116,94,2026-01-01
6105,306,5,9,73,2026-01-01
6106,306,6,398,56,2026-01-01
6107,306,7,6,90,2026-01-01
6108,306,8,245,69,2026-01-01
6109,306,9,31,71,2026-01-01
6110,306,10,441,63,2026-01-01
6111,306,11,463,97,2026-01-01
6112,306,12,273,51,2026-01-01
6113,306,13,63,60,2026-01-01
6114,306,14,239,100,2026-01-01
6115,306,15,64,61,2026-01-01
6116,306,16,46,28,2026-01-01
6117,306,17,186,81,2026-01-01
6118,306,18,125,30,2026-01-01
6119,306,19,487,85,2026-01-01
6120,306,20,450,83,2026-01-01
6121,307,1,95,38,2026-01-01
6122,307,2,189,70,2026-01-01
6123,307,3,148,48,2026-01-01
6124,307,4,340,71,2026-01-01
6125,307,5,372,49,2026-01-01
6126,307,6,367,43,2026-01-01
6127,307,7,229,82,2026-01-01
6128,307,8,22,69,2026-01-01
6129,307,9,144,36,2026-01-01
6130,307,10,472,65,2026-01-01
6131,307,11,78,30,2026-01-01
6132,307,12,270,52,2026-01-01
6133,307,13,59,90,2026-01-01
6134,307,14,439,44,2026-01-01
6135,307,15,133,60,2026-01-01
6136,307,16,4,25,2026-01-01
6137,307,17,336,47,2026-01-01
6138,307,18,137,42,2026-01-01
6139,307,19,346,94,2026-01-01
6140,307,20,151,33,2026-01-01
6141,308,1,48,21,2026-01-01
6142,308,2,424,36,2026-01-01
6143,308,3,337,56,2026-01-01
6144,308,4,243,87,2026-01-01
6145,308,5,466,38,2026-01-01
6146,308,6,314,41,2026-01-01
6147,308,7,427,76,2026-01-01
6148,308,8,385,92,2026-01-01
6149,308,9,14,34,2026-01-01
6150,308,10,76,79,2026-01-01
6151,308,11,450,73,2026-01-01
6152,308,12,462,92,2026-01-01
6153,308,13,316,40,2026-01-01
6154,308,14,488,94,2026-01-01
6155,308,15,139,22,2026-01-01
6156,308,16,300,64,2026-01-01
6157,308,17,137,37,2026-01-01
6158,308,18,37,51,2026-01-01
6159,308,19,83,50,2026-01-01
6160,308,20,296,52,2026-01-01
6161,309,1,484,39,2026-01-01
6162,309,2,464,82,2026-01-01
6163,309,3,202,85,2026-01-01
6164,309,4,37,45,2026-01-01
6165,309,5,280,91,2026-01-01
6166,309,6,195,62,2026-01-01
6167,309,7,171,24,2026-01-01
6168,309,8,441,63,2026-01-01
6169,309,9,17,51,2026-01-01
6170,309,10,293,36,2026-01-01
6171,309,11,97,42,2026-01-01
6172,309,12,260,41,2026-01-01
6173,309,13,174,72,2026-01-01
6174,309,14,0,97,2026-01-01
6175,309,15,454,43,2026-01-01
6176,309,16,159,60,2026-01-01
6177,309,17,477,43,2026-01-01
6178,309,18,384,36,2026-01-01
6179,309,19,446,65,2026-01-01
6180,309,20,170,36,2026-01-01
6181,310,1,458,71,2026-01-01
6182,310,2,139,20,2026-01-01
6183,310,3,159,91,2026-01-01
6184,310,4,216,46,2026-01-01
6185,310,5,465,92,2026-01-01
6186,310,6,308,57,2026-01-01
6187,310,7,142,59,2026-01-01
6188,310,8,296,68,2026-01-01
6189,310,9,211,78,2026-01-01
6190,310,10,127,75,2026-01-01
6191,310,11,479,57,2026-01-01
6192,310,12,450,60,2026-01-01
6193,310,13,219,90,2026-01-01
6194,310,14,453,25,2026-01-01
6195,310,15,2,61,2026-01-01
6196,310,16,492,84,2026-01-01
6197,310,17,213,98,2026-01-01
6198,310,18,285,26,2026-01-01
6199,310,19,197,68,2026-01-01
6200,310,20,497,80,2026-01-01
6201,311,1,293,73,2026-01-01
6202,311,2,183,34,2026-01-01
6203,311,3,324,48,2026-01-01
6204,311,4,15,26,2026-01-01
6205,311,5,312,98,2026-01-01
6206,311,6,210,63,2026-01-01
6207,311,7,434,47,2026-01-01
6208,311,8,248,80,2026-01-01
6209,311,9,303,82,2026-01-01
6210,311,10,216,34,2026-01-01
6211,311,11,345,37,2026-01-01
6212,311,12,331,97,2026-01-01
6213,311,13,210,47,2026-01-01
6214,311,14,113,92,2026-01-01
6215,311,15,26,61,2026-01-01
6216,311,16,167,78,2026-01-01
6217,311,17,188,67,2026-01-01
6218,311,18,410,25,2026-01-01
6219,311,19,305,28,2026-01-01
6220,311,20,158,98,2026-01-01
6221,312,1,418,50,2026-01-01
6222,312,2,68,33,2026-01-01
6223,312,3,233,94,2026-01-01
6224,312,4,151,46,2026-01-01
6225,312,5,430,25,2026-01-01
6226,312,6,164,73,2026-01-01
6227,312,7,268,74,2026-01-01
6228,312,8,378,100,2026-01-01
6229,312,9,120,41,2026-01-01
6230,312,10,217,25,2026-01-01
6231,312,11,140,21,2026-01-01
6232,312,12,23,62,2026-01-01
6233,312,13,26,36,2026-01-01
6234,312,14,294,32,2026-01-01
6235,312,15,196,48,2026-01-01
6236,312,16,256,63,2026-01-01
6237,312,17,236,35,2026-01-01
6238,312,18,407,46,2026-01-01
6239,312,19,170,77,2026-01-01
6240,312,20,174,91,2026-01-01
6241,313,1,493,42,2026-01-01
6242,313,2,424,65,2026-01-01
6243,313,3,223,24,2026-01-01
6244,313,4,231,72,2026-01-01
6245,313,5,60,80,2026-01-01
6246,313,6,365,64,2026-01-01
6247,313,7,493,82,2026-01-01
6248,313,8,321,35,2026-01-01
6249,313,9,209,50,2026-01-01
6250,313,10,269,90,2026-01-01
6251,313,11,183,69,2026-01-01
6252,313,12,408,97,2026-01-01
6253,313,13,139,70,2026-01-01
6254,313,14,43,76,2026-01-01
6255,313,15,355,44,2026-01-01
6256,313,16,0,46,2026-01-01
6257,313,17,219,63,2026-01-01
6258,313,18,168,35,2026-01-01
6259,313,19,67,29,2026-01-01
6260,313,20,459,92,2026-01-01
6261,314,1,5,47,2026-01-01
6262,314,2,39,63,2026-01-01
6263,314,3,129,68,2026-01-01
6264,314,4,280,48,2026-01-01
6265,314,5,453,100,2026-01-01
6266,314,6,12,82,2026-01-01
6267,314,7,485,45,2026-01-01
6268,314,8,304,81,2026-01-01
6269,314,9,171,58,2026-01-01
6270,314,10,90,93,2026-01-01
6271,314,11,270,91,2026-01-01
6272,314,12,356,50,2026-01-01
6273,314,13,30,80,2026-01-01
6274,314,14,464,78,2026-01-01
6275,314,15,357,30,2026-01-01
6276,314,16,358,39,2026-01-01
6277,314,17,17,52,2026-01-01
6278,314,18,124,40,2026-01-01
6279,314,19,189,93,2026-01-01
6280,314,20,267,77,2026-01-01
6281,315,1,269,23,2026-01-01
6282,315,2,130,34,2026-01-01
6283,315,3,251,67,2026-01-01
6284,315,4,384,39,2026-01-01
6285,315,5,271,51,2026-01-01
6286,315,6,497,100,2026-01-01
6287,315,7,395,58,2026-01-01
6288,315,8,145,92,2026-01-01
6289,315,9,246,86,2026-01-01
6290,315,10,445,67,2026-01-01
6291,315,11,433,43,2026-01-01
6292,315,12,37,69,2026-01-01
6293,315,13,245,81,2026-01-01
6294,315,14,291,31,2026-01-01
6295,315,15,235,43,2026-01-01
6296,315,16,258,94,2026-01-01
6297,315,17,91,73,2026-01-01
6298,315,18,71,46,2026-01-01
6299,315,19,364,85,2026-01-01
6300,315,20,411,25,2026-01-01
6301,316,1,354,84,2026-01-01
6302,316,2,51,25,2026-01-01
6303,316,3,17,41,2026-01-01
6304,316,4,298,82,2026-01-01
6305,316,5,339,26,2026-01-01
6306,316,6,364,92,2026-01-01
6307,316,7,341,73,2026-01-01
6308,316,8,39,24,2026-01-01
6309,316,9,413,47,2026-01-01
6310,316,10,399,27,2026-01-01
6311,316,11,336,42,2026-01-01
6312,316,12,458,48,2026-01-01
6313,316,13,382,65,2026-01-01
6314,316,14,394,31,2026-01-01
6315,316,15,418,72,2026-01-01
6316,316,16,422,77,2026-01-01
6317,316,17,148,47,2026-01-01
6318,316,18,429,44,2026-01-01
6319,316,19,218,93,2026-01-01
6320,316,20,187,30,2026-01-01
6321,317,1,145,95,2026-01-01
6322,317,2,36,39,2026-01-01
6323,317,3,494,75,2026-01-01
6324,317,4,447,96,2026-01-01
6325,317,5,393,31,2026-01-01
6326,317,6,300,67,2026-01-01
6327,317,7,242,64,2026-01-01
6328,317,8,302,21,2026-01-01
6329,317,9,195,73,2026-01-01
6330,317,10,419,40,2026-01-01
6331,317,11,364,95,2026-01-01
6332,317,12,314,45,2026-01-01
6333,317,13,188,39,2026-01-01
6334,317,14,65,39,2026-01-01
6335,317,15,319,81,2026-01-01
6336,317,16,408,81,2026-01-01
6337,317,17,474,95,2026-01-01
6338,317,18,89,59,2026-01-01
6339,317,19,62,64,2026-01-01
6340,317,20,52,26,2026-01-01
6341,318,1,177,68,2026-01-01
6342,318,2,248,80,2026-01-01
6343,318,3,10,95,2026-01-01
6344,318,4,7,36,2026-01-01
6345,318,5,138,35,2026-01-01
6346,318,6,290,64,2026-01-01
6347,318,7,449,41,2026-01-01
6348,318,8,279,87,2026-01-01
6349,318,9,8,92,2026-01-01
6350,318,10,108,37,2026-01-01
6351,318,11,488,95,2026-01-01
6352,318,12,67,34,2026-01-01
6353,318,13,482,25,2026-01-01
6354,318,14,177,87,2026-01-01
6355,318,15,416,48,2026-01-01
6356,318,16,221,60,2026-01-01
6357,318,17,45,38,2026-01-01
6358,318,18,6,28,2026-01-01
6359,318,19,389,31,2026-01-01
6360,318,20,338,65,2026-01-01
6361,319,1,59,31,2026-01-01
6362,319,2,373,92,2026-01-01
6363,319,3,254,27,2026-01-01
6364,319,4,242,42,2026-01-01
6365,319,5,146,92,2026-01-01
6366,319,6,116,77,2026-01-01
6367,319,7,469,88,2026-01-01
6368,319,8,484,21,2026-01-01
6369,319,9,242,20,2026-01-01
6370,319,10,456,65,2026-01-01
6371,319,11,389,63,2026-01-01
6372,319,12,112,37,2026-01-01
6373,319,13,214,20,2026-01-01
6374,319,14,200,71,2026-01-01
6375,319,15,87,62,2026-01-01
6376,319,16,12,38,2026-01-01
6377,319,17,208,99,2026-01-01
6378,319,18,220,80,2026-01-01
6379,319,19,376,21,2026-01-01
6380,319,20,288,50,2026-01-01
6381,320,1,425,39,2026-01-01
6382,320,2,171,93,2026-01-01
6383,320,3,88,58,2026-01-01
6384,320,4,201,44,2026-01-01
6385,320,5,381,69,2026-01-01
6386,320,6,298,92,2026-01-01
6387,320,7,402,38,2026-01-01
6388,320,8,88,96,2026-01-01
6389,320,9,128,68,2026-01-01
6390,320,10,174,24,2026-01-01
6391,320,11,315,97,2026-01-01
6392,320,12,252,69,2026-01-01
6393,320,13,55,39,2026-01-01
6394,320,14,209,33,2026-01-01
6395,320,15,104,38,2026-01-01
6396,320,16,261,30,2026-01-01
6397,320,17,285,52,2026-01-01
6398,320,18,98,28,2026-01-01
6399,320,19,116,49,2026-01-01
6400,320,20,227,47,2026-01-01
6401,321,1,303,97,2026-01-01
6402,321,2,26,23,2026-01-01
6403,321,3,104,30,2026-01-01
6404,321,4,105,63,2026-01-01
6405,321,5,453,33,2026-01-01
6406,321,6,405,53,2026-01-01
6407,321,7,320,73,2026-01-01
6408,321,8,492,49,2026-01-01
6409,321,9,87,60,2026-01-01
6410,321,10,433,26,2026-01-01
6411,321,11,14,26,2026-01-01
6412,321,12,36,62,2026-01-01
6413,321,13,427,85,2026-01-01
6414,321,14,167,79,2026-01-01
6415,321,15,473,37,2026-01-01
6416,321,16,6,66,2026-01-01
6417,321,17,235,88,2026-01-01
6418,321,18,135,50,2026-01-01
6419,321,19,112,30,2026-01-01
6420,321,20,73,25,2026-01-01
6421,322,1,2,54,2026-01-01
6422,322,2,152,38,2026-01-01
6423,322,3,215,73,2026-01-01
6424,322,4,118,95,2026-01-01
6425,322,5,238,20,2026-01-01
6426,322,6,86,87,2026-01-01
6427,322,7,35,31,2026-01-01
6428,322,8,410,67,2026-01-01
6429,322,9,164,35,2026-01-01
6430,322,10,232,26,2026-01-01
6431,322,11,85,45,2026-01-01
6432,322,12,350,99,2026-01-01
6433,322,13,446,31,2026-01-01
6434,322,14,11,72,2026-01-01
6435,322,15,443,67,2026-01-01
6436,322,16,321,36,2026-01-01
6437,322,17,490,60,2026-01-01
6438,322,18,419,45,2026-01-01
6439,322,19,132,60,2026-01-01
6440,322,20,234,76,2026-01-01
6441,323,1,431,26,2026-01-01
6442,323,2,101,96,2026-01-01
6443,323,3,332,57,2026-01-01
6444,323,4,193,25,2026-01-01
6445,323,5,351,48,2026-01-01
6446,323,6,66,28,2026-01-01
6447,323,7,233,97,2026-01-01
6448,323,8,161,46,2026-01-01
6449,323,9,343,80,2026-01-01
6450,323,10,257,52,2026-01-01
6451,323,11,297,95,2026-01-01
6452,323,12,56,77,2026-01-01
6453,323,13,35,89,2026-01-01
6454,323,14,344,65,2026-01-01
6455,323,15,460,57,2026-01-01
6456,323,16,482,93,2026-01-01
6457,323,17,370,50,2026-01-01
6458,323,18,251,56,2026-01-01
6459,323,19,99,99,2026-01-01
6460,323,20,413,51,2026-01-01
6461,324,1,412,35,2026-01-01
6462,324,2,79,20,2026-01-01
6463,324,3,486,42,2026-01-01
6464,324,4,362,69,2026-01-01
6465,324,5,481,82,2026-01-01
6466,324,6,15,57,2026-01-01
6467,324,7,278,38,2026-01-01
6468,324,8,139,34,2026-01-01
6469,324,9,248,25,2026-01-01
6470,324,10,359,94,2026-01-01
6471,324,11,36,98,2026-01-01
6472,324,12,228,41,2026-01-01
6473,324,13,5,86,2026-01-01
6474,324,14,87,88,2026-01-01
6475,324,15,206,65,2026-01-01
6476,324,16,72,63,2026-01-01
6477,324,17,391,28,2026-01-01
6478,324,18,165,22,2026-01-01
6479,324,19,173,44,2026-01-01
6480,324,20,385,83,2026-01-01
6481,325,1,261,47,2026-01-01
6482,325,2,240,77,2026-01-01
6483,325,3,428,31,2026-01-01
6484,325,4,361,23,2026-01-01
6485,325,5,86,29,2026-01-01
6486,325,6,226,67,2026-01-01
6487,325,7,198,55,2026-01-01
6488,325,8,498,76,2026-01-01
6489,325,9,345,40,2026-01-01
6490,325,10,110,36,2026-01-01
6491,325,11,401,69,2026-01-01
6492,325,12,288,47,2026-01-01
6493,325,13,188,69,2026-01-01
6494,325,14,137,61,2026-01-01
6495,325,15,114,95,2026-01-01
6496,325,16,159,73,2026-01-01
6497,325,17,452,30,2026-01-01
6498,325,18,277,98,2026-01-01
6499,325,19,319,24,2026-01-01
6500,325,20,52,66,2026-01-01
6501,326,1,170,82,2026-01-01
6502,326,2,308,90,2026-01-01
6503,326,3,357,23,2026-01-01
6504,326,4,51,97,2026-01-01
6505,326,5,429,80,2026-01-01
6506,326,6,425,48,2026-01-01
6507,326,7,386,72,2026-01-01
6508,326,8,213,40,2026-01-01
6509,326,9,498,75,2026-01-01
6510,326,10,484,61,2026-01-01
6511,326,11,210,33,2026-01-01
6512,326,12,162,64,2026-01-01
6513,326,13,47,37,2026-01-01
6514,326,14,231,55,2026-01-01
6515,326,15,319,94,2026-01-01
6516,326,16,275,69,2026-01-01
6517,326,17,148,96,2026-01-01
6518,326,18,212,67,2026-01-01
6519,326,19,120,67,2026-01-01
6520,326,20,310,22,2026-01-01
6521,327,1,205,95,2026-01-01
6522,327,2,324,60,2026-01-01
6523,327,3,155,56,2026-01-01
6524,327,4,174,87,2026-01-01
6525,327,5,137,84,2026-01-01
6526,327,6,21,38,2026-01-01
6527,327,7,1,47,2026-01-01
6528,327,8,365,76,2026-01-01
6529,327,9,360,75,2026-01-01
6530,327,10,71,82,2026-01-01
6531,327,11,215,25,2026-01-01
6532,327,12,253,72,2026-01-01
6533,327,13,432,86,2026-01-01
6534,327,14,56,45,2026-01-01
6535,327,15,175,41,2026-01-01
6536,327,16,145,65,2026-01-01
6537,327,17,330,39,2026-01-01
6538,327,18,368,92,2026-01-01
6539,327,19,150,68,2026-01-01
6540,327,20,441,38,2026-01-01
6541,328,1,80,73,2026-01-01
6542,328,2,33,58,2026-01-01
6543,328,3,40,91,2026-01-01
6544,328,4,37,59,2026-01-01
6545,328,5,482,33,2026-01-01
6546,328,6,171,68,2026-01-01
6547,328,7,300,35,2026-01-01
6548,328,8,11,72,2026-01-01
6549,328,9,149,74,2026-01-01
6550,328,10,364,77,2026-01-01
6551,328,11,305,64,2026-01-01
6552,328,12,153,64,2026-01-01
6553,328,13,300,100,2026-01-01
6554,328,14,350,68,2026-01-01
6555,328,15,178,20,2026-01-01
6556,328,16,253,45,2026-01-01
6557,328,17,79,99,2026-01-01
6558,328,18,396,78,2026-01-01
6559,328,19,50,39,2026-01-01
6560,328,20,357,47,2026-01-01
6561,329,1,289,62,2026-01-01
6562,329,2,146,91,2026-01-01
6563,329,3,444,30,2026-01-01
6564,329,4,315,24,2026-01-01
6565,329,5,229,68,2026-01-01
6566,329,6,492,98,2026-01-01
6567,329,7,417,46,2026-01-01
6568,329,8,485,89,2026-01-01
6569,329,9,34,91,2026-01-01
6570,329,10,452,40,2026-01-01
6571,329,11,358,39,2026-01-01
6572,329,12,301,32,2026-01-01
6573,329,13,59,39,2026-01-01
6574,329,14,101,65,2026-01-01
6575,329,15,79,24,2026-01-01
6576,329,16,328,95,2026-01-01
6577,329,17,18,90,2026-01-01
6578,329,18,488,76,2026-01-01
6579,329,19,10,83,2026-01-01
6580,329,20,95,62,2026-01-01
6581,330,1,141,86,2026-01-01
6582,330,2,173,24,2026-01-01
6583,330,3,496,83,2026-01-01
6584,330,4,457,65,2026-01-01
6585,330,5,427,99,2026-01-01
6586,330,6,421,75,2026-01-01
6587,330,7,356,62,2026-01-01
6588,330,8,374,21,2026-01-01
6589,330,9,204,79,2026-01-01
6590,330,10,115,52,2026-01-01
6591,330,11,293,88,2026-01-01
6592,330,12,19,57,2026-01-01
6593,330,13,46,31,2026-01-01
6594,330,14,59,31,2026-01-01
6595,330,15,55,58,2026-01-01
6596,330,16,90,44,2026-01-01
6597,330,17,33,30,2026-01-01
6598,330,18,287,99,2026-01-01
6599,330,19,316,64,2026-01-01
6600,330,20,340,24,2026-01-01
6601,331,1,471,67,2026-01-01
6602,331,2,351,98,2026-01-01
6603,331,3,417,34,2026-01-01
6604,331,4,309,65,2026-01-01
6605,331,5,497,70,2026-01-01
6606,331,6,257,66,2026-01-01
6607,331,7,325,61,2026-01-01
6608,331,8,484,84,2026-01-01
6609,331,9,299,60,2026-01-01
6610,331,10,47,49,2026-01-01
6611,331,11,387,77,2026-01-01
6612,331,12,429,56,2026-01-01
6613,331,13,93,94,2026-01-01
6614,331,14,138,84,2026-01-01
6615,331,15,411,81,2026-01-01
6616,331,16,394,22,2026-01-01
6617,331,17,330,24,2026-01-01
6618,331,18,244,70,2026-01-01
6619,331,19,300,47,2026-01-01
6620,331,20,139,82,2026-01-01
6621,332,1,122,69,2026-01-01
6622,332,2,494,69,2026-01-01
6623,332,3,496,38,2026-01-01
6624,332,4,365,76,2026-01-01
6625,332,5,145,41,2026-01-01
6626,332,6,310,83,2026-01-01
6627,332,7,281,57,2026-01-01
6628,332,8,482,45,2026-01-01
6629,332,9,220,38,2026-01-01
6630,332,10,283,89,2026-01-01
6631,332,11,429,32,2026-01-01
6632,332,12,179,78,2026-01-01
6633,332,13,70,66,2026-01-01
6634,332,14,438,77,2026-01-01
6635,332,15,386,63,2026-01-01
6636,332,16,492,67,2026-01-01
6637,332,17,247,63,2026-01-01
6638,332,18,181,66,2026-01-01
6639,332,19,426,83,2026-01-01
6640,332,20,402,58,2026-01-01
6641,333,1,268,98,2026-01-01
6642,333,2,91,57,2026-01-01
6643,333,3,305,35,2026-01-01
6644,333,4,89,53,2026-01-01
6645,333,5,421,45,2026-01-01
6646,333,6,458,34,2026-01-01
6647,333,7,186,40,2026-01-01
6648,333,8,31,49,2026-01-01
6649,333,9,112,85,2026-01-01
6650,333,10,460,99,2026-01-01
6651,333,11,453,53,2026-01-01
6652,333,12,478,46,2026-01-01
6653,333,13,237,39,2026-01-01
6654,333,14,47,95,2026-01-01
6655,333,15,121,97,2026-01-01
6656,333,16,2,60,2026-01-01
6657,333,17,12,68,2026-01-01
6658,333,18,144,38,2026-01-01
6659,333,19,411,21,2026-01-01
6660,333,20,498,56,2026-01-01
6661,334,1,211,91,2026-01-01
6662,334,2,55,37,2026-01-01
6663,334,3,354,59,2026-01-01
6664,334,4,467,20,2026-01-01
6665,334,5,228,86,2026-01-01
6666,334,6,251,66,2026-01-01
6667,334,7,263,46,2026-01-01
6668,334,8,9,76,2026-01-01
6669,334,9,48,45,2026-01-01
6670,334,10,425,79,2026-01-01
6671,334,11,303,35,2026-01-01
6672,334,12,183,82,2026-01-01
6673,334,13,221,31,2026-01-01
6674,334,14,356,65,2026-01-01
6675,334,15,46,51,2026-01-01
6676,334,16,300,70,2026-01-01
6677,334,17,392,38,2026-01-01
6678,334,18,77,89,2026-01-01
6679,334,19,278,62,2026-01-01
6680,334,20,450,74,2026-01-01
6681,335,1,496,55,2026-01-01
6682,335,2,498,31,2026-01-01
6683,335,3,87,59,2026-01-01
6684,335,4,322,45,2026-01-01
6685,335,5,253,56,2026-01-01
6686,335,6,404,51,2026-01-01
6687,335,7,433,31,2026-01-01
6688,335,8,37,90,2026-01-01
6689,335,9,155,38,2026-01-01
6690,335,10,422,20,2026-01-01
6691,335,11,277,40,2026-01-01
6692,335,12,298,62,2026-01-01
6693,335,13,55,100,2026-01-01
6694,335,14,70,98,2026-01-01
6695,335,15,389,51,2026-01-01
6696,335,16,295,95,2026-01-01
6697,335,17,420,52,2026-01-01
6698,335,18,307,99,2026-01-01
6699,335,19,446,94,2026-01-01
6700,335,20,373,99,2026-01-01
6701,336,1,280,67,2026-01-01
6702,336,2,213,50,2026-01-01
6703,336,3,476,49,2026-01-01
6704,336,4,110,52,2026-01-01
6705,336,5,110,63,2026-01-01
6706,336,6,238,37,2026-01-01
6707,336,7,266,55,2026-01-01
6708,336,8,246,75,2026-01-01
6709,336,9,8,31,2026-01-01
6710,336,10,16,95,2026-01-01
6711,336,11,227,58,2026-01-01
6712,336,12,42,58,2026-01-01
6713,336,13,496,90,2026-01-01
6714,336,14,4,22,2026-01-01
6715,336,15,380,26,2026-01-01
6716,336,16,144,85,2026-01-01
6717,336,17,69,47,2026-01-01
6718,336,18,57,94,2026-01-01
6719,336,19,177,97,2026-01-01
6720,336,20,342,92,2026-01-01
6721,337,1,280,99,2026-01-01
6722,337,2,441,93,2026-01-01
6723,337,3,107,45,2026-01-01
6724,337,4,466,63,2026-01-01
6725,337,5,166,99,2026-01-01
6726,337,6,382,57,2026-01-01
6727,337,7,13,92,2026-01-01
6728,337,8,480,88,2026-01-01
6729,337,9,409,66,2026-01-01
6730,337,10,21,53,2026-01-01
6731,337,11,288,63,2026-01-01
6732,337,12,332,95,2026-01-01
6733,337,13,57,29,2026-01-01
6734,337,14,18,64,2026-01-01
6735,337,15,265,100,2026-01-01
6736,337,16,427,50,2026-01-01
6737,337,17,388,100,2026-01-01
6738,337,18,84,51,2026-01-01
6739,337,19,369,88,2026-01-01
6740,337,20,339,91,2026-01-01
6741,338,1,186,31,2026-01-01
6742,338,2,487,99,2026-01-01
6743,338,3,375,57,2026-01-01
6744,338,4,124,47,2026-01-01
6745,338,5,86,96,2026-01-01
6746,338,6,420,99,2026-01-01
6747,338,7,213,70,2026-01-01
6748,338,8,481,84,2026-01-01
6749,338,9,218,32,2026-01-01
6750,338,10,31,22,2026-01-01
6751,338,11,28,93,2026-01-01
6752,338,12,328,80,2026-01-01
6753,338,13,311,31,2026-01-01
6754,338,14,84,46,2026-01-01
6755,338,15,405,29,2026-01-01
6756,338,16,305,29,2026-01-01
6757,338,17,377,87,2026-01-01
6758,338,18,220,81,2026-01-01
6759,338,19,235,56,2026-01-01
6760,338,20,375,80,2026-01-01
6761,339,1,168,68,2026-01-01
6762,339,2,36,28,2026-01-01
6763,339,3,54,55,2026-01-01
6764,339,4,372,39,2026-01-01
6765,339,5,382,67,2026-01-01
6766,339,6,367,35,2026-01-01
6767,339,7,376,66,2026-01-01
6768,339,8,363,52,2026-01-01
6769,339,9,0,74,2026-01-01
6770,339,10,348,22,2026-01-01
6771,339,11,93,45,2026-01-01
6772,339,12,199,56,2026-01-01
6773,339,13,173,78,2026-01-01
6774,339,14,99,85,2026-01-01
6775,339,15,263,89,2026-01-01
6776,339,16,263,28,2026-01-01
6777,339,17,209,33,2026-01-01
6778,339,18,312,20,2026-01-01
6779,339,19,271,33,2026-01-01
6780,339,20,195,46,2026-01-01
6781,340,1,223,72,2026-01-01
6782,340,2,499,91,2026-01-01
6783,340,3,294,91,2026-01-01
6784,340,4,410,63,2026-01-01
6785,340,5,14,66,2026-01-01
6786,340,6,162,23,2026-01-01
6787,340,7,28,58,2026-01-01
6788,340,8,408,48,2026-01-01
6789,340,9,19,69,2026-01-01
6790,340,10,9,41,2026-01-01
6791,340,11,169,94,2026-01-01
6792,340,12,188,63,2026-01-01
6793,340,13,5,99,2026-01-01
6794,340,14,258,38,2026-01-01
6795,340,15,52,87,2026-01-01
6796,340,16,482,82,2026-01-01
6797,340,17,10,75,2026-01-01
6798,340,18,57,57,2026-01-01
6799,340,19,25,52,2026-01-01
6800,340,20,164,73,2026-01-01
6801,341,1,487,57,2026-01-01
6802,341,2,379,76,2026-01-01
6803,341,3,474,39,2026-01-01
6804,341,4,364,63,2026-01-01
6805,341,5,492,95,2026-01-01
6806,341,6,263,63,2026-01-01
6807,341,7,47,72,2026-01-01
6808,341,8,74,97,2026-01-01
6809,341,9,453,86,2026-01-01
6810,341,10,104,84,2026-01-01
6811,341,11,2,38,2026-01-01
6812,341,12,494,76,2026-01-01
6813,341,13,23,86,2026-01-01
6814,341,14,1,59,2026-01-01
6815,341,15,419,54,2026-01-01
6816,341,16,237,23,2026-01-01
6817,341,17,207,92,2026-01-01
6818,341,18,176,79,2026-01-01
6819,341,19,390,49,2026-01-01
6820,341,20,152,67,2026-01-01
6821,342,1,464,99,2026-01-01
6822,342,2,169,81,2026-01-01
6823,342,3,281,24,2026-01-01
6824,342,4,242,92,2026-01-01
6825,342,5,50,86,2026-01-01
6826,342,6,356,66,2026-01-01
6827,342,7,392,22,2026-01-01
6828,342,8,376,94,2026-01-01
6829,342,9,456,21,2026-01-01
6830,342,10,497,22,2026-01-01
6831,342,11,394,68,2026-01-01
6832,342,12,206,20,2026-01-01
6833,342,13,354,22,2026-01-01
6834,342,14,49,93,2026-01-01
6835,342,15,386,30,2026-01-01
6836,342,16,174,51,2026-01-01
6837,342,17,378,97,2026-01-01
6838,342,18,182,37,2026-01-01
6839,342,19,500,58,2026-01-01
6840,342,20,212,68,2026-01-01
6841,343,1,376,73,2026-01-01
6842,343,2,243,93,2026-01-01
6843,343,3,228,35,2026-01-01
6844,343,4,492,86,2026-01-01
6845,343,5,59,30,2026-01-01
6846,343,6,248,44,2026-01-01
6847,343,7,400,89,2026-01-01
6848,343,8,9,86,2026-01-01
6849,343,9,39,95,2026-01-01
6850,343,10,402,89,2026-01-01
6851,343,11,468,33,2026-01-01
6852,343,12,482,73,2026-01-01
6853,343,13,135,45,2026-01-01
6854,343,14,6,37,2026-01-01
6855,343,15,185,43,2026-01-01
6856,343,16,345,35,2026-01-01
6857,343,17,20,81,2026-01-01
6858,343,18,116,83,2026-01-01
6859,343,19,137,65,2026-01-01
6860,343,20,445,31,2026-01-01
6861,344,1,397,86,2026-01-01
6862,344,2,184,64,2026-01-01
6863,344,3,126,81,2026-01-01
6864,344,4,495,49,2026-01-01
6865,344,5,197,21,2026-01-01
6866,344,6,223,79,2026-01-01
6867,344,7,155,42,2026-01-01
6868,344,8,477,46,2026-01-01
6869,344,9,209,90,2026-01-01
6870,344,10,38,28,2026-01-01
6871,344,11,127,45,2026-01-01
6872,344,12,85,78,2026-01-01
6873,344,13,359,100,2026-01-01
6874,344,14,419,90,2026-01-01
6875,344,15,117,62,2026-01-01
6876,344,16,402,29,2026-01-01
6877,344,17,298,32,2026-01-01
6878,344,18,382,44,2026-01-01
6879,344,19,107,56,2026-01-01
6880,344,20,69,52,2026-01-01
6881,345,1,354,85,2026-01-01
6882,345,2,197,20,2026-01-01
6883,345,3,207,79,2026-01-01
6884,345,4,46,40,2026-01-01
6885,345,5,185,26,2026-01-01
6886,345,6,368,86,2026-01-01
6887,345,7,9,89,2026-01-01
6888,345,8,432,37,2026-01-01
6889,345,9,97,58,2026-01-01
6890,345,10,240,22,2026-01-01
6891,345,11,272,60,2026-01-01
6892,345,12,284,55,2026-01-01
6893,345,13,288,90,2026-01-01
6894,345,14,141,87,2026-01-01
6895,345,15,144,44,2026-01-01
6896,345,16,155,97,2026-01-01
6897,345,17,411,37,2026-01-01
6898,345,18,103,26,2026-01-01
6899,345,19,481,20,2026-01-01
6900,345,20,382,98,2026-01-01
6901,346,1,457,61,2026-01-01
6902,346,2,42,57,2026-01-01
6903,346,3,46,31,2026-01-01
6904,346,4,309,30,2026-01-01
6905,346,5,386,20,2026-01-01
6906,346,6,456,85,2026-01-01
6907,346,7,409,80,2026-01-01
6908,346,8,246,34,2026-01-01
6909,346,9,374,41,2026-01-01
6910,346,10,384,68,2026-01-01
6911,346,11,244,62,2026-01-01
6912,346,12,190,97,2026-01-01
6913,346,13,151,43,2026-01-01
6914,346,14,19,95,2026-01-01
6915,346,15,95,27,2026-01-01
6916,346,16,351,64,2026-01-01
6917,346,17,198,54,2026-01-01
6918,346,18,153,88,2026-01-01
6919,346,19,445,91,2026-01-01
6920,346,20,166,41,2026-01-01
6921,347,1,344,64,2026-01-01
6922,347,2,245,36,2026-01-01
6923,347,3,295,78,2026-01-01
6924,347,4,259,82,2026-01-01
6925,347,5,61,78,2026-01-01
6926,347,6,286,73,2026-01-01
6927,347,7,403,91,2026-01-01
6928,347,8,483,75,2026-01-01
6929,347,9,446,50,2026-01-01
6930,347,10,422,46,2026-01-01
6931,347,11,272,50,2026-01-01
6932,347,12,451,94,2026-01-01
6933,347,13,192,71,2026-01-01
6934,347,14,385,57,2026-01-01
6935,347,15,388,30,2026-01-01
6936,347,16,307,72,2026-01-01
6937,347,17,393,46,2026-01-01
6938,347,18,380,22,2026-01-01
6939,347,19,91,92,2026-01-01
6940,347,20,455,67,2026-01-01
6941,348,1,314,46,2026-01-01
6942,348,2,404,30,2026-01-01
6943,348,3,101,81,2026-01-01
6944,348,4,113,84,2026-01-01
6945,348,5,182,73,2026-01-01
6946,348,6,441,91,2026-01-01
6947,348,7,453,65,2026-01-01
6948,348,8,315,57,2026-01-01
6949,348,9,105,86,2026-01-01
6950,348,10,331,48,2026-01-01
6951,348,11,242,26,2026-01-01
6952,348,12,7,24,2026-01-01
6953,348,13,460,63,2026-01-01
6954,348,14,300,77,2026-01-01
6955,348,15,274,71,2026-01-01
6956,348,16,80,92,2026-01-01
6957,348,17,155,86,2026-01-01
6958,348,18,335,91,2026-01-01
6959,348,19,397,87,2026-01-01
6960,348,20,427,91,2026-01-01
6961,349,1,131,35,2026-01-01
6962,349,2,379,25,2026-01-01
6963,349,3,438,64,2026-01-01
6964,349,4,202,91,2026-01-01
6965,349,5,261,27,2026-01-01
6966,349,6,421,30,2026-01-01
6967,349,7,360,31,2026-01-01
6968,349,8,443,91,2026-01-01
6969,349,9,392,26,2026-01-01
6970,349,10,357,47,2026-01-01
6971,349,11,436,23,2026-01-01
6972,349,12,54,98,2026-01-01
6973,349,13,353,96,2026-01-01
6974,349,14,244,100,2026-01-01
6975,349,15,194,35,2026-01-01
6976,349,16,382,31,2026-01-01
6977,349,17,26,37,2026-01-01
6978,349,18,399,29,2026-01-01
6979,349,19,41,68,2026-01-01
6980,349,20,420,22,2026-01-01
6981,350,1,116,48,2026-01-01
6982,350,2,284,53,2026-01-01
6983,350,3,93,77,2026-01-01
6984,350,4,345,68,2026-01-01
6985,350,5,283,20,2026-01-01
6986,350,6,101,34,2026-01-01
6987,350,7,95,75,2026-01-01
6988,350,8,73,79,2026-01-01
6989,350,9,378,50,2026-01-01
6990,350,10,36,48,2026-01-01
6991,350,11,442,65,2026-01-01
6992,350,12,317,56,2026-01-01
6993,350,13,447,76,2026-01-01
6994,350,14,232,32,2026-01-01
6995,350,15,447,47,2026-01-01
6996,350,16,322,68,2026-01-01
6997,350,17,21,26,2026-01-01
6998,350,18,208,57,2026-01-01
6999,350,19,4,85,2026-01-01
7000,350,20,436,43,2026-01-01
7001,351,1,297,67,2026-01-01
7002,351,2,67,30,2026-01-01
7003,351,3,399,85,2026-01-01
7004,351,4,467,78,2026-01-01
7005,351,5,279,26,2026-01-01
7006,351,6,366,23,2026-01-01
7007,351,7,258,43,2026-01-01
7008,351,8,180,39,2026-01-01
7009,351,9,490,35,2026-01-01
7010,351,10,109,22,2026-01-01
7011,351,11,433,99,2026-01-01
7012,351,12,214,34,2026-01-01
7013,351,13,44,21,2026-01-01
7014,351,14,422,37,2026-01-01
7015,351,15,400,40,2026-01-01
7016,351,16,86,32,2026-01-01
7017,351,17,190,23,2026-01-01
7018,351,18,83,88,2026-01-01
7019,351,19,83,61,2026-01-01
7020,351,20,398,37,2026-01-01
7021,352,1,247,67,2026-01-01
7022,352,2,206,56,2026-01-01
7023,352,3,177,39,2026-01-01
7024,352,4,136,37,2026-01-01
7025,352,5,203,32,2026-01-01
7026,352,6,15,78,2026-01-01
7027,352,7,148,74,2026-01-01
7028,352,8,326,71,2026-01-01
7029,352,9,407,86,2026-01-01
7030,352,10,468,41,2026-01-01
7031,352,11,341,56,2026-01-01
7032,352,12,337,84,2026-01-01
7033,352,13,35,90,2026-01-01
7034,352,14,22,99,2026-01-01
7035,352,15,234,94,2026-01-01
7036,352,16,173,45,2026-01-01
7037,352,17,404,97,2026-01-01
7038,352,18,41,33,2026-01-01
7039,352,19,167,20,2026-01-01
7040,352,20,246,67,2026-01-01
7041,353,1,327,73,2026-01-01
7042,353,2,149,29,2026-01-01
7043,353,3,145,43,2026-01-01
7044,353,4,156,97,2026-01-01
7045,353,5,69,99,2026-01-01
7046,353,6,472,71,2026-01-01
7047,353,7,445,89,2026-01-01
7048,353,8,263,59,2026-01-01
7049,353,9,451,40,2026-01-01
7050,353,10,108,41,2026-01-01
7051,353,11,38,40,2026-01-01
7052,353,12,135,79,2026-01-01
7053,353,13,249,57,2026-01-01
7054,353,14,406,95,2026-01-01
7055,353,15,474,39,2026-01-01
7056,353,16,486,58,2026-01-01
7057,353,17,402,24,2026-01-01
7058,353,18,342,32,2026-01-01
7059,353,19,302,53,2026-01-01
7060,353,20,316,98,2026-01-01
7061,354,1,317,28,2026-01-01
7062,354,2,109,44,2026-01-01
7063,354,3,392,29,2026-01-01
7064,354,4,365,22,2026-01-01
7065,354,5,353,82,2026-01-01
7066,354,6,89,88,2026-01-01
7067,354,7,261,94,2026-01-01
7068,354,8,335,87,2026-01-01
7069,354,9,12,93,2026-01-01
7070,354,10,440,33,2026-01-01
7071,354,11,20,50,2026-01-01
7072,354,12,82,88,2026-01-01
7073,354,13,479,73,2026-01-01
7074,354,14,327,52,2026-01-01
7075,354,15,367,89,2026-01-01
7076,354,16,474,77,2026-01-01
7077,354,17,321,22,2026-01-01
7078,354,18,488,26,2026-01-01
7079,354,19,11,43,2026-01-01
7080,354,20,307,81,2026-01-01
7081,355,1,258,56,2026-01-01
7082,355,2,343,60,2026-01-01
7083,355,3,141,66,2026-01-01
7084,355,4,263,91,2026-01-01
7085,355,5,321,82,2026-01-01
7086,355,6,392,20,2026-01-01
7087,355,7,466,81,2026-01-01
7088,355,8,146,49,2026-01-01
7089,355,9,265,94,2026-01-01
7090,355,10,462,75,2026-01-01
7091,355,11,300,67,2026-01-01
7092,355,12,16,23,2026-01-01
7093,355,13,11,28,2026-01-01
7094,355,14,17,39,2026-01-01
7095,355,15,276,23,2026-01-01
7096,355,16,315,58,2026-01-01
7097,355,17,235,49,2026-01-01
7098,355,18,109,55,2026-01-01
7099,355,19,53,25,2026-01-01
7100,355,20,288,54,2026-01-01
7101,356,1,75,94,2026-01-01
7102,356,2,214,20,2026-01-01
7103,356,3,298,32,2026-01-01
7104,356,4,207,97,2026-01-01
7105,356,5,463,92,2026-01-01
7106,356,6,229,56,2026-01-01
7107,356,7,494,20,2026-01-01
7108,356,8,372,78,2026-01-01
7109,356,9,266,21,2026-01-01
7110,356,10,346,71,2026-01-01
7111,356,11,185,59,2026-01-01
7112,356,12,53,64,2026-01-01
7113,356,13,333,94,2026-01-01
7114,356,14,45,30,2026-01-01
7115,356,15,7,79,2026-01-01
7116,356,16,283,60,2026-01-01
7117,356,17,137,77,2026-01-01
7118,356,18,364,29,2026-01-01
7119,356,19,337,28,2026-01-01
7120,356,20,460,58,2026-01-01
7121,357,1,280,99,2026-01-01
7122,357,2,32,51,2026-01-01
7123,357,3,365,50,2026-01-01
7124,357,4,108,71,2026-01-01
7125,357,5,345,99,2026-01-01
7126,357,6,214,95,2026-01-01
7127,357,7,79,64,2026-01-01
7128,357,8,238,41,2026-01-01
7129,357,9,294,93,2026-01-01
7130,357,10,190,45,2026-01-01
7131,357,11,69,98,2026-01-01
7132,357,12,113,86,2026-01-01
7133,357,13,250,54,2026-01-01
7134,357,14,391,91,2026-01-01
7135,357,15,175,74,2026-01-01
7136,357,16,383,47,2026-01-01
7137,357,17,442,45,2026-01-01
7138,357,18,212,27,2026-01-01
7139,357,19,99,23,2026-01-01
7140,357,20,35,55,2026-01-01
7141,358,1,151,68,2026-01-01
7142,358,2,492,91,2026-01-01
7143,358,3,15,56,2026-01-01
7144,358,4,279,27,2026-01-01
7145,358,5,363,77,2026-01-01
7146,358,6,93,33,2026-01-01
7147,358,7,217,20,2026-01-01
7148,358,8,277,54,2026-01-01
7149,358,9,1,37,2026-01-01
7150,358,10,106,89,2026-01-01
7151,358,11,180,84,2026-01-01
7152,358,12,414,80,2026-01-01
7153,358,13,139,34,2026-01-01
7154,358,14,388,73,2026-01-01
7155,358,15,393,82,2026-01-01
7156,358,16,278,96,2026-01-01
7157,358,17,293,64,2026-01-01
7158,358,18,315,51,2026-01-01
7159,358,19,186,71,2026-01-01
7160,358,20,301,91,2026-01-01
7161,359,1,344,83,2026-01-01
7162,359,2,48,25,2026-01-01
7163,359,3,365,81,2026-01-01
7164,359,4,110,65,2026-01-01
7165,359,5,71,53,2026-01-01
7166,359,6,102,20,2026-01-01
7167,359,7,163,79,2026-01-01
7168,359,8,212,56,2026-01-01
7169,359,9,368,91,2026-01-01
7170,359,10,464,38,2026-01-01
7171,359,11,27,56,2026-01-01
7172,359,12,49,42,2026-01-01
7173,359,13,135,83,2026-01-01
7174,359,14,442,43,2026-01-01
7175,359,15,488,32,2026-01-01
7176,359,16,309,25,2026-01-01
7177,359,17,484,82,2026-01-01
7178,359,18,212,75,2026-01-01
7179,359,19,36,33,2026-01-01
7180,359,20,421,92,2026-01-01
7181,360,1,484,40,2026-01-01
7182,360,2,43,81,2026-01-01
7183,360,3,9,68,2026-01-01
7184,360,4,457,87,2026-01-01
7185,360,5,26,26,2026-01-01
7186,360,6,113,71,2026-01-01
7187,360,7,139,60,2026-01-01
7188,360,8,261,53,2026-01-01
7189,360,9,0,46,2026-01-01
7190,360,10,306,72,2026-01-01
7191,360,11,34,96,2026-01-01
7192,360,12,36,90,2026-01-01
7193,360,13,174,54,2026-01-01
7194,360,14,44,38,2026-01-01
7195,360,15,72,37,2026-01-01
7196,360,16,300,87,2026-01-01
7197,360,17,431,78,2026-01-01
7198,360,18,378,68,2026-01-01
7199,360,19,166,24,2026-01-01
7200,360,20,92,80,2026-01-01
7201,361,1,112,40,2026-01-01
7202,361,2,309,21,2026-01-01
7203,361,3,298,45,2026-01-01
7204,361,4,360,70,2026-01-01
7205,361,5,177,80,2026-01-01
7206,361,6,125,78,2026-01-01
7207,361,7,375,84,2026-01-01
7208,361,8,481,89,2026-01-01
7209,361,9,283,62,2026-01-01
7210,361,10,488,23,2026-01-01
7211,361,11,186,25,2026-01-01
7212,361,12,486,54,2026-01-01
7213,361,13,121,54,2026-01-01
7214,361,14,492,57,2026-01-01
7215,361,15,321,87,2026-01-01
7216,361,16,428,49,2026-01-01
7217,361,17,231,65,2026-01-01
7218,361,18,266,67,2026-01-01
7219,361,19,364,51,2026-01-01
7220,361,20,228,21,2026-01-01
7221,362,1,42,95,2026-01-01
7222,362,2,336,73,2026-01-01
7223,362,3,85,27,2026-01-01
7224,362,4,109,80,2026-01-01
7225,362,5,416,48,2026-01-01
7226,362,6,229,51,2026-01-01
7227,362,7,73,86,2026-01-01
7228,362,8,271,48,2026-01-01
7229,362,9,116,75,2026-01-01
7230,362,10,77,31,2026-01-01
7231,362,11,258,57,2026-01-01
7232,362,12,448,62,2026-01-01
7233,362,13,167,100,2026-01-01
7234,362,14,186,88,2026-01-01
7235,362,15,264,41,2026-01-01
7236,362,16,10,55,2026-01-01
7237,362,17,292,73,2026-01-01
7238,362,18,254,36,2026-01-01
7239,362,19,236,54,2026-01-01
7240,362,20,327,52,2026-01-01
7241,363,1,88,22,2026-01-01
7242,363,2,318,40,2026-01-01
7243,363,3,338,86,2026-01-01
7244,363,4,450,87,2026-01-01
7245,363,5,458,46,2026-01-01
7246,363,6,283,48,2026-01-01
7247,363,7,25,49,2026-01-01
7248,363,8,442,85,2026-01-01
7249,363,9,46,85,2026-01-01
7250,363,10,375,73,2026-01-01
7251,363,11,330,63,2026-01-01
7252,363,12,310,75,2026-01-01
7253,363,13,64,54,2026-01-01
7254,363,14,285,39,2026-01-01
7255,363,15,327,68,2026-01-01
7256,363,16,460,88,2026-01-01
7257,363,17,279,34,2026-01-01
7258,363,18,467,86,2026-01-01
7259,363,19,422,30,2026-01-01
7260,363,20,142,87,2026-01-01
7261,364,1,412,81,2026-01-01
7262,364,2,412,68,2026-01-01
7263,364,3,161,23,2026-01-01
7264,364,4,253,46,2026-01-01
7265,364,5,464,26,2026-01-01
7266,364,6,363,77,2026-01-01
7267,364,7,420,89,2026-01-01
7268,364,8,133,48,2026-01-01
7269,364,9,180,98,2026-01-01
7270,364,10,142,66,2026-01-01
7271,364,11,444,54,2026-01-01
7272,364,12,45,48,2026-01-01
7273,364,13,254,76,2026-01-01
7274,364,14,59,98,2026-01-01
7275,364,15,40,76,2026-01-01
7276,364,16,384,93,2026-01-01
7277,364,17,19,91,2026-01-01
7278,364,18,361,45,2026-01-01
7279,364,19,31,82,2026-01-01
7280,364,20,383,66,2026-01-01
7281,365,1,473,58,2026-01-01
7282,365,2,350,48,2026-01-01
7283,365,3,27,69,2026-01-01
7284,365,4,76,45,2026-01-01
7285,365,5,247,40,2026-01-01
7286,365,6,327,72,2026-01-01
7287,365,7,93,44,2026-01-01
7288,365,8,465,42,2026-01-01
7289,365,9,317,58,2026-01-01
7290,365,10,362,48,2026-01-01
7291,365,11,43,76,2026-01-01
7292,365,12,261,72,2026-01-01
7293,365,13,307,47,2026-01-01
7294,365,14,490,76,2026-01-01
7295,365,15,383,58,2026-01-01
7296,365,16,86,46,2026-01-01
7297,365,17,164,62,2026-01-01
7298,365,18,333,49,2026-01-01
7299,365,19,452,48,2026-01-01
7300,365,20,280,33,2026-01-01
7301,366,1,371,39,2026-01-01
7302,366,2,349,50,2026-01-01
7303,366,3,376,30,2026-01-01
7304,366,4,3,67,2026-01-01
7305,366,5,424,37,2026-01-01
7306,366,6,264,43,2026-01-01
7307,366,7,40,43,2026-01-01
7308,366,8,301,34,2026-01-01
7309,366,9,438,85,2026-01-01
7310,366,10,380,28,2026-01-01
7311,366,11,434,63,2026-01-01
7312,366,12,135,58,2026-01-01
7313,366,13,177,62,2026-01-01
7314,366,14,286,27,2026-01-01
7315,366,15,370,87,2026-01-01
7316,366,16,69,61,2026-01-01
7317,366,17,489,75,2026-01-01
7318,366,18,86,56,2026-01-01
7319,366,19,238,57,2026-01-01
7320,366,20,192,77,2026-01-01
7321,367,1,143,76,2026-01-01
7322,367,2,233,41,2026-01-01
7323,367,3,108,57,2026-01-01
7324,367,4,11,75,2026-01-01
7325,367,5,238,47,2026-01-01
7326,367,6,418,33,2026-01-01
7327,367,7,393,92,2026-01-01
7328,367,8,14,74,2026-01-01
7329,367,9,461,64,2026-01-01
7330,367,10,360,43,2026-01-01
7331,367,11,401,91,2026-01-01
7332,367,12,98,53,2026-01-01
7333,367,13,468,33,2026-01-01
7334,367,14,201,29,2026-01-01
7335,367,15,86,67,2026-01-01
7336,367,16,357,67,2026-01-01
7337,367,17,130,98,2026-01-01
7338,367,18,60,81,2026-01-01
7339,367,19,122,99,2026-01-01
7340,367,20,266,35,2026-01-01
7341,368,1,457,21,2026-01-01
7342,368,2,57,71,2026-01-01
7343,368,3,283,43,2026-01-01
7344,368,4,237,43,2026-01-01
7345,368,5,248,39,2026-01-01
7346,368,6,403,74,2026-01-01
7347,368,7,414,70,2026-01-01
7348,368,8,314,82,2026-01-01
7349,368,9,23,39,2026-01-01
7350,368,10,185,72,2026-01-01
7351,368,11,485,34,2026-01-01
7352,368,12,491,50,2026-01-01
7353,368,13,14,63,2026-01-01
7354,368,14,111,35,2026-01-01
7355,368,15,167,95,2026-01-01
7356,368,16,96,94,2026-01-01
7357,368,17,492,34,2026-01-01
7358,368,18,240,53,2026-01-01
7359,368,19,264,85,2026-01-01
7360,368,20,30,26,2026-01-01
7361,369,1,311,96,2026-01-01
7362,369,2,211,87,2026-01-01
7363,369,3,164,60,2026-01-01
7364,369,4,302,21,2026-01-01
7365,369,5,404,97,2026-01-01
7366,369,6,349,36,2026-01-01
7367,369,7,288,38,2026-01-01
7368,369,8,343,39,2026-01-01
7369,369,9,412,83,2026-01-01
7370,369,10,282,26,2026-01-01
7371,369,11,106,51,2026-01-01
7372,369,12,109,68,2026-01-01
7373,369,13,82,98,2026-01-01
7374,369,14,275,28,2026-01-01
7375,369,15,43,75,2026-01-01
7376,369,16,221,77,2026-01-01
7377,369,17,281,70,2026-01-01
7378,369,18,183,83,2026-01-01
7379,369,19,374,60,2026-01-01
7380,369,20,478,79,2026-01-01
7381,370,1,178,73,2026-01-01
7382,370,2,95,99,2026-01-01
7383,370,3,368,75,2026-01-01
7384,370,4,460,33,2026-01-01
7385,370,5,148,35,2026-01-01
7386,370,6,236,46,2026-01-01
7387,370,7,12,53,2026-01-01
7388,370,8,288,65,2026-01-01
7389,370,9,425,45,2026-01-01
7390,370,10,325,22,2026-01-01
7391,370,11,244,63,2026-01-01
7392,370,12,87,35,2026-01-01
7393,370,13,382,31,2026-01-01
7394,370,14,455,54,2026-01-01
7395,370,15,494,86,2026-01-01
7396,370,16,486,33,2026-01-01
7397,370,17,318,71,2026-01-01
7398,370,18,305,94,2026-01-01
7399,370,19,1,64,2026-01-01
7400,370,20,321,26,2026-01-01
7401,371,1,252,48,2026-01-01
7402,371,2,19,55,2026-01-01
7403,371,3,395,47,2026-01-01
7404,371,4,183,64,2026-01-01
7405,371,5,72,74,2026-01-01
7406,371,6,448,92,2026-01-01
7407,371,7,292,70,2026-01-01
7408,371,8,126,39,2026-01-01
7409,371,9,351,89,2026-01-01
7410,371,10,293,83,2026-01-01
7411,371,11,41,30,2026-01-01
7412,371,12,328,51,2026-01-01
7413,371,13,222,97,2026-01-01
7414,371,14,226,44,2026-01-01
7415,371,15,363,32,2026-01-01
7416,371,16,343,60,2026-01-01
7417,371,17,178,62,2026-01-01
7418,371,18,280,80,2026-01-01
7419,371,19,17,25,2026-01-01
7420,371,20,38,49,2026-01-01
7421,372,1,442,53,2026-01-01
7422,372,2,471,87,2026-01-01
7423,372,3,270,91,2026-01-01
7424,372,4,298,84,2026-01-01
7425,372,5,55,70,2026-01-01
7426,372,6,242,75,2026-01-01
7427,372,7,313,62,2026-01-01
7428,372,8,399,100,2026-01-01
7429,372,9,414,20,2026-01-01
7430,372,10,162,21,2026-01-01
7431,372,11,351,58,2026-01-01
7432,372,12,491,90,2026-01-01
7433,372,13,439,69,2026-01-01
7434,372,14,184,33,2026-01-01
7435,372,15,300,44,2026-01-01
7436,372,16,221,49,2026-01-01
7437,372,17,69,32,2026-01-01
7438,372,18,478,48,2026-01-01
7439,372,19,373,47,2026-01-01
7440,372,20,265,44,2026-01-01
7441,373,1,343,75,2026-01-01
7442,373,2,133,63,2026-01-01
7443,373,3,245,39,2026-01-01
7444,373,4,419,46,2026-01-01
7445,373,5,190,53,2026-01-01
7446,373,6,234,73,2026-01-01
7447,373,7,435,57,2026-01-01
7448,373,8,204,96,2026-01-01
7449,373,9,223,41,2026-01-01
7450,373,10,423,80,2026-01-01
7451,373,11,404,63,2026-01-01
7452,373,12,435,60,2026-01-01
7453,373,13,278,70,2026-01-01
7454,373,14,267,53,2026-01-01
7455,373,15,412,56,2026-01-01
7456,373,16,367,73,2026-01-01
7457,373,17,311,86,2026-01-01
7458,373,18,430,75,2026-01-01
7459,373,19,334,41,2026-01-01
7460,373,20,286,69,2026-01-01
7461,374,1,163,66,2026-01-01
7462,374,2,376,57,2026-01-01
7463,374,3,59,47,2026-01-01
7464,374,4,363,78,2026-01-01
7465,374,5,279,54,2026-01-01
7466,374,6,233,73,2026-01-01
7467,374,7,441,46,2026-01-01
7468,374,8,483,80,2026-01-01
7469,374,9,106,33,2026-01-01
7470,374,10,124,52,2026-01-01
7471,374,11,371,53,2026-01-01
7472,374,12,20,38,2026-01-01
7473,374,13,367,22,2026-01-01
7474,374,14,222,61,2026-01-01
7475,374,15,360,48,2026-01-01
7476,374,16,76,77,2026-01-01
7477,374,17,454,35,2026-01-01
7478,374,18,28,56,2026-01-01
7479,374,19,22,36,2026-01-01
7480,374,20,230,88,2026-01-01
7481,375,1,111,38,2026-01-01
7482,375,2,470,83,2026-01-01
7483,375,3,314,87,2026-01-01
7484,375,4,330,84,2026-01-01
7485,375,5,160,32,2026-01-01
7486,375,6,271,79,2026-01-01
7487,375,7,111,35,2026-01-01
7488,375,8,345,57,2026-01-01
7489,375,9,366,67,2026-01-01
7490,375,10,422,77,2026-01-01
7491,375,11,18,93,2026-01-01
7492,375,12,267,67,2026-01-01
7493,375,13,200,53,2026-01-01
7494,375,14,452,96,2026-01-01
7495,375,15,202,39,2026-01-01
7496,375,16,467,43,2026-01-01
7497,375,17,352,90,2026-01-01
7498,375,18,187,71,2026-01-01
7499,375,19,106,100,2026-01-01
7500,375,20,125,44,2026-01-01
7501,376,1,299,74,2026-01-01
7502,376,2,476,31,2026-01-01
7503,376,3,280,24,2026-01-01
7504,376,4,168,97,2026-01-01
7505,376,5,77,32,2026-01-01
7506,376,6,81,25,2026-01-01
7507,376,7,238,87,2026-01-01
7508,376,8,83,52,2026-01-01
7509,376,9,235,38,2026-01-01
7510,376,10,203,59,2026-01-01
7511,376,11,13,97,2026-01-01
7512,376,12,217,96,2026-01-01
7513,376,13,179,22,2026-01-01
7514,376,14,342,92,2026-01-01
7515,376,15,124,86,2026-01-01
7516,376,16,398,58,2026-01-01
7517,376,17,352,78,2026-01-01
7518,376,18,273,27,2026-01-01
7519,376,19,357,37,2026-01-01
7520,376,20,299,26,2026-01-01
7521,377,1,374,76,2026-01-01
7522,377,2,293,39,2026-01-01
7523,377,3,167,64,2026-01-01
7524,377,4,70,78,2026-01-01
7525,377,5,288,33,2026-01-01
7526,377,6,402,96,2026-01-01
7527,377,7,61,87,2026-01-01
7528,377,8,38,89,2026-01-01
7529,377,9,434,60,2026-01-01
7530,377,10,93,81,2026-01-01
7531,377,11,352,65,2026-01-01
7532,377,12,153,89,2026-01-01
7533,377,13,450,62,2026-01-01
7534,377,14,168,34,2026-01-01
7535,377,15,326,23,2026-01-01
7536,377,16,61,77,2026-01-01
7537,377,17,230,93,2026-01-01
7538,377,18,237,67,2026-01-01
7539,377,19,213,78,2026-01-01
7540,377,20,88,84,2026-01-01
7541,378,1,110,53,2026-01-01
7542,378,2,154,73,2026-01-01
7543,378,3,168,41,2026-01-01
7544,378,4,125,43,2026-01-01
7545,378,5,186,55,2026-01-01
7546,378,6,267,97,2026-01-01
7547,378,7,311,50,2026-01-01
7548,378,8,120,64,2026-01-01
7549,378,9,129,46,2026-01-01
7550,378,10,374,50,2026-01-01
7551,378,11,413,72,2026-01-01
7552,378,12,333,21,2026-01-01
7553,378,13,226,25,2026-01-01
7554,378,14,309,65,2026-01-01
7555,378,15,98,44,2026-01-01
7556,378,16,439,50,2026-01-01
7557,378,17,27,21,2026-01-01
7558,378,18,299,61,2026-01-01
7559,378,19,137,94,2026-01-01
7560,378,20,341,35,2026-01-01
7561,379,1,204,52,2026-01-01
7562,379,2,332,89,2026-01-01
7563,379,3,301,94,2026-01-01
7564,379,4,125,55,2026-01-01
7565,379,5,493,58,2026-01-01
7566,379,6,337,52,2026-01-01
7567,379,7,58,71,2026-01-01
7568,379,8,72,52,2026-01-01
7569,379,9,473,98,2026-01-01
7570,379,10,379,36,2026-01-01
7571,379,11,9,24,2026-01-01
7572,379,12,225,50,2026-01-01
7573,379,13,0,52,2026-01-01
7574,379,14,484,44,2026-01-01
7575,379,15,414,88,2026-01-01
7576,379,16,299,92,2026-01-01
7577,379,17,473,62,2026-01-01
7578,379,18,154,78,2026-01-01
7579,379,19,410,51,2026-01-01
7580,379,20,82,36,2026-01-01
7581,380,1,173,47,2026-01-01
7582,380,2,203,42,2026-01-01
7583,380,3,52,56,2026-01-01
7584,380,4,74,36,2026-01-01
7585,380,5,331,34,2026-01-01
7586,380,6,190,64,2026-01-01
7587,380,7,491,71,2026-01-01
7588,380,8,269,58,2026-01-01
7589,380,9,75,92,2026-01-01
7590,380,10,220,90,2026-01-01
7591,380,11,200,81,2026-01-01
7592,380,12,270,46,2026-01-01
7593,380,13,300,68,2026-01-01
7594,380,14,472,33,2026-01-01
7595,380,15,475,44,2026-01-01
7596,380,16,416,54,2026-01-01
7597,380,17,90,52,2026-01-01
7598,380,18,386,41,2026-01-01
7599,380,19,429,75,2026-01-01
7600,380,20,126,99,2026-01-01
7601,381,1,239,48,2026-01-01
7602,381,2,27,77,2026-01-01
7603,381,3,176,97,2026-01-01
7604,381,4,273,69,2026-01-01
7605,381,5,407,43,2026-01-01
7606,381,6,262,42,2026-01-01
7607,381,7,332,32,2026-01-01
7608,381,8,61,59,2026-01-01
7609,381,9,181,74,2026-01-01
7610,381,10,395,32,2026-01-01
7611,381,11,95,49,2026-01-01
7612,381,12,285,66,2026-01-01
7613,381,13,19,75,2026-01-01
7614,381,14,337,54,2026-01-01
7615,381,15,169,37,2026-01-01
7616,381,16,37,34,2026-01-01
7617,381,17,456,41,2026-01-01
7618,381,18,449,63,2026-01-01
7619,381,19,160,32,2026-01-01
7620,381,20,344,51,2026-01-01
7621,382,1,307,29,2026-01-01
7622,382,2,76,55,2026-01-01
7623,382,3,419,81,2026-01-01
7624,382,4,14,76,2026-01-01
7625,382,5,118,38,2026-01-01
7626,382,6,391,40,2026-01-01
7627,382,7,325,31,2026-01-01
7628,382,8,109,69,2026-01-01
7629,382,9,290,37,2026-01-01
7630,382,10,199,38,2026-01-01
7631,382,11,86,30,2026-01-01
7632,382,12,104,89,2026-01-01
7633,382,13,222,63,2026-01-01
7634,382,14,192,69,2026-01-01
7635,382,15,125,32,2026-01-01
7636,382,16,476,43,2026-01-01
7637,382,17,91,73,2026-01-01
7638,382,18,226,44,2026-01-01
7639,382,19,133,60,2026-01-01
7640,382,20,155,29,2026-01-01
7641,383,1,433,65,2026-01-01
7642,383,2,234,29,2026-01-01
7643,383,3,390,70,2026-01-01
7644,383,4,176,43,2026-01-01
7645,383,5,184,92,2026-01-01
7646,383,6,114,75,2026-01-01
7647,383,7,166,31,2026-01-01
7648,383,8,189,71,2026-01-01
7649,383,9,444,37,2026-01-01
7650,383,10,458,86,2026-01-01
7651,383,11,74,84,2026-01-01
7652,383,12,273,32,2026-01-01
7653,383,13,197,43,2026-01-01
7654,383,14,281,31,2026-01-01
7655,383,15,59,89,2026-01-01
7656,383,16,453,81,2026-01-01
7657,383,17,494,71,2026-01-01
7658,383,18,245,50,2026-01-01
7659,383,19,334,83,2026-01-01
7660,383,20,226,64,2026-01-01
7661,384,1,98,32,2026-01-01
7662,384,2,438,31,2026-01-01
7663,384,3,445,27,2026-01-01
7664,384,4,117,48,2026-01-01
7665,384,5,261,29,2026-01-01
7666,384,6,219,51,2026-01-01
7667,384,7,55,51,2026-01-01
7668,384,8,289,35,2026-01-01
7669,384,9,217,81,2026-01-01
7670,384,10,228,55,2026-01-01
7671,384,11,39,68,2026-01-01
7672,384,12,426,95,2026-01-01
7673,384,13,79,95,2026-01-01
7674,384,14,79,50,2026-01-01
7675,384,15,346,96,2026-01-01
7676,384,16,215,70,2026-01-01
7677,384,17,195,45,2026-01-01
7678,384,18,231,34,2026-01-01
7679,384,19,181,39,2026-01-01
7680,384,20,203,75,2026-01-01
7681,385,1,430,83,2026-01-01
7682,385,2,432,62,2026-01-01
7683,385,3,46,100,2026-01-01
7684,385,4,79,34,2026-01-01
7685,385,5,113,100,2026-01-01
7686,385,6,391,43,2026-01-01
7687,385,7,2,55,2026-01-01
7688,385,8,424,69,2026-01-01
7689,385,9,4,89,2026-01-01
7690,385,10,177,43,2026-01-01
7691,385,11,69,50,2026-01-01
7692,385,12,45,81,2026-01-01
7693,385,13,43,33,2026-01-01
7694,385,14,425,20,2026-01-01
7695,385,15,420,69,2026-01-01
7696,385,16,27,39,2026-01-01
7697,385,17,182,87,2026-01-01
7698,385,18,122,77,2026-01-01
7699,385,19,252,99,2026-01-01
7700,385,20,412,57,2026-01-01
7701,386,1,353,72,2026-01-01
7702,386,2,114,90,2026-01-01
7703,386,3,497,55,2026-01-01
7704,386,4,215,71,2026-01-01
7705,386,5,405,62,2026-01-01
7706,386,6,460,58,2026-01-01
7707,386,7,112,96,2026-01-01
7708,386,8,106,62,2026-01-01
7709,386,9,305,91,2026-01-01
7710,386,10,7,72,2026-01-01
7711,386,11,376,73,2026-01-01
7712,386,12,0,88,2026-01-01
7713,386,13,288,51,2026-01-01
7714,386,14,57,56,2026-01-01
7715,386,15,222,50,2026-01-01
7716,386,16,202,62,2026-01-01
7717,386,17,233,98,2026-01-01
7718,386,18,53,26,2026-01-01
7719,386,19,361,89,2026-01-01
7720,386,20,481,40,2026-01-01
7721,387,1,497,85,2026-01-01
7722,387,2,112,75,2026-01-01
7723,387,3,437,93,2026-01-01
7724,387,4,45,25,2026-01-01
7725,387,5,354,80,2026-01-01
7726,387,6,89,73,2026-01-01
7727,387,7,129,49,2026-01-01
7728,387,8,281,75,2026-01-01
7729,387,9,89,45,2026-01-01
7730,387,10,330,43,2026-01-01
7731,387,11,492,86,2026-01-01
7732,387,12,254,57,2026-01-01
7733,387,13,118,66,2026-01-01
7734,387,14,164,64,2026-01-01
7735,387,15,230,27,2026-01-01
7736,387,16,151,78,2026-01-01
7737,387,17,357,36,2026-01-01
7738,387,18,257,85,2026-01-01
7739,387,19,332,84,2026-01-01
7740,387,20,57,65,2026-01-01
7741,388,1,487,71,2026-01-01
7742,388,2,394,26,2026-01-01
7743,388,3,70,90,2026-01-01
7744,388,4,400,69,2026-01-01
7745,388,5,19,82,2026-01-01
7746,388,6,52,84,2026-01-01
7747,388,7,257,24,2026-01-01
7748,388,8,456,92,2026-01-01
7749,388,9,289,42,2026-01-01
7750,388,10,78,68,2026-01-01
7751,388,11,326,93,2026-01-01
7752,388,12,41,39,2026-01-01
7753,388,13,448,37,2026-01-01
7754,388,14,136,25,2026-01-01
7755,388,15,366,60,2026-01-01
7756,388,16,20,35,2026-01-01
7757,388,17,112,35,2026-01-01
7758,388,18,161,49,2026-01-01
7759,388,19,198,39,2026-01-01
7760,388,20,223,94,2026-01-01
7761,389,1,307,39,2026-01-01
7762,389,2,403,96,2026-01-01
7763,389,3,468,80,2026-01-01
7764,389,4,59,26,2026-01-01
7765,389,5,223,75,2026-01-01
7766,389,6,381,88,2026-01-01
7767,389,7,242,70,2026-01-01
7768,389,8,301,82,2026-01-01
7769,389,9,117,60,2026-01-01
7770,389,10,478,93,2026-01-01
7771,389,11,126,58,2026-01-01
7772,389,12,405,70,2026-01-01
7773,389,13,478,29,2026-01-01
7774,389,14,225,90,2026-01-01
7775,389,15,456,25,2026-01-01
7776,389,16,120,86,2026-01-01
7777,389,17,287,26,2026-01-01
7778,389,18,495,54,2026-01-01
7779,389,19,15,49,2026-01-01
7780,389,20,422,85,2026-01-01
7781,390,1,72,78,2026-01-01
7782,390,2,469,67,2026-01-01
7783,390,3,168,91,2026-01-01
7784,390,4,265,82,2026-01-01
7785,390,5,272,65,2026-01-01
7786,390,6,106,40,2026-01-01
7787,390,7,63,47,2026-01-01
7788,390,8,308,39,2026-01-01
7789,390,9,80,30,2026-01-01
7790,390,10,174,46,2026-01-01
7791,390,11,392,59,2026-01-01
7792,390,12,240,55,2026-01-01
7793,390,13,484,60,2026-01-01
7794,390,14,411,100,2026-01-01
7795,390,15,470,51,2026-01-01
7796,390,16,172,82,2026-01-01
7797,390,17,384,62,2026-01-01
7798,390,18,81,63,2026-01-01
7799,390,19,238,63,2026-01-01
7800,390,20,176,46,2026-01-01
7801,391,1,291,29,2026-01-01
7802,391,2,271,80,2026-01-01
7803,391,3,318,43,2026-01-01
7804,391,4,147,62,2026-01-01
7805,391,5,53,97,2026-01-01
7806,391,6,364,99,2026-01-01
7807,391,7,209,51,2026-01-01
7808,391,8,423,47,2026-01-01
7809,391,9,318,66,2026-01-01
7810,391,10,382,44,2026-01-01
7811,391,11,385,87,2026-01-01
7812,391,12,216,67,2026-01-01
7813,391,13,59,48,2026-01-01
7814,391,14,55,60,2026-01-01
7815,391,15,272,21,2026-01-01
7816,391,16,95,34,2026-01-01
7817,391,17,396,88,2026-01-01
7818,391,18,328,53,2026-01-01
7819,391,19,327,42,2026-01-01
7820,391,20,121,34,2026-01-01
7821,392,1,237,62,2026-01-01
7822,392,2,170,48,2026-01-01
7823,392,3,77,52,2026-01-01
7824,392,4,66,90,2026-01-01
7825,392,5,187,83,2026-01-01
7826,392,6,325,99,2026-01-01
7827,392,7,388,84,2026-01-01
7828,392,8,490,48,2026-01-01
7829,392,9,197,64,2026-01-01
7830,392,10,387,58,2026-01-01
7831,392,11,403,33,2026-01-01
7832,392,12,459,35,2026-01-01
7833,392,13,196,80,2026-01-01
7834,392,14,372,85,2026-01-01
7835,392,15,280,74,2026-01-01
7836,392,16,211,96,2026-01-01
7837,392,17,18,72,2026-01-01
7838,392,18,62,50,2026-01-01
7839,392,19,456,92,2026-01-01
7840,392,20,186,97,2026-01-01
7841,393,1,246,86,2026-01-01
7842,393,2,109,51,2026-01-01
7843,393,3,90,73,2026-01-01
7844,393,4,43,78,2026-01-01
7845,393,5,85,73,2026-01-01
7846,393,6,459,68,2026-01-01
7847,393,7,205,54,2026-01-01
7848,393,8,244,41,2026-01-01
7849,393,9,488,21,2026-01-01
7850,393,10,67,100,2026-01-01
7851,393,11,16,93,2026-01-01
7852,393,12,349,94,2026-01-01
7853,393,13,187,58,2026-01-01
7854,393,14,141,91,2026-01-01
7855,393,15,73,84,2026-01-01
7856,393,16,354,39,2026-01-01
7857,393,17,44,20,2026-01-01
7858,393,18,426,71,2026-01-01
7859,393,19,77,22,2026-01-01
7860,393,20,384,32,2026-01-01
7861,394,1,201,24,2026-01-01
7862,394,2,370,90,2026-01-01
7863,394,3,50,40,2026-01-01
7864,394,4,3,47,2026-01-01
7865,394,5,83,44,2026-01-01
7866,394,6,240,33,2026-01-01
7867,394,7,133,53,2026-01-01
7868,394,8,385,93,2026-01-01
7869,394,9,271,100,2026-01-01
7870,394,10,297,55,2026-01-01
7871,394,11,272,57,2026-01-01
7872,394,12,297,49,2026-01-01
7873,394,13,356,40,2026-01-01
7874,394,14,281,68,2026-01-01
7875,394,15,465,77,2026-01-01
7876,394,16,140,94,2026-01-01
7877,394,17,53,29,2026-01-01
7878,394,18,395,37,2026-01-01
7879,394,19,478,65,2026-01-01
7880,394,20,305,100,2026-01-01
7881,395,1,409,75,2026-01-01
7882,395,2,46,22,2026-01-01
7883,395,3,32,97,2026-01-01
7884,395,4,288,68,2026-01-01
7885,395,5,407,79,2026-01-01
7886,395,6,464,44,2026-01-01
7887,395,7,425,31,2026-01-01
7888,395,8,14,40,2026-01-01
7889,395,9,156,34,2026-01-01
7890,395,10,269,56,2026-01-01
7891,395,11,118,67,2026-01-01
7892,395,12,495,47,2026-01-01
7893,395,13,135,60,2026-01-01
7894,395,14,332,34,2026-01-01
7895,395,15,481,43,2026-01-01
7896,395,16,127,54,2026-01-01
7897,395,17,24,88,2026-01-01
7898,395,18,83,49,2026-01-01
7899,395,19,338,51,2026-01-01
7900,395,20,416,54,2026-01-01
7901,396,1,320,56,2026-01-01
7902,396,2,450,32,2026-01-01
7903,396,3,152,69,2026-01-01
7904,396,4,472,68,2026-01-01
7905,396,5,153,22,2026-01-01
7906,396,6,405,55,2026-01-01
7907,396,7,88,70,2026-01-01
7908,396,8,10,58,2026-01-01
7909,396,9,47,91,2026-01-01
7910,396,10,430,62,2026-01-01
7911,396,11,34,76,2026-01-01
7912,396,12,30,61,2026-01-01
7913,396,13,312,98,2026-01-01
7914,396,14,427,32,2026-01-01
7915,396,15,147,23,2026-01-01
7916,396,16,281,72,2026-01-01
7917,396,17,46,84,2026-01-01
7918,396,18,175,86,2026-01-01
7919,396,19,268,56,2026-01-01
7920,396,20,59,60,2026-01-01
7921,397,1,467,79,2026-01-01
7922,397,2,360,58,2026-01-01
7923,397,3,189,49,2026-01-01
7924,397,4,392,64,2026-01-01
7925,397,5,207,20,2026-01-01
7926,397,6,388,36,2026-01-01
7927,397,7,491,94,2026-01-01
7928,397,8,16,66,2026-01-01
7929,397,9,365,72,2026-01-01
7930,397,10,367,24,2026-01-01
7931,397,11,398,68,2026-01-01
7932,397,12,15,45,2026-01-01
7933,397,13,291,83,2026-01-01
7934,397,14,455,24,2026-01-01
7935,397,15,366,29,2026-01-01
7936,397,16,426,84,2026-01-01
7937,397,17,349,38,2026-01-01
7938,397,18,469,53,2026-01-01
7939,397,19,267,89,2026-01-01
7940,397,20,65,73,2026-01-01
7941,398,1,442,81,2026-01-01
7942,398,2,462,50,2026-01-01
7943,398,3,44,68,2026-01-01
7944,398,4,403,69,2026-01-01
7945,398,5,3,45,2026-01-01
7946,398,6,480,72,2026-01-01
7947,398,7,237,25,2026-01-01
7948,398,8,480,100,2026-01-01
7949,398,9,0,28,2026-01-01
7950,398,10,238,60,2026-01-01
7951,398,11,275,68,2026-01-01
7952,398,12,98,60,2026-01-01
7953,398,13,186,43,2026-01-01
7954,398,14,118,85,2026-01-01
7955,398,15,272,40,2026-01-01
7956,398,16,278,54,2026-01-01
7957,398,17,79,22,2026-01-01
7958,398,18,223,78,2026-01-01
7959,398,19,287,24,2026-01-01
7960,398,20,380,94,2026-01-01
7961,399,1,463,58,2026-01-01
7962,399,2,296,21,2026-01-01
7963,399,3,181,35,2026-01-01
7964,399,4,431,69,2026-01-01
7965,399,5,286,52,2026-01-01
7966,399,6,246,42,2026-01-01
7967,399,7,211,37,2026-01-01
7968,399,8,85,31,2026-01-01
7969,399,9,172,85,2026-01-01
7970,399,10,333,68,2026-01-01
7971,399,11,19,36,2026-01-01
7972,399,12,449,31,2026-01-01
7973,399,13,346,51,2026-01-01
7974,399,14,313,46,2026-01-01
7975,399,15,31,80,2026-01-01
7976,399,16,12,85,2026-01-01
7977,399,17,81,36,2026-01-01
7978,399,18,460,75,2026-01-01
7979,399,19,457,63,2026-01-01
7980,399,20,137,90,2026-01-01
7981,400,1,442,31,2026-01-01
7982,400,2,2,51,2026-01-01
7983,400,3,231,62,2026-01-01
7984,400,4,123,90,2026-01-01
7985,400,5,46,49,2026-01-01
7986,400,6,476,30,2026-01-01
7987,400,7,459,43,2026-01-01
7988,400,8,419,47,2026-01-01
7989,400,9,246,76,2026-01-01
7990,400,10,293,88,2026-01-01
7991,400,11,11,27,2026-01-01
7992,400,12,128,46,2026-01-01
7993,400,13,303,33,2026-01-01
7994,400,14,335,62,2026-01-01
7995,400,15,388,40,2026-01-01
7996,400,16,85,85,2026-01-01
7997,400,17,469,21,2026-01-01
7998,400,18,175,92,2026-01-01
7999,400,19,415,45,2026-01-01
8000,400,20,289,36,2026-01-01
8001,401,1,333,31,2026-01-01
8002,401,2,321,72,2026-01-01
8003,401,3,448,100,2026-01-01
8004,401,4,458,95,2026-01-01
8005,401,5,22,88,2026-01-01
8006,401,6,119,41,2026-01-01
8007,401,7,198,94,2026-01-01
8008,401,8,216,64,2026-01-01
8009,401,9,210,46,2026-01-01
8010,401,10,121,20,2026-01-01
8011,401,11,173,63,2026-01-01
8012,401,12,394,56,2026-01-01
8013,401,13,400,35,2026-01-01
8014,401,14,69,66,2026-01-01
8015,401,15,366,83,2026-01-01
8016,401,16,219,21,2026-01-01
8017,401,17,60,57,2026-01-01
8018,401,18,51,32,2026-01-01
8019,401,19,464,91,2026-01-01
8020,401,20,261,71,2026-01-01
8021,402,1,368,20,2026-01-01
8022,402,2,78,24,2026-01-01
8023,402,3,15,91,2026-01-01
8024,402,4,327,26,2026-01-01
8025,402,5,49,40,2026-01-01
8026,402,6,209,49,2026-01-01
8027,402,7,265,53,2026-01-01
8028,402,8,3,80,2026-01-01
8029,402,9,239,69,2026-01-01
8030,402,10,418,93,2026-01-01
8031,402,11,392,29,2026-01-01
8032,402,12,500,26,2026-01-01
8033,402,13,467,99,2026-01-01
8034,402,14,57,71,2026-01-01
8035,402,15,309,52,2026-01-01
8036,402,16,53,70,2026-01-01
8037,402,17,466,22,2026-01-01
8038,402,18,76,41,2026-01-01
8039,402,19,247,46,2026-01-01
8040,402,20,125,34,2026-01-01
8041,403,1,201,49,2026-01-01
8042,403,2,496,65,2026-01-01
8043,403,3,273,37,2026-01-01
8044,403,4,137,40,2026-01-01
8045,403,5,386,93,2026-01-01
8046,403,6,140,31,2026-01-01
8047,403,7,497,51,2026-01-01
8048,403,8,255,27,2026-01-01
8049,403,9,396,25,2026-01-01
8050,403,10,391,57,2026-01-01
8051,403,11,116,83,2026-01-01
8052,403,12,311,89,2026-01-01
8053,403,13,302,67,2026-01-01
8054,403,14,44,71,2026-01-01
8055,403,15,110,63,2026-01-01
8056,403,16,119,92,2026-01-01
8057,403,17,133,42,2026-01-01
8058,403,18,360,47,2026-01-01
8059,403,19,330,34,2026-01-01
8060,403,20,214,26,2026-01-01
8061,404,1,140,70,2026-01-01
8062,404,2,102,53,2026-01-01
8063,404,3,52,64,2026-01-01
8064,404,4,334,50,2026-01-01
8065,404,5,375,42,2026-01-01
8066,404,6,17,33,2026-01-01
8067,404,7,80,28,2026-01-01
8068,404,8,219,98,2026-01-01
8069,404,9,170,100,2026-01-01
8070,404,10,208,30,2026-01-01
8071,404,11,484,27,2026-01-01
8072,404,12,119,90,2026-01-01
8073,404,13,430,93,2026-01-01
8074,404,14,398,25,2026-01-01
8075,404,15,312,100,2026-01-01
8076,404,16,89,34,2026-01-01
8077,404,17,143,36,2026-01-01
8078,404,18,311,41,2026-01-01
8079,404,19,298,22,2026-01-01
8080,404,20,74,78,2026-01-01
8081,405,1,159,54,2026-01-01
8082,405,2,441,97,2026-01-01
8083,405,3,119,69,2026-01-01
8084,405,4,48,97,2026-01-01
8085,405,5,359,33,2026-01-01
8086,405,6,496,20,2026-01-01
8087,405,7,42,32,2026-01-01
8088,405,8,40,72,2026-01-01
8089,405,9,456,26,2026-01-01
8090,405,10,144,84,2026-01-01
8091,405,11,365,73,2026-01-01
8092,405,12,462,89,2026-01-01
8093,405,13,290,60,2026-01-01
8094,405,14,373,78,2026-01-01
8095,405,15,436,47,2026-01-01
8096,405,16,418,57,2026-01-01
8097,405,17,111,29,2026-01-01
8098,405,18,349,92,2026-01-01
8099,405,19,167,61,2026-01-01
8100,405,20,194,54,2026-01-01
8101,406,1,106,59,2026-01-01
8102,406,2,378,45,2026-01-01
8103,406,3,437,56,2026-01-01
8104,406,4,499,92,2026-01-01
8105,406,5,73,45,2026-01-01
8106,406,6,136,46,2026-01-01
8107,406,7,326,84,2026-01-01
8108,406,8,5,42,2026-01-01
8109,406,9,499,24,2026-01-01
8110,406,10,167,59,2026-01-01
8111,406,11,97,94,2026-01-01
8112,406,12,335,39,2026-01-01
8113,406,13,317,22,2026-01-01
8114,406,14,489,29,2026-01-01
8115,406,15,55,92,2026-01-01
8116,406,16,2,58,2026-01-01
8117,406,17,243,53,2026-01-01
8118,406,18,34,73,2026-01-01
8119,406,19,94,94,2026-01-01
8120,406,20,333,83,2026-01-01
8121,407,1,265,58,2026-01-01
8122,407,2,400,75,2026-01-01
8123,407,3,134,40,2026-01-01
8124,407,4,67,93,2026-01-01
8125,407,5,440,56,2026-01-01
8126,407,6,459,100,2026-01-01
8127,407,7,431,50,2026-01-01
8128,407,8,332,64,2026-01-01
8129,407,9,302,35,2026-01-01
8130,407,10,460,39,2026-01-01
8131,407,11,228,42,2026-01-01
8132,407,12,494,89,2026-01-01
8133,407,13,470,60,2026-01-01
8134,407,14,178,79,2026-01-01
8135,407,15,327,99,2026-01-01
8136,407,16,393,100,2026-01-01
8137,407,17,168,74,2026-01-01
8138,407,18,349,32,2026-01-01
8139,407,19,125,62,2026-01-01
8140,407,20,1,22,2026-01-01
8141,408,1,479,90,2026-01-01
8142,408,2,252,53,2026-01-01
8143,408,3,109,56,2026-01-01
8144,408,4,205,48,2026-01-01
8145,408,5,181,67,2026-01-01
8146,408,6,278,27,2026-01-01
8147,408,7,417,96,2026-01-01
8148,408,8,237,66,2026-01-01
8149,408,9,18,85,2026-01-01
8150,408,10,101,43,2026-01-01
8151,408,11,31,65,2026-01-01
8152,408,12,396,22,2026-01-01
8153,408,13,39,100,2026-01-01
8154,408,14,222,23,2026-01-01
8155,408,15,178,47,2026-01-01
8156,408,16,71,86,2026-01-01
8157,408,17,339,57,2026-01-01
8158,408,18,281,47,2026-01-01
8159,408,19,245,33,2026-01-01
8160,408,20,118,78,2026-01-01
8161,409,1,196,32,2026-01-01
8162,409,2,207,94,2026-01-01
8163,409,3,490,67,2026-01-01
8164,409,4,436,27,2026-01-01
8165,409,5,333,73,2026-01-01
8166,409,6,99,39,2026-01-01
8167,409,7,399,94,2026-01-01
8168,409,8,112,71,2026-01-01
8169,409,9,26,27,2026-01-01
8170,409,10,354,52,2026-01-01
8171,409,11,335,90,2026-01-01
8172,409,12,498,59,2026-01-01
8173,409,13,454,97,2026-01-01
8174,409,14,14,90,2026-01-01
8175,409,15,491,54,2026-01-01
8176,409,16,356,69,2026-01-01
8177,409,17,400,67,2026-01-01
8178,409,18,162,47,2026-01-01
8179,409,19,391,66,2026-01-01
8180,409,20,317,36,2026-01-01
8181,410,1,39,46,2026-01-01
8182,410,2,115,38,2026-01-01
8183,410,3,230,95,2026-01-01
8184,410,4,458,98,2026-01-01
8185,410,5,178,45,2026-01-01
8186,410,6,475,80,2026-01-01
8187,410,7,29,44,2026-01-01
8188,410,8,388,80,2026-01-01
8189,410,9,322,56,2026-01-01
8190,410,10,268,93,2026-01-01
8191,410,11,489,63,2026-01-01
8192,410,12,71,67,2026-01-01
8193,410,13,154,68,2026-01-01
8194,410,14,352,66,2026-01-01
8195,410,15,33,85,2026-01-01
8196,410,16,160,98,2026-01-01
8197,410,17,23,83,2026-01-01
8198,410,18,1,88,2026-01-01
8199,410,19,211,50,2026-01-01
8200,410,20,360,56,2026-01-01
8201,411,1,260,80,2026-01-01
8202,411,2,45,54,2026-01-01
8203,411,3,91,46,2026-01-01
8204,411,4,86,86,2026-01-01
8205,411,5,107,23,2026-01-01
8206,411,6,181,83,2026-01-01
8207,411,7,118,62,2026-01-01
8208,411,8,171,52,2026-01-01
8209,411,9,309,85,2026-01-01
8210,411,10,275,91,2026-01-01
8211,411,11,275,56,2026-01-01
8212,411,12,322,39,2026-01-01
8213,411,13,214,47,2026-01-01
8214,411,14,3,98,2026-01-01
8215,411,15,279,97,2026-01-01
8216,411,16,129,71,2026-01-01
8217,411,17,128,22,2026-01-01
8218,411,18,243,32,2026-01-01
8219,411,19,313,66,2026-01-01
8220,411,20,50,95,2026-01-01
8221,412,1,104,65,2026-01-01
8222,412,2,290,78,2026-01-01
8223,412,3,432,63,2026-01-01
8224,412,4,148,47,2026-01-01
8225,412,5,145,77,2026-01-01
8226,412,6,339,23,2026-01-01
8227,412,7,126,40,2026-01-01
8228,412,8,190,43,2026-01-01
8229,412,9,336,42,2026-01-01
8230,412,10,219,87,2026-01-01
8231,412,11,222,68,2026-01-01
8232,412,12,278,87,2026-01-01
8233,412,13,179,43,2026-01-01
8234,412,14,364,39,2026-01-01
8235,412,15,87,41,2026-01-01
8236,412,16,487,44,2026-01-01
8237,412,17,287,43,2026-01-01
8238,412,18,222,57,2026-01-01
8239,412,19,46,31,2026-01-01
8240,412,20,27,50,2026-01-01
8241,413,1,164,21,2026-01-01
8242,413,2,82,41,2026-01-01
8243,413,3,401,33,2026-01-01
8244,413,4,386,31,2026-01-01
8245,413,5,94,75,2026-01-01
8246,413,6,284,44,2026-01-01
8247,413,7,170,75,2026-01-01
8248,413,8,180,92,2026-01-01
8249,413,9,313,52,2026-01-01
8250,413,10,422,92,2026-01-01
8251,413,11,210,27,2026-01-01
8252,413,12,282,39,2026-01-01
8253,413,13,150,87,2026-01-01
8254,413,14,93,25,2026-01-01
8255,413,15,243,64,2026-01-01
8256,413,16,440,64,2026-01-01
8257,413,17,148,27,2026-01-01
8258,413,18,87,41,2026-01-01
8259,413,19,323,54,2026-01-01
8260,413,20,31,54,2026-01-01
8261,414,1,145,32,2026-01-01
8262,414,2,28,69,2026-01-01
8263,414,3,364,25,2026-01-01
8264,414,4,423,61,2026-01-01
8265,414,5,164,88,2026-01-01
8266,414,6,281,56,2026-01-01
8267,414,7,459,68,2026-01-01
8268,414,8,322,49,2026-01-01
8269,414,9,468,53,2026-01-01
8270,414,10,331,26,2026-01-01
8271,414,11,382,71,2026-01-01
8272,414,12,53,50,2026-01-01
8273,414,13,477,53,2026-01-01
8274,414,14,203,97,2026-01-01
8275,414,15,47,58,2026-01-01
8276,414,16,302,85,2026-01-01
8277,414,17,391,48,2026-01-01
8278,414,18,201,48,2026-01-01
8279,414,19,214,81,2026-01-01
8280,414,20,201,83,2026-01-01
8281,415,1,310,64,2026-01-01
8282,415,2,106,37,2026-01-01
8283,415,3,1,43,2026-01-01
8284,415,4,467,64,2026-01-01
8285,415,5,295,94,2026-01-01
8286,415,6,142,28,2026-01-01
8287,415,7,455,86,2026-01-01
8288,415,8,425,85,2026-01-01
8289,415,9,54,86,2026-01-01
8290,415,10,2,50,2026-01-01
8291,415,11,475,90,2026-01-01
8292,415,12,485,36,2026-01-01
8293,415,13,387,77,2026-01-01
8294,415,14,418,52,2026-01-01
8295,415,15,443,74,2026-01-01
8296,415,16,393,58,2026-01-01
8297,415,17,392,22,2026-01-01
8298,415,18,346,23,2026-01-01
8299,415,19,166,35,2026-01-01
8300,415,20,93,76,2026-01-01
8301,416,1,107,44,2026-01-01
8302,416,2,26,88,2026-01-01
8303,416,3,378,91,2026-01-01
8304,416,4,66,57,2026-01-01
8305,416,5,168,36,2026-01-01
8306,416,6,448,30,2026-01-01
8307,416,7,165,99,2026-01-01
8308,416,8,435,97,2026-01-01
8309,416,9,169,86,2026-01-01
8310,416,10,53,76,2026-01-01
8311,416,11,33,100,2026-01-01
8312,416,12,335,80,2026-01-01
8313,416,13,271,89,2026-01-01
8314,416,14,166,96,2026-01-01
8315,416,15,209,62,2026-01-01
8316,416,16,31,39,2026-01-01
8317,416,17,115,83,2026-01-01
8318,416,18,333,26,2026-01-01
8319,416,19,455,65,2026-01-01
8320,416,20,91,96,2026-01-01
8321,417,1,324,48,2026-01-01
8322,417,2,273,80,2026-01-01
8323,417,3,350,36,2026-01-01
8324,417,4,452,88,2026-01-01
8325,417,5,6,35,2026-01-01
8326,417,6,171,98,2026-01-01
8327,417,7,208,68,2026-01-01
8328,417,8,202,97,2026-01-01
8329,417,9,484,77,2026-01-01
8330,417,10,193,52,2026-01-01
8331,417,11,429,49,2026-01-01
8332,417,12,436,39,2026-01-01
8333,417,13,288,80,2026-01-01
8334,417,14,448,80,2026-01-01
8335,417,15,164,34,2026-01-01
8336,417,16,470,79,2026-01-01
8337,417,17,55,74,2026-01-01
8338,417,18,413,99,2026-01-01
8339,417,19,264,22,2026-01-01
8340,417,20,418,96,2026-01-01
8341,418,1,128,38,2026-01-01
8342,418,2,18,86,2026-01-01
8343,418,3,136,88,2026-01-01
8344,418,4,481,29,2026-01-01
8345,418,5,256,49,2026-01-01
8346,418,6,362,97,2026-01-01
8347,418,7,408,62,2026-01-01
8348,418,8,194,32,2026-01-01
8349,418,9,152,75,2026-01-01
8350,418,10,22,99,2026-01-01
8351,418,11,25,25,2026-01-01
8352,418,12,265,87,2026-01-01
8353,418,13,34,87,2026-01-01
8354,418,14,33,92,2026-01-01
8355,418,15,360,81,2026-01-01
8356,418,16,98,82,2026-01-01
8357,418,17,212,93,2026-01-01
8358,418,18,26,63,2026-01-01
8359,418,19,488,53,2026-01-01
8360,418,20,75,37,2026-01-01
8361,419,1,99,97,2026-01-01
8362,419,2,246,55,2026-01-01
8363,419,3,408,41,2026-01-01
8364,419,4,485,25,2026-01-01
8365,419,5,75,68,2026-01-01
8366,419,6,15,54,2026-01-01
8367,419,7,409,88,2026-01-01
8368,419,8,150,52,2026-01-01
8369,419,9,18,74,2026-01-01
8370,419,10,385,74,2026-01-01
8371,419,11,286,35,2026-01-01
8372,419,12,485,86,2026-01-01
8373,419,13,383,71,2026-01-01
8374,419,14,349,51,2026-01-01
8375,419,15,40,97,2026-01-01
8376,419,16,79,41,2026-01-01
8377,419,17,100,85,2026-01-01
8378,419,18,7,88,2026-01-01
8379,419,19,374,20,2026-01-01
8380,419,20,273,50,2026-01-01
8381,420,1,400,95,2026-01-01
8382,420,2,158,87,2026-01-01
8383,420,3,412,90,2026-01-01
8384,420,4,386,41,2026-01-01
8385,420,5,413,77,2026-01-01
8386,420,6,402,92,2026-01-01
8387,420,7,399,45,2026-01-01
8388,420,8,499,35,2026-01-01
8389,420,9,445,76,2026-01-01
8390,420,10,175,85,2026-01-01
8391,420,11,425,96,2026-01-01
8392,420,12,139,34,2026-01-01
8393,420,13,6,99,2026-01-01
8394,420,14,213,33,2026-01-01
8395,420,15,3,57,2026-01-01
8396,420,16,381,66,2026-01-01
8397,420,17,17,88,2026-01-01
8398,420,18,17,69,2026-01-01
8399,420,19,219,87,2026-01-01
8400,420,20,303,58,2026-01-01
8401,421,1,498,51,2026-01-01
8402,421,2,196,62,2026-01-01
8403,421,3,177,72,2026-01-01
8404,421,4,325,54,2026-01-01
8405,421,5,93,53,2026-01-01
8406,421,6,360,97,2026-01-01
8407,421,7,382,63,2026-01-01
8408,421,8,474,42,2026-01-01
8409,421,9,169,56,2026-01-01
8410,421,10,135,74,2026-01-01
8411,421,11,28,50,2026-01-01
8412,421,12,490,63,2026-01-01
8413,421,13,78,65,2026-01-01
8414,421,14,174,36,2026-01-01
8415,421,15,229,73,2026-01-01
8416,421,16,353,42,2026-01-01
8417,421,17,305,27,2026-01-01
8418,421,18,340,82,2026-01-01
8419,421,19,114,96,2026-01-01
8420,421,20,50,92,2026-01-01
8421,422,1,344,62,2026-01-01
8422,422,2,77,94,2026-01-01
8423,422,3,415,50,2026-01-01
8424,422,4,4,38,2026-01-01
8425,422,5,200,79,2026-01-01
8426,422,6,246,68,2026-01-01
8427,422,7,471,77,2026-01-01
8428,422,8,276,75,2026-01-01
8429,422,9,215,84,2026-01-01
8430,422,10,456,90,2026-01-01
8431,422,11,79,72,2026-01-01
8432,422,12,18,45,2026-01-01
8433,422,13,374,100,2026-01-01
8434,422,14,106,64,2026-01-01
8435,422,15,81,22,2026-01-01
8436,422,16,46,68,2026-01-01
8437,422,17,412,93,2026-01-01
8438,422,18,347,57,2026-01-01
8439,422,19,315,63,2026-01-01
8440,422,20,205,32,2026-01-01
8441,423,1,378,57,2026-01-01
8442,423,2,353,40,2026-01-01
8443,423,3,299,49,2026-01-01
8444,423,4,60,72,2026-01-01
8445,423,5,267,74,2026-01-01
8446,423,6,488,47,2026-01-01
8447,423,7,82,58,2026-01-01
8448,423,8,432,54,2026-01-01
8449,423,9,66,31,2026-01-01
8450,423,10,247,60,2026-01-01
8451,423,11,191,70,2026-01-01
8452,423,12,271,64,2026-01-01
8453,423,13,229,83,2026-01-01
8454,423,14,213,86,2026-01-01
8455,423,15,430,50,2026-01-01
8456,423,16,113,60,2026-01-01
8457,423,17,122,99,2026-01-01
8458,423,18,360,56,2026-01-01
8459,423,19,163,67,2026-01-01
8460,423,20,435,63,2026-01-01
8461,424,1,300,87,2026-01-01
8462,424,2,319,94,2026-01-01
8463,424,3,475,65,2026-01-01
8464,424,4,431,77,2026-01-01
8465,424,5,321,31,2026-01-01
8466,424,6,238,74,2026-01-01
8467,424,7,229,46,2026-01-01
8468,424,8,177,84,2026-01-01
8469,424,9,133,100,2026-01-01
8470,424,10,272,87,2026-01-01
8471,424,11,362,63,2026-01-01
8472,424,12,308,95,2026-01-01
8473,424,13,467,47,2026-01-01
8474,424,14,341,82,2026-01-01
8475,424,15,290,48,2026-01-01
8476,424,16,465,98,2026-01-01
8477,424,17,215,100,2026-01-01
8478,424,18,180,52,2026-01-01
8479,424,19,246,28,2026-01-01
8480,424,20,288,54,2026-01-01
8481,425,1,87,93,2026-01-01
8482,425,2,95,23,2026-01-01
8483,425,3,448,90,2026-01-01
8484,425,4,50,80,2026-01-01
8485,425,5,299,31,2026-01-01
8486,425,6,138,31,2026-01-01
8487,425,7,340,75,2026-01-01
8488,425,8,449,54,2026-01-01
8489,425,9,41,31,2026-01-01
8490,425,10,152,28,2026-01-01
8491,425,11,385,44,2026-01-01
8492,425,12,112,63,2026-01-01
8493,425,13,495,21,2026-01-01
8494,425,14,0,28,2026-01-01
8495,425,15,498,21,2026-01-01
8496,425,16,308,67,2026-01-01
8497,425,17,284,42,2026-01-01
8498,425,18,177,97,2026-01-01
8499,425,19,401,100,2026-01-01
8500,425,20,139,89,2026-01-01
8501,426,1,385,58,2026-01-01
8502,426,2,179,32,2026-01-01
8503,426,3,107,49,2026-01-01
8504,426,4,127,30,2026-01-01
8505,426,5,167,25,2026-01-01
8506,426,6,299,42,2026-01-01
8507,426,7,327,93,2026-01-01
8508,426,8,454,32,2026-01-01
8509,426,9,360,92,2026-01-01
8510,426,10,424,36,2026-01-01
8511,426,11,44,29,2026-01-01
8512,426,12,486,45,2026-01-01
8513,426,13,145,50,2026-01-01
8514,426,14,148,48,2026-01-01
8515,426,15,477,84,2026-01-01
8516,426,16,497,23,2026-01-01
8517,426,17,377,75,2026-01-01
8518,426,18,161,78,2026-01-01
8519,426,19,22,85,2026-01-01
8520,426,20,129,89,2026-01-01
8521,427,1,141,73,2026-01-01
8522,427,2,336,96,2026-01-01
8523,427,3,185,26,2026-01-01
8524,427,4,441,35,2026-01-01
8525,427,5,355,40,2026-01-01
8526,427,6,233,78,2026-01-01
8527,427,7,52,24,2026-01-01
8528,427,8,307,98,2026-01-01
8529,427,9,150,100,2026-01-01
8530,427,10,435,46,2026-01-01
8531,427,11,191,68,2026-01-01
8532,427,12,347,61,2026-01-01
8533,427,13,329,35,2026-01-01
8534,427,14,179,49,2026-01-01
8535,427,15,392,75,2026-01-01
8536,427,16,438,50,2026-01-01
8537,427,17,73,91,2026-01-01
8538,427,18,29,92,2026-01-01
8539,427,19,127,76,2026-01-01
8540,427,20,159,34,2026-01-01
8541,428,1,162,78,2026-01-01
8542,428,2,478,52,2026-01-01
8543,428,3,480,56,2026-01-01
8544,428,4,377,39,2026-01-01
8545,428,5,408,45,2026-01-01
8546,428,6,80,20,2026-01-01
8547,428,7,259,38,2026-01-01
8548,428,8,207,42,2026-01-01
8549,428,9,487,32,2026-01-01
8550,428,10,450,81,2026-01-01
8551,428,11,141,98,2026-01-01
8552,428,12,21,88,2026-01-01
8553,428,13,252,78,2026-01-01
8554,428,14,392,52,2026-01-01
8555,428,15,231,22,2026-01-01
8556,428,16,268,44,2026-01-01
8557,428,17,187,67,2026-01-01
8558,428,18,66,31,2026-01-01
8559,428,19,348,28,2026-01-01
8560,428,20,424,34,2026-01-01
8561,429,1,102,45,2026-01-01
8562,429,2,214,80,2026-01-01
8563,429,3,104,55,2026-01-01
8564,429,4,315,84,2026-01-01
8565,429,5,265,99,2026-01-01
8566,429,6,69,91,2026-01-01
8567,429,7,174,87,2026-01-01
8568,429,8,191,84,2026-01-01
8569,429,9,434,91,2026-01-01
8570,429,10,334,28,2026-01-01
8571,429,11,99,89,2026-01-01
8572,429,12,244,67,2026-01-01
8573,429,13,93,79,2026-01-01
8574,429,14,375,78,2026-01-01
8575,429,15,293,59,2026-01-01
8576,429,16,357,37,2026-01-01
8577,429,17,153,47,2026-01-01
8578,429,18,288,87,2026-01-01
8579,429,19,148,42,2026-01-01
8580,429,20,231,32,2026-01-01
8581,430,1,332,53,2026-01-01
8582,430,2,2,76,2026-01-01
8583,430,3,301,47,2026-01-01
8584,430,4,286,87,2026-01-01
8585,430,5,71,55,2026-01-01
8586,430,6,492,73,2026-01-01
8587,430,7,425,42,2026-01-01
8588,430,8,115,64,2026-01-01
8589,430,9,361,28,2026-01-01
8590,430,10,47,42,2026-01-01
8591,430,11,90,40,2026-01-01
8592,430,12,459,36,2026-01-01
8593,430,13,37,70,2026-01-01
8594,430,14,181,42,2026-01-01
8595,430,15,275,40,2026-01-01
8596,430,16,359,89,2026-01-01
8597,430,17,499,24,2026-01-01
8598,430,18,67,89,2026-01-01
8599,430,19,35,40,2026-01-01
8600,430,20,442,28,2026-01-01
8601,431,1,417,79,2026-01-01
8602,431,2,148,44,2026-01-01
8603,431,3,314,51,2026-01-01
8604,431,4,327,26,2026-01-01
8605,431,5,228,80,2026-01-01
8606,431,6,144,85,2026-01-01
8607,431,7,498,72,2026-01-01
8608,431,8,440,63,2026-01-01
8609,431,9,441,22,2026-01-01
8610,431,10,493,36,2026-01-01
8611,431,11,347,92,2026-01-01
8612,431,12,325,45,2026-01-01
8613,431,13,229,68,2026-01-01
8614,431,14,292,95,2026-01-01
8615,431,15,105,43,2026-01-01
8616,431,16,385,77,2026-01-01
8617,431,17,233,24,2026-01-01
8618,431,18,388,81,2026-01-01
8619,431,19,74,88,2026-01-01
8620,431,20,118,86,2026-01-01
8621,432,1,343,66,2026-01-01
8622,432,2,172,77,2026-01-01
8623,432,3,460,92,2026-01-01
8624,432,4,137,27,2026-01-01
8625,432,5,358,47,2026-01-01
8626,432,6,386,84,2026-01-01
8627,432,7,127,63,2026-01-01
8628,432,8,378,59,2026-01-01
8629,432,9,219,64,2026-01-01
8630,432,10,272,59,2026-01-01
8631,432,11,127,34,2026-01-01
8632,432,12,317,68,2026-01-01
8633,432,13,188,100,2026-01-01
8634,432,14,154,21,2026-01-01
8635,432,15,436,93,2026-01-01
8636,432,16,252,53,2026-01-01
8637,432,17,107,93,2026-01-01
8638,432,18,302,36,2026-01-01
8639,432,19,348,99,2026-01-01
8640,432,20,359,27,2026-01-01
8641,433,1,197,29,2026-01-01
8642,433,2,110,66,2026-01-01
8643,433,3,140,71,2026-01-01
8644,433,4,472,79,2026-01-01
8645,433,5,399,23,2026-01-01
8646,433,6,416,53,2026-01-01
8647,433,7,235,91,2026-01-01
8648,433,8,107,42,2026-01-01
8649,433,9,136,49,2026-01-01
8650,433,10,382,73,2026-01-01
8651,433,11,284,20,2026-01-01
8652,433,12,422,73,2026-01-01
8653,433,13,158,78,2026-01-01
8654,433,14,241,90,2026-01-01
8655,433,15,456,34,2026-01-01
8656,433,16,234,88,2026-01-01
8657,433,17,225,42,2026-01-01
8658,433,18,265,34,2026-01-01
8659,433,19,434,93,2026-01-01
8660,433,20,92,70,2026-01-01
8661,434,1,265,27,2026-01-01
8662,434,2,164,84,2026-01-01
8663,434,3,435,73,2026-01-01
8664,434,4,283,89,2026-01-01
8665,434,5,207,100,2026-01-01
8666,434,6,436,89,2026-01-01
8667,434,7,73,55,2026-01-01
8668,434,8,443,20,2026-01-01
8669,434,9,29,65,2026-01-01
8670,434,10,377,94,2026-01-01
8671,434,11,325,93,2026-01-01
8672,434,12,282,84,2026-01-01
8673,434,13,231,68,2026-01-01
8674,434,14,188,91,2026-01-01
8675,434,15,289,72,2026-01-01
8676,434,16,365,84,2026-01-01
8677,434,17,352,34,2026-01-01
8678,434,18,471,31,2026-01-01
8679,434,19,184,44,2026-01-01
8680,434,20,208,98,2026-01-01
8681,435,1,324,58,2026-01-01
8682,435,2,58,80,2026-01-01
8683,435,3,410,74,2026-01-01
8684,435,4,144,33,2026-01-01
8685,435,5,103,59,2026-01-01
8686,435,6,383,34,2026-01-01
8687,435,7,305,45,2026-01-01
8688,435,8,162,25,2026-01-01
8689,435,9,71,97,2026-01-01
8690,435,10,85,64,2026-01-01
8691,435,11,266,100,2026-01-01
8692,435,12,499,93,2026-01-01
8693,435,13,479,78,2026-01-01
8694,435,14,195,40,2026-01-01
8695,435,15,477,66,2026-01-01
8696,435,16,246,83,2026-01-01
8697,435,17,137,42,2026-01-01
8698,435,18,135,91,2026-01-01
8699,435,19,481,41,2026-01-01
8700,435,20,424,78,2026-01-01
8701,436,1,458,48,2026-01-01
8702,436,2,468,84,2026-01-01
8703,436,3,5,83,2026-01-01
8704,436,4,209,27,2026-01-01
8705,436,5,397,31,2026-01-01
8706,436,6,16,52,2026-01-01
8707,436,7,455,42,2026-01-01
8708,436,8,127,53,2026-01-01
8709,436,9,382,57,2026-01-01
8710,436,10,343,42,2026-01-01
8711,436,11,406,24,2026-01-01
8712,436,12,457,48,2026-01-01
8713,436,13,151,99,2026-01-01
8714,436,14,432,93,2026-01-01
8715,436,15,110,42,2026-01-01
8716,436,16,248,86,2026-01-01
8717,436,17,93,100,2026-01-01
8718,436,18,39,85,2026-01-01
8719,436,19,220,38,2026-01-01
8720,436,20,159,36,2026-01-01
8721,437,1,320,62,2026-01-01
8722,437,2,335,40,2026-01-01
8723,437,3,211,29,2026-01-01
8724,437,4,258,37,2026-01-01
8725,437,5,399,94,2026-01-01
8726,437,6,8,51,2026-01-01
8727,437,7,360,62,2026-01-01
8728,437,8,277,61,2026-01-01
8729,437,9,187,92,2026-01-01
8730,437,10,411,91,2026-01-01
8731,437,11,293,53,2026-01-01
8732,437,12,156,70,2026-01-01
8733,437,13,311,32,2026-01-01
8734,437,14,112,32,2026-01-01
8735,437,15,470,23,2026-01-01
8736,437,16,253,97,2026-01-01
8737,437,17,240,88,2026-01-01
8738,437,18,243,91,2026-01-01
8739,437,19,151,46,2026-01-01
8740,437,20,453,95,2026-01-01
8741,438,1,228,53,2026-01-01
8742,438,2,318,36,2026-01-01
8743,438,3,378,60,2026-01-01
8744,438,4,224,21,2026-01-01
8745,438,5,340,39,2026-01-01
8746,438,6,108,32,2026-01-01
8747,438,7,137,65,2026-01-01
8748,438,8,476,84,2026-01-01
8749,438,9,478,65,2026-01-01
8750,438,10,313,68,2026-01-01
8751,438,11,0,54,2026-01-01
8752,438,12,141,45,2026-01-01
8753,438,13,15,79,2026-01-01
8754,438,14,58,21,2026-01-01
8755,438,15,388,22,2026-01-01
8756,438,16,88,33,2026-01-01
8757,438,17,132,61,2026-01-01
8758,438,18,122,56,2026-01-01
8759,438,19,339,88,2026-01-01
8760,438,20,124,41,2026-01-01
8761,439,1,78,23,2026-01-01
8762,439,2,386,85,2026-01-01
8763,439,3,263,57,2026-01-01
8764,439,4,7,74,2026-01-01
8765,439,5,22,33,2026-01-01
8766,439,6,121,93,2026-01-01
8767,439,7,493,39,2026-01-01
8768,439,8,413,82,2026-01-01
8769,439,9,39,92,2026-01-01
8770,439,10,189,61,2026-01-01
8771,439,11,150,27,2026-01-01
8772,439,12,454,54,2026-01-01
8773,439,13,276,45,2026-01-01
8774,439,14,437,74,2026-01-01
8775,439,15,182,28,2026-01-01
8776,439,16,281,80,2026-01-01
8777,439,17,223,86,2026-01-01
8778,439,18,363,43,2026-01-01
8779,439,19,267,29,2026-01-01
8780,439,20,498,24,2026-01-01
8781,440,1,108,39,2026-01-01
8782,440,2,268,42,2026-01-01
8783,440,3,54,83,2026-01-01
8784,440,4,37,33,2026-01-01
8785,440,5,145,31,2026-01-01
8786,440,6,454,69,2026-01-01
8787,440,7,406,36,2026-01-01
8788,440,8,15,53,2026-01-01
8789,440,9,427,73,2026-01-01
8790,440,10,81,75,2026-01-01
8791,440,11,159,47,2026-01-01
8792,440,12,491,69,2026-01-01
8793,440,13,39,30,2026-01-01
8794,440,14,410,87,2026-01-01
8795,440,15,2,76,2026-01-01
8796,440,16,316,41,2026-01-01
8797,440,17,475,69,2026-01-01
8798,440,18,88,76,2026-01-01
8799,440,19,374,71,2026-01-01
8800,440,20,483,50,2026-01-01
8801,441,1,460,90,2026-01-01
8802,441,2,26,40,2026-01-01
8803,441,3,320,86,2026-01-01
8804,441,4,172,100,2026-01-01
8805,441,5,203,77,2026-01-01
8806,441,6,324,28,2026-01-01
8807,441,7,486,46,2026-01-01
8808,441,8,157,29,2026-01-01
8809,441,9,103,88,2026-01-01
8810,441,10,336,32,2026-01-01
8811,441,11,83,31,2026-01-01
8812,441,12,180,75,2026-01-01
8813,441,13,364,73,2026-01-01
8814,441,14,27,48,2026-01-01
8815,441,15,286,85,2026-01-01
8816,441,16,280,57,2026-01-01
8817,441,17,127,82,2026-01-01
8818,441,18,160,52,2026-01-01
8819,441,19,391,51,2026-01-01
8820,441,20,309,38,2026-01-01
8821,442,1,295,55,2026-01-01
8822,442,2,113,21,2026-01-01
8823,442,3,269,74,2026-01-01
8824,442,4,39,87,2026-01-01
8825,442,5,403,90,2026-01-01
8826,442,6,387,65,2026-01-01
8827,442,7,178,34,2026-01-01
8828,442,8,242,43,2026-01-01
8829,442,9,367,40,2026-01-01
8830,442,10,186,92,2026-01-01
8831,442,11,51,35,2026-01-01
8832,442,12,5,84,2026-01-01
8833,442,13,323,27,2026-01-01
8834,442,14,299,38,2026-01-01
8835,442,15,306,93,2026-01-01
8836,442,16,358,40,2026-01-01
8837,442,17,63,31,2026-01-01
8838,442,18,306,60,2026-01-01
8839,442,19,456,24,2026-01-01
8840,442,20,126,82,2026-01-01
8841,443,1,252,69,2026-01-01
8842,443,2,420,63,2026-01-01
8843,443,3,147,23,2026-01-01
8844,443,4,273,52,2026-01-01
8845,443,5,155,54,2026-01-01
8846,443,6,38,20,2026-01-01
8847,443,7,110,37,2026-01-01
8848,443,8,443,22,2026-01-01
8849,443,9,266,77,2026-01-01
8850,443,10,339,61,2026-01-01
8851,443,11,356,31,2026-01-01
8852,443,12,353,51,2026-01-01
8853,443,13,52,24,2026-01-01
8854,443,14,118,25,2026-01-01
8855,443,15,371,70,2026-01-01
8856,443,16,282,26,2026-01-01
8857,443,17,413,51,2026-01-01
8858,443,18,411,94,2026-01-01
8859,443,19,290,61,2026-01-01
8860,443,20,127,93,2026-01-01
8861,444,1,33,39,2026-01-01
8862,444,2,243,26,2026-01-01
8863,444,3,227,83,2026-01-01
8864,444,4,202,31,2026-01-01
8865,444,5,76,87,2026-01-01
8866,444,6,258,39,2026-01-01
8867,444,7,75,99,2026-01-01
8868,444,8,38,44,2026-01-01
8869,444,9,246,68,2026-01-01
8870,444,10,60,55,2026-01-01
8871,444,11,310,81,2026-01-01
8872,444,12,224,97,2026-01-01
8873,444,13,425,32,2026-01-01
8874,444,14,450,55,2026-01-01
8875,444,15,170,86,2026-01-01
8876,444,16,7,27,2026-01-01
8877,444,17,450,55,2026-01-01
8878,444,18,334,78,2026-01-01
8879,444,19,120,62,2026-01-01
8880,444,20,280,88,2026-01-01
8881,445,1,144,59,2026-01-01
8882,445,2,380,94,2026-01-01
8883,445,3,470,70,2026-01-01
8884,445,4,5,39,2026-01-01
8885,445,5,59,74,2026-01-01
8886,445,6,14,49,2026-01-01
8887,445,7,140,83,2026-01-01
8888,445,8,14,48,2026-01-01
8889,445,9,213,94,2026-01-01
8890,445,10,215,45,2026-01-01
8891,445,11,445,20,2026-01-01
8892,445,12,196,39,2026-01-01
8893,445,13,108,34,2026-01-01
8894,445,14,96,79,2026-01-01
8895,445,15,405,50,2026-01-01
8896,445,16,62,52,2026-01-01
8897,445,17,13,86,2026-01-01
8898,445,18,236,99,2026-01-01
8899,445,19,162,30,2026-01-01
8900,445,20,127,93,2026-01-01
8901,446,1,269,70,2026-01-01
8902,446,2,339,76,2026-01-01
8903,446,3,350,44,2026-01-01
8904,446,4,2,54,2026-01-01
8905,446,5,289,22,2026-01-01
8906,446,6,95,54,2026-01-01
8907,446,7,328,81,2026-01-01
8908,446,8,28,43,2026-01-01
8909,446,9,25,59,2026-01-01
8910,446,10,170,81,2026-01-01
8911,446,11,104,55,2026-01-01
8912,446,12,241,28,2026-01-01
8913,446,13,497,65,2026-01-01
8914,446,14,353,95,2026-01-01
8915,446,15,457,32,2026-01-01
8916,446,16,461,51,2026-01-01
8917,446,17,7,97,2026-01-01
8918,446,18,340,35,2026-01-01
8919,446,19,54,60,2026-01-01
8920,446,20,372,78,2026-01-01
8921,447,1,476,70,2026-01-01
8922,447,2,118,48,2026-01-01
8923,447,3,137,94,2026-01-01
8924,447,4,132,36,2026-01-01
8925,447,5,15,31,2026-01-01
8926,447,6,334,84,2026-01-01
8927,447,7,224,77,2026-01-01
8928,447,8,366,69,2026-01-01
8929,447,9,498,22,2026-01-01
8930,447,10,393,65,2026-01-01
8931,447,11,338,57,2026-01-01
8932,447,12,170,95,2026-01-01
8933,447,13,78,33,2026-01-01
8934,447,14,61,37,2026-01-01
8935,447,15,418,47,2026-01-01
8936,447,16,351,83,2026-01-01
8937,447,17,312,91,2026-01-01
8938,447,18,199,36,2026-01-01
8939,447,19,382,21,2026-01-01
8940,447,20,38,99,2026-01-01
8941,448,1,99,60,2026-01-01
8942,448,2,390,42,2026-01-01
8943,448,3,55,96,2026-01-01
8944,448,4,203,100,2026-01-01
8945,448,5,385,99,2026-01-01
8946,448,6,332,57,2026-01-01
8947,448,7,413,90,2026-01-01
8948,448,8,117,94,2026-01-01
8949,448,9,216,68,2026-01-01
8950,448,10,245,59,2026-01-01
8951,448,11,354,59,2026-01-01
8952,448,12,410,69,2026-01-01
8953,448,13,281,68,2026-01-01
8954,448,14,487,92,2026-01-01
8955,448,15,252,35,2026-01-01
8956,448,16,96,99,2026-01-01
8957,448,17,279,41,2026-01-01
8958,448,18,114,70,2026-01-01
8959,448,19,192,23,2026-01-01
8960,448,20,93,95,2026-01-01
8961,449,1,243,79,2026-01-01
8962,449,2,467,90,2026-01-01
8963,449,3,60,27,2026-01-01
8964,449,4,418,23,2026-01-01
8965,449,5,390,85,2026-01-01
8966,449,6,29,75,2026-01-01
8967,449,7,425,45,2026-01-01
8968,449,8,153,51,2026-01-01
8969,449,9,348,64,2026-01-01
8970,449,10,79,83,2026-01-01
8971,449,11,284,61,2026-01-01
8972,449,12,437,87,2026-01-01
8973,449,13,303,26,2026-01-01
8974,449,14,352,49,2026-01-01
8975,449,15,218,76,2026-01-01
8976,449,16,123,60,2026-01-01
8977,449,17,225,34,2026-01-01
8978,449,18,137,91,2026-01-01
8979,449,19,113,82,2026-01-01
8980,449,20,370,61,2026-01-01
8981,450,1,331,60,2026-01-01
8982,450,2,50,92,2026-01-01
8983,450,3,483,57,2026-01-01
8984,450,4,447,81,2026-01-01
8985,450,5,490,22,2026-01-01
8986,450,6,338,25,2026-01-01
8987,450,7,322,84,2026-01-01
8988,450,8,375,47,2026-01-01
8989,450,9,131,52,2026-01-01
8990,450,10,125,56,2026-01-01
8991,450,11,434,90,2026-01-01
8992,450,12,409,51,2026-01-01
8993,450,13,119,86,2026-01-01
8994,450,14,95,98,2026-01-01
8995,450,15,149,61,2026-01-01
8996,450,16,47,94,2026-01-01
8997,450,17,398,88,2026-01-01
8998,450,18,148,84,2026-01-01
8999,450,19,171,61,2026-01-01
9000,450,20,105,80,2026-01-01
9001,451,1,85,33,2026-01-01
9002,451,2,341,32,2026-01-01
9003,451,3,136,88,2026-01-01
9004,451,4,94,58,2026-01-01
9005,451,5,405,27,2026-01-01
9006,451,6,480,25,2026-01-01
9007,451,7,111,90,2026-01-01
9008,451,8,43,26,2026-01-01
9009,451,9,289,53,2026-01-01
9010,451,10,185,61,2026-01-01
9011,451,11,110,88,2026-01-01
9012,451,12,86,58,2026-01-01
9013,451,13,323,60,2026-01-01
9014,451,14,197,99,2026-01-01
9015,451,15,286,49,2026-01-01
9016,451,16,97,64,2026-01-01
9017,451,17,62,28,2026-01-01
9018,451,18,372,62,2026-01-01
9019,451,19,248,82,2026-01-01
9020,451,20,455,47,2026-01-01
9021,452,1,108,68,2026-01-01
9022,452,2,281,90,2026-01-01
9023,452,3,258,71,2026-01-01
9024,452,4,399,84,2026-01-01
9025,452,5,408,80,2026-01-01
9026,452,6,103,75,2026-01-01
9027,452,7,151,73,2026-01-01
9028,452,8,269,74,2026-01-01
9029,452,9,242,85,2026-01-01
9030,452,10,253,88,2026-01-01
9031,452,11,243,74,2026-01-01
9032,452,12,88,85,2026-01-01
9033,452,13,332,26,2026-01-01
9034,452,14,455,25,2026-01-01
9035,452,15,357,39,2026-01-01
9036,452,16,83,38,2026-01-01
9037,452,17,451,91,2026-01-01
9038,452,18,63,40,2026-01-01
9039,452,19,40,61,2026-01-01
9040,452,20,420,100,2026-01-01
9041,453,1,253,30,2026-01-01
9042,453,2,406,31,2026-01-01
9043,453,3,316,32,2026-01-01
9044,453,4,228,87,2026-01-01
9045,453,5,315,20,2026-01-01
9046,453,6,382,71,2026-01-01
9047,453,7,241,57,2026-01-01
9048,453,8,245,66,2026-01-01
9049,453,9,254,72,2026-01-01
9050,453,10,274,23,2026-01-01
9051,453,11,385,23,2026-01-01
9052,453,12,153,86,2026-01-01
9053,453,13,309,72,2026-01-01
9054,453,14,83,79,2026-01-01
9055,453,15,203,91,2026-01-01
9056,453,16,491,67,2026-01-01
9057,453,17,247,54,2026-01-01
9058,453,18,468,21,2026-01-01
9059,453,19,16,60,2026-01-01
9060,453,20,164,41,2026-01-01
9061,454,1,33,54,2026-01-01
9062,454,2,487,83,2026-01-01
9063,454,3,0,49,2026-01-01
9064,454,4,38,47,2026-01-01
9065,454,5,2,40,2026-01-01
9066,454,6,105,41,2026-01-01
9067,454,7,166,80,2026-01-01
9068,454,8,280,98,2026-01-01
9069,454,9,292,81,2026-01-01
9070,454,10,62,81,2026-01-01
9071,454,11,273,36,2026-01-01
9072,454,12,306,80,2026-01-01
9073,454,13,414,72,2026-01-01
9074,454,14,385,34,2026-01-01
9075,454,15,432,43,2026-01-01
9076,454,16,183,83,2026-01-01
9077,454,17,363,35,2026-01-01
9078,454,18,116,89,2026-01-01
9079,454,19,422,21,2026-01-01
9080,454,20,19,91,2026-01-01
9081,455,1,227,67,2026-01-01
9082,455,2,342,95,2026-01-01
9083,455,3,158,36,2026-01-01
9084,455,4,110,97,2026-01-01
9085,455,5,316,60,2026-01-01
9086,455,6,305,78,2026-01-01
9087,455,7,433,56,2026-01-01
9088,455,8,274,30,2026-01-01
9089,455,9,466,40,2026-01-01
9090,455,10,150,84,2026-01-01
9091,455,11,126,28,2026-01-01
9092,455,12,13,82,2026-01-01
9093,455,13,58,91,2026-01-01
9094,455,14,24,99,2026-01-01
9095,455,15,498,29,2026-01-01
9096,455,16,401,67,2026-01-01
9097,455,17,204,85,2026-01-01
9098,455,18,275,69,2026-01-01
9099,455,19,271,81,2026-01-01
9100,455,20,248,26,2026-01-01
9101,456,1,283,45,2026-01-01
9102,456,2,7,89,2026-01-01
9103,456,3,327,52,2026-01-01
9104,456,4,271,24,2026-01-01
9105,456,5,85,20,2026-01-01
9106,456,6,95,78,2026-01-01
9107,456,7,173,72,2026-01-01
9108,456,8,140,82,2026-01-01
9109,456,9,127,53,2026-01-01
9110,456,10,107,98,2026-01-01
9111,456,11,187,41,2026-01-01
9112,456,12,464,63,2026-01-01
9113,456,13,242,45,2026-01-01
9114,456,14,153,53,2026-01-01
9115,456,15,311,95,2026-01-01
9116,456,16,65,86,2026-01-01
9117,456,17,67,75,2026-01-01
9118,456,18,162,48,2026-01-01
9119,456,19,54,81,2026-01-01
9120,456,20,131,43,2026-01-01
9121,457,1,145,45,2026-01-01
9122,457,2,499,48,2026-01-01
9123,457,3,167,32,2026-01-01
9124,457,4,5,76,2026-01-01
9125,457,5,500,90,2026-01-01
9126,457,6,99,60,2026-01-01
9127,457,7,342,50,2026-01-01
9128,457,8,78,66,2026-01-01
9129,457,9,182,84,2026-01-01
9130,457,10,328,25,2026-01-01
9131,457,11,1,94,2026-01-01
9132,457,12,120,94,2026-01-01
9133,457,13,172,31,2026-01-01
9134,457,14,474,71,2026-01-01
9135,457,15,44,39,2026-01-01
9136,457,16,246,46,2026-01-01
9137,457,17,482,52,2026-01-01
9138,457,18,244,50,2026-01-01
9139,457,19,451,80,2026-01-01
9140,457,20,305,55,2026-01-01
9141,458,1,285,30,2026-01-01
9142,458,2,324,40,2026-01-01
9143,458,3,142,43,2026-01-01
9144,458,4,186,43,2026-01-01
9145,458,5,419,59,2026-01-01
9146,458,6,202,66,2026-01-01
9147,458,7,172,26,2026-01-01
9148,458,8,127,38,2026-01-01
9149,458,9,155,99,2026-01-01
9150,458,10,488,56,2026-01-01
9151,458,11,165,85,2026-01-01
9152,458,12,222,55,2026-01-01
9153,458,13,327,81,2026-01-01
9154,458,14,458,40,2026-01-01
9155,458,15,413,92,2026-01-01
9156,458,16,144,57,2026-01-01
9157,458,17,107,48,2026-01-01
9158,458,18,308,88,2026-01-01
9159,458,19,441,41,2026-01-01
9160,458,20,292,21,2026-01-01
9161,459,1,75,60,2026-01-01
9162,459,2,81,70,2026-01-01
9163,459,3,326,55,2026-01-01
9164,459,4,385,48,2026-01-01
9165,459,5,377,100,2026-01-01
9166,459,6,144,63,2026-01-01
9167,459,7,481,86,2026-01-01
9168,459,8,462,49,2026-01-01
9169,459,9,66,89,2026-01-01
9170,459,10,341,38,2026-01-01
9171,459,11,270,26,2026-01-01
9172,459,12,31,31,2026-01-01
9173,459,13,340,100,2026-01-01
9174,459,14,449,54,2026-01-01
9175,459,15,278,60,2026-01-01
9176,459,16,344,88,2026-01-01
9177,459,17,208,48,2026-01-01
9178,459,18,466,38,2026-01-01
9179,459,19,67,77,2026-01-01
9180,459,20,491,95,2026-01-01
9181,460,1,242,79,2026-01-01
9182,460,2,190,26,2026-01-01
9183,460,3,402,32,2026-01-01
9184,460,4,360,75,2026-01-01
9185,460,5,411,36,2026-01-01
9186,460,6,141,97,2026-01-01
9187,460,7,83,67,2026-01-01
9188,460,8,400,100,2026-01-01
9189,460,9,485,44,2026-01-01
9190,460,10,231,68,2026-01-01
9191,460,11,208,41,2026-01-01
9192,460,12,390,96,2026-01-01
9193,460,13,25,22,2026-01-01
9194,460,14,497,30,2026-01-01
9195,460,15,332,45,2026-01-01
9196,460,16,176,33,2026-01-01
9197,460,17,134,47,2026-01-01
9198,460,18,141,41,2026-01-01
9199,460,19,456,46,2026-01-01
9200,460,20,229,58,2026-01-01
9201,461,1,283,25,2026-01-01
9202,461,2,335,91,2026-01-01
9203,461,3,359,98,2026-01-01
9204,461,4,483,45,2026-01-01
9205,461,5,442,59,2026-01-01
9206,461,6,247,52,2026-01-01
9207,461,7,362,97,2026-01-01
9208,461,8,80,55,2026-01-01
9209,461,9,381,80,2026-01-01
9210,461,10,111,36,2026-01-01
9211,461,11,373,82,2026-01-01
9212,461,12,188,30,2026-01-01
9213,461,13,303,44,2026-01-01
9214,461,14,166,100,2026-01-01
9215,461,15,141,65,2026-01-01
9216,461,16,147,30,2026-01-01
9217,461,17,88,63,2026-01-01
9218,461,18,11,85,2026-01-01
9219,461,19,472,75,2026-01-01
9220,461,20,390,29,2026-01-01
9221,462,1,315,67,2026-01-01
9222,462,2,137,23,2026-01-01
9223,462,3,78,53,2026-01-01
9224,462,4,374,22,2026-01-01
9225,462,5,135,84,2026-01-01
9226,462,6,94,64,2026-01-01
9227,462,7,166,90,2026-01-01
9228,462,8,88,20,2026-01-01
9229,462,9,157,89,2026-01-01
9230,462,10,304,45,2026-01-01
9231,462,11,412,33,2026-01-01
9232,462,12,23,98,2026-01-01
9233,462,13,157,46,2026-01-01
9234,462,14,187,97,2026-01-01
9235,462,15,445,75,2026-01-01
9236,462,16,25,37,2026-01-01
9237,462,17,289,59,2026-01-01
9238,462,18,255,46,2026-01-01
9239,462,19,249,49,2026-01-01
9240,462,20,230,26,2026-01-01
9241,463,1,53,40,2026-01-01
9242,463,2,268,91,2026-01-01
9243,463,3,354,34,2026-01-01
9244,463,4,90,62,2026-01-01
9245,463,5,211,37,2026-01-01
9246,463,6,5,87,2026-01-01
9247,463,7,228,100,2026-01-01
9248,463,8,168,60,2026-01-01
9249,463,9,351,50,2026-01-01
9250,463,10,329,24,2026-01-01
9251,463,11,18,85,2026-01-01
9252,463,12,149,27,2026-01-01
9253,463,13,20,98,2026-01-01
9254,463,14,144,44,2026-01-01
9255,463,15,337,62,2026-01-01
9256,463,16,220,27,2026-01-01
9257,463,17,358,75,2026-01-01
9258,463,18,106,89,2026-01-01
9259,463,19,136,64,2026-01-01
9260,463,20,439,52,2026-01-01
9261,464,1,266,33,2026-01-01
9262,464,2,337,20,2026-01-01
9263,464,3,361,47,2026-01-01
9264,464,4,58,71,2026-01-01
9265,464,5,356,39,2026-01-01
9266,464,6,340,73,2026-01-01
9267,464,7,289,81,2026-01-01
9268,464,8,307,95,2026-01-01
9269,464,9,279,66,2026-01-01
9270,464,10,41,39,2026-01-01
9271,464,11,116,20,2026-01-01
9272,464,12,156,22,2026-01-01
9273,464,13,206,54,2026-01-01
9274,464,14,281,36,2026-01-01
9275,464,15,183,91,2026-01-01
9276,464,16,219,41,2026-01-01
9277,464,17,343,88,2026-01-01
9278,464,18,388,22,2026-01-01
9279,464,19,163,65,2026-01-01
9280,464,20,98,54,2026-01-01
9281,465,1,486,78,2026-01-01
9282,465,2,447,84,2026-01-01
9283,465,3,459,72,2026-01-01
9284,465,4,497,24,2026-01-01
9285,465,5,274,29,2026-01-01
9286,465,6,323,37,2026-01-01
9287,465,7,472,59,2026-01-01
9288,465,8,416,56,2026-01-01
9289,465,9,68,90,2026-01-01
9290,465,10,214,93,2026-01-01
9291,465,11,28,48,2026-01-01
9292,465,12,418,57,2026-01-01
9293,465,13,259,74,2026-01-01
9294,465,14,428,21,2026-01-01
9295,465,15,86,75,2026-01-01
9296,465,16,140,45,2026-01-01
9297,465,17,196,48,2026-01-01
9298,465,18,361,37,2026-01-01
9299,465,19,185,47,2026-01-01
9300,465,20,313,33,2026-01-01
9301,466,1,286,57,2026-01-01
9302,466,2,206,50,2026-01-01
9303,466,3,455,100,2026-01-01
9304,466,4,191,51,2026-01-01
9305,466,5,463,35,2026-01-01
9306,466,6,481,36,2026-01-01
9307,466,7,94,88,2026-01-01
9308,466,8,337,92,2026-01-01
9309,466,9,421,57,2026-01-01
9310,466,10,457,76,2026-01-01
9311,466,11,391,70,2026-01-01
9312,466,12,105,89,2026-01-01
9313,466,13,35,69,2026-01-01
9314,466,14,334,38,2026-01-01
9315,466,15,102,30,2026-01-01
9316,466,16,88,71,2026-01-01
9317,466,17,246,95,2026-01-01
9318,466,18,416,93,2026-01-01
9319,466,19,284,80,2026-01-01
9320,466,20,474,92,2026-01-01
9321,467,1,493,35,2026-01-01
9322,467,2,193,58,2026-01-01
9323,467,3,174,86,2026-01-01
9324,467,4,176,24,2026-01-01
9325,467,5,498,64,2026-01-01
9326,467,6,101,88,2026-01-01
9327,467,7,11,79,2026-01-01
9328,467,8,121,82,2026-01-01
9329,467,9,457,43,2026-01-01
9330,467,10,32,23,2026-01-01
9331,467,11,144,64,2026-01-01
9332,467,12,26,42,2026-01-01
9333,467,13,273,93,2026-01-01
9334,467,14,490,38,2026-01-01
9335,467,15,485,37,2026-01-01
9336,467,16,142,40,2026-01-01
9337,467,17,271,86,2026-01-01
9338,467,18,291,41,2026-01-01
9339,467,19,286,28,2026-01-01
9340,467,20,115,43,2026-01-01
9341,468,1,492,37,2026-01-01
9342,468,2,46,83,2026-01-01
9343,468,3,176,33,2026-01-01
9344,468,4,264,25,2026-01-01
9345,468,5,5,59,2026-01-01
9346,468,6,290,33,2026-01-01
9347,468,7,180,45,2026-01-01
9348,468,8,305,37,2026-01-01
9349,468,9,206,93,2026-01-01
9350,468,10,177,71,2026-01-01
9351,468,11,90,87,2026-01-01
9352,468,12,126,66,2026-01-01
9353,468,13,123,28,2026-01-01
9354,468,14,410,25,2026-01-01
9355,468,15,276,43,2026-01-01
9356,468,16,312,70,2026-01-01
9357,468,17,30,41,2026-01-01
9358,468,18,272,78,2026-01-01
9359,468,19,437,36,2026-01-01
9360,468,20,387,25,2026-01-01
9361,469,1,410,72,2026-01-01
9362,469,2,121,72,2026-01-01
9363,469,3,454,65,2026-01-01
9364,469,4,376,71,2026-01-01
9365,469,5,179,32,2026-01-01
9366,469,6,246,39,2026-01-01
9367,469,7,488,91,2026-01-01
9368,469,8,486,31,2026-01-01
9369,469,9,94,98,2026-01-01
9370,469,10,159,96,2026-01-01
9371,469,11,145,78,2026-01-01
9372,469,12,188,56,2026-01-01
9373,469,13,159,94,2026-01-01
9374,469,14,373,51,2026-01-01
9375,469,15,282,67,2026-01-01
9376,469,16,280,89,2026-01-01
9377,469,17,489,54,2026-01-01
9378,469,18,461,41,2026-01-01
9379,469,19,461,23,2026-01-01
9380,469,20,290,80,2026-01-01
9381,470,1,389,34,2026-01-01
9382,470,2,16,62,2026-01-01
9383,470,3,378,98,2026-01-01
9384,470,4,476,31,2026-01-01
9385,470,5,344,47,2026-01-01
9386,470,6,148,62,2026-01-01
9387,470,7,24,26,2026-01-01
9388,470,8,172,86,2026-01-01
9389,470,9,59,27,2026-01-01
9390,470,10,377,69,2026-01-01
9391,470,11,452,71,2026-01-01
9392,470,12,287,74,2026-01-01
9393,470,13,384,72,2026-01-01
9394,470,14,242,21,2026-01-01
9395,470,15,94,62,2026-01-01
9396,470,16,349,62,2026-01-01
9397,470,17,215,91,2026-01-01
9398,470,18,307,21,2026-01-01
9399,470,19,301,41,2026-01-01
9400,470,20,406,99,2026-01-01
9401,471,1,273,77,2026-01-01
9402,471,2,349,80,2026-01-01
9403,471,3,462,63,2026-01-01
9404,471,4,353,49,2026-01-01
9405,471,5,270,92,2026-01-01
9406,471,6,475,74,2026-01-01
9407,471,7,456,71,2026-01-01
9408,471,8,398,53,2026-01-01
9409,471,9,108,29,2026-01-01
9410,471,10,7,60,2026-01-01
9411,471,11,268,68,2026-01-01
9412,471,12,286,73,2026-01-01
9413,471,13,269,64,2026-01-01
9414,471,14,89,23,2026-01-01
9415,471,15,66,69,2026-01-01
9416,471,16,183,85,2026-01-01
9417,471,17,161,61,2026-01-01
9418,471,18,125,46,2026-01-01
9419,471,19,409,65,2026-01-01
9420,471,20,325,99,2026-01-01
9421,472,1,24,43,2026-01-01
9422,472,2,361,60,2026-01-01
9423,472,3,366,79,2026-01-01
9424,472,4,223,46,2026-01-01
9425,472,5,164,58,2026-01-01
9426,472,6,412,69,2026-01-01
9427,472,7,20,25,2026-01-01
9428,472,8,322,91,2026-01-01
9429,472,9,362,94,2026-01-01
9430,472,10,336,48,2026-01-01
9431,472,11,12,59,2026-01-01
9432,472,12,455,77,2026-01-01
9433,472,13,327,26,2026-01-01
9434,472,14,293,42,2026-01-01
9435,472,15,368,96,2026-01-01
9436,472,16,339,84,2026-01-01
9437,472,17,174,90,2026-01-01
9438,472,18,22,42,2026-01-01
9439,472,19,358,87,2026-01-01
9440,472,20,215,21,2026-01-01
9441,473,1,174,22,2026-01-01
9442,473,2,334,64,2026-01-01
9443,473,3,110,74,2026-01-01
9444,473,4,356,33,2026-01-01
9445,473,5,450,34,2026-01-01
9446,473,6,255,75,2026-01-01
9447,473,7,228,82,2026-01-01
9448,473,8,100,26,2026-01-01
9449,473,9,434,50,2026-01-01
9450,473,10,55,49,2026-01-01
9451,473,11,82,62,2026-01-01
9452,473,12,76,79,2026-01-01
9453,473,13,415,37,2026-01-01
9454,473,14,220,26,2026-01-01
9455,473,15,482,73,2026-01-01
9456,473,16,322,90,2026-01-01
9457,473,17,279,32,2026-01-01
9458,473,18,222,49,2026-01-01
9459,473,19,422,51,2026-01-01
9460,473,20,143,55,2026-01-01
9461,474,1,182,24,2026-01-01
9462,474,2,491,23,2026-01-01
9463,474,3,243,20,2026-01-01
9464,474,4,110,37,2026-01-01
9465,474,5,314,44,2026-01-01
9466,474,6,459,98,2026-01-01
9467,474,7,191,84,2026-01-01
9468,474,8,322,49,2026-01-01
9469,474,9,345,47,2026-01-01
9470,474,10,92,97,2026-01-01
9471,474,11,122,89,2026-01-01
9472,474,12,178,72,2026-01-01
9473,474,13,215,39,2026-01-01
9474,474,14,104,93,2026-01-01
9475,474,15,299,46,2026-01-01
9476,474,16,233,92,2026-01-01
9477,474,17,45,33,2026-01-01
9478,474,18,41,51,2026-01-01
9479,474,19,242,88,2026-01-01
9480,474,20,6,45,2026-01-01
9481,475,1,258,37,2026-01-01
9482,475,2,124,68,2026-01-01
9483,475,3,327,71,2026-01-01
9484,475,4,102,20,2026-01-01
9485,475,5,364,82,2026-01-01
9486,475,6,173,23,2026-01-01
9487,475,7,255,44,2026-01-01
9488,475,8,366,22,2026-01-01
9489,475,9,47,31,2026-01-01
9490,475,10,43,42,2026-01-01
9491,475,11,114,91,2026-01-01
9492,475,12,55,85,2026-01-01
9493,475,13,101,20,2026-01-01
9494,475,14,14,24,2026-01-01
9495,475,15,490,83,2026-01-01
9496,475,16,41,63,2026-01-01
9497,475,17,233,94,2026-01-01
9498,475,18,256,20,2026-01-01
9499,475,19,46,91,2026-01-01
9500,475,20,189,43,2026-01-01
9501,476,1,220,47,2026-01-01
9502,476,2,469,99,2026-01-01
9503,476,3,92,53,2026-01-01
9504,476,4,197,49,2026-01-01
9505,476,5,242,71,2026-01-01
9506,476,6,351,86,2026-01-01
9507,476,7,173,70,2026-01-01
9508,476,8,444,81,2026-01-01
9509,476,9,499,95,2026-01-01
9510,476,10,339,56,2026-01-01
9511,476,11,86,72,2026-01-01
9512,476,12,241,73,2026-01-01
9513,476,13,390,55,2026-01-01
9514,476,14,101,96,2026-01-01
9515,476,15,71,39,2026-01-01
9516,476,16,125,55,2026-01-01
9517,476,17,215,72,2026-01-01
9518,476,18,486,31,2026-01-01
9519,476,19,15,92,2026-01-01
9520,476,20,348,66,2026-01-01
9521,477,1,21,72,2026-01-01
9522,477,2,4,24,2026-01-01
9523,477,3,408,42,2026-01-01
9524,477,4,44,46,2026-01-01
9525,477,5,72,69,2026-01-01
9526,477,6,244,59,2026-01-01
9527,477,7,414,66,2026-01-01
9528,477,8,55,68,2026-01-01
9529,477,9,484,67,2026-01-01
9530,477,10,99,65,2026-01-01
9531,477,11,473,22,2026-01-01
9532,477,12,445,73,2026-01-01
9533,477,13,433,70,2026-01-01
9534,477,14,153,88,2026-01-01
9535,477,15,214,73,2026-01-01
9536,477,16,159,69,2026-01-01
9537,477,17,135,86,2026-01-01
9538,477,18,286,83,2026-01-01
9539,477,19,414,72,2026-01-01
9540,477,20,500,36,2026-01-01
9541,478,1,340,40,2026-01-01
9542,478,2,149,78,2026-01-01
9543,478,3,60,100,2026-01-01
9544,478,4,231,42,2026-01-01
9545,478,5,85,59,2026-01-01
9546,478,6,375,28,2026-01-01
9547,478,7,419,53,2026-01-01
9548,478,8,429,71,2026-01-01
9549,478,9,145,100,2026-01-01
9550,478,10,434,38,2026-01-01
9551,478,11,127,91,2026-01-01
9552,478,12,115,97,2026-01-01
9553,478,13,210,27,2026-01-01
9554,478,14,49,25,2026-01-01
9555,478,15,366,79,2026-01-01
9556,478,16,482,89,2026-01-01
9557,478,17,65,39,2026-01-01
9558,478,18,132,63,2026-01-01
9559,478,19,453,87,2026-01-01
9560,478,20,419,81,2026-01-01
9561,479,1,429,32,2026-01-01
9562,479,2,382,63,2026-01-01
9563,479,3,161,53,2026-01-01
9564,479,4,201,71,2026-01-01
9565,479,5,247,75,2026-01-01
9566,479,6,62,20,2026-01-01
9567,479,7,115,92,2026-01-01
9568,479,8,286,36,2026-01-01
9569,479,9,144,58,2026-01-01
9570,479,10,461,45,2026-01-01
9571,479,11,142,87,2026-01-01
9572,479,12,168,49,2026-01-01
9573,479,13,188,28,2026-01-01
9574,479,14,432,79,2026-01-01
9575,479,15,89,69,2026-01-01
9576,479,16,373,59,2026-01-01
9577,479,17,317,26,2026-01-01
9578,479,18,153,34,2026-01-01
9579,479,19,446,96,2026-01-01
9580,479,20,197,54,2026-01-01
9581,480,1,302,45,2026-01-01
9582,480,2,248,97,2026-01-01
9583,480,3,39,78,2026-01-01
9584,480,4,56,48,2026-01-01
9585,480,5,189,69,2026-01-01
9586,480,6,59,55,2026-01-01
9587,480,7,357,74,2026-01-01
9588,480,8,399,76,2026-01-01
9589,480,9,490,24,2026-01-01
9590,480,10,91,72,2026-01-01
9591,480,11,441,21,2026-01-01
9592,480,12,340,69,2026-01-01
9593,480,13,36,62,2026-01-01
9594,480,14,388,80,2026-01-01
9595,480,15,446,41,2026-01-01
9596,480,16,189,20,2026-01-01
9597,480,17,92,96,2026-01-01
9598,480,18,365,44,2026-01-01
9599,480,19,445,38,2026-01-01
9600,480,20,385,36,2026-01-01
9601,481,1,197,37,2026-01-01
9602,481,2,127,86,2026-01-01
9603,481,3,116,70,2026-01-01
9604,481,4,436,46,2026-01-01
9605,481,5,99,62,2026-01-01
9606,481,6,32,82,2026-01-01
9607,481,7,62,30,2026-01-01
9608,481,8,300,37,2026-01-01
9609,481,9,167,62,2026-01-01
9610,481,10,2,84,2026-01-01
9611,481,11,376,59,2026-01-01
9612,481,12,135,45,2026-01-01
9613,481,13,431,50,2026-01-01
9614,481,14,429,95,2026-01-01
9615,481,15,343,58,2026-01-01
9616,481,16,144,90,2026-01-01
9617,481,17,27,54,2026-01-01
9618,481,18,265,39,2026-01-01
9619,481,19,256,21,2026-01-01
9620,481,20,238,97,2026-01-01
9621,482,1,190,27,2026-01-01
9622,482,2,338,63,2026-01-01
9623,482,3,156,30,2026-01-01
9624,482,4,87,55,2026-01-01
9625,482,5,500,25,2026-01-01
9626,482,6,491,24,2026-01-01
9627,482,7,293,63,2026-01-01
9628,482,8,463,28,2026-01-01
9629,482,9,270,100,2026-01-01
9630,482,10,306,81,2026-01-01
9631,482,11,366,31,2026-01-01
9632,482,12,309,53,2026-01-01
9633,482,13,236,22,2026-01-01
9634,482,14,389,96,2026-01-01
9635,482,15,59,28,2026-01-01
9636,482,16,418,48,2026-01-01
9637,482,17,288,44,2026-01-01
9638,482,18,491,68,2026-01-01
9639,482,19,94,46,2026-01-01
9640,482,20,496,68,2026-01-01
9641,483,1,47,84,2026-01-01
9642,483,2,174,38,2026-01-01
9643,483,3,424,54,2026-01-01
9644,483,4,279,96,2026-01-01
9645,483,5,362,41,2026-01-01
9646,483,6,384,92,2026-01-01
9647,483,7,166,27,2026-01-01
9648,483,8,208,62,2026-01-01
9649,483,9,398,94,2026-01-01
9650,483,10,490,84,2026-01-01
9651,483,11,50,96,2026-01-01
9652,483,12,425,41,2026-01-01
9653,483,13,223,93,2026-01-01
9654,483,14,122,97,2026-01-01
9655,483,15,281,59,2026-01-01
9656,483,16,69,90,2026-01-01
9657,483,17,209,39,2026-01-01
9658,483,18,302,54,2026-01-01
9659,483,19,355,59,2026-01-01
9660,483,20,235,60,2026-01-01
9661,484,1,109,54,2026-01-01
9662,484,2,54,92,2026-01-01
9663,484,3,228,85,2026-01-01
9664,484,4,434,23,2026-01-01
9665,484,5,190,38,2026-01-01
9666,484,6,483,81,2026-01-01
9667,484,7,236,95,2026-01-01
9668,484,8,253,67,2026-01-01
9669,484,9,37,30,2026-01-01
9670,484,10,318,62,2026-01-01
9671,484,11,437,28,2026-01-01
9672,484,12,242,83,2026-01-01
9673,484,13,155,97,2026-01-01
9674,484,14,317,71,2026-01-01
9675,484,15,342,76,2026-01-01
9676,484,16,186,86,2026-01-01
9677,484,17,265,66,2026-01-01
9678,484,18,26,37,2026-01-01
9679,484,19,216,45,2026-01-01
9680,484,20,442,67,2026-01-01
9681,485,1,160,27,2026-01-01
9682,485,2,93,32,2026-01-01
9683,485,3,437,36,2026-01-01
9684,485,4,139,37,2026-01-01
9685,485,5,287,38,2026-01-01
9686,485,6,366,83,2026-01-01
9687,485,7,407,34,2026-01-01
9688,485,8,239,74,2026-01-01
9689,485,9,170,97,2026-01-01
9690,485,10,168,39,2026-01-01
9691,485,11,42,72,2026-01-01
9692,485,12,455,70,2026-01-01
9693,485,13,333,86,2026-01-01
9694,485,14,123,42,2026-01-01
9695,485,15,358,58,2026-01-01
9696,485,16,487,47,2026-01-01
9697,485,17,138,99,2026-01-01
9698,485,18,377,50,2026-01-01
9699,485,19,167,70,2026-01-01
9700,485,20,492,100,2026-01-01
9701,486,1,256,23,2026-01-01
9702,486,2,416,87,2026-01-01
9703,486,3,493,46,2026-01-01
9704,486,4,462,28,2026-01-01
9705,486,5,186,98,2026-01-01
9706,486,6,85,42,2026-01-01
9707,486,7,117,89,2026-01-01
9708,486,8,149,88,2026-01-01
9709,486,9,251,99,2026-01-01
9710,486,10,303,49,2026-01-01
9711,486,11,465,44,2026-01-01
9712,486,12,57,59,2026-01-01
9713,486,13,389,97,2026-01-01
9714,486,14,460,90,2026-01-01
9715,486,15,330,29,2026-01-01
9716,486,16,258,98,2026-01-01
9717,486,17,314,100,2026-01-01
9718,486,18,334,38,2026-01-01
9719,486,19,420,90,2026-01-01
9720,486,20,435,86,2026-01-01
9721,487,1,34,22,2026-01-01
9722,487,2,261,78,2026-01-01
9723,487,3,202,73,2026-01-01
9724,487,4,436,73,2026-01-01
9725,487,5,268,43,2026-01-01
9726,487,6,98,93,2026-01-01
9727,487,7,366,66,2026-01-01
9728,487,8,95,38,2026-01-01
9729,487,9,388,95,2026-01-01
9730,487,10,130,50,2026-01-01
9731,487,11,429,31,2026-01-01
9732,487,12,168,24,2026-01-01
9733,487,13,49,62,2026-01-01
9734,487,14,266,52,2026-01-01
9735,487,15,340,71,2026-01-01
9736,487,16,307,93,2026-01-01
9737,487,17,357,65,2026-01-01
9738,487,18,248,41,2026-01-01
9739,487,19,95,34,2026-01-01
9740,487,20,139,30,2026-01-01
9741,488,1,345,79,2026-01-01
9742,488,2,286,34,2026-01-01
9743,488,3,443,78,2026-01-01
9744,488,4,174,93,2026-01-01
9745,488,5,164,92,2026-01-01
9746,488,6,482,85,2026-01-01
9747,488,7,277,23,2026-01-01
9748,488,8,170,98,2026-01-01
9749,488,9,238,88,2026-01-01
9750,488,10,319,94,2026-01-01
9751,488,11,45,71,2026-01-01
9752,488,12,95,39,2026-01-01
9753,488,13,11,96,2026-01-01
9754,488,14,349,88,2026-01-01
9755,488,15,63,42,2026-01-01
9756,488,16,176,42,2026-01-01
9757,488,17,340,26,2026-01-01
9758,488,18,152,52,2026-01-01
9759,488,19,102,93,2026-01-01
9760,488,20,404,45,2026-01-01
9761,489,1,77,37,2026-01-01
9762,489,2,283,45,2026-01-01
9763,489,3,294,95,2026-01-01
9764,489,4,59,28,2026-01-01
9765,489,5,393,68,2026-01-01
9766,489,6,285,84,2026-01-01
9767,489,7,25,92,2026-01-01
9768,489,8,269,33,2026-01-01
9769,489,9,273,36,2026-01-01
9770,489,10,336,36,2026-01-01
9771,489,11,260,41,2026-01-01
9772,489,12,198,40,2026-01-01
9773,489,13,55,47,2026-01-01
9774,489,14,362,30,2026-01-01
9775,489,15,56,20,2026-01-01
9776,489,16,156,60,2026-01-01
9777,489,17,500,50,2026-01-01
9778,489,18,217,88,2026-01-01
9779,489,19,43,95,2026-01-01
9780,489,20,16,49,2026-01-01
9781,490,1,337,79,2026-01-01
9782,490,2,282,98,2026-01-01
9783,490,3,11,78,2026-01-01
9784,490,4,333,89,2026-01-01
9785,490,5,466,20,2026-01-01
9786,490,6,289,86,2026-01-01
9787,490,7,202,51,2026-01-01
9788,490,8,161,93,2026-01-01
9789,490,9,75,23,2026-01-01
9790,490,10,52,66,2026-01-01
9791,490,11,283,82,2026-01-01
9792,490,12,106,27,2026-01-01
9793,490,13,98,84,2026-01-01
9794,490,14,318,22,2026-01-01
9795,490,15,262,78,2026-01-01
9796,490,16,33,33,2026-01-01
9797,490,17,432,27,2026-01-01
9798,490,18,165,20,2026-01-01
9799,490,19,411,54,2026-01-01
9800,490,20,14,59,2026-01-01
9801,491,1,176,60,2026-01-01
9802,491,2,479,21,2026-01-01
9803,491,3,317,59,2026-01-01
9804,491,4,217,20,2026-01-01
9805,491,5,0,57,2026-01-01
9806,491,6,42,42,2026-01-01
9807,491,7,487,83,2026-01-01
9808,491,8,129,84,2026-01-01
9809,491,9,283,54,2026-01-01
9810,491,10,287,94,2026-01-01
9811,491,11,436,63,2026-01-01
9812,491,12,221,28,2026-01-01
9813,491,13,408,97,2026-01-01
9814,491,14,67,60,2026-01-01
9815,491,15,375,31,2026-01-01
9816,491,16,209,53,2026-01-01
9817,491,17,164,32,2026-01-01
9818,491,18,15,83,2026-01-01
9819,491,19,276,62,2026-01-01
9820,491,20,112,39,2026-01-01
9821,492,1,227,55,2026-01-01
9822,492,2,403,80,2026-01-01
9823,492,3,59,31,2026-01-01
9824,492,4,207,79,2026-01-01
9825,492,5,137,68,2026-01-01
9826,492,6,104,29,2026-01-01
9827,492,7,326,94,2026-01-01
9828,492,8,325,42,2026-01-01
9829,492,9,47,74,2026-01-01
9830,492,10,236,78,2026-01-01
9831,492,11,473,33,2026-01-01
9832,492,12,20,95,2026-01-01
9833,492,13,165,80,2026-01-01
9834,492,14,219,99,2026-01-01
9835,492,15,329,51,2026-01-01
9836,492,16,23,25,2026-01-01
9837,492,17,295,81,2026-01-01
9838,492,18,454,82,2026-01-01
9839,492,19,303,51,2026-01-01
9840,492,20,178,82,2026-01-01
9841,493,1,345,21,2026-01-01
9842,493,2,312,27,2026-01-01
9843,493,3,102,87,2026-01-01
9844,493,4,203,71,2026-01-01
9845,493,5,162,75,2026-01-01
9846,493,6,148,56,2026-01-01
9847,493,7,430,39,2026-01-01
9848,493,8,422,65,2026-01-01
9849,493,9,379,99,2026-01-01
9850,493,10,402,44,2026-01-01
9851,493,11,140,40,2026-01-01
9852,493,12,309,39,2026-01-01
9853,493,13,150,84,2026-01-01
9854,493,14,411,85,2026-01-01
9855,493,15,398,57,2026-01-01
9856,493,16,6,55,2026-01-01
9857,493,17,249,84,2026-01-01
9858,493,18,361,47,2026-01-01
9859,493,19,172,98,2026-01-01
9860,493,20,457,91,2026-01-01
9861,494,1,27,98,2026-01-01
9862,494,2,211,66,2026-01-01
9863,494,3,445,44,2026-01-01
9864,494,4,288,49,2026-01-01
9865,494,5,490,30,2026-01-01
9866,494,6,50,29,2026-01-01
9867,494,7,470,40,2026-01-01
9868,494,8,167,22,2026-01-01
9869,494,9,283,57,2026-01-01
9870,494,10,135,72,2026-01-01
9871,494,11,357,26,2026-01-01
9872,494,12,16,86,2026-01-01
9873,494,13,298,65,2026-01-01
9874,494,14,86,74,2026-01-01
9875,494,15,253,49,2026-01-01
9876,494,16,450,38,2026-01-01
9877,494,17,489,91,2026-01-01
9878,494,18,252,79,2026-01-01
9879,494,19,438,34,2026-01-01
9880,494,20,32,39,2026-01-01
9881,495,1,421,82,2026-01-01
9882,495,2,273,54,2026-01-01
9883,495,3,57,26,2026-01-01
9884,495,4,307,60,2026-01-01
9885,495,5,493,80,2026-01-01
9886,495,6,396,61,2026-01-01
9887,495,7,233,44,2026-01-01
9888,495,8,249,96,2026-01-01
9889,495,9,288,60,2026-01-01
9890,495,10,139,49,2026-01-01
9891,495,11,390,43,2026-01-01
9892,495,12,434,32,2026-01-01
9893,495,13,364,88,2026-01-01
9894,495,14,319,89,2026-01-01
9895,495,15,440,42,2026-01-01
9896,495,16,338,25,2026-01-01
9897,495,17,383,74,2026-01-01
9898,495,18,222,65,2026-01-01
9899,495,19,199,28,2026-01-01
9900,495,20,185,71,2026-01-01
9901,496,1,473,56,2026-01-01
9902,496,2,111,59,2026-01-01
9903,496,3,466,24,2026-01-01
9904,496,4,386,45,2026-01-01
9905,496,5,264,56,2026-01-01
9906,496,6,42,46,2026-01-01
9907,496,7,205,50,2026-01-01
9908,496,8,424,84,2026-01-01
9909,496,9,34,73,2026-01-01
9910,496,10,173,26,2026-01-01
9911,496,11,198,22,2026-01-01
9912,496,12,345,92,2026-01-01
9913,496,13,302,78,2026-01-01
9914,496,14,207,90,2026-01-01
9915,496,15,431,76,2026-01-01
9916,496,16,15,97,2026-01-01
9917,496,17,115,37,2026-01-01
9918,496,18,184,46,2026-01-01
9919,496,19,431,63,2026-01-01
9920,496,20,268,95,2026-01-01
9921,497,1,474,35,2026-01-01
9922,497,2,313,67,2026-01-01
9923,497,3,481,44,2026-01-01
9924,497,4,38,29,2026-01-01
9925,497,5,200,50,2026-01-01
9926,497,6,196,94,2026-01-01
9927,497,7,281,65,2026-01-01
9928,497,8,473,76,2026-01-01
9929,497,9,10,24,2026-01-01
9930,497,10,270,82,2026-01-01
9931,497,11,124,91,2026-01-01
9932,497,12,188,100,2026-01-01
9933,497,13,289,79,2026-01-01
9934,497,14,446,79,2026-01-01
9935,497,15,143,74,2026-01-01
9936,497,16,334,22,2026-01-01
9937,497,17,337,39,2026-01-01
9938,497,18,43,92,2026-01-01
9939,497,19,184,51,2026-01-01
9940,497,20,316,91,2026-01-01
9941,498,1,22,47,2026-01-01
9942,498,2,103,71,2026-01-01
9943,498,3,443,24,2026-01-01
9944,498,4,152,69,2026-01-01
9945,498,5,365,39,2026-01-01
9946,498,6,448,68,2026-01-01
9947,498,7,240,96,2026-01-01
9948,498,8,122,30,2026-01-01
9949,498,9,77,21,2026-01-01
9950,498,10,382,31,2026-01-01
9951,498,11,269,61,2026-01-01
9952,498,12,30,70,2026-01-01
9953,498,13,22,93,2026-01-01
9954,498,14,38,56,2026-01-01
9955,498,15,440,86,2026-01-01
9956,498,16,92,63,2026-01-01
9957,498,17,13,43,2026-01-01
9958,498,18,97,53,2026-01-01
9959,498,19,311,51,2026-01-01
9960,498,20,180,62,2026-01-01
9961,499,1,328,86,2026-01-01
9962,499,2,358,32,2026-01-01
9963,499,3,275,37,2026-01-01
9964,499,4,389,74,2026-01-01
9965,499,5,290,35,2026-01-01
9966,499,6,79,33,2026-01-01
9967,499,7,452,39,2026-01-01
9968,499,8,473,97,2026-01-01
9969,499,9,45,93,2026-01-01
9970,499,10,53,42,2026-01-01
9971,499,11,390,38,2026-01-01
9972,499,12,100,88,2026-01-01
9973,499,13,354,90,2026-01-01
9974,499,14,353,33,2026-01-01
9975,499,15,482,85,2026-01-01
9976,499,16,370,85,2026-01-01
9977,499,17,307,100,2026-01-01
9978,499,18,276,21,2026-01-01
9979,499,19,124,80,2026-01-01
9980,499,20,492,76,2026-01-01
9981,500,1,491,35,2026-01-01
9982,500,2,419,38,2026-01-01
9983,500,3,9,93,2026-01-01
9984,500,4,361,66,2026-01-01
9985,500,5,366,57,2026-01-01
9986,500,6,156,31,2026-01-01
9987,500,7,347,55,2026-01-01
9988,500,8,350,25,2026-01-01
9989,500,9,434,51,2026-01-01
9990,500,10,314,54,2026-01-01
9991,500,11,184,30,2026-01-01
9992,500,12,394,50,2026-01-01
9993,500,13,459,28,2026-01-01
9994,500,14,387,69,2026-01-01
9995,500,15,327,40,2026-01-01
9996,500,16,175,74,2026-01-01
9997,500,17,266,34,2026-01-01
9998,500,18,22,34,2026-01-01
9999,500,19,7,48,2026-01-01
10000,500,20,363,37,2026-01-01
10001,501,1,292,85,2026-01-01
10002,501,2,310,64,2026-01-01
10003,501,3,305,90,2026-01-01
10004,501,4,409,26,2026-01-01
10005,501,5,470,65,2026-01-01
10006,501,6,101,65,2026-01-01
10007,501,7,364,47,2026-01-01
10008,501,8,303,98,2026-01-01
10009,501,9,458,92,2026-01-01
10010,501,10,480,46,2026-01-01
10011,501,11,404,72,2026-01-01
10012,501,12,459,56,2026-01-01
10013,501,13,467,80,2026-01-01
10014,501,14,372,71,2026-01-01
10015,501,15,79,44,2026-01-01
10016,501,16,279,21,2026-01-01
10017,501,17,52,44,2026-01-01
10018,501,18,119,33,2026-01-01
10019,501,19,121,34,2026-01-01
10020,501,20,146,75,2026-01-01
10021,502,1,38,35,2026-01-01
10022,502,2,149,62,2026-01-01
10023,502,3,7,64,2026-01-01
10024,502,4,429,24,2026-01-01
10025,502,5,487,47,2026-01-01
10026,502,6,400,37,2026-01-01
10027,502,7,14,47,2026-01-01
10028,502,8,257,62,2026-01-01
10029,502,9,340,96,2026-01-01
10030,502,10,188,20,2026-01-01
10031,502,11,208,48,2026-01-01
10032,502,12,224,65,2026-01-01
10033,502,13,451,96,2026-01-01
10034,502,14,355,68,2026-01-01
10035,502,15,142,33,2026-01-01
10036,502,16,180,47,2026-01-01
10037,502,17,273,54,2026-01-01
10038,502,18,408,50,2026-01-01
10039,502,19,192,45,2026-01-01
10040,502,20,424,97,2026-01-01
10041,503,1,128,24,2026-01-01
10042,503,2,30,51,2026-01-01
10043,503,3,194,76,2026-01-01
10044,503,4,280,26,2026-01-01
10045,503,5,209,26,2026-01-01
10046,503,6,120,38,2026-01-01
10047,503,7,436,23,2026-01-01
10048,503,8,206,100,2026-01-01
10049,503,9,313,33,2026-01-01
10050,503,10,450,83,2026-01-01
10051,503,11,395,95,2026-01-01
10052,503,12,81,43,2026-01-01
10053,503,13,193,52,2026-01-01
10054,503,14,251,73,2026-01-01
10055,503,15,441,37,2026-01-01
10056,503,16,450,56,2026-01-01
10057,503,17,351,96,2026-01-01
10058,503,18,201,36,2026-01-01
10059,503,19,253,73,2026-01-01
10060,503,20,438,31,2026-01-01
10061,504,1,224,44,2026-01-01
10062,504,2,393,61,2026-01-01
10063,504,3,425,66,2026-01-01
10064,504,4,35,94,2026-01-01
10065,504,5,187,78,2026-01-01
10066,504,6,413,75,2026-01-01
10067,504,7,366,95,2026-01-01
10068,504,8,431,50,2026-01-01
10069,504,9,410,78,2026-01-01
10070,504,10,346,73,2026-01-01
10071,504,11,463,66,2026-01-01
10072,504,12,173,62,2026-01-01
10073,504,13,318,47,2026-01-01
10074,504,14,330,75,2026-01-01
10075,504,15,220,50,2026-01-01
10076,504,16,83,66,2026-01-01
10077,504,17,218,38,2026-01-01
10078,504,18,127,69,2026-01-01
10079,504,19,410,87,2026-01-01
10080,504,20,396,31,2026-01-01
10081,505,1,308,45,2026-01-01
10082,505,2,88,38,2026-01-01
10083,505,3,172,71,2026-01-01
10084,505,4,64,58,2026-01-01
10085,505,5,26,58,2026-01-01
10086,505,6,478,59,2026-01-01
10087,505,7,394,77,2026-01-01
10088,505,8,185,85,2026-01-01
10089,505,9,368,84,2026-01-01
10090,505,10,25,70,2026-01-01
10091,505,11,376,41,2026-01-01
10092,505,12,435,53,2026-01-01
10093,505,13,276,55,2026-01-01
10094,505,14,49,92,2026-01-01
10095,505,15,149,76,2026-01-01
10096,505,16,488,100,2026-01-01
10097,505,17,346,35,2026-01-01
10098,505,18,316,73,2026-01-01
10099,505,19,292,61,2026-01-01
10100,505,20,101,65,2026-01-01
10101,506,1,264,36,2026-01-01
10102,506,2,54,98,2026-01-01
10103,506,3,443,24,2026-01-01
10104,506,4,283,94,2026-01-01
10105,506,5,297,71,2026-01-01
10106,506,6,236,61,2026-01-01
10107,506,7,461,94,2026-01-01
10108,506,8,158,62,2026-01-01
10109,506,9,476,46,2026-01-01
10110,506,10,74,38,2026-01-01
10111,506,11,194,62,2026-01-01
10112,506,12,92,80,2026-01-01
10113,506,13,335,59,2026-01-01
10114,506,14,410,88,2026-01-01
10115,506,15,267,92,2026-01-01
10116,506,16,165,59,2026-01-01
10117,506,17,463,35,2026-01-01
10118,506,18,78,55,2026-01-01
10119,506,19,200,65,2026-01-01
10120,506,20,11,36,2026-01-01
10121,507,1,141,22,2026-01-01
10122,507,2,122,30,2026-01-01
10123,507,3,110,26,2026-01-01
10124,507,4,299,83,2026-01-01
10125,507,5,353,46,2026-01-01
10126,507,6,484,78,2026-01-01
10127,507,7,210,20,2026-01-01
10128,507,8,196,95,2026-01-01
10129,507,9,58,42,2026-01-01
10130,507,10,475,73,2026-01-01
10131,507,11,101,63,2026-01-01
10132,507,12,479,43,2026-01-01
10133,507,13,81,53,2026-01-01
10134,507,14,296,58,2026-01-01
10135,507,15,215,78,2026-01-01
10136,507,16,389,80,2026-01-01
10137,507,17,266,96,2026-01-01
10138,507,18,152,31,2026-01-01
10139,507,19,159,23,2026-01-01
10140,507,20,188,43,2026-01-01
10141,508,1,306,81,2026-01-01
10142,508,2,413,26,2026-01-01
10143,508,3,27,97,2026-01-01
10144,508,4,50,56,2026-01-01
10145,508,5,165,38,2026-01-01
10146,508,6,321,100,2026-01-01
10147,508,7,458,27,2026-01-01
10148,508,8,361,65,2026-01-01
10149,508,9,423,94,2026-01-01
10150,508,10,164,77,2026-01-01
10151,508,11,62,30,2026-01-01
10152,508,12,441,69,2026-01-01
10153,508,13,356,57,2026-01-01
10154,508,14,196,83,2026-01-01
10155,508,15,109,97,2026-01-01
10156,508,16,487,80,2026-01-01
10157,508,17,299,88,2026-01-01
10158,508,18,121,63,2026-01-01
10159,508,19,404,37,2026-01-01
10160,508,20,226,37,2026-01-01
10161,509,1,53,25,2026-01-01
10162,509,2,412,61,2026-01-01
10163,509,3,396,61,2026-01-01
10164,509,4,412,53,2026-01-01
10165,509,5,331,88,2026-01-01
10166,509,6,293,66,2026-01-01
10167,509,7,147,22,2026-01-01
10168,509,8,113,97,2026-01-01
10169,509,9,221,83,2026-01-01
10170,509,10,311,97,2026-01-01
10171,509,11,221,35,2026-01-01
10172,509,12,211,68,2026-01-01
10173,509,13,310,80,2026-01-01
10174,509,14,78,86,2026-01-01
10175,509,15,190,99,2026-01-01
10176,509,16,475,51,2026-01-01
10177,509,17,135,64,2026-01-01
10178,509,18,146,21,2026-01-01
10179,509,19,489,23,2026-01-01
10180,509,20,21,58,2026-01-01
10181,510,1,16,100,2026-01-01
10182,510,2,14,76,2026-01-01
10183,510,3,85,57,2026-01-01
10184,510,4,323,99,2026-01-01
10185,510,5,436,67,2026-01-01
10186,510,6,8,99,2026-01-01
10187,510,7,358,56,2026-01-01
10188,510,8,382,82,2026-01-01
10189,510,9,254,53,2026-01-01
10190,510,10,150,55,2026-01-01
10191,510,11,255,63,2026-01-01
10192,510,12,144,55,2026-01-01
10193,510,13,377,62,2026-01-01
10194,510,14,359,51,2026-01-01
10195,510,15,454,44,2026-01-01
10196,510,16,164,38,2026-01-01
10197,510,17,282,24,2026-01-01
10198,510,18,32,58,2026-01-01
10199,510,19,258,78,2026-01-01
10200,510,20,239,78,2026-01-01
10201,511,1,70,86,2026-01-01
10202,511,2,53,36,2026-01-01
10203,511,3,87,91,2026-01-01
10204,511,4,439,97,2026-01-01
10205,511,5,58,24,2026-01-01
10206,511,6,311,94,2026-01-01
10207,511,7,149,30,2026-01-01
10208,511,8,100,94,2026-01-01
10209,511,9,390,78,2026-01-01
10210,511,10,247,84,2026-01-01
10211,511,11,279,63,2026-01-01
10212,511,12,432,79,2026-01-01
10213,511,13,406,41,2026-01-01
10214,511,14,345,69,2026-01-01
10215,511,15,373,74,2026-01-01
10216,511,16,382,53,2026-01-01
10217,511,17,17,75,2026-01-01
10218,511,18,188,77,2026-01-01
10219,511,19,222,37,2026-01-01
10220,511,20,424,27,2026-01-01
10221,512,1,217,89,2026-01-01
10222,512,2,417,63,2026-01-01
10223,512,3,381,29,2026-01-01
10224,512,4,232,23,2026-01-01
10225,512,5,103,85,2026-01-01
10226,512,6,225,35,2026-01-01
10227,512,7,491,96,2026-01-01
10228,512,8,283,74,2026-01-01
10229,512,9,156,68,2026-01-01
10230,512,10,429,93,2026-01-01
10231,512,11,407,85,2026-01-01
10232,512,12,0,49,2026-01-01
10233,512,13,282,54,2026-01-01
10234,512,14,136,84,2026-01-01
10235,512,15,125,26,2026-01-01
10236,512,16,163,64,2026-01-01
10237,512,17,132,89,2026-01-01
10238,512,18,409,53,2026-01-01
10239,512,19,29,32,2026-01-01
10240,512,20,96,22,2026-01-01
10241,513,1,252,47,2026-01-01
10242,513,2,414,82,2026-01-01
10243,513,3,283,35,2026-01-01
10244,513,4,245,94,2026-01-01
10245,513,5,390,26,2026-01-01
10246,513,6,181,29,2026-01-01
10247,513,7,385,78,2026-01-01
10248,513,8,169,79,2026-01-01
10249,513,9,181,92,2026-01-01
10250,513,10,5,25,2026-01-01
10251,513,11,59,81,2026-01-01
10252,513,12,141,22,2026-01-01
10253,513,13,251,68,2026-01-01
10254,513,14,57,72,2026-01-01
10255,513,15,51,84,2026-01-01
10256,513,16,24,32,2026-01-01
10257,513,17,139,30,2026-01-01
10258,513,18,279,77,2026-01-01
10259,513,19,217,65,2026-01-01
10260,513,20,462,57,2026-01-01
10261,514,1,475,74,2026-01-01
10262,514,2,157,74,2026-01-01
10263,514,3,385,22,2026-01-01
10264,514,4,75,71,2026-01-01
10265,514,5,417,21,2026-01-01
10266,514,6,393,21,2026-01-01
10267,514,7,127,99,2026-01-01
10268,514,8,284,96,2026-01-01
10269,514,9,157,71,2026-01-01
10270,514,10,225,81,2026-01-01
10271,514,11,61,65,2026-01-01
10272,514,12,31,36,2026-01-01
10273,514,13,442,38,2026-01-01
10274,514,14,365,28,2026-01-01
10275,514,15,117,54,2026-01-01
10276,514,16,339,99,2026-01-01
10277,514,17,360,26,2026-01-01
10278,514,18,123,46,2026-01-01
10279,514,19,237,43,2026-01-01
10280,514,20,216,69,2026-01-01
10281,515,1,420,59,2026-01-01
10282,515,2,52,87,2026-01-01
10283,515,3,212,96,2026-01-01
10284,515,4,268,23,2026-01-01
10285,515,5,400,84,2026-01-01
10286,515,6,166,41,2026-01-01
10287,515,7,110,48,2026-01-01
10288,515,8,385,98,2026-01-01
10289,515,9,4,66,2026-01-01
10290,515,10,13,24,2026-01-01
10291,515,11,359,50,2026-01-01
10292,515,12,88,87,2026-01-01
10293,515,13,47,40,2026-01-01
10294,515,14,320,66,2026-01-01
10295,515,15,222,98,2026-01-01
10296,515,16,394,62,2026-01-01
10297,515,17,365,28,2026-01-01
10298,515,18,288,95,2026-01-01
10299,515,19,327,69,2026-01-01
10300,515,20,98,67,2026-01-01
10301,516,1,155,30,2026-01-01
10302,516,2,459,71,2026-01-01
10303,516,3,275,96,2026-01-01
10304,516,4,273,74,2026-01-01
10305,516,5,384,87,2026-01-01
10306,516,6,395,75,2026-01-01
10307,516,7,293,96,2026-01-01
10308,516,8,236,77,2026-01-01
10309,516,9,307,21,2026-01-01
10310,516,10,240,22,2026-01-01
10311,516,11,178,56,2026-01-01
10312,516,12,328,33,2026-01-01
10313,516,13,475,51,2026-01-01
10314,516,14,141,96,2026-01-01
10315,516,15,57,100,2026-01-01
10316,516,16,20,94,2026-01-01
10317,516,17,110,41,2026-01-01
10318,516,18,50,21,2026-01-01
10319,516,19,389,55,2026-01-01
10320,516,20,434,24,2026-01-01
10321,517,1,167,44,2026-01-01
10322,517,2,289,91,2026-01-01
10323,517,3,163,26,2026-01-01
10324,517,4,125,51,2026-01-01
10325,517,5,240,95,2026-01-01
10326,517,6,29,62,2026-01-01
10327,517,7,260,64,2026-01-01
10328,517,8,177,77,2026-01-01
10329,517,9,217,92,2026-01-01
10330,517,10,380,80,2026-01-01
10331,517,11,388,77,2026-01-01
10332,517,12,211,86,2026-01-01
10333,517,13,477,43,2026-01-01
10334,517,14,415,54,2026-01-01
10335,517,15,73,72,2026-01-01
10336,517,16,348,46,2026-01-01
10337,517,17,148,29,2026-01-01
10338,517,18,412,56,2026-01-01
10339,517,19,136,22,2026-01-01
10340,517,20,296,42,2026-01-01
10341,518,1,380,44,2026-01-01
10342,518,2,291,61,2026-01-01
10343,518,3,345,66,2026-01-01
10344,518,4,389,44,2026-01-01
10345,518,5,476,60,2026-01-01
10346,518,6,488,63,2026-01-01
10347,518,7,493,96,2026-01-01
10348,518,8,17,34,2026-01-01
10349,518,9,57,60,2026-01-01
10350,518,10,218,84,2026-01-01
10351,518,11,145,45,2026-01-01
10352,518,12,90,73,2026-01-01
10353,518,13,154,99,2026-01-01
10354,518,14,257,50,2026-01-01
10355,518,15,245,27,2026-01-01
10356,518,16,325,53,2026-01-01
10357,518,17,113,77,2026-01-01
10358,518,18,152,73,2026-01-01
10359,518,19,406,26,2026-01-01
10360,518,20,483,97,2026-01-01
10361,519,1,242,33,2026-01-01
10362,519,2,171,86,2026-01-01
10363,519,3,210,97,2026-01-01
10364,519,4,249,54,2026-01-01
10365,519,5,390,66,2026-01-01
10366,519,6,342,27,2026-01-01
10367,519,7,203,51,2026-01-01
10368,519,8,497,72,2026-01-01
10369,519,9,422,49,2026-01-01
10370,519,10,155,40,2026-01-01
10371,519,11,0,39,2026-01-01
10372,519,12,34,59,2026-01-01
10373,519,13,400,47,2026-01-01
10374,519,14,469,99,2026-01-01
10375,519,15,204,83,2026-01-01
10376,519,16,438,64,2026-01-01
10377,519,17,233,58,2026-01-01
10378,519,18,362,94,2026-01-01
10379,519,19,472,62,2026-01-01
10380,519,20,167,70,2026-01-01
10381,520,1,366,96,2026-01-01
10382,520,2,353,37,2026-01-01
10383,520,3,219,66,2026-01-01
10384,520,4,434,100,2026-01-01
10385,520,5,166,24,2026-01-01
10386,520,6,214,74,2026-01-01
10387,520,7,395,87,2026-01-01
10388,520,8,218,97,2026-01-01
10389,520,9,66,56,2026-01-01
10390,520,10,357,44,2026-01-01
10391,520,11,72,26,2026-01-01
10392,520,12,83,48,2026-01-01
10393,520,13,410,38,2026-01-01
10394,520,14,353,35,2026-01-01
10395,520,15,128,45,2026-01-01
10396,520,16,417,99,2026-01-01
10397,520,17,124,43,2026-01-01
10398,520,18,476,77,2026-01-01
10399,520,19,194,74,2026-01-01
10400,520,20,80,63,2026-01-01
10401,521,1,64,100,2026-01-01
10402,521,2,251,98,2026-01-01
10403,521,3,362,66,2026-01-01
10404,521,4,290,45,2026-01-01
10405,521,5,176,98,2026-01-01
10406,521,6,307,37,2026-01-01
10407,521,7,349,46,2026-01-01
10408,521,8,208,28,2026-01-01
10409,521,9,8,73,2026-01-01
10410,521,10,419,82,2026-01-01
10411,521,11,498,86,2026-01-01
10412,521,12,99,61,2026-01-01
10413,521,13,418,96,2026-01-01
10414,521,14,378,70,2026-01-01
10415,521,15,354,93,2026-01-01
10416,521,16,135,63,2026-01-01
10417,521,17,61,40,2026-01-01
10418,521,18,436,60,2026-01-01
10419,521,19,280,96,2026-01-01
10420,521,20,354,57,2026-01-01
10421,522,1,354,27,2026-01-01
10422,522,2,159,78,2026-01-01
10423,522,3,231,79,2026-01-01
10424,522,4,483,50,2026-01-01
10425,522,5,57,53,2026-01-01
10426,522,6,466,30,2026-01-01
10427,522,7,122,62,2026-01-01
10428,522,8,424,38,2026-01-01
10429,522,9,328,59,2026-01-01
10430,522,10,470,99,2026-01-01
10431,522,11,419,38,2026-01-01
10432,522,12,345,56,2026-01-01
10433,522,13,166,65,2026-01-01
10434,522,14,156,46,2026-01-01
10435,522,15,387,36,2026-01-01
10436,522,16,137,98,2026-01-01
10437,522,17,299,32,2026-01-01
10438,522,18,29,59,2026-01-01
10439,522,19,396,63,2026-01-01
10440,522,20,70,73,2026-01-01
10441,523,1,33,21,2026-01-01
10442,523,2,371,22,2026-01-01
10443,523,3,141,93,2026-01-01
10444,523,4,345,70,2026-01-01
10445,523,5,349,60,2026-01-01
10446,523,6,390,68,2026-01-01
10447,523,7,257,72,2026-01-01
10448,523,8,226,66,2026-01-01
10449,523,9,230,48,2026-01-01
10450,523,10,187,81,2026-01-01
10451,523,11,460,86,2026-01-01
10452,523,12,192,86,2026-01-01
10453,523,13,246,98,2026-01-01
10454,523,14,384,22,2026-01-01
10455,523,15,373,72,2026-01-01
10456,523,16,268,52,2026-01-01
10457,523,17,265,75,2026-01-01
10458,523,18,226,55,2026-01-01
10459,523,19,290,42,2026-01-01
10460,523,20,93,93,2026-01-01
10461,524,1,48,97,2026-01-01
10462,524,2,133,31,2026-01-01
10463,524,3,439,91,2026-01-01
10464,524,4,497,51,2026-01-01
10465,524,5,194,31,2026-01-01
10466,524,6,417,37,2026-01-01
10467,524,7,227,58,2026-01-01
10468,524,8,348,50,2026-01-01
10469,524,9,243,52,2026-01-01
10470,524,10,349,45,2026-01-01
10471,524,11,213,73,2026-01-01
10472,524,12,155,98,2026-01-01
10473,524,13,258,47,2026-01-01
10474,524,14,232,39,2026-01-01
10475,524,15,189,79,2026-01-01
10476,524,16,130,92,2026-01-01
10477,524,17,467,64,2026-01-01
10478,524,18,440,100,2026-01-01
10479,524,19,219,31,2026-01-01
10480,524,20,439,72,2026-01-01
10481,525,1,370,52,2026-01-01
10482,525,2,217,67,2026-01-01
10483,525,3,80,38,2026-01-01
10484,525,4,271,100,2026-01-01
10485,525,5,255,92,2026-01-01
10486,525,6,390,95,2026-01-01
10487,525,7,407,96,2026-01-01
10488,525,8,248,68,2026-01-01
10489,525,9,345,99,2026-01-01
10490,525,10,120,82,2026-01-01
10491,525,11,134,79,2026-01-01
10492,525,12,232,87,2026-01-01
10493,525,13,36,39,2026-01-01
10494,525,14,304,89,2026-01-01
10495,525,15,469,84,2026-01-01
10496,525,16,350,45,2026-01-01
10497,525,17,263,38,2026-01-01
10498,525,18,60,63,2026-01-01
10499,525,19,331,33,2026-01-01
10500,525,20,242,57,2026-01-01
10501,526,1,60,73,2026-01-01
10502,526,2,47,28,2026-01-01
10503,526,3,481,95,2026-01-01
10504,526,4,419,77,2026-01-01
10505,526,5,489,86,2026-01-01
10506,526,6,367,58,2026-01-01
10507,526,7,483,60,2026-01-01
10508,526,8,429,84,2026-01-01
10509,526,9,203,37,2026-01-01
10510,526,10,178,63,2026-01-01
10511,526,11,297,77,2026-01-01
10512,526,12,78,74,2026-01-01
10513,526,13,223,54,2026-01-01
10514,526,14,60,71,2026-01-01
10515,526,15,196,40,2026-01-01
10516,526,16,332,84,2026-01-01
10517,526,17,84,61,2026-01-01
10518,526,18,227,43,2026-01-01
10519,526,19,329,84,2026-01-01
10520,526,20,449,59,2026-01-01
10521,527,1,262,80,2026-01-01
10522,527,2,466,39,2026-01-01
10523,527,3,66,57,2026-01-01
10524,527,4,203,33,2026-01-01
10525,527,5,295,46,2026-01-01
10526,527,6,294,44,2026-01-01
10527,527,7,446,41,2026-01-01
10528,527,8,438,44,2026-01-01
10529,527,9,283,82,2026-01-01
10530,527,10,196,51,2026-01-01
10531,527,11,142,57,2026-01-01
10532,527,12,235,31,2026-01-01
10533,527,13,240,91,2026-01-01
10534,527,14,121,32,2026-01-01
10535,527,15,282,66,2026-01-01
10536,527,16,351,95,2026-01-01
10537,527,17,471,31,2026-01-01
10538,527,18,4,24,2026-01-01
10539,527,19,233,76,2026-01-01
10540,527,20,223,67,2026-01-01
10541,528,1,339,84,2026-01-01
10542,528,2,243,95,2026-01-01
10543,528,3,351,46,2026-01-01
10544,528,4,145,26,2026-01-01
10545,528,5,45,33,2026-01-01
10546,528,6,381,56,2026-01-01
10547,528,7,465,56,2026-01-01
10548,528,8,411,96,2026-01-01
10549,528,9,189,80,2026-01-01
10550,528,10,337,55,2026-01-01
10551,528,11,399,96,2026-01-01
10552,528,12,371,21,2026-01-01
10553,528,13,355,73,2026-01-01
10554,528,14,336,36,2026-01-01
10555,528,15,424,27,2026-01-01
10556,528,16,149,34,2026-01-01
10557,528,17,186,66,2026-01-01
10558,528,18,262,56,2026-01-01
10559,528,19,310,44,2026-01-01
10560,528,20,135,94,2026-01-01
10561,529,1,151,54,2026-01-01
10562,529,2,265,98,2026-01-01
10563,529,3,403,56,2026-01-01
10564,529,4,125,73,2026-01-01
10565,529,5,463,81,2026-01-01
10566,529,6,191,66,2026-01-01
10567,529,7,423,38,2026-01-01
10568,529,8,485,77,2026-01-01
10569,529,9,120,23,2026-01-01
10570,529,10,239,55,2026-01-01
10571,529,11,356,27,2026-01-01
10572,529,12,110,32,2026-01-01
10573,529,13,386,93,2026-01-01
10574,529,14,32,42,2026-01-01
10575,529,15,20,85,2026-01-01
10576,529,16,260,54,2026-01-01
10577,529,17,15,63,2026-01-01
10578,529,18,300,98,2026-01-01
10579,529,19,344,81,2026-01-01
10580,529,20,129,39,2026-01-01
10581,530,1,182,70,2026-01-01
10582,530,2,255,61,2026-01-01
10583,530,3,386,69,2026-01-01
10584,530,4,346,83,2026-01-01
10585,530,5,317,33,2026-01-01
10586,530,6,272,42,2026-01-01
10587,530,7,47,94,2026-01-01
10588,530,8,94,51,2026-01-01
10589,530,9,210,34,2026-01-01
10590,530,10,278,91,2026-01-01
10591,530,11,79,63,2026-01-01
10592,530,12,381,87,2026-01-01
10593,530,13,493,52,2026-01-01
10594,530,14,431,39,2026-01-01
10595,530,15,306,44,2026-01-01
10596,530,16,161,88,2026-01-01
10597,530,17,2,44,2026-01-01
10598,530,18,386,24,2026-01-01
10599,530,19,231,57,2026-01-01
10600,530,20,346,53,2026-01-01
10601,531,1,49,97,2026-01-01
10602,531,2,205,44,2026-01-01
10603,531,3,152,25,2026-01-01
10604,531,4,483,66,2026-01-01
10605,531,5,299,46,2026-01-01
10606,531,6,50,96,2026-01-01
10607,531,7,173,50,2026-01-01
10608,531,8,67,76,2026-01-01
10609,531,9,163,69,2026-01-01
10610,531,10,123,32,2026-01-01
10611,531,11,158,38,2026-01-01
10612,531,12,4,62,2026-01-01
10613,531,13,317,47,2026-01-01
10614,531,14,345,22,2026-01-01
10615,531,15,368,33,2026-01-01
10616,531,16,30,29,2026-01-01
10617,531,17,32,75,2026-01-01
10618,531,18,303,78,2026-01-01
10619,531,19,12,43,2026-01-01
10620,531,20,277,36,2026-01-01
10621,532,1,237,68,2026-01-01
10622,532,2,51,21,2026-01-01
10623,532,3,77,85,2026-01-01
10624,532,4,200,44,2026-01-01
10625,532,5,59,87,2026-01-01
10626,532,6,372,66,2026-01-01
10627,532,7,152,72,2026-01-01
10628,532,8,382,97,2026-01-01
10629,532,9,434,89,2026-01-01
10630,532,10,254,38,2026-01-01
10631,532,11,89,98,2026-01-01
10632,532,12,25,74,2026-01-01
10633,532,13,276,64,2026-01-01
10634,532,14,4,95,2026-01-01
10635,532,15,500,72,2026-01-01
10636,532,16,188,42,2026-01-01
10637,532,17,278,46,2026-01-01
10638,532,18,171,86,2026-01-01
10639,532,19,427,22,2026-01-01
10640,532,20,25,73,2026-01-01
10641,533,1,160,78,2026-01-01
10642,533,2,442,100,2026-01-01
10643,533,3,223,25,2026-01-01
10644,533,4,273,81,2026-01-01
10645,533,5,381,27,2026-01-01
10646,533,6,139,96,2026-01-01
10647,533,7,458,90,2026-01-01
10648,533,8,167,42,2026-01-01
10649,533,9,257,42,2026-01-01
10650,533,10,155,57,2026-01-01
10651,533,11,240,40,2026-01-01
10652,533,12,437,61,2026-01-01
10653,533,13,341,61,2026-01-01
10654,533,14,271,66,2026-01-01
10655,533,15,20,98,2026-01-01
10656,533,16,330,89,2026-01-01
10657,533,17,254,58,2026-01-01
10658,533,18,455,65,2026-01-01
10659,533,19,320,41,2026-01-01
10660,533,20,131,24,2026-01-01
10661,534,1,361,74,2026-01-01
10662,534,2,118,67,2026-01-01
10663,534,3,259,82,2026-01-01
10664,534,4,127,52,2026-01-01
10665,534,5,360,79,2026-01-01
10666,534,6,172,70,2026-01-01
10667,534,7,249,68,2026-01-01
10668,534,8,133,61,2026-01-01
10669,534,9,170,79,2026-01-01
10670,534,10,64,57,2026-01-01
10671,534,11,148,43,2026-01-01
10672,534,12,432,89,2026-01-01
10673,534,13,361,72,2026-01-01
10674,534,14,123,62,2026-01-01
10675,534,15,305,93,2026-01-01
10676,534,16,331,63,2026-01-01
10677,534,17,422,89,2026-01-01
10678,534,18,447,80,2026-01-01
10679,534,19,73,44,2026-01-01
10680,534,20,230,94,2026-01-01
10681,535,1,489,34,2026-01-01
10682,535,2,295,86,2026-01-01
10683,535,3,272,77,2026-01-01
10684,535,4,4,55,2026-01-01
10685,535,5,425,32,2026-01-01
10686,535,6,222,61,2026-01-01
10687,535,7,264,33,2026-01-01
10688,535,8,29,22,2026-01-01
10689,535,9,223,59,2026-01-01
10690,535,10,69,89,2026-01-01
10691,535,11,206,86,2026-01-01
10692,535,12,214,93,2026-01-01
10693,535,13,176,78,2026-01-01
10694,535,14,315,59,2026-01-01
10695,535,15,185,27,2026-01-01
10696,535,16,330,40,2026-01-01
10697,535,17,481,87,2026-01-01
10698,535,18,48,69,2026-01-01
10699,535,19,185,67,2026-01-01
10700,535,20,500,27,2026-01-01
10701,536,1,416,56,2026-01-01
10702,536,2,182,48,2026-01-01
10703,536,3,424,45,2026-01-01
10704,536,4,234,81,2026-01-01
10705,536,5,389,82,2026-01-01
10706,536,6,498,88,2026-01-01
10707,536,7,185,89,2026-01-01
10708,536,8,403,58,2026-01-01
10709,536,9,311,30,2026-01-01
10710,536,10,2,85,2026-01-01
10711,536,11,216,52,2026-01-01
10712,536,12,141,68,2026-01-01
10713,536,13,193,79,2026-01-01
10714,536,14,496,82,2026-01-01
10715,536,15,456,41,2026-01-01
10716,536,16,35,49,2026-01-01
10717,536,17,107,69,2026-01-01
10718,536,18,477,70,2026-01-01
10719,536,19,98,49,2026-01-01
10720,536,20,12,24,2026-01-01
10721,537,1,389,78,2026-01-01
10722,537,2,59,83,2026-01-01
10723,537,3,132,100,2026-01-01
10724,537,4,64,35,2026-01-01
10725,537,5,149,42,2026-01-01
10726,537,6,173,84,2026-01-01
10727,537,7,78,89,2026-01-01
10728,537,8,437,93,2026-01-01
10729,537,9,470,89,2026-01-01
10730,537,10,223,21,2026-01-01
10731,537,11,342,35,2026-01-01
10732,537,12,259,47,2026-01-01
10733,537,13,328,62,2026-01-01
10734,537,14,136,41,2026-01-01
10735,537,15,355,83,2026-01-01
10736,537,16,26,52,2026-01-01
10737,537,17,412,43,2026-01-01
10738,537,18,273,90,2026-01-01
10739,537,19,449,100,2026-01-01
10740,537,20,311,57,2026-01-01
10741,538,1,43,84,2026-01-01
10742,538,2,192,41,2026-01-01
10743,538,3,147,57,2026-01-01
10744,538,4,223,32,2026-01-01
10745,538,5,48,39,2026-01-01
10746,538,6,67,45,2026-01-01
10747,538,7,248,84,2026-01-01
10748,538,8,356,70,2026-01-01
10749,538,9,461,29,2026-01-01
10750,538,10,437,63,2026-01-01
10751,538,11,158,98,2026-01-01
10752,538,12,488,72,2026-01-01
10753,538,13,463,23,2026-01-01
10754,538,14,262,42,2026-01-01
10755,538,15,452,43,2026-01-01
10756,538,16,113,38,2026-01-01
10757,538,17,424,40,2026-01-01
10758,538,18,151,40,2026-01-01
10759,538,19,176,72,2026-01-01
10760,538,20,396,78,2026-01-01
10761,539,1,61,84,2026-01-01
10762,539,2,294,100,2026-01-01
10763,539,3,374,58,2026-01-01
10764,539,4,133,77,2026-01-01
10765,539,5,497,26,2026-01-01
10766,539,6,250,73,2026-01-01
10767,539,7,312,65,2026-01-01
10768,539,8,363,86,2026-01-01
10769,539,9,453,46,2026-01-01
10770,539,10,66,20,2026-01-01
10771,539,11,116,61,2026-01-01
10772,539,12,373,90,2026-01-01
10773,539,13,426,31,2026-01-01
10774,539,14,96,94,2026-01-01
10775,539,15,139,84,2026-01-01
10776,539,16,232,49,2026-01-01
10777,539,17,347,90,2026-01-01
10778,539,18,179,74,2026-01-01
10779,539,19,80,78,2026-01-01
10780,539,20,251,76,2026-01-01
10781,540,1,482,24,2026-01-01
10782,540,2,122,91,2026-01-01
10783,540,3,104,34,2026-01-01
10784,540,4,69,98,2026-01-01
10785,540,5,367,73,2026-01-01
10786,540,6,153,73,2026-01-01
10787,540,7,134,99,2026-01-01
10788,540,8,78,100,2026-01-01
10789,540,9,179,75,2026-01-01
10790,540,10,303,97,2026-01-01
10791,540,11,175,87,2026-01-01
10792,540,12,13,69,2026-01-01
10793,540,13,150,43,2026-01-01
10794,540,14,167,95,2026-01-01
10795,540,15,107,93,2026-01-01
10796,540,16,9,75,2026-01-01
10797,540,17,273,99,2026-01-01
10798,540,18,196,36,2026-01-01
10799,540,19,191,52,2026-01-01
10800,540,20,215,73,2026-01-01
10801,541,1,366,38,2026-01-01
10802,541,2,231,53,2026-01-01
10803,541,3,64,100,2026-01-01
10804,541,4,390,81,2026-01-01
10805,541,5,9,82,2026-01-01
10806,541,6,252,99,2026-01-01
10807,541,7,221,96,2026-01-01
10808,541,8,415,49,2026-01-01
10809,541,9,478,57,2026-01-01
10810,541,10,174,66,2026-01-01
10811,541,11,477,73,2026-01-01
10812,541,12,70,25,2026-01-01
10813,541,13,327,64,2026-01-01
10814,541,14,483,65,2026-01-01
10815,541,15,420,75,2026-01-01
10816,541,16,292,80,2026-01-01
10817,541,17,140,88,2026-01-01
10818,541,18,217,32,2026-01-01
10819,541,19,380,46,2026-01-01
10820,541,20,469,85,2026-01-01
10821,542,1,226,55,2026-01-01
10822,542,2,269,76,2026-01-01
10823,542,3,460,41,2026-01-01
10824,542,4,443,24,2026-01-01
10825,542,5,13,20,2026-01-01
10826,542,6,396,65,2026-01-01
10827,542,7,327,96,2026-01-01
10828,542,8,119,93,2026-01-01
10829,542,9,124,34,2026-01-01
10830,542,10,53,55,2026-01-01
10831,542,11,197,90,2026-01-01
10832,542,12,110,28,2026-01-01
10833,542,13,421,90,2026-01-01
10834,542,14,191,36,2026-01-01
10835,542,15,342,26,2026-01-01
10836,542,16,7,73,2026-01-01
10837,542,17,195,73,2026-01-01
10838,542,18,107,72,2026-01-01
10839,542,19,257,69,2026-01-01
10840,542,20,356,37,2026-01-01
10841,543,1,349,69,2026-01-01
10842,543,2,137,85,2026-01-01
10843,543,3,221,95,2026-01-01
10844,543,4,134,85,2026-01-01
10845,543,5,13,81,2026-01-01
10846,543,6,195,67,2026-01-01
10847,543,7,255,34,2026-01-01
10848,543,8,482,79,2026-01-01
10849,543,9,90,68,2026-01-01
10850,543,10,149,96,2026-01-01
10851,543,11,125,89,2026-01-01
10852,543,12,302,48,2026-01-01
10853,543,13,309,64,2026-01-01
10854,543,14,208,93,2026-01-01
10855,543,15,203,85,2026-01-01
10856,543,16,64,97,2026-01-01
10857,543,17,291,84,2026-01-01
10858,543,18,484,100,2026-01-01
10859,543,19,233,76,2026-01-01
10860,543,20,404,83,2026-01-01
10861,544,1,294,29,2026-01-01
10862,544,2,176,73,2026-01-01
10863,544,3,380,69,2026-01-01
10864,544,4,29,42,2026-01-01
10865,544,5,276,59,2026-01-01
10866,544,6,284,73,2026-01-01
10867,544,7,304,36,2026-01-01
10868,544,8,210,85,2026-01-01
10869,544,9,221,56,2026-01-01
10870,544,10,237,26,2026-01-01
10871,544,11,310,64,2026-01-01
10872,544,12,77,99,2026-01-01
10873,544,13,348,81,2026-01-01
10874,544,14,376,51,2026-01-01
10875,544,15,312,72,2026-01-01
10876,544,16,41,90,2026-01-01
10877,544,17,235,80,2026-01-01
10878,544,18,275,60,2026-01-01
10879,544,19,268,53,2026-01-01
10880,544,20,153,84,2026-01-01
10881,545,1,15,41,2026-01-01
10882,545,2,409,68,2026-01-01
10883,545,3,180,67,2026-01-01
10884,545,4,98,61,2026-01-01
10885,545,5,224,78,2026-01-01
10886,545,6,404,77,2026-01-01
10887,545,7,86,61,2026-01-01
10888,545,8,38,38,2026-01-01
10889,545,9,382,22,2026-01-01
10890,545,10,184,58,2026-01-01
10891,545,11,184,65,2026-01-01
10892,545,12,350,95,2026-01-01
10893,545,13,51,90,2026-01-01
10894,545,14,461,100,2026-01-01
10895,545,15,353,79,2026-01-01
10896,545,16,16,79,2026-01-01
10897,545,17,341,63,2026-01-01
10898,545,18,177,87,2026-01-01
10899,545,19,4,75,2026-01-01
10900,545,20,130,38,2026-01-01
10901,546,1,169,85,2026-01-01
10902,546,2,137,24,2026-01-01
10903,546,3,229,21,2026-01-01
10904,546,4,430,63,2026-01-01
10905,546,5,36,80,2026-01-01
10906,546,6,282,45,2026-01-01
10907,546,7,231,51,2026-01-01
10908,546,8,410,29,2026-01-01
10909,546,9,290,42,2026-01-01
10910,546,10,243,57,2026-01-01
10911,546,11,392,100,2026-01-01
10912,546,12,37,56,2026-01-01
10913,546,13,370,37,2026-01-01
10914,546,14,33,48,2026-01-01
10915,546,15,124,48,2026-01-01
10916,546,16,189,36,2026-01-01
10917,546,17,290,85,2026-01-01
10918,546,18,359,44,2026-01-01
10919,546,19,103,30,2026-01-01
10920,546,20,403,93,2026-01-01
10921,547,1,81,57,2026-01-01
10922,547,2,379,20,2026-01-01
10923,547,3,184,45,2026-01-01
10924,547,4,133,56,2026-01-01
10925,547,5,497,78,2026-01-01
10926,547,6,76,41,2026-01-01
10927,547,7,479,58,2026-01-01
10928,547,8,445,47,2026-01-01
10929,547,9,12,43,2026-01-01
10930,547,10,330,90,2026-01-01
10931,547,11,396,34,2026-01-01
10932,547,12,500,61,2026-01-01
10933,547,13,337,25,2026-01-01
10934,547,14,348,26,2026-01-01
10935,547,15,51,44,2026-01-01
10936,547,16,57,23,2026-01-01
10937,547,17,149,35,2026-01-01
10938,547,18,44,44,2026-01-01
10939,547,19,452,80,2026-01-01
10940,547,20,397,37,2026-01-01
10941,548,1,87,94,2026-01-01
10942,548,2,131,94,2026-01-01
10943,548,3,160,45,2026-01-01
10944,548,4,366,30,2026-01-01
10945,548,5,361,73,2026-01-01
10946,548,6,265,39,2026-01-01
10947,548,7,147,100,2026-01-01
10948,548,8,155,49,2026-01-01
10949,548,9,420,37,2026-01-01
10950,548,10,253,49,2026-01-01
10951,548,11,376,73,2026-01-01
10952,548,12,2,98,2026-01-01
10953,548,13,0,38,2026-01-01
10954,548,14,79,85,2026-01-01
10955,548,15,109,83,2026-01-01
10956,548,16,28,70,2026-01-01
10957,548,17,484,93,2026-01-01
10958,548,18,114,44,2026-01-01
10959,548,19,140,33,2026-01-01
10960,548,20,443,71,2026-01-01
10961,549,1,438,51,2026-01-01
10962,549,2,149,81,2026-01-01
10963,549,3,66,76,2026-01-01
10964,549,4,242,44,2026-01-01
10965,549,5,69,57,2026-01-01
10966,549,6,489,32,2026-01-01
10967,549,7,170,30,2026-01-01
10968,549,8,203,76,2026-01-01
10969,549,9,29,49,2026-01-01
10970,549,10,476,79,2026-01-01
10971,549,11,78,81,2026-01-01
10972,549,12,164,89,2026-01-01
10973,549,13,339,63,2026-01-01
10974,549,14,464,53,2026-01-01
10975,549,15,3,24,2026-01-01
10976,549,16,269,25,2026-01-01
10977,549,17,429,35,2026-01-01
10978,549,18,484,38,2026-01-01
10979,549,19,43,86,2026-01-01
10980,549,20,146,74,2026-01-01
10981,550,1,215,21,2026-01-01
10982,550,2,39,99,2026-01-01
10983,550,3,34,85,2026-01-01
10984,550,4,252,20,2026-01-01
10985,550,5,250,95,2026-01-01
10986,550,6,214,97,2026-01-01
10987,550,7,117,83,2026-01-01
10988,550,8,253,87,2026-01-01
10989,550,9,431,21,2026-01-01
10990,550,10,455,100,2026-01-01
10991,550,11,77,37,2026-01-01
10992,550,12,270,61,2026-01-01
10993,550,13,406,48,2026-01-01
10994,550,14,352,90,2026-01-01
10995,550,15,243,39,2026-01-01
10996,550,16,28,95,2026-01-01
10997,550,17,141,32,2026-01-01
10998,550,18,155,67,2026-01-01
10999,550,19,384,28,2026-01-01
11000,550,20,310,45,2026-01-01
11001,551,1,130,92,2026-01-01
11002,551,2,420,86,2026-01-01
11003,551,3,457,20,2026-01-01
11004,551,4,235,81,2026-01-01
11005,551,5,489,88,2026-01-01
11006,551,6,241,21,2026-01-01
11007,551,7,335,35,2026-01-01
11008,551,8,98,98,2026-01-01
11009,551,9,385,76,2026-01-01
11010,551,10,348,91,2026-01-01
11011,551,11,33,64,2026-01-01
11012,551,12,209,99,2026-01-01
11013,551,13,432,97,2026-01-01
11014,551,14,60,27,2026-01-01
11015,551,15,48,21,2026-01-01
11016,551,16,366,86,2026-01-01
11017,551,17,31,51,2026-01-01
11018,551,18,461,41,2026-01-01
11019,551,19,417,53,2026-01-01
11020,551,20,309,49,2026-01-01
11021,552,1,302,61,2026-01-01
11022,552,2,138,78,2026-01-01
11023,552,3,444,64,2026-01-01
11024,552,4,367,45,2026-01-01
11025,552,5,293,34,2026-01-01
11026,552,6,336,81,2026-01-01
11027,552,7,227,64,2026-01-01
11028,552,8,88,99,2026-01-01
11029,552,9,431,36,2026-01-01
11030,552,10,391,30,2026-01-01
11031,552,11,449,58,2026-01-01
11032,552,12,173,79,2026-01-01
11033,552,13,21,79,2026-01-01
11034,552,14,354,76,2026-01-01
11035,552,15,269,52,2026-01-01
11036,552,16,471,86,2026-01-01
11037,552,17,485,28,2026-01-01
11038,552,18,155,93,2026-01-01
11039,552,19,191,57,2026-01-01
11040,552,20,3,80,2026-01-01
11041,553,1,107,68,2026-01-01
11042,553,2,26,95,2026-01-01
11043,553,3,294,76,2026-01-01
11044,553,4,113,38,2026-01-01
11045,553,5,431,26,2026-01-01
11046,553,6,287,95,2026-01-01
11047,553,7,469,80,2026-01-01
11048,553,8,416,60,2026-01-01
11049,553,9,444,77,2026-01-01
11050,553,10,96,24,2026-01-01
11051,553,11,139,25,2026-01-01
11052,553,12,455,45,2026-01-01
11053,553,13,491,30,2026-01-01
11054,553,14,463,59,2026-01-01
11055,553,15,102,49,2026-01-01
11056,553,16,148,26,2026-01-01
11057,553,17,64,97,2026-01-01
11058,553,18,248,32,2026-01-01
11059,553,19,194,73,2026-01-01
11060,553,20,7,39,2026-01-01
11061,554,1,419,24,2026-01-01
11062,554,2,218,46,2026-01-01
11063,554,3,311,47,2026-01-01
11064,554,4,314,44,2026-01-01
11065,554,5,126,37,2026-01-01
11066,554,6,240,95,2026-01-01
11067,554,7,357,41,2026-01-01
11068,554,8,50,43,2026-01-01
11069,554,9,403,79,2026-01-01
11070,554,10,388,75,2026-01-01
11071,554,11,325,25,2026-01-01
11072,554,12,398,95,2026-01-01
11073,554,13,475,76,2026-01-01
11074,554,14,470,62,2026-01-01
11075,554,15,267,31,2026-01-01
11076,554,16,130,39,2026-01-01
11077,554,17,386,29,2026-01-01
11078,554,18,433,67,2026-01-01
11079,554,19,283,100,2026-01-01
11080,554,20,240,87,2026-01-01
11081,555,1,308,100,2026-01-01
11082,555,2,466,100,2026-01-01
11083,555,3,271,76,2026-01-01
11084,555,4,29,71,2026-01-01
11085,555,5,393,56,2026-01-01
11086,555,6,240,57,2026-01-01
11087,555,7,217,65,2026-01-01
11088,555,8,6,94,2026-01-01
11089,555,9,488,44,2026-01-01
11090,555,10,67,91,2026-01-01
11091,555,11,106,51,2026-01-01
11092,555,12,487,57,2026-01-01
11093,555,13,155,81,2026-01-01
11094,555,14,264,52,2026-01-01
11095,555,15,475,75,2026-01-01
11096,555,16,275,39,2026-01-01
11097,555,17,244,97,2026-01-01
11098,555,18,49,52,2026-01-01
11099,555,19,419,39,2026-01-01
11100,555,20,250,39,2026-01-01
11101,556,1,33,75,2026-01-01
11102,556,2,230,77,2026-01-01
11103,556,3,478,91,2026-01-01
11104,556,4,339,64,2026-01-01
11105,556,5,23,70,2026-01-01
11106,556,6,193,66,2026-01-01
11107,556,7,376,89,2026-01-01
11108,556,8,73,46,2026-01-01
11109,556,9,390,35,2026-01-01
11110,556,10,68,23,2026-01-01
11111,556,11,348,70,2026-01-01
11112,556,12,315,36,2026-01-01
11113,556,13,41,55,2026-01-01
11114,556,14,12,27,2026-01-01
11115,556,15,46,50,2026-01-01
11116,556,16,34,67,2026-01-01
11117,556,17,369,92,2026-01-01
11118,556,18,494,80,2026-01-01
11119,556,19,296,78,2026-01-01
11120,556,20,456,88,2026-01-01
11121,557,1,277,67,2026-01-01
11122,557,2,226,38,2026-01-01
11123,557,3,424,52,2026-01-01
11124,557,4,330,53,2026-01-01
11125,557,5,436,67,2026-01-01
11126,557,6,172,33,2026-01-01
11127,557,7,387,43,2026-01-01
11128,557,8,280,94,2026-01-01
11129,557,9,367,49,2026-01-01
11130,557,10,453,42,2026-01-01
11131,557,11,463,64,2026-01-01
11132,557,12,68,66,2026-01-01
11133,557,13,61,100,2026-01-01
11134,557,14,162,39,2026-01-01
11135,557,15,498,43,2026-01-01
11136,557,16,416,25,2026-01-01
11137,557,17,338,74,2026-01-01
11138,557,18,201,71,2026-01-01
11139,557,19,118,76,2026-01-01
11140,557,20,263,21,2026-01-01
11141,558,1,30,98,2026-01-01
11142,558,2,295,22,2026-01-01
11143,558,3,292,92,2026-01-01
11144,558,4,485,57,2026-01-01
11145,558,5,222,24,2026-01-01
11146,558,6,49,35,2026-01-01
11147,558,7,257,61,2026-01-01
11148,558,8,261,37,2026-01-01
11149,558,9,296,43,2026-01-01
11150,558,10,470,69,2026-01-01
11151,558,11,414,75,2026-01-01
11152,558,12,318,80,2026-01-01
11153,558,13,89,65,2026-01-01
11154,558,14,315,72,2026-01-01
11155,558,15,83,27,2026-01-01
11156,558,16,309,84,2026-01-01
11157,558,17,371,27,2026-01-01
11158,558,18,366,75,2026-01-01
11159,558,19,180,78,2026-01-01
11160,558,20,21,95,2026-01-01
11161,559,1,232,77,2026-01-01
11162,559,2,366,55,2026-01-01
11163,559,3,300,100,2026-01-01
11164,559,4,75,49,2026-01-01
11165,559,5,327,74,2026-01-01
11166,559,6,93,64,2026-01-01
11167,559,7,448,88,2026-01-01
11168,559,8,265,35,2026-01-01
11169,559,9,315,31,2026-01-01
11170,559,10,6,65,2026-01-01
11171,559,11,328,80,2026-01-01
11172,559,12,318,45,2026-01-01
11173,559,13,347,36,2026-01-01
11174,559,14,244,90,2026-01-01
11175,559,15,88,71,2026-01-01
11176,559,16,290,85,2026-01-01
11177,559,17,486,94,2026-01-01
11178,559,18,27,52,2026-01-01
11179,559,19,227,28,2026-01-01
11180,559,20,116,42,2026-01-01
11181,560,1,347,38,2026-01-01
11182,560,2,238,45,2026-01-01
11183,560,3,201,51,2026-01-01
11184,560,4,204,44,2026-01-01
11185,560,5,210,85,2026-01-01
11186,560,6,16,64,2026-01-01
11187,560,7,223,97,2026-01-01
11188,560,8,78,70,2026-01-01
11189,560,9,480,46,2026-01-01
11190,560,10,239,91,2026-01-01
11191,560,11,45,43,2026-01-01
11192,560,12,146,100,2026-01-01
11193,560,13,499,93,2026-01-01
11194,560,14,374,39,2026-01-01
11195,560,15,246,51,2026-01-01
11196,560,16,183,93,2026-01-01
11197,560,17,337,31,2026-01-01
11198,560,18,200,57,2026-01-01
11199,560,19,342,56,2026-01-01
11200,560,20,281,60,2026-01-01
11201,561,1,252,87,2026-01-01
11202,561,2,304,61,2026-01-01
11203,561,3,227,69,2026-01-01
11204,561,4,203,88,2026-01-01
11205,561,5,403,49,2026-01-01
11206,561,6,122,49,2026-01-01
11207,561,7,173,68,2026-01-01
11208,561,8,392,45,2026-01-01
11209,561,9,80,56,2026-01-01
11210,561,10,62,74,2026-01-01
11211,561,11,313,65,2026-01-01
11212,561,12,233,54,2026-01-01
11213,561,13,332,26,2026-01-01
11214,561,14,15,100,2026-01-01
11215,561,15,137,78,2026-01-01
11216,561,16,395,27,2026-01-01
11217,561,17,305,49,2026-01-01
11218,561,18,88,20,2026-01-01
11219,561,19,263,40,2026-01-01
11220,561,20,339,43,2026-01-01
11221,562,1,53,83,2026-01-01
11222,562,2,348,31,2026-01-01
11223,562,3,163,43,2026-01-01
11224,562,4,430,28,2026-01-01
11225,562,5,177,45,2026-01-01
11226,562,6,206,70,2026-01-01
11227,562,7,350,82,2026-01-01
11228,562,8,367,71,2026-01-01
11229,562,9,234,99,2026-01-01
11230,562,10,25,76,2026-01-01
11231,562,11,236,96,2026-01-01
11232,562,12,295,96,2026-01-01
11233,562,13,173,41,2026-01-01
11234,562,14,331,32,2026-01-01
11235,562,15,94,76,2026-01-01
11236,562,16,84,27,2026-01-01
11237,562,17,132,64,2026-01-01
11238,562,18,223,56,2026-01-01
11239,562,19,321,80,2026-01-01
11240,562,20,305,50,2026-01-01
11241,563,1,272,89,2026-01-01
11242,563,2,373,80,2026-01-01
11243,563,3,369,21,2026-01-01
11244,563,4,9,59,2026-01-01
11245,563,5,16,20,2026-01-01
11246,563,6,421,56,2026-01-01
11247,563,7,470,75,2026-01-01
11248,563,8,490,37,2026-01-01
11249,563,9,147,99,2026-01-01
11250,563,10,255,92,2026-01-01
11251,563,11,195,43,2026-01-01
11252,563,12,491,61,2026-01-01
11253,563,13,365,40,2026-01-01
11254,563,14,246,64,2026-01-01
11255,563,15,241,61,2026-01-01
11256,563,16,365,94,2026-01-01
11257,563,17,340,38,2026-01-01
11258,563,18,214,97,2026-01-01
11259,563,19,462,51,2026-01-01
11260,563,20,380,55,2026-01-01
11261,564,1,240,37,2026-01-01
11262,564,2,431,63,2026-01-01
11263,564,3,270,61,2026-01-01
11264,564,4,246,80,2026-01-01
11265,564,5,26,78,2026-01-01
11266,564,6,435,66,2026-01-01
11267,564,7,331,97,2026-01-01
11268,564,8,280,43,2026-01-01
11269,564,9,277,49,2026-01-01
11270,564,10,428,71,2026-01-01
11271,564,11,170,74,2026-01-01
11272,564,12,378,42,2026-01-01
11273,564,13,50,20,2026-01-01
11274,564,14,102,33,2026-01-01
11275,564,15,494,31,2026-01-01
11276,564,16,472,39,2026-01-01
11277,564,17,64,24,2026-01-01
11278,564,18,156,32,2026-01-01
11279,564,19,50,69,2026-01-01
11280,564,20,142,31,2026-01-01
11281,565,1,331,22,2026-01-01
11282,565,2,23,25,2026-01-01
11283,565,3,221,22,2026-01-01
11284,565,4,328,60,2026-01-01
11285,565,5,470,54,2026-01-01
11286,565,6,18,90,2026-01-01
11287,565,7,185,31,2026-01-01
11288,565,8,304,84,2026-01-01
11289,565,9,303,32,2026-01-01
11290,565,10,244,59,2026-01-01
11291,565,11,340,81,2026-01-01
11292,565,12,499,95,2026-01-01
11293,565,13,350,61,2026-01-01
11294,565,14,475,74,2026-01-01
11295,565,15,404,77,2026-01-01
11296,565,16,149,22,2026-01-01
11297,565,17,416,77,2026-01-01
11298,565,18,203,32,2026-01-01
11299,565,19,361,32,2026-01-01
11300,565,20,411,40,2026-01-01
11301,566,1,461,60,2026-01-01
11302,566,2,471,35,2026-01-01
11303,566,3,326,58,2026-01-01
11304,566,4,457,26,2026-01-01
11305,566,5,373,91,2026-01-01
11306,566,6,317,53,2026-01-01
11307,566,7,326,86,2026-01-01
11308,566,8,461,56,2026-01-01
11309,566,9,293,96,2026-01-01
11310,566,10,185,42,2026-01-01
11311,566,11,355,27,2026-01-01
11312,566,12,90,73,2026-01-01
11313,566,13,375,93,2026-01-01
11314,566,14,342,22,2026-01-01
11315,566,15,489,76,2026-01-01
11316,566,16,136,58,2026-01-01
11317,566,17,321,76,2026-01-01
11318,566,18,438,83,2026-01-01
11319,566,19,274,24,2026-01-01
11320,566,20,244,36,2026-01-01
11321,567,1,411,36,2026-01-01
11322,567,2,83,27,2026-01-01
11323,567,3,164,71,2026-01-01
11324,567,4,406,95,2026-01-01
11325,567,5,207,71,2026-01-01
11326,567,6,55,54,2026-01-01
11327,567,7,464,73,2026-01-01
11328,567,8,7,76,2026-01-01
11329,567,9,385,89,2026-01-01
11330,567,10,462,71,2026-01-01
11331,567,11,192,99,2026-01-01
11332,567,12,282,38,2026-01-01
11333,567,13,138,75,2026-01-01
11334,567,14,433,86,2026-01-01
11335,567,15,460,90,2026-01-01
11336,567,16,147,60,2026-01-01
11337,567,17,484,77,2026-01-01
11338,567,18,383,94,2026-01-01
11339,567,19,153,61,2026-01-01
11340,567,20,426,21,2026-01-01
11341,568,1,349,68,2026-01-01
11342,568,2,272,96,2026-01-01
11343,568,3,419,64,2026-01-01
11344,568,4,349,53,2026-01-01
11345,568,5,271,37,2026-01-01
11346,568,6,492,44,2026-01-01
11347,568,7,67,72,2026-01-01
11348,568,8,243,21,2026-01-01
11349,568,9,308,38,2026-01-01
11350,568,10,153,65,2026-01-01
11351,568,11,27,64,2026-01-01
11352,568,12,169,63,2026-01-01
11353,568,13,64,62,2026-01-01
11354,568,14,85,62,2026-01-01
11355,568,15,297,71,2026-01-01
11356,568,16,254,43,2026-01-01
11357,568,17,244,38,2026-01-01
11358,568,18,179,52,2026-01-01
11359,568,19,500,50,2026-01-01
11360,568,20,97,73,2026-01-01
11361,569,1,174,39,2026-01-01
11362,569,2,345,100,2026-01-01
11363,569,3,451,65,2026-01-01
11364,569,4,78,39,2026-01-01
11365,569,5,275,45,2026-01-01
11366,569,6,186,22,2026-01-01
11367,569,7,242,52,2026-01-01
11368,569,8,229,30,2026-01-01
11369,569,9,301,79,2026-01-01
11370,569,10,491,60,2026-01-01
11371,569,11,161,41,2026-01-01
11372,569,12,394,80,2026-01-01
11373,569,13,86,75,2026-01-01
11374,569,14,365,98,2026-01-01
11375,569,15,378,52,2026-01-01
11376,569,16,126,83,2026-01-01
11377,569,17,388,73,2026-01-01
11378,569,18,249,95,2026-01-01
11379,569,19,115,62,2026-01-01
11380,569,20,211,69,2026-01-01
11381,570,1,52,93,2026-01-01
11382,570,2,321,96,2026-01-01
11383,570,3,419,46,2026-01-01
11384,570,4,390,47,2026-01-01
11385,570,5,160,39,2026-01-01
11386,570,6,425,29,2026-01-01
11387,570,7,406,93,2026-01-01
11388,570,8,24,70,2026-01-01
11389,570,9,457,62,2026-01-01
11390,570,10,337,36,2026-01-01
11391,570,11,340,70,2026-01-01
11392,570,12,100,98,2026-01-01
11393,570,13,79,61,2026-01-01
11394,570,14,367,76,2026-01-01
11395,570,15,27,32,2026-01-01
11396,570,16,500,50,2026-01-01
11397,570,17,265,58,2026-01-01
11398,570,18,452,97,2026-01-01
11399,570,19,364,73,2026-01-01
11400,570,20,82,40,2026-01-01
11401,571,1,489,83,2026-01-01
11402,571,2,418,81,2026-01-01
11403,571,3,415,78,2026-01-01
11404,571,4,411,80,2026-01-01
11405,571,5,335,90,2026-01-01
11406,571,6,89,99,2026-01-01
11407,571,7,479,24,2026-01-01
11408,571,8,137,93,2026-01-01
11409,571,9,149,28,2026-01-01
11410,571,10,306,43,2026-01-01
11411,571,11,213,39,2026-01-01
11412,571,12,420,57,2026-01-01
11413,571,13,480,90,2026-01-01
11414,571,14,192,48,2026-01-01
11415,571,15,204,27,2026-01-01
11416,571,16,227,92,2026-01-01
11417,571,17,213,76,2026-01-01
11418,571,18,28,100,2026-01-01
11419,571,19,337,51,2026-01-01
11420,571,20,266,83,2026-01-01
11421,572,1,368,93,2026-01-01
11422,572,2,34,43,2026-01-01
11423,572,3,228,77,2026-01-01
11424,572,4,73,83,2026-01-01
11425,572,5,91,68,2026-01-01
11426,572,6,27,46,2026-01-01
11427,572,7,12,86,2026-01-01
11428,572,8,84,35,2026-01-01
11429,572,9,37,51,2026-01-01
11430,572,10,345,27,2026-01-01
11431,572,11,78,61,2026-01-01
11432,572,12,44,40,2026-01-01
11433,572,13,99,90,2026-01-01
11434,572,14,172,56,2026-01-01
11435,572,15,148,76,2026-01-01
11436,572,16,102,41,2026-01-01
11437,572,17,417,35,2026-01-01
11438,572,18,221,47,2026-01-01
11439,572,19,431,90,2026-01-01
11440,572,20,399,98,2026-01-01
11441,573,1,434,55,2026-01-01
11442,573,2,39,86,2026-01-01
11443,573,3,82,62,2026-01-01
11444,573,4,35,54,2026-01-01
11445,573,5,213,51,2026-01-01
11446,573,6,407,73,2026-01-01
11447,573,7,153,24,2026-01-01
11448,573,8,202,97,2026-01-01
11449,573,9,489,47,2026-01-01
11450,573,10,289,28,2026-01-01
11451,573,11,487,80,2026-01-01
11452,573,12,82,83,2026-01-01
11453,573,13,66,32,2026-01-01
11454,573,14,26,73,2026-01-01
11455,573,15,10,32,2026-01-01
11456,573,16,252,84,2026-01-01
11457,573,17,252,36,2026-01-01
11458,573,18,250,38,2026-01-01
11459,573,19,271,90,2026-01-01
11460,573,20,265,27,2026-01-01
11461,574,1,447,30,2026-01-01
11462,574,2,353,78,2026-01-01
11463,574,3,455,66,2026-01-01
11464,574,4,0,87,2026-01-01
11465,574,5,399,86,2026-01-01
11466,574,6,253,48,2026-01-01
11467,574,7,91,23,2026-01-01
11468,574,8,19,82,2026-01-01
11469,574,9,138,69,2026-01-01
11470,574,10,311,20,2026-01-01
11471,574,11,417,90,2026-01-01
11472,574,12,201,98,2026-01-01
11473,574,13,121,51,2026-01-01
11474,574,14,166,34,2026-01-01
11475,574,15,79,100,2026-01-01
11476,574,16,31,87,2026-01-01
11477,574,17,457,96,2026-01-01
11478,574,18,419,70,2026-01-01
11479,574,19,239,72,2026-01-01
11480,574,20,248,75,2026-01-01
11481,575,1,487,65,2026-01-01
11482,575,2,37,84,2026-01-01
11483,575,3,11,99,2026-01-01
11484,575,4,127,56,2026-01-01
11485,575,5,12,89,2026-01-01
11486,575,6,344,75,2026-01-01
11487,575,7,361,100,2026-01-01
11488,575,8,448,23,2026-01-01
11489,575,9,273,24,2026-01-01
11490,575,10,346,31,2026-01-01
11491,575,11,388,53,2026-01-01
11492,575,12,158,85,2026-01-01
11493,575,13,284,72,2026-01-01
11494,575,14,449,56,2026-01-01
11495,575,15,124,32,2026-01-01
11496,575,16,388,85,2026-01-01
11497,575,17,469,44,2026-01-01
11498,575,18,127,33,2026-01-01
11499,575,19,113,73,2026-01-01
11500,575,20,3,61,2026-01-01
11501,576,1,238,41,2026-01-01
11502,576,2,341,78,2026-01-01
11503,576,3,286,80,2026-01-01
11504,576,4,365,86,2026-01-01
11505,576,5,204,69,2026-01-01
11506,576,6,424,34,2026-01-01
11507,576,7,162,75,2026-01-01
11508,576,8,246,98,2026-01-01
11509,576,9,210,66,2026-01-01
11510,576,10,431,92,2026-01-01
11511,576,11,412,79,2026-01-01
11512,576,12,9,31,2026-01-01
11513,576,13,446,54,2026-01-01
11514,576,14,353,51,2026-01-01
11515,576,15,400,24,2026-01-01
11516,576,16,294,79,2026-01-01
11517,576,17,255,52,2026-01-01
11518,576,18,181,50,2026-01-01
11519,576,19,36,48,2026-01-01
11520,576,20,286,91,2026-01-01
11521,577,1,292,85,2026-01-01
11522,577,2,380,74,2026-01-01
11523,577,3,32,77,2026-01-01
11524,577,4,9,83,2026-01-01
11525,577,5,344,84,2026-01-01
11526,577,6,170,56,2026-01-01
11527,577,7,415,31,2026-01-01
11528,577,8,212,67,2026-01-01
11529,577,9,257,60,2026-01-01
11530,577,10,144,86,2026-01-01
11531,577,11,56,92,2026-01-01
11532,577,12,159,77,2026-01-01
11533,577,13,22,72,2026-01-01
11534,577,14,142,60,2026-01-01
11535,577,15,319,51,2026-01-01
11536,577,16,411,92,2026-01-01
11537,577,17,197,80,2026-01-01
11538,577,18,296,32,2026-01-01
11539,577,19,50,79,2026-01-01
11540,577,20,364,48,2026-01-01
11541,578,1,140,92,2026-01-01
11542,578,2,145,36,2026-01-01
11543,578,3,217,83,2026-01-01
11544,578,4,494,99,2026-01-01
11545,578,5,144,45,2026-01-01
11546,578,6,377,43,2026-01-01
11547,578,7,400,99,2026-01-01
11548,578,8,243,74,2026-01-01
11549,578,9,147,54,2026-01-01
11550,578,10,497,65,2026-01-01
11551,578,11,357,80,2026-01-01
11552,578,12,387,100,2026-01-01
11553,578,13,162,65,2026-01-01
11554,578,14,425,53,2026-01-01
11555,578,15,440,49,2026-01-01
11556,578,16,318,99,2026-01-01
11557,578,17,147,88,2026-01-01
11558,578,18,61,32,2026-01-01
11559,578,19,214,26,2026-01-01
11560,578,20,440,51,2026-01-01
11561,579,1,216,88,2026-01-01
11562,579,2,98,33,2026-01-01
11563,579,3,317,65,2026-01-01
11564,579,4,60,89,2026-01-01
11565,579,5,124,67,2026-01-01
11566,579,6,35,31,2026-01-01
11567,579,7,348,25,2026-01-01
11568,579,8,101,73,2026-01-01
11569,579,9,73,23,2026-01-01
11570,579,10,456,88,2026-01-01
11571,579,11,111,80,2026-01-01
11572,579,12,102,26,2026-01-01
11573,579,13,174,31,2026-01-01
11574,579,14,141,98,2026-01-01
11575,579,15,19,28,2026-01-01
11576,579,16,380,30,2026-01-01
11577,579,17,219,73,2026-01-01
11578,579,18,326,51,2026-01-01
11579,579,19,278,53,2026-01-01
11580,579,20,24,52,2026-01-01
11581,580,1,110,91,2026-01-01
11582,580,2,310,31,2026-01-01
11583,580,3,484,67,2026-01-01
11584,580,4,23,67,2026-01-01
11585,580,5,475,61,2026-01-01
11586,580,6,287,43,2026-01-01
11587,580,7,311,26,2026-01-01
11588,580,8,104,27,2026-01-01
11589,580,9,10,91,2026-01-01
11590,580,10,452,37,2026-01-01
11591,580,11,305,53,2026-01-01
11592,580,12,131,77,2026-01-01
11593,580,13,210,48,2026-01-01
11594,580,14,13,30,2026-01-01
11595,580,15,158,57,2026-01-01
11596,580,16,106,65,2026-01-01
11597,580,17,289,81,2026-01-01
11598,580,18,85,41,2026-01-01
11599,580,19,144,56,2026-01-01
11600,580,20,301,44,2026-01-01
11601,581,1,443,32,2026-01-01
11602,581,2,1,94,2026-01-01
11603,581,3,118,61,2026-01-01
11604,581,4,337,65,2026-01-01
11605,581,5,67,92,2026-01-01
11606,581,6,237,24,2026-01-01
11607,581,7,180,83,2026-01-01
11608,581,8,137,42,2026-01-01
11609,581,9,252,100,2026-01-01
11610,581,10,179,76,2026-01-01
11611,581,11,82,46,2026-01-01
11612,581,12,302,27,2026-01-01
11613,581,13,310,30,2026-01-01
11614,581,14,446,48,2026-01-01
11615,581,15,256,98,2026-01-01
11616,581,16,163,64,2026-01-01
11617,581,17,269,41,2026-01-01
11618,581,18,3,78,2026-01-01
11619,581,19,393,59,2026-01-01
11620,581,20,6,28,2026-01-01
11621,582,1,311,73,2026-01-01
11622,582,2,446,33,2026-01-01
11623,582,3,411,85,2026-01-01
11624,582,4,369,45,2026-01-01
11625,582,5,59,83,2026-01-01
11626,582,6,251,38,2026-01-01
11627,582,7,365,53,2026-01-01
11628,582,8,500,61,2026-01-01
11629,582,9,463,23,2026-01-01
11630,582,10,138,91,2026-01-01
11631,582,11,181,27,2026-01-01
11632,582,12,9,77,2026-01-01
11633,582,13,20,67,2026-01-01
11634,582,14,406,27,2026-01-01
11635,582,15,394,29,2026-01-01
11636,582,16,315,69,2026-01-01
11637,582,17,46,23,2026-01-01
11638,582,18,373,95,2026-01-01
11639,582,19,108,26,2026-01-01
11640,582,20,354,59,2026-01-01
11641,583,1,492,69,2026-01-01
11642,583,2,295,86,2026-01-01
11643,583,3,223,62,2026-01-01
11644,583,4,155,27,2026-01-01
11645,583,5,279,57,2026-01-01
11646,583,6,369,40,2026-01-01
11647,583,7,487,85,2026-01-01
11648,583,8,495,38,2026-01-01
11649,583,9,139,78,2026-01-01
11650,583,10,101,30,2026-01-01
11651,583,11,124,99,2026-01-01
11652,583,12,446,47,2026-01-01
11653,583,13,255,63,2026-01-01
11654,583,14,374,76,2026-01-01
11655,583,15,96,84,2026-01-01
11656,583,16,344,71,2026-01-01
11657,583,17,12,83,2026-01-01
11658,583,18,490,91,2026-01-01
11659,583,19,39,90,2026-01-01
11660,583,20,158,91,2026-01-01
11661,584,1,227,32,2026-01-01
11662,584,2,313,96,2026-01-01
11663,584,3,253,67,2026-01-01
11664,584,4,124,71,2026-01-01
11665,584,5,286,32,2026-01-01
11666,584,6,260,30,2026-01-01
11667,584,7,36,97,2026-01-01
11668,584,8,432,83,2026-01-01
11669,584,9,361,75,2026-01-01
11670,584,10,51,47,2026-01-01
11671,584,11,463,26,2026-01-01
11672,584,12,91,96,2026-01-01
11673,584,13,338,83,2026-01-01
11674,584,14,313,76,2026-01-01
11675,584,15,133,40,2026-01-01
11676,584,16,174,77,2026-01-01
11677,584,17,396,91,2026-01-01
11678,584,18,178,69,2026-01-01
11679,584,19,313,81,2026-01-01
11680,584,20,470,80,2026-01-01
11681,585,1,60,79,2026-01-01
11682,585,2,292,81,2026-01-01
11683,585,3,114,99,2026-01-01
11684,585,4,477,62,2026-01-01
11685,585,5,40,67,2026-01-01
11686,585,6,236,99,2026-01-01
11687,585,7,33,31,2026-01-01
11688,585,8,75,32,2026-01-01
11689,585,9,74,29,2026-01-01
11690,585,10,350,48,2026-01-01
11691,585,11,475,83,2026-01-01
11692,585,12,162,54,2026-01-01
11693,585,13,86,50,2026-01-01
11694,585,14,41,61,2026-01-01
11695,585,15,416,42,2026-01-01
11696,585,16,293,95,2026-01-01
11697,585,17,382,78,2026-01-01
11698,585,18,487,63,2026-01-01
11699,585,19,337,66,2026-01-01
11700,585,20,226,80,2026-01-01
11701,586,1,146,68,2026-01-01
11702,586,2,472,33,2026-01-01
11703,586,3,372,36,2026-01-01
11704,586,4,488,39,2026-01-01
11705,586,5,32,25,2026-01-01
11706,586,6,401,65,2026-01-01
11707,586,7,43,52,2026-01-01
11708,586,8,98,38,2026-01-01
11709,586,9,431,33,2026-01-01
11710,586,10,431,92,2026-01-01
11711,586,11,72,78,2026-01-01
11712,586,12,326,25,2026-01-01
11713,586,13,166,93,2026-01-01
11714,586,14,112,85,2026-01-01
11715,586,15,90,34,2026-01-01
11716,586,16,473,70,2026-01-01
11717,586,17,123,84,2026-01-01
11718,586,18,151,58,2026-01-01
11719,586,19,92,53,2026-01-01
11720,586,20,438,68,2026-01-01
11721,587,1,344,51,2026-01-01
11722,587,2,37,21,2026-01-01
11723,587,3,333,75,2026-01-01
11724,587,4,36,89,2026-01-01
11725,587,5,321,39,2026-01-01
11726,587,6,238,94,2026-01-01
11727,587,7,63,77,2026-01-01
11728,587,8,122,40,2026-01-01
11729,587,9,374,89,2026-01-01
11730,587,10,29,30,2026-01-01
11731,587,11,321,86,2026-01-01
11732,587,12,412,90,2026-01-01
11733,587,13,335,25,2026-01-01
11734,587,14,311,33,2026-01-01
11735,587,15,245,49,2026-01-01
11736,587,16,359,63,2026-01-01
11737,587,17,156,66,2026-01-01
11738,587,18,32,98,2026-01-01
11739,587,19,460,96,2026-01-01
11740,587,20,160,22,2026-01-01
11741,588,1,323,61,2026-01-01
11742,588,2,197,50,2026-01-01
11743,588,3,242,99,2026-01-01
11744,588,4,472,27,2026-01-01
11745,588,5,247,91,2026-01-01
11746,588,6,449,79,2026-01-01
11747,588,7,419,25,2026-01-01
11748,588,8,237,46,2026-01-01
11749,588,9,394,26,2026-01-01
11750,588,10,110,58,2026-01-01
11751,588,11,89,29,2026-01-01
11752,588,12,314,30,2026-01-01
11753,588,13,191,93,2026-01-01
11754,588,14,94,55,2026-01-01
11755,588,15,335,23,2026-01-01
11756,588,16,42,61,2026-01-01
11757,588,17,135,57,2026-01-01
11758,588,18,471,35,2026-01-01
11759,588,19,407,73,2026-01-01
11760,588,20,53,68,2026-01-01
11761,589,1,451,69,2026-01-01
11762,589,2,384,92,2026-01-01
11763,589,3,199,56,2026-01-01
11764,589,4,488,60,2026-01-01
11765,589,5,298,94,2026-01-01
11766,589,6,247,62,2026-01-01
11767,589,7,23,59,2026-01-01
11768,589,8,289,76,2026-01-01
11769,589,9,70,61,2026-01-01
11770,589,10,119,76,2026-01-01
11771,589,11,54,31,2026-01-01
11772,589,12,199,63,2026-01-01
11773,589,13,15,46,2026-01-01
11774,589,14,110,91,2026-01-01
11775,589,15,264,67,2026-01-01
11776,589,16,141,91,2026-01-01
11777,589,17,454,84,2026-01-01
11778,589,18,373,21,2026-01-01
11779,589,19,26,82,2026-01-01
11780,589,20,87,37,2026-01-01
11781,590,1,75,55,2026-01-01
11782,590,2,355,39,2026-01-01
11783,590,3,58,89,2026-01-01
11784,590,4,470,78,2026-01-01
11785,590,5,62,92,2026-01-01
11786,590,6,466,46,2026-01-01
11787,590,7,191,23,2026-01-01
11788,590,8,155,67,2026-01-01
11789,590,9,25,69,2026-01-01
11790,590,10,278,97,2026-01-01
11791,590,11,333,86,2026-01-01
11792,590,12,26,61,2026-01-01
11793,590,13,457,50,2026-01-01
11794,590,14,405,25,2026-01-01
11795,590,15,136,85,2026-01-01
11796,590,16,104,34,2026-01-01
11797,590,17,12,49,2026-01-01
11798,590,18,414,31,2026-01-01
11799,590,19,101,52,2026-01-01
11800,590,20,307,57,2026-01-01
11801,591,1,201,99,2026-01-01
11802,591,2,201,20,2026-01-01
11803,591,3,334,62,2026-01-01
11804,591,4,146,44,2026-01-01
11805,591,5,66,43,2026-01-01
11806,591,6,283,56,2026-01-01
11807,591,7,295,22,2026-01-01
11808,591,8,457,97,2026-01-01
11809,591,9,216,32,2026-01-01
11810,591,10,204,66,2026-01-01
11811,591,11,283,44,2026-01-01
11812,591,12,444,63,2026-01-01
11813,591,13,337,22,2026-01-01
11814,591,14,52,67,2026-01-01
11815,591,15,181,98,2026-01-01
11816,591,16,367,47,2026-01-01
11817,591,17,52,55,2026-01-01
11818,591,18,304,77,2026-01-01
11819,591,19,145,64,2026-01-01
11820,591,20,320,69,2026-01-01
11821,592,1,311,35,2026-01-01
11822,592,2,0,92,2026-01-01
11823,592,3,488,33,2026-01-01
11824,592,4,154,91,2026-01-01
11825,592,5,75,60,2026-01-01
11826,592,6,179,72,2026-01-01
11827,592,7,79,74,2026-01-01
11828,592,8,460,38,2026-01-01
11829,592,9,37,90,2026-01-01
11830,592,10,499,44,2026-01-01
11831,592,11,451,94,2026-01-01
11832,592,12,492,94,2026-01-01
11833,592,13,309,66,2026-01-01
11834,592,14,319,25,2026-01-01
11835,592,15,478,91,2026-01-01
11836,592,16,427,26,2026-01-01
11837,592,17,40,41,2026-01-01
11838,592,18,346,92,2026-01-01
11839,592,19,237,24,2026-01-01
11840,592,20,478,30,2026-01-01
11841,593,1,279,41,2026-01-01
11842,593,2,302,43,2026-01-01
11843,593,3,135,94,2026-01-01
11844,593,4,201,29,2026-01-01
11845,593,5,418,42,2026-01-01
11846,593,6,291,60,2026-01-01
11847,593,7,32,33,2026-01-01
11848,593,8,486,80,2026-01-01
11849,593,9,444,54,2026-01-01
11850,593,10,119,55,2026-01-01
11851,593,11,314,46,2026-01-01
11852,593,12,151,82,2026-01-01
11853,593,13,454,68,2026-01-01
11854,593,14,420,49,2026-01-01
11855,593,15,167,24,2026-01-01
11856,593,16,121,71,2026-01-01
11857,593,17,488,63,2026-01-01
11858,593,18,498,28,2026-01-01
11859,593,19,419,82,2026-01-01
11860,593,20,229,82,2026-01-01
11861,594,1,71,76,2026-01-01
11862,594,2,351,69,2026-01-01
11863,594,3,452,61,2026-01-01
11864,594,4,191,96,2026-01-01
11865,594,5,344,60,2026-01-01
11866,594,6,361,99,2026-01-01
11867,594,7,368,97,2026-01-01
11868,594,8,251,90,2026-01-01
11869,594,9,479,79,2026-01-01
11870,594,10,200,92,2026-01-01
11871,594,11,456,29,2026-01-01
11872,594,12,479,73,2026-01-01
11873,594,13,342,46,2026-01-01
11874,594,14,195,38,2026-01-01
11875,594,15,492,79,2026-01-01
11876,594,16,448,68,2026-01-01
11877,594,17,386,78,2026-01-01
11878,594,18,152,74,2026-01-01
11879,594,19,205,52,2026-01-01
11880,594,20,374,28,2026-01-01
11881,595,1,78,58,2026-01-01
11882,595,2,327,21,2026-01-01
11883,595,3,464,29,2026-01-01
11884,595,4,56,27,2026-01-01
11885,595,5,308,99,2026-01-01
11886,595,6,353,94,2026-01-01
11887,595,7,370,47,2026-01-01
11888,595,8,206,94,2026-01-01
11889,595,9,345,85,2026-01-01
11890,595,10,281,47,2026-01-01
11891,595,11,85,94,2026-01-01
11892,595,12,73,76,2026-01-01
11893,595,13,294,43,2026-01-01
11894,595,14,270,52,2026-01-01
11895,595,15,326,89,2026-01-01
11896,595,16,265,44,2026-01-01
11897,595,17,196,20,2026-01-01
11898,595,18,145,52,2026-01-01
11899,595,19,333,51,2026-01-01
11900,595,20,76,91,2026-01-01
11901,596,1,227,82,2026-01-01
11902,596,2,396,99,2026-01-01
11903,596,3,255,84,2026-01-01
11904,596,4,344,35,2026-01-01
11905,596,5,382,33,2026-01-01
11906,596,6,7,36,2026-01-01
11907,596,7,246,72,2026-01-01
11908,596,8,448,56,2026-01-01
11909,596,9,216,88,2026-01-01
11910,596,10,290,79,2026-01-01
11911,596,11,111,36,2026-01-01
11912,596,12,133,49,2026-01-01
11913,596,13,397,37,2026-01-01
11914,596,14,28,32,2026-01-01
11915,596,15,84,69,2026-01-01
11916,596,16,442,68,2026-01-01
11917,596,17,327,48,2026-01-01
11918,596,18,390,63,2026-01-01
11919,596,19,56,87,2026-01-01
11920,596,20,88,42,2026-01-01
11921,597,1,340,80,2026-01-01
11922,597,2,131,53,2026-01-01
11923,597,3,283,60,2026-01-01
11924,597,4,182,98,2026-01-01
11925,597,5,46,32,2026-01-01
11926,597,6,385,100,2026-01-01
11927,597,7,276,29,2026-01-01
11928,597,8,388,27,2026-01-01
11929,597,9,276,100,2026-01-01
11930,597,10,3,20,2026-01-01
11931,597,11,291,35,2026-01-01
11932,597,12,238,41,2026-01-01
11933,597,13,10,39,2026-01-01
11934,597,14,56,37,2026-01-01
11935,597,15,475,50,2026-01-01
11936,597,16,143,63,2026-01-01
11937,597,17,475,94,2026-01-01
11938,597,18,416,31,2026-01-01
11939,597,19,260,75,2026-01-01
11940,597,20,247,86,2026-01-01
11941,598,1,197,66,2026-01-01
11942,598,2,317,94,2026-01-01
11943,598,3,121,91,2026-01-01
11944,598,4,32,53,2026-01-01
11945,598,5,0,71,2026-01-01
11946,598,6,112,41,2026-01-01
11947,598,7,404,57,2026-01-01
11948,598,8,251,91,2026-01-01
11949,598,9,377,53,2026-01-01
11950,598,10,386,33,2026-01-01
11951,598,11,389,27,2026-01-01
11952,598,12,201,82,2026-01-01
11953,598,13,39,63,2026-01-01
11954,598,14,343,73,2026-01-01
11955,598,15,325,62,2026-01-01
11956,598,16,304,46,2026-01-01
11957,598,17,105,77,2026-01-01
11958,598,18,351,91,2026-01-01
11959,598,19,36,76,2026-01-01
11960,598,20,426,72,2026-01-01
11961,599,1,497,20,2026-01-01
11962,599,2,91,80,2026-01-01
11963,599,3,258,36,2026-01-01
11964,599,4,2,42,2026-01-01
11965,599,5,161,65,2026-01-01
11966,599,6,228,48,2026-01-01
11967,599,7,226,60,2026-01-01
11968,599,8,27,52,2026-01-01
11969,599,9,78,44,2026-01-01
11970,599,10,145,79,2026-01-01
11971,599,11,199,62,2026-01-01
11972,599,12,73,26,2026-01-01
11973,599,13,84,48,2026-01-01
11974,599,14,183,64,2026-01-01
11975,599,15,314,42,2026-01-01
11976,599,16,192,82,2026-01-01
11977,599,17,198,28,2026-01-01
11978,599,18,109,57,2026-01-01
11979,599,19,270,54,2026-01-01
11980,599,20,396,53,2026-01-01
11981,600,1,404,52,2026-01-01
11982,600,2,329,71,2026-01-01
11983,600,3,341,24,2026-01-01
11984,600,4,278,80,2026-01-01
11985,600,5,181,69,2026-01-01
11986,600,6,278,99,2026-01-01
11987,600,7,81,47,2026-01-01
11988,600,8,215,89,2026-01-01
11989,600,9,256,76,2026-01-01
11990,600,10,365,67,2026-01-01
11991,600,11,151,21,2026-01-01
11992,600,12,204,41,2026-01-01
11993,600,13,262,66,2026-01-01
11994,600,14,486,86,2026-01-01
11995,600,15,24,62,2026-01-01
11996,600,16,66,71,2026-01-01
11997,600,17,89,72,2026-01-01
11998,600,18,78,25,2026-01-01
11999,600,19,439,80,2026-01-01
12000,600,20,404,95,2026-01-01
12001,601,1,216,88,2026-01-01
12002,601,2,142,65,2026-01-01
12003,601,3,23,21,2026-01-01
12004,601,4,410,28,2026-01-01
12005,601,5,478,57,2026-01-01
12006,601,6,16,89,2026-01-01
12007,601,7,84,97,2026-01-01
12008,601,8,339,73,2026-01-01
12009,601,9,119,59,2026-01-01
12010,601,10,247,32,2026-01-01
12011,601,11,244,38,2026-01-01
12012,601,12,402,83,2026-01-01
12013,601,13,500,76,2026-01-01
12014,601,14,280,89,2026-01-01
12015,601,15,371,36,2026-01-01
12016,601,16,356,89,2026-01-01
12017,601,17,164,31,2026-01-01
12018,601,18,461,55,2026-01-01
12019,601,19,110,29,2026-01-01
12020,601,20,38,72,2026-01-01
12021,602,1,318,81,2026-01-01
12022,602,2,98,61,2026-01-01
12023,602,3,313,43,2026-01-01
12024,602,4,457,95,2026-01-01
12025,602,5,249,91,2026-01-01
12026,602,6,297,75,2026-01-01
12027,602,7,125,29,2026-01-01
12028,602,8,389,100,2026-01-01
12029,602,9,232,41,2026-01-01
12030,602,10,84,51,2026-01-01
12031,602,11,323,26,2026-01-01
12032,602,12,333,36,2026-01-01
12033,602,13,66,92,2026-01-01
12034,602,14,464,56,2026-01-01
12035,602,15,398,47,2026-01-01
12036,602,16,442,93,2026-01-01
12037,602,17,108,93,2026-01-01
12038,602,18,411,82,2026-01-01
12039,602,19,54,65,2026-01-01
12040,602,20,72,20,2026-01-01
12041,603,1,415,93,2026-01-01
12042,603,2,395,85,2026-01-01
12043,603,3,478,55,2026-01-01
12044,603,4,135,74,2026-01-01
12045,603,5,289,56,2026-01-01
12046,603,6,441,51,2026-01-01
12047,603,7,246,68,2026-01-01
12048,603,8,76,47,2026-01-01
12049,603,9,218,88,2026-01-01
12050,603,10,482,73,2026-01-01
12051,603,11,390,81,2026-01-01
12052,603,12,258,47,2026-01-01
12053,603,13,354,77,2026-01-01
12054,603,14,374,89,2026-01-01
12055,603,15,174,63,2026-01-01
12056,603,16,64,80,2026-01-01
12057,603,17,149,57,2026-01-01
12058,603,18,37,50,2026-01-01
12059,603,19,199,85,2026-01-01
12060,603,20,221,36,2026-01-01
12061,604,1,237,27,2026-01-01
12062,604,2,33,79,2026-01-01
12063,604,3,298,35,2026-01-01
12064,604,4,492,95,2026-01-01
12065,604,5,362,48,2026-01-01
12066,604,6,52,87,2026-01-01
12067,604,7,122,55,2026-01-01
12068,604,8,88,20,2026-01-01
12069,604,9,234,34,2026-01-01
12070,604,10,122,100,2026-01-01
12071,604,11,16,24,2026-01-01
12072,604,12,118,23,2026-01-01
12073,604,13,193,95,2026-01-01
12074,604,14,497,36,2026-01-01
12075,604,15,415,72,2026-01-01
12076,604,16,232,58,2026-01-01
12077,604,17,224,38,2026-01-01
12078,604,18,91,50,2026-01-01
12079,604,19,199,94,2026-01-01
12080,604,20,323,90,2026-01-01
12081,605,1,23,89,2026-01-01
12082,605,2,232,56,2026-01-01
12083,605,3,66,20,2026-01-01
12084,605,4,153,20,2026-01-01
12085,605,5,252,65,2026-01-01
12086,605,6,476,35,2026-01-01
12087,605,7,178,98,2026-01-01
12088,605,8,357,32,2026-01-01
12089,605,9,271,37,2026-01-01
12090,605,10,100,60,2026-01-01
12091,605,11,390,40,2026-01-01
12092,605,12,279,21,2026-01-01
12093,605,13,215,42,2026-01-01
12094,605,14,43,76,2026-01-01
12095,605,15,26,95,2026-01-01
12096,605,16,406,35,2026-01-01
12097,605,17,135,49,2026-01-01
12098,605,18,427,26,2026-01-01
12099,605,19,258,77,2026-01-01
12100,605,20,31,28,2026-01-01
12101,606,1,211,30,2026-01-01
12102,606,2,69,23,2026-01-01
12103,606,3,174,41,2026-01-01
12104,606,4,393,49,2026-01-01
12105,606,5,117,45,2026-01-01
12106,606,6,16,84,2026-01-01
12107,606,7,174,27,2026-01-01
12108,606,8,51,71,2026-01-01
12109,606,9,318,81,2026-01-01
12110,606,10,498,77,2026-01-01
12111,606,11,395,35,2026-01-01
12112,606,12,474,78,2026-01-01
12113,606,13,227,97,2026-01-01
12114,606,14,267,63,2026-01-01
12115,606,15,326,78,2026-01-01
12116,606,16,498,44,2026-01-01
12117,606,17,318,70,2026-01-01
12118,606,18,275,54,2026-01-01
12119,606,19,449,46,2026-01-01
12120,606,20,185,63,2026-01-01
12121,607,1,415,87,2026-01-01
12122,607,2,421,93,2026-01-01
12123,607,3,485,84,2026-01-01
12124,607,4,65,49,2026-01-01
12125,607,5,2,20,2026-01-01
12126,607,6,399,97,2026-01-01
12127,607,7,125,38,2026-01-01
12128,607,8,119,75,2026-01-01
12129,607,9,242,96,2026-01-01
12130,607,10,493,63,2026-01-01
12131,607,11,246,91,2026-01-01
12132,607,12,236,45,2026-01-01
12133,607,13,47,95,2026-01-01
12134,607,14,399,29,2026-01-01
12135,607,15,446,66,2026-01-01
12136,607,16,89,35,2026-01-01
12137,607,17,141,47,2026-01-01
12138,607,18,129,93,2026-01-01
12139,607,19,381,51,2026-01-01
12140,607,20,282,53,2026-01-01
12141,608,1,467,80,2026-01-01
12142,608,2,474,37,2026-01-01
12143,608,3,114,49,2026-01-01
12144,608,4,94,77,2026-01-01
12145,608,5,135,91,2026-01-01
12146,608,6,7,95,2026-01-01
12147,608,7,360,54,2026-01-01
12148,608,8,361,90,2026-01-01
12149,608,9,276,80,2026-01-01
12150,608,10,300,45,2026-01-01
12151,608,11,313,40,2026-01-01
12152,608,12,28,49,2026-01-01
12153,608,13,345,41,2026-01-01
12154,608,14,295,62,2026-01-01
12155,608,15,290,66,2026-01-01
12156,608,16,181,38,2026-01-01
12157,608,17,191,29,2026-01-01
12158,608,18,99,95,2026-01-01
12159,608,19,435,100,2026-01-01
12160,608,20,339,66,2026-01-01
12161,609,1,23,63,2026-01-01
12162,609,2,44,78,2026-01-01
12163,609,3,291,45,2026-01-01
12164,609,4,221,80,2026-01-01
12165,609,5,209,33,2026-01-01
12166,609,6,430,82,2026-01-01
12167,609,7,266,78,2026-01-01
12168,609,8,299,58,2026-01-01
12169,609,9,121,36,2026-01-01
12170,609,10,100,38,2026-01-01
12171,609,11,56,56,2026-01-01
12172,609,12,473,55,2026-01-01
12173,609,13,339,49,2026-01-01
12174,609,14,347,97,2026-01-01
12175,609,15,129,69,2026-01-01
12176,609,16,487,69,2026-01-01
12177,609,17,368,29,2026-01-01
12178,609,18,220,51,2026-01-01
12179,609,19,239,69,2026-01-01
12180,609,20,322,95,2026-01-01
12181,610,1,265,78,2026-01-01
12182,610,2,426,98,2026-01-01
12183,610,3,168,49,2026-01-01
12184,610,4,304,53,2026-01-01
12185,610,5,366,41,2026-01-01
12186,610,6,149,25,2026-01-01
12187,610,7,81,88,2026-01-01
12188,610,8,4,36,2026-01-01
12189,610,9,220,64,2026-01-01
12190,610,10,299,40,2026-01-01
12191,610,11,245,78,2026-01-01
12192,610,12,9,93,2026-01-01
12193,610,13,14,68,2026-01-01
12194,610,14,365,68,2026-01-01
12195,610,15,108,49,2026-01-01
12196,610,16,347,25,2026-01-01
12197,610,17,10,47,2026-01-01
12198,610,18,481,53,2026-01-01
12199,610,19,378,87,2026-01-01
12200,610,20,211,21,2026-01-01
12201,611,1,248,89,2026-01-01
12202,611,2,347,97,2026-01-01
12203,611,3,383,33,2026-01-01
12204,611,4,296,47,2026-01-01
12205,611,5,457,86,2026-01-01
12206,611,6,165,74,2026-01-01
12207,611,7,121,89,2026-01-01
12208,611,8,292,24,2026-01-01
12209,611,9,293,54,2026-01-01
12210,611,10,199,65,2026-01-01
12211,611,11,345,43,2026-01-01
12212,611,12,291,45,2026-01-01
12213,611,13,340,35,2026-01-01
12214,611,14,44,27,2026-01-01
12215,611,15,230,72,2026-01-01
12216,611,16,408,75,2026-01-01
12217,611,17,35,26,2026-01-01
12218,611,18,343,51,2026-01-01
12219,611,19,66,27,2026-01-01
12220,611,20,270,96,2026-01-01
12221,612,1,339,79,2026-01-01
12222,612,2,60,84,2026-01-01
12223,612,3,140,33,2026-01-01
12224,612,4,438,68,2026-01-01
12225,612,5,42,26,2026-01-01
12226,612,6,146,64,2026-01-01
12227,612,7,437,88,2026-01-01
12228,612,8,192,91,2026-01-01
12229,612,9,60,35,2026-01-01
12230,612,10,146,70,2026-01-01
12231,612,11,429,75,2026-01-01
12232,612,12,265,77,2026-01-01
12233,612,13,468,27,2026-01-01
12234,612,14,84,58,2026-01-01
12235,612,15,329,27,2026-01-01
12236,612,16,344,54,2026-01-01
12237,612,17,6,35,2026-01-01
12238,612,18,295,21,2026-01-01
12239,612,19,324,59,2026-01-01
12240,612,20,60,33,2026-01-01
12241,613,1,169,24,2026-01-01
12242,613,2,307,38,2026-01-01
12243,613,3,185,91,2026-01-01
12244,613,4,120,20,2026-01-01
12245,613,5,462,63,2026-01-01
12246,613,6,260,82,2026-01-01
12247,613,7,25,34,2026-01-01
12248,613,8,318,21,2026-01-01
12249,613,9,189,89,2026-01-01
12250,613,10,382,66,2026-01-01
12251,613,11,255,40,2026-01-01
12252,613,12,188,60,2026-01-01
12253,613,13,103,92,2026-01-01
12254,613,14,425,76,2026-01-01
12255,613,15,178,24,2026-01-01
12256,613,16,253,53,2026-01-01
12257,613,17,144,31,2026-01-01
12258,613,18,108,43,2026-01-01
12259,613,19,52,57,2026-01-01
12260,613,20,334,76,2026-01-01
12261,614,1,149,43,2026-01-01
12262,614,2,346,80,2026-01-01
12263,614,3,87,53,2026-01-01
12264,614,4,235,52,2026-01-01
12265,614,5,57,63,2026-01-01
12266,614,6,403,54,2026-01-01
12267,614,7,210,24,2026-01-01
12268,614,8,350,57,2026-01-01
12269,614,9,416,48,2026-01-01
12270,614,10,310,28,2026-01-01
12271,614,11,345,27,2026-01-01
12272,614,12,470,80,2026-01-01
12273,614,13,482,54,2026-01-01
12274,614,14,408,66,2026-01-01
12275,614,15,237,51,2026-01-01
12276,614,16,419,50,2026-01-01
12277,614,17,447,67,2026-01-01
12278,614,18,386,56,2026-01-01
12279,614,19,389,55,2026-01-01
12280,614,20,490,99,2026-01-01
12281,615,1,328,56,2026-01-01
12282,615,2,163,78,2026-01-01
12283,615,3,33,49,2026-01-01
12284,615,4,450,41,2026-01-01
12285,615,5,414,42,2026-01-01
12286,615,6,295,24,2026-01-01
12287,615,7,455,23,2026-01-01
12288,615,8,375,74,2026-01-01
12289,615,9,286,92,2026-01-01
12290,615,10,104,93,2026-01-01
12291,615,11,265,28,2026-01-01
12292,615,12,152,35,2026-01-01
12293,615,13,79,22,2026-01-01
12294,615,14,280,94,2026-01-01
12295,615,15,224,99,2026-01-01
12296,615,16,232,61,2026-01-01
12297,615,17,389,32,2026-01-01
12298,615,18,405,98,2026-01-01
12299,615,19,168,95,2026-01-01
12300,615,20,158,81,2026-01-01
12301,616,1,36,98,2026-01-01
12302,616,2,4,95,2026-01-01
12303,616,3,404,82,2026-01-01
12304,616,4,324,27,2026-01-01
12305,616,5,286,78,2026-01-01
12306,616,6,305,77,2026-01-01
12307,616,7,204,20,2026-01-01
12308,616,8,325,27,2026-01-01
12309,616,9,174,48,2026-01-01
12310,616,10,397,90,2026-01-01
12311,616,11,147,45,2026-01-01
12312,616,12,70,97,2026-01-01
12313,616,13,128,85,2026-01-01
12314,616,14,17,99,2026-01-01
12315,616,15,358,41,2026-01-01
12316,616,16,382,64,2026-01-01
12317,616,17,7,98,2026-01-01
12318,616,18,388,28,2026-01-01
12319,616,19,10,87,2026-01-01
12320,616,20,202,70,2026-01-01
12321,617,1,131,38,2026-01-01
12322,617,2,219,100,2026-01-01
12323,617,3,189,58,2026-01-01
12324,617,4,469,89,2026-01-01
12325,617,5,477,33,2026-01-01
12326,617,6,134,57,2026-01-01
12327,617,7,53,90,2026-01-01
12328,617,8,215,50,2026-01-01
12329,617,9,179,60,2026-01-01
12330,617,10,445,90,2026-01-01
12331,617,11,52,74,2026-01-01
12332,617,12,420,88,2026-01-01
12333,617,13,236,91,2026-01-01
12334,617,14,21,48,2026-01-01
12335,617,15,223,97,2026-01-01
12336,617,16,318,56,2026-01-01
12337,617,17,123,33,2026-01-01
12338,617,18,496,32,2026-01-01
12339,617,19,427,48,2026-01-01
12340,617,20,356,31,2026-01-01
12341,618,1,314,63,2026-01-01
12342,618,2,172,92,2026-01-01
12343,618,3,449,49,2026-01-01
12344,618,4,470,71,2026-01-01
12345,618,5,386,35,2026-01-01
12346,618,6,408,35,2026-01-01
12347,618,7,437,21,2026-01-01
12348,618,8,454,49,2026-01-01
12349,618,9,200,23,2026-01-01
12350,618,10,171,96,2026-01-01
12351,618,11,96,97,2026-01-01
12352,618,12,287,96,2026-01-01
12353,618,13,366,80,2026-01-01
12354,618,14,68,49,2026-01-01
12355,618,15,373,51,2026-01-01
12356,618,16,136,99,2026-01-01
12357,618,17,203,24,2026-01-01
12358,618,18,372,76,2026-01-01
12359,618,19,337,49,2026-01-01
12360,618,20,7,91,2026-01-01
12361,619,1,353,24,2026-01-01
12362,619,2,496,56,2026-01-01
12363,619,3,227,62,2026-01-01
12364,619,4,189,68,2026-01-01
12365,619,5,52,80,2026-01-01
12366,619,6,3,45,2026-01-01
12367,619,7,170,47,2026-01-01
12368,619,8,149,88,2026-01-01
12369,619,9,220,73,2026-01-01
12370,619,10,172,38,2026-01-01
12371,619,11,336,22,2026-01-01
12372,619,12,120,28,2026-01-01
12373,619,13,279,81,2026-01-01
12374,619,14,487,77,2026-01-01
12375,619,15,348,80,2026-01-01
12376,619,16,1,87,2026-01-01
12377,619,17,309,65,2026-01-01
12378,619,18,192,26,2026-01-01
12379,619,19,417,79,2026-01-01
12380,619,20,61,21,2026-01-01
12381,620,1,462,47,2026-01-01
12382,620,2,429,22,2026-01-01
12383,620,3,447,54,2026-01-01
12384,620,4,478,66,2026-01-01
12385,620,5,426,95,2026-01-01
12386,620,6,310,45,2026-01-01
12387,620,7,176,63,2026-01-01
12388,620,8,130,97,2026-01-01
12389,620,9,261,82,2026-01-01
12390,620,10,87,48,2026-01-01
12391,620,11,241,81,2026-01-01
12392,620,12,278,57,2026-01-01
12393,620,13,83,43,2026-01-01
12394,620,14,102,44,2026-01-01
12395,620,15,40,80,2026-01-01
12396,620,16,10,98,2026-01-01
12397,620,17,449,84,2026-01-01
12398,620,18,27,44,2026-01-01
12399,620,19,234,64,2026-01-01
12400,620,20,338,99,2026-01-01
12401,621,1,344,74,2026-01-01
12402,621,2,355,99,2026-01-01
12403,621,3,326,48,2026-01-01
12404,621,4,130,24,2026-01-01
12405,621,5,268,78,2026-01-01
12406,621,6,170,40,2026-01-01
12407,621,7,118,95,2026-01-01
12408,621,8,402,81,2026-01-01
12409,621,9,166,94,2026-01-01
12410,621,10,143,26,2026-01-01
12411,621,11,189,99,2026-01-01
12412,621,12,371,21,2026-01-01
12413,621,13,233,61,2026-01-01
12414,621,14,99,59,2026-01-01
12415,621,15,385,87,2026-01-01
12416,621,16,288,89,2026-01-01
12417,621,17,383,36,2026-01-01
12418,621,18,122,39,2026-01-01
12419,621,19,160,97,2026-01-01
12420,621,20,436,97,2026-01-01
12421,622,1,352,55,2026-01-01
12422,622,2,243,66,2026-01-01
12423,622,3,297,76,2026-01-01
12424,622,4,341,21,2026-01-01
12425,622,5,73,47,2026-01-01
12426,622,6,432,66,2026-01-01
12427,622,7,448,57,2026-01-01
12428,622,8,53,36,2026-01-01
12429,622,9,125,35,2026-01-01
12430,622,10,384,53,2026-01-01
12431,622,11,499,64,2026-01-01
12432,622,12,415,97,2026-01-01
12433,622,13,171,70,2026-01-01
12434,622,14,49,56,2026-01-01
12435,622,15,98,44,2026-01-01
12436,622,16,101,83,2026-01-01
12437,622,17,211,38,2026-01-01
12438,622,18,204,90,2026-01-01
12439,622,19,395,39,2026-01-01
12440,622,20,495,95,2026-01-01
12441,623,1,125,35,2026-01-01
12442,623,2,353,97,2026-01-01
12443,623,3,488,70,2026-01-01
12444,623,4,321,88,2026-01-01
12445,623,5,436,82,2026-01-01
12446,623,6,20,57,2026-01-01
12447,623,7,499,80,2026-01-01
12448,623,8,187,83,2026-01-01
12449,623,9,234,78,2026-01-01
12450,623,10,354,21,2026-01-01
12451,623,11,186,25,2026-01-01
12452,623,12,204,81,2026-01-01
12453,623,13,275,25,2026-01-01
12454,623,14,184,21,2026-01-01
12455,623,15,144,60,2026-01-01
12456,623,16,493,67,2026-01-01
12457,623,17,249,33,2026-01-01
12458,623,18,71,91,2026-01-01
12459,623,19,299,64,2026-01-01
12460,623,20,256,76,2026-01-01
12461,624,1,475,95,2026-01-01
12462,624,2,264,53,2026-01-01
12463,624,3,184,25,2026-01-01
12464,624,4,285,30,2026-01-01
12465,624,5,478,26,2026-01-01
12466,624,6,98,62,2026-01-01
12467,624,7,278,38,2026-01-01
12468,624,8,241,41,2026-01-01
12469,624,9,10,79,2026-01-01
12470,624,10,180,82,2026-01-01
12471,624,11,90,94,2026-01-01
12472,624,12,171,30,2026-01-01
12473,624,13,71,97,2026-01-01
12474,624,14,40,47,2026-01-01
12475,624,15,86,97,2026-01-01
12476,624,16,477,87,2026-01-01
12477,624,17,349,99,2026-01-01
12478,624,18,220,35,2026-01-01
12479,624,19,456,59,2026-01-01
12480,624,20,424,20,2026-01-01
12481,625,1,293,39,2026-01-01
12482,625,2,200,72,2026-01-01
12483,625,3,288,28,2026-01-01
12484,625,4,127,56,2026-01-01
12485,625,5,319,98,2026-01-01
12486,625,6,284,38,2026-01-01
12487,625,7,440,57,2026-01-01
12488,625,8,407,41,2026-01-01
12489,625,9,261,74,2026-01-01
12490,625,10,289,42,2026-01-01
12491,625,11,289,99,2026-01-01
12492,625,12,389,44,2026-01-01
12493,625,13,125,59,2026-01-01
12494,625,14,101,60,2026-01-01
12495,625,15,169,73,2026-01-01
12496,625,16,337,66,2026-01-01
12497,625,17,324,98,2026-01-01
12498,625,18,245,58,2026-01-01
12499,625,19,242,56,2026-01-01
12500,625,20,307,51,2026-01-01
12501,626,1,169,59,2026-01-01
12502,626,2,210,50,2026-01-01
12503,626,3,282,58,2026-01-01
12504,626,4,115,39,2026-01-01
12505,626,5,320,75,2026-01-01
12506,626,6,293,30,2026-01-01
12507,626,7,285,23,2026-01-01
12508,626,8,311,80,2026-01-01
12509,626,9,429,38,2026-01-01
12510,626,10,464,44,2026-01-01
12511,626,11,423,95,2026-01-01
12512,626,12,91,31,2026-01-01
12513,626,13,140,77,2026-01-01
12514,626,14,257,77,2026-01-01
12515,626,15,223,82,2026-01-01
12516,626,16,267,32,2026-01-01
12517,626,17,402,64,2026-01-01
12518,626,18,433,33,2026-01-01
12519,626,19,225,51,2026-01-01
12520,626,20,50,77,2026-01-01
12521,627,1,174,40,2026-01-01
12522,627,2,371,88,2026-01-01
12523,627,3,452,94,2026-01-01
12524,627,4,376,91,2026-01-01
12525,627,5,10,46,2026-01-01
12526,627,6,420,51,2026-01-01
12527,627,7,478,78,2026-01-01
12528,627,8,277,63,2026-01-01
12529,627,9,473,83,2026-01-01
12530,627,10,395,98,2026-01-01
12531,627,11,145,52,2026-01-01
12532,627,12,46,77,2026-01-01
12533,627,13,316,87,2026-01-01
12534,627,14,92,57,2026-01-01
12535,627,15,493,59,2026-01-01
12536,627,16,263,65,2026-01-01
12537,627,17,444,38,2026-01-01
12538,627,18,231,24,2026-01-01
12539,627,19,337,75,2026-01-01
12540,627,20,445,70,2026-01-01
12541,628,1,485,34,2026-01-01
12542,628,2,492,33,2026-01-01
12543,628,3,214,94,2026-01-01
12544,628,4,251,44,2026-01-01
12545,628,5,68,26,2026-01-01
12546,628,6,365,100,2026-01-01
12547,628,7,257,100,2026-01-01
12548,628,8,81,92,2026-01-01
12549,628,9,229,48,2026-01-01
12550,628,10,164,21,2026-01-01
12551,628,11,24,67,2026-01-01
12552,628,12,457,63,2026-01-01
12553,628,13,79,68,2026-01-01
12554,628,14,461,62,2026-01-01
12555,628,15,398,44,2026-01-01
12556,628,16,123,70,2026-01-01
12557,628,17,373,37,2026-01-01
12558,628,18,359,78,2026-01-01
12559,628,19,400,43,2026-01-01
12560,628,20,65,48,2026-01-01
12561,629,1,237,59,2026-01-01
12562,629,2,150,50,2026-01-01
12563,629,3,425,26,2026-01-01
12564,629,4,205,84,2026-01-01
12565,629,5,25,26,2026-01-01
12566,629,6,463,64,2026-01-01
12567,629,7,434,66,2026-01-01
12568,629,8,74,66,2026-01-01
12569,629,9,121,36,2026-01-01
12570,629,10,42,85,2026-01-01
12571,629,11,474,32,2026-01-01
12572,629,12,61,36,2026-01-01
12573,629,13,61,89,2026-01-01
12574,629,14,190,87,2026-01-01
12575,629,15,376,57,2026-01-01
12576,629,16,121,58,2026-01-01
12577,629,17,310,73,2026-01-01
12578,629,18,32,64,2026-01-01
12579,629,19,198,65,2026-01-01
12580,629,20,211,20,2026-01-01
12581,630,1,114,87,2026-01-01
12582,630,2,242,51,2026-01-01
12583,630,3,155,31,2026-01-01
12584,630,4,23,37,2026-01-01
12585,630,5,11,30,2026-01-01
12586,630,6,298,68,2026-01-01
12587,630,7,154,35,2026-01-01
12588,630,8,67,62,2026-01-01
12589,630,9,301,96,2026-01-01
12590,630,10,391,77,2026-01-01
12591,630,11,280,31,2026-01-01
12592,630,12,182,50,2026-01-01
12593,630,13,60,49,2026-01-01
12594,630,14,217,34,2026-01-01
12595,630,15,86,83,2026-01-01
12596,630,16,12,94,2026-01-01
12597,630,17,296,39,2026-01-01
12598,630,18,129,98,2026-01-01
12599,630,19,263,22,2026-01-01
12600,630,20,8,30,2026-01-01
12601,631,1,182,92,2026-01-01
12602,631,2,292,81,2026-01-01
12603,631,3,481,82,2026-01-01
12604,631,4,206,74,2026-01-01
12605,631,5,463,24,2026-01-01
12606,631,6,279,59,2026-01-01
12607,631,7,491,27,2026-01-01
12608,631,8,461,81,2026-01-01
12609,631,9,71,67,2026-01-01
12610,631,10,377,87,2026-01-01
12611,631,11,32,64,2026-01-01
12612,631,12,479,69,2026-01-01
12613,631,13,207,44,2026-01-01
12614,631,14,96,27,2026-01-01
12615,631,15,172,71,2026-01-01
12616,631,16,7,71,2026-01-01
12617,631,17,65,20,2026-01-01
12618,631,18,139,51,2026-01-01
12619,631,19,239,84,2026-01-01
12620,631,20,242,60,2026-01-01
12621,632,1,275,48,2026-01-01
12622,632,2,407,63,2026-01-01
12623,632,3,274,62,2026-01-01
12624,632,4,294,29,2026-01-01
12625,632,5,79,74,2026-01-01
12626,632,6,452,71,2026-01-01
12627,632,7,279,95,2026-01-01
12628,632,8,216,83,2026-01-01
12629,632,9,329,83,2026-01-01
12630,632,10,258,60,2026-01-01
12631,632,11,361,27,2026-01-01
12632,632,12,244,26,2026-01-01
12633,632,13,222,35,2026-01-01
12634,632,14,131,87,2026-01-01
12635,632,15,89,67,2026-01-01
12636,632,16,215,59,2026-01-01
12637,632,17,310,76,2026-01-01
12638,632,18,136,72,2026-01-01
12639,632,19,336,77,2026-01-01
12640,632,20,436,30,2026-01-01
12641,633,1,16,35,2026-01-01
12642,633,2,491,24,2026-01-01
12643,633,3,77,39,2026-01-01
12644,633,4,467,35,2026-01-01
12645,633,5,14,26,2026-01-01
12646,633,6,461,71,2026-01-01
12647,633,7,193,86,2026-01-01
12648,633,8,18,83,2026-01-01
12649,633,9,215,64,2026-01-01
12650,633,10,40,62,2026-01-01
12651,633,11,113,72,2026-01-01
12652,633,12,118,98,2026-01-01
12653,633,13,35,26,2026-01-01
12654,633,14,461,32,2026-01-01
12655,633,15,285,56,2026-01-01
12656,633,16,3,23,2026-01-01
12657,633,17,495,69,2026-01-01
12658,633,18,147,83,2026-01-01
12659,633,19,222,25,2026-01-01
12660,633,20,375,28,2026-01-01
12661,634,1,246,21,2026-01-01
12662,634,2,25,84,2026-01-01
12663,634,3,110,55,2026-01-01
12664,634,4,158,43,2026-01-01
12665,634,5,252,24,2026-01-01
12666,634,6,4,78,2026-01-01
12667,634,7,364,88,2026-01-01
12668,634,8,272,31,2026-01-01
12669,634,9,327,81,2026-01-01
12670,634,10,369,36,2026-01-01
12671,634,11,421,98,2026-01-01
12672,634,12,56,35,2026-01-01
12673,634,13,272,23,2026-01-01
12674,634,14,289,59,2026-01-01
12675,634,15,231,70,2026-01-01
12676,634,16,244,88,2026-01-01
12677,634,17,313,89,2026-01-01
12678,634,18,262,38,2026-01-01
12679,634,19,479,20,2026-01-01
12680,634,20,242,35,2026-01-01
12681,635,1,441,92,2026-01-01
12682,635,2,486,94,2026-01-01
12683,635,3,51,39,2026-01-01
12684,635,4,113,23,2026-01-01
12685,635,5,95,32,2026-01-01
12686,635,6,256,91,2026-01-01
12687,635,7,333,62,2026-01-01
12688,635,8,500,42,2026-01-01
12689,635,9,202,20,2026-01-01
12690,635,10,255,66,2026-01-01
12691,635,11,183,62,2026-01-01
12692,635,12,101,94,2026-01-01
12693,635,13,228,22,2026-01-01
12694,635,14,473,41,2026-01-01
12695,635,15,36,51,2026-01-01
12696,635,16,144,47,2026-01-01
12697,635,17,222,28,2026-01-01
12698,635,18,115,36,2026-01-01
12699,635,19,406,42,2026-01-01
12700,635,20,414,64,2026-01-01
12701,636,1,223,55,2026-01-01
12702,636,2,448,75,2026-01-01
12703,636,3,440,84,2026-01-01
12704,636,4,200,26,2026-01-01
12705,636,5,407,83,2026-01-01
12706,636,6,46,59,2026-01-01
12707,636,7,476,31,2026-01-01
12708,636,8,409,96,2026-01-01
12709,636,9,267,30,2026-01-01
12710,636,10,143,88,2026-01-01
12711,636,11,196,64,2026-01-01
12712,636,12,402,67,2026-01-01
12713,636,13,63,71,2026-01-01
12714,636,14,489,49,2026-01-01
12715,636,15,103,48,2026-01-01
12716,636,16,104,98,2026-01-01
12717,636,17,24,87,2026-01-01
12718,636,18,5,36,2026-01-01
12719,636,19,326,74,2026-01-01
12720,636,20,37,68,2026-01-01
12721,637,1,355,50,2026-01-01
12722,637,2,349,79,2026-01-01
12723,637,3,158,81,2026-01-01
12724,637,4,97,94,2026-01-01
12725,637,5,10,57,2026-01-01
12726,637,6,194,61,2026-01-01
12727,637,7,153,35,2026-01-01
12728,637,8,81,56,2026-01-01
12729,637,9,194,43,2026-01-01
12730,637,10,236,55,2026-01-01
12731,637,11,251,42,2026-01-01
12732,637,12,61,23,2026-01-01
12733,637,13,345,80,2026-01-01
12734,637,14,83,64,2026-01-01
12735,637,15,436,29,2026-01-01
12736,637,16,337,98,2026-01-01
12737,637,17,346,89,2026-01-01
12738,637,18,268,81,2026-01-01
12739,637,19,451,65,2026-01-01
12740,637,20,44,62,2026-01-01
12741,638,1,334,62,2026-01-01
12742,638,2,103,43,2026-01-01
12743,638,3,218,53,2026-01-01
12744,638,4,72,49,2026-01-01
12745,638,5,415,56,2026-01-01
12746,638,6,176,48,2026-01-01
12747,638,7,397,29,2026-01-01
12748,638,8,73,67,2026-01-01
12749,638,9,381,87,2026-01-01
12750,638,10,303,21,2026-01-01
12751,638,11,25,41,2026-01-01
12752,638,12,382,77,2026-01-01
12753,638,13,193,69,2026-01-01
12754,638,14,408,73,2026-01-01
12755,638,15,121,60,2026-01-01
12756,638,16,264,22,2026-01-01
12757,638,17,103,23,2026-01-01
12758,638,18,191,52,2026-01-01
12759,638,19,91,66,2026-01-01
12760,638,20,436,28,2026-01-01
12761,639,1,121,86,2026-01-01
12762,639,2,201,84,2026-01-01
12763,639,3,477,97,2026-01-01
12764,639,4,202,28,2026-01-01
12765,639,5,331,60,2026-01-01
12766,639,6,373,97,2026-01-01
12767,639,7,165,98,2026-01-01
12768,639,8,259,40,2026-01-01
12769,639,9,176,49,2026-01-01
12770,639,10,147,28,2026-01-01
12771,639,11,191,34,2026-01-01
12772,639,12,393,43,2026-01-01
12773,639,13,202,88,2026-01-01
12774,639,14,483,62,2026-01-01
12775,639,15,328,38,2026-01-01
12776,639,16,173,86,2026-01-01
12777,639,17,408,83,2026-01-01
12778,639,18,34,63,2026-01-01
12779,639,19,61,51,2026-01-01
12780,639,20,80,38,2026-01-01
12781,640,1,274,78,2026-01-01
12782,640,2,94,33,2026-01-01
12783,640,3,191,45,2026-01-01
12784,640,4,322,28,2026-01-01
12785,640,5,205,95,2026-01-01
12786,640,6,50,21,2026-01-01
12787,640,7,26,50,2026-01-01
12788,640,8,137,70,2026-01-01
12789,640,9,31,91,2026-01-01
12790,640,10,411,74,2026-01-01
12791,640,11,203,34,2026-01-01
12792,640,12,119,30,2026-01-01
12793,640,13,232,52,2026-01-01
12794,640,14,411,82,2026-01-01
12795,640,15,444,96,2026-01-01
12796,640,16,69,61,2026-01-01
12797,640,17,339,54,2026-01-01
12798,640,18,383,35,2026-01-01
12799,640,19,334,94,2026-01-01
12800,640,20,231,80,2026-01-01
12801,641,1,365,81,2026-01-01
12802,641,2,352,24,2026-01-01
12803,641,3,25,52,2026-01-01
12804,641,4,310,82,2026-01-01
12805,641,5,494,59,2026-01-01
12806,641,6,82,89,2026-01-01
12807,641,7,200,91,2026-01-01
12808,641,8,254,95,2026-01-01
12809,641,9,48,65,2026-01-01
12810,641,10,44,35,2026-01-01
12811,641,11,16,23,2026-01-01
12812,641,12,346,92,2026-01-01
12813,641,13,156,24,2026-01-01
12814,641,14,103,50,2026-01-01
12815,641,15,371,100,2026-01-01
12816,641,16,367,99,2026-01-01
12817,641,17,489,90,2026-01-01
12818,641,18,387,93,2026-01-01
12819,641,19,109,70,2026-01-01
12820,641,20,277,67,2026-01-01
12821,642,1,313,48,2026-01-01
12822,642,2,395,54,2026-01-01
12823,642,3,291,35,2026-01-01
12824,642,4,287,90,2026-01-01
12825,642,5,221,60,2026-01-01
12826,642,6,402,29,2026-01-01
12827,642,7,271,26,2026-01-01
12828,642,8,328,83,2026-01-01
12829,642,9,279,66,2026-01-01
12830,642,10,330,82,2026-01-01
12831,642,11,323,57,2026-01-01
12832,642,12,421,81,2026-01-01
12833,642,13,421,37,2026-01-01
12834,642,14,28,75,2026-01-01
12835,642,15,416,99,2026-01-01
12836,642,16,258,63,2026-01-01
12837,642,17,0,32,2026-01-01
12838,642,18,344,95,2026-01-01
12839,642,19,46,39,2026-01-01
12840,642,20,381,100,2026-01-01
12841,643,1,474,39,2026-01-01
12842,643,2,21,32,2026-01-01
12843,643,3,394,53,2026-01-01
12844,643,4,27,37,2026-01-01
12845,643,5,95,86,2026-01-01
12846,643,6,159,85,2026-01-01
12847,643,7,283,72,2026-01-01
12848,643,8,126,67,2026-01-01
12849,643,9,204,29,2026-01-01
12850,643,10,14,59,2026-01-01
12851,643,11,387,47,2026-01-01
12852,643,12,120,92,2026-01-01
12853,643,13,121,44,2026-01-01
12854,643,14,222,62,2026-01-01
12855,643,15,389,48,2026-01-01
12856,643,16,38,47,2026-01-01
12857,643,17,81,65,2026-01-01
12858,643,18,329,65,2026-01-01
12859,643,19,453,89,2026-01-01
12860,643,20,184,87,2026-01-01
12861,644,1,91,34,2026-01-01
12862,644,2,350,51,2026-01-01
12863,644,3,264,27,2026-01-01
12864,644,4,293,65,2026-01-01
12865,644,5,226,44,2026-01-01
12866,644,6,336,81,2026-01-01
12867,644,7,225,21,2026-01-01
12868,644,8,384,89,2026-01-01
12869,644,9,166,92,2026-01-01
12870,644,10,267,24,2026-01-01
12871,644,11,213,46,2026-01-01
12872,644,12,76,26,2026-01-01
12873,644,13,134,20,2026-01-01
12874,644,14,190,55,2026-01-01
12875,644,15,214,72,2026-01-01
12876,644,16,206,23,2026-01-01
12877,644,17,40,50,2026-01-01
12878,644,18,359,71,2026-01-01
12879,644,19,45,23,2026-01-01
12880,644,20,331,80,2026-01-01
12881,645,1,226,30,2026-01-01
12882,645,2,83,31,2026-01-01
12883,645,3,211,74,2026-01-01
12884,645,4,185,68,2026-01-01
12885,645,5,324,66,2026-01-01
12886,645,6,19,36,2026-01-01
12887,645,7,317,21,2026-01-01
12888,645,8,260,87,2026-01-01
12889,645,9,243,48,2026-01-01
12890,645,10,98,73,2026-01-01
12891,645,11,381,60,2026-01-01
12892,645,12,9,99,2026-01-01
12893,645,13,380,60,2026-01-01
12894,645,14,140,86,2026-01-01
12895,645,15,83,51,2026-01-01
12896,645,16,81,92,2026-01-01
12897,645,17,322,21,2026-01-01
12898,645,18,442,86,2026-01-01
12899,645,19,338,34,2026-01-01
12900,645,20,134,39,2026-01-01
12901,646,1,370,22,2026-01-01
12902,646,2,413,56,2026-01-01
12903,646,3,66,96,2026-01-01
12904,646,4,453,93,2026-01-01
12905,646,5,497,64,2026-01-01
12906,646,6,78,42,2026-01-01
12907,646,7,3,20,2026-01-01
12908,646,8,39,33,2026-01-01
12909,646,9,31,63,2026-01-01
12910,646,10,367,89,2026-01-01
12911,646,11,173,91,2026-01-01
12912,646,12,465,82,2026-01-01
12913,646,13,287,89,2026-01-01
12914,646,14,231,72,2026-01-01
12915,646,15,46,69,2026-01-01
12916,646,16,340,61,2026-01-01
12917,646,17,490,57,2026-01-01
12918,646,18,236,38,2026-01-01
12919,646,19,105,38,2026-01-01
12920,646,20,213,83,2026-01-01
12921,647,1,285,68,2026-01-01
12922,647,2,311,29,2026-01-01
12923,647,3,353,41,2026-01-01
12924,647,4,416,66,2026-01-01
12925,647,5,319,86,2026-01-01
12926,647,6,446,26,2026-01-01
12927,647,7,59,74,2026-01-01
12928,647,8,461,87,2026-01-01
12929,647,9,151,49,2026-01-01
12930,647,10,141,75,2026-01-01
12931,647,11,226,21,2026-01-01
12932,647,12,351,79,2026-01-01
12933,647,13,41,35,2026-01-01
12934,647,14,328,52,2026-01-01
12935,647,15,182,65,2026-01-01
12936,647,16,33,70,2026-01-01
12937,647,17,198,34,2026-01-01
12938,647,18,329,35,2026-01-01
12939,647,19,221,100,2026-01-01
12940,647,20,491,47,2026-01-01
12941,648,1,350,79,2026-01-01
12942,648,2,89,58,2026-01-01
12943,648,3,188,78,2026-01-01
12944,648,4,179,65,2026-01-01
12945,648,5,495,44,2026-01-01
12946,648,6,190,97,2026-01-01
12947,648,7,182,50,2026-01-01
12948,648,8,280,85,2026-01-01
12949,648,9,363,81,2026-01-01
12950,648,10,200,92,2026-01-01
12951,648,11,65,51,2026-01-01
12952,648,12,86,63,2026-01-01
12953,648,13,197,51,2026-01-01
12954,648,14,109,53,2026-01-01
12955,648,15,367,29,2026-01-01
12956,648,16,226,92,2026-01-01
12957,648,17,11,90,2026-01-01
12958,648,18,475,97,2026-01-01
12959,648,19,271,33,2026-01-01
12960,648,20,222,55,2026-01-01
12961,649,1,52,39,2026-01-01
12962,649,2,405,61,2026-01-01
12963,649,3,239,71,2026-01-01
12964,649,4,42,24,2026-01-01
12965,649,5,229,34,2026-01-01
12966,649,6,55,92,2026-01-01
12967,649,7,72,90,2026-01-01
12968,649,8,12,28,2026-01-01
12969,649,9,442,23,2026-01-01
12970,649,10,376,96,2026-01-01
12971,649,11,301,41,2026-01-01
12972,649,12,500,34,2026-01-01
12973,649,13,91,80,2026-01-01
12974,649,14,273,80,2026-01-01
12975,649,15,81,24,2026-01-01
12976,649,16,90,89,2026-01-01
12977,649,17,152,47,2026-01-01
12978,649,18,455,88,2026-01-01
12979,649,19,12,61,2026-01-01
12980,649,20,367,91,2026-01-01
12981,650,1,83,31,2026-01-01
12982,650,2,351,69,2026-01-01
12983,650,3,261,70,2026-01-01
12984,650,4,127,37,2026-01-01
12985,650,5,329,64,2026-01-01
12986,650,6,439,75,2026-01-01
12987,650,7,318,95,2026-01-01
12988,650,8,73,72,2026-01-01
12989,650,9,421,91,2026-01-01
12990,650,10,315,89,2026-01-01
12991,650,11,240,56,2026-01-01
12992,650,12,176,93,2026-01-01
12993,650,13,350,34,2026-01-01
12994,650,14,456,65,2026-01-01
12995,650,15,453,31,2026-01-01
12996,650,16,192,28,2026-01-01
12997,650,17,161,76,2026-01-01
12998,650,18,126,22,2026-01-01
12999,650,19,132,92,2026-01-01
13000,650,20,435,92,2026-01-01
13001,651,1,397,72,2026-01-01
13002,651,2,160,76,2026-01-01
13003,651,3,128,39,2026-01-01
13004,651,4,399,23,2026-01-01
13005,651,5,327,43,2026-01-01
13006,651,6,363,51,2026-01-01
13007,651,7,191,44,2026-01-01
13008,651,8,467,37,2026-01-01
13009,651,9,315,97,2026-01-01
13010,651,10,317,66,2026-01-01
13011,651,11,63,81,2026-01-01
13012,651,12,188,33,2026-01-01
13013,651,13,182,41,2026-01-01
13014,651,14,212,34,2026-01-01
13015,651,15,38,20,2026-01-01
13016,651,16,309,42,2026-01-01
13017,651,17,401,62,2026-01-01
13018,651,18,344,65,2026-01-01
13019,651,19,139,48,2026-01-01
13020,651,20,284,30,2026-01-01
13021,652,1,39,82,2026-01-01
13022,652,2,21,82,2026-01-01
13023,652,3,219,91,2026-01-01
13024,652,4,312,69,2026-01-01
13025,652,5,11,88,2026-01-01
13026,652,6,22,51,2026-01-01
13027,652,7,234,77,2026-01-01
13028,652,8,98,68,2026-01-01
13029,652,9,240,100,2026-01-01
13030,652,10,232,93,2026-01-01
13031,652,11,399,51,2026-01-01
13032,652,12,184,77,2026-01-01
13033,652,13,9,45,2026-01-01
13034,652,14,84,37,2026-01-01
13035,652,15,235,81,2026-01-01
13036,652,16,108,77,2026-01-01
13037,652,17,410,43,2026-01-01
13038,652,18,497,42,2026-01-01
13039,652,19,296,50,2026-01-01
13040,652,20,126,89,2026-01-01
13041,653,1,489,30,2026-01-01
13042,653,2,450,29,2026-01-01
13043,653,3,477,53,2026-01-01
13044,653,4,210,99,2026-01-01
13045,653,5,264,35,2026-01-01
13046,653,6,100,45,2026-01-01
13047,653,7,188,29,2026-01-01
13048,653,8,367,97,2026-01-01
13049,653,9,342,27,2026-01-01
13050,653,10,325,23,2026-01-01
13051,653,11,286,32,2026-01-01
13052,653,12,183,54,2026-01-01
13053,653,13,398,85,2026-01-01
13054,653,14,299,47,2026-01-01
13055,653,15,87,84,2026-01-01
13056,653,16,412,33,2026-01-01
13057,653,17,452,67,2026-01-01
13058,653,18,398,37,2026-01-01
13059,653,19,424,75,2026-01-01
13060,653,20,136,75,2026-01-01
13061,654,1,280,94,2026-01-01
13062,654,2,182,29,2026-01-01
13063,654,3,91,87,2026-01-01
13064,654,4,426,90,2026-01-01
13065,654,5,368,71,2026-01-01
13066,654,6,393,69,2026-01-01
13067,654,7,376,43,2026-01-01
13068,654,8,192,53,2026-01-01
13069,654,9,50,23,2026-01-01
13070,654,10,476,37,2026-01-01
13071,654,11,245,53,2026-01-01
13072,654,12,206,56,2026-01-01
13073,654,13,351,55,2026-01-01
13074,654,14,24,44,2026-01-01
13075,654,15,441,33,2026-01-01
13076,654,16,468,89,2026-01-01
13077,654,17,116,55,2026-01-01
13078,654,18,467,74,2026-01-01
13079,654,19,339,42,2026-01-01
13080,654,20,64,46,2026-01-01
13081,655,1,125,63,2026-01-01
13082,655,2,388,69,2026-01-01
13083,655,3,81,62,2026-01-01
13084,655,4,109,67,2026-01-01
13085,655,5,12,66,2026-01-01
13086,655,6,123,56,2026-01-01
13087,655,7,360,99,2026-01-01
13088,655,8,24,81,2026-01-01
13089,655,9,229,65,2026-01-01
13090,655,10,351,61,2026-01-01
13091,655,11,397,26,2026-01-01
13092,655,12,5,89,2026-01-01
13093,655,13,290,31,2026-01-01
13094,655,14,266,56,2026-01-01
13095,655,15,3,69,2026-01-01
13096,655,16,491,67,2026-01-01
13097,655,17,218,53,2026-01-01
13098,655,18,99,89,2026-01-01
13099,655,19,359,51,2026-01-01
13100,655,20,393,83,2026-01-01
13101,656,1,100,48,2026-01-01
13102,656,2,161,88,2026-01-01
13103,656,3,423,92,2026-01-01
13104,656,4,500,65,2026-01-01
13105,656,5,90,59,2026-01-01
13106,656,6,103,80,2026-01-01
13107,656,7,181,34,2026-01-01
13108,656,8,59,45,2026-01-01
13109,656,9,66,87,2026-01-01
13110,656,10,100,74,2026-01-01
13111,656,11,192,87,2026-01-01
13112,656,12,7,37,2026-01-01
13113,656,13,162,40,2026-01-01
13114,656,14,152,34,2026-01-01
13115,656,15,51,30,2026-01-01
13116,656,16,275,30,2026-01-01
13117,656,17,81,46,2026-01-01
13118,656,18,397,79,2026-01-01
13119,656,19,125,37,2026-01-01
13120,656,20,75,46,2026-01-01
13121,657,1,179,96,2026-01-01
13122,657,2,197,81,2026-01-01
13123,657,3,29,81,2026-01-01
13124,657,4,322,26,2026-01-01
13125,657,5,100,60,2026-01-01
13126,657,6,420,61,2026-01-01
13127,657,7,214,54,2026-01-01
13128,657,8,489,69,2026-01-01
13129,657,9,106,53,2026-01-01
13130,657,10,228,20,2026-01-01
13131,657,11,17,100,2026-01-01
13132,657,12,496,85,2026-01-01
13133,657,13,458,99,2026-01-01
13134,657,14,6,44,2026-01-01
13135,657,15,440,93,2026-01-01
13136,657,16,340,40,2026-01-01
13137,657,17,378,34,2026-01-01
13138,657,18,466,86,2026-01-01
13139,657,19,453,72,2026-01-01
13140,657,20,184,24,2026-01-01
13141,658,1,270,86,2026-01-01
13142,658,2,344,90,2026-01-01
13143,658,3,68,33,2026-01-01
13144,658,4,99,28,2026-01-01
13145,658,5,394,31,2026-01-01
13146,658,6,341,76,2026-01-01
13147,658,7,116,60,2026-01-01
13148,658,8,272,36,2026-01-01
13149,658,9,343,42,2026-01-01
13150,658,10,228,30,2026-01-01
13151,658,11,399,48,2026-01-01
13152,658,12,8,96,2026-01-01
13153,658,13,104,20,2026-01-01
13154,658,14,335,28,2026-01-01
13155,658,15,257,57,2026-01-01
13156,658,16,497,44,2026-01-01
13157,658,17,465,45,2026-01-01
13158,658,18,402,45,2026-01-01
13159,658,19,272,45,2026-01-01
13160,658,20,112,24,2026-01-01
13161,659,1,126,39,2026-01-01
13162,659,2,351,90,2026-01-01
13163,659,3,401,32,2026-01-01
13164,659,4,249,85,2026-01-01
13165,659,5,357,80,2026-01-01
13166,659,6,59,28,2026-01-01
13167,659,7,156,80,2026-01-01
13168,659,8,168,58,2026-01-01
13169,659,9,4,84,2026-01-01
13170,659,10,77,81,2026-01-01
13171,659,11,457,32,2026-01-01
13172,659,12,156,97,2026-01-01
13173,659,13,394,36,2026-01-01
13174,659,14,393,81,2026-01-01
13175,659,15,163,99,2026-01-01
13176,659,16,312,35,2026-01-01
13177,659,17,466,86,2026-01-01
13178,659,18,191,65,2026-01-01
13179,659,19,380,100,2026-01-01
13180,659,20,339,36,2026-01-01
13181,660,1,411,54,2026-01-01
13182,660,2,19,55,2026-01-01
13183,660,3,166,41,2026-01-01
13184,660,4,137,30,2026-01-01
13185,660,5,272,89,2026-01-01
13186,660,6,467,49,2026-01-01
13187,660,7,117,92,2026-01-01
13188,660,8,93,43,2026-01-01
13189,660,9,445,37,2026-01-01
13190,660,10,70,71,2026-01-01
13191,660,11,450,70,2026-01-01
13192,660,12,491,45,2026-01-01
13193,660,13,380,66,2026-01-01
13194,660,14,427,34,2026-01-01
13195,660,15,22,54,2026-01-01
13196,660,16,394,34,2026-01-01
13197,660,17,483,49,2026-01-01
13198,660,18,413,28,2026-01-01
13199,660,19,234,52,2026-01-01
13200,660,20,4,22,2026-01-01
13201,661,1,439,77,2026-01-01
13202,661,2,78,94,2026-01-01
13203,661,3,303,41,2026-01-01
13204,661,4,384,79,2026-01-01
13205,661,5,295,27,2026-01-01
13206,661,6,263,86,2026-01-01
13207,661,7,75,98,2026-01-01
13208,661,8,315,34,2026-01-01
13209,661,9,241,62,2026-01-01
13210,661,10,262,42,2026-01-01
13211,661,11,47,66,2026-01-01
13212,661,12,385,92,2026-01-01
13213,661,13,488,35,2026-01-01
13214,661,14,332,43,2026-01-01
13215,661,15,197,75,2026-01-01
13216,661,16,64,58,2026-01-01
13217,661,17,121,27,2026-01-01
13218,661,18,69,32,2026-01-01
13219,661,19,314,90,2026-01-01
13220,661,20,159,81,2026-01-01
13221,662,1,36,77,2026-01-01
13222,662,2,0,74,2026-01-01
13223,662,3,147,99,2026-01-01
13224,662,4,370,78,2026-01-01
13225,662,5,401,82,2026-01-01
13226,662,6,445,97,2026-01-01
13227,662,7,392,46,2026-01-01
13228,662,8,92,21,2026-01-01
13229,662,9,231,66,2026-01-01
13230,662,10,375,84,2026-01-01
13231,662,11,279,70,2026-01-01
13232,662,12,197,68,2026-01-01
13233,662,13,259,67,2026-01-01
13234,662,14,244,95,2026-01-01
13235,662,15,22,54,2026-01-01
13236,662,16,113,31,2026-01-01
13237,662,17,179,25,2026-01-01
13238,662,18,400,30,2026-01-01
13239,662,19,342,90,2026-01-01
13240,662,20,0,36,2026-01-01
13241,663,1,230,70,2026-01-01
13242,663,2,285,94,2026-01-01
13243,663,3,158,28,2026-01-01
13244,663,4,393,41,2026-01-01
13245,663,5,25,58,2026-01-01
13246,663,6,341,35,2026-01-01
13247,663,7,293,55,2026-01-01
13248,663,8,24,59,2026-01-01
13249,663,9,202,53,2026-01-01
13250,663,10,327,82,2026-01-01
13251,663,11,492,40,2026-01-01
13252,663,12,323,93,2026-01-01
13253,663,13,101,93,2026-01-01
13254,663,14,367,59,2026-01-01
13255,663,15,38,21,2026-01-01
13256,663,16,335,76,2026-01-01
13257,663,17,161,99,2026-01-01
13258,663,18,241,65,2026-01-01
13259,663,19,485,23,2026-01-01
13260,663,20,379,39,2026-01-01
13261,664,1,386,96,2026-01-01
13262,664,2,220,27,2026-01-01
13263,664,3,224,77,2026-01-01
13264,664,4,494,92,2026-01-01
13265,664,5,98,54,2026-01-01
13266,664,6,461,99,2026-01-01
13267,664,7,445,77,2026-01-01
13268,664,8,367,43,2026-01-01
13269,664,9,386,46,2026-01-01
13270,664,10,390,61,2026-01-01
13271,664,11,185,67,2026-01-01
13272,664,12,382,90,2026-01-01
13273,664,13,39,34,2026-01-01
13274,664,14,136,46,2026-01-01
13275,664,15,33,34,2026-01-01
13276,664,16,112,43,2026-01-01
13277,664,17,299,83,2026-01-01
13278,664,18,48,99,2026-01-01
13279,664,19,304,64,2026-01-01
13280,664,20,338,31,2026-01-01
13281,665,1,105,21,2026-01-01
13282,665,2,224,75,2026-01-01
13283,665,3,422,37,2026-01-01
13284,665,4,336,40,2026-01-01
13285,665,5,248,65,2026-01-01
13286,665,6,250,41,2026-01-01
13287,665,7,195,32,2026-01-01
13288,665,8,252,54,2026-01-01
13289,665,9,458,32,2026-01-01
13290,665,10,356,75,2026-01-01
13291,665,11,415,62,2026-01-01
13292,665,12,287,75,2026-01-01
13293,665,13,332,23,2026-01-01
13294,665,14,265,51,2026-01-01
13295,665,15,11,93,2026-01-01
13296,665,16,332,96,2026-01-01
13297,665,17,95,78,2026-01-01
13298,665,18,21,76,2026-01-01
13299,665,19,169,47,2026-01-01
13300,665,20,458,20,2026-01-01
13301,666,1,389,20,2026-01-01
13302,666,2,270,83,2026-01-01
13303,666,3,348,60,2026-01-01
13304,666,4,113,77,2026-01-01
13305,666,5,63,84,2026-01-01
13306,666,6,315,45,2026-01-01
13307,666,7,196,92,2026-01-01
13308,666,8,90,42,2026-01-01
13309,666,9,481,47,2026-01-01
13310,666,10,45,95,2026-01-01
13311,666,11,497,37,2026-01-01
13312,666,12,63,100,2026-01-01
13313,666,13,389,78,2026-01-01
13314,666,14,146,81,2026-01-01
13315,666,15,69,97,2026-01-01
13316,666,16,129,42,2026-01-01
13317,666,17,159,89,2026-01-01
13318,666,18,56,92,2026-01-01
13319,666,19,183,46,2026-01-01
13320,666,20,212,24,2026-01-01
13321,667,1,31,58,2026-01-01
13322,667,2,345,36,2026-01-01
13323,667,3,433,71,2026-01-01
13324,667,4,370,20,2026-01-01
13325,667,5,163,35,2026-01-01
13326,667,6,72,32,2026-01-01
13327,667,7,218,71,2026-01-01
13328,667,8,95,34,2026-01-01
13329,667,9,106,73,2026-01-01
13330,667,10,435,98,2026-01-01
13331,667,11,312,96,2026-01-01
13332,667,12,469,91,2026-01-01
13333,667,13,366,69,2026-01-01
13334,667,14,243,67,2026-01-01
13335,667,15,251,88,2026-01-01
13336,667,16,100,43,2026-01-01
13337,667,17,163,61,2026-01-01
13338,667,18,364,20,2026-01-01
13339,667,19,140,35,2026-01-01
13340,667,20,59,47,2026-01-01
13341,668,1,207,20,2026-01-01
13342,668,2,435,70,2026-01-01
13343,668,3,204,25,2026-01-01
13344,668,4,81,41,2026-01-01
13345,668,5,95,77,2026-01-01
13346,668,6,122,34,2026-01-01
13347,668,7,221,45,2026-01-01
13348,668,8,345,54,2026-01-01
13349,668,9,51,30,2026-01-01
13350,668,10,287,59,2026-01-01
13351,668,11,274,35,2026-01-01
13352,668,12,432,55,2026-01-01
13353,668,13,243,59,2026-01-01
13354,668,14,235,97,2026-01-01
13355,668,15,371,42,2026-01-01
13356,668,16,275,85,2026-01-01
13357,668,17,477,89,2026-01-01
13358,668,18,367,67,2026-01-01
13359,668,19,124,72,2026-01-01
13360,668,20,333,23,2026-01-01
13361,669,1,115,49,2026-01-01
13362,669,2,128,97,2026-01-01
13363,669,3,435,33,2026-01-01
13364,669,4,69,72,2026-01-01
13365,669,5,19,51,2026-01-01
13366,669,6,222,61,2026-01-01
13367,669,7,381,52,2026-01-01
13368,669,8,408,52,2026-01-01
13369,669,9,363,68,2026-01-01
13370,669,10,168,24,2026-01-01
13371,669,11,51,22,2026-01-01
13372,669,12,38,25,2026-01-01
13373,669,13,426,74,2026-01-01
13374,669,14,321,88,2026-01-01
13375,669,15,317,21,2026-01-01
13376,669,16,101,54,2026-01-01
13377,669,17,34,99,2026-01-01
13378,669,18,80,91,2026-01-01
13379,669,19,166,65,2026-01-01
13380,669,20,428,95,2026-01-01
13381,670,1,140,88,2026-01-01
13382,670,2,452,29,2026-01-01
13383,670,3,339,86,2026-01-01
13384,670,4,239,72,2026-01-01
13385,670,5,38,89,2026-01-01
13386,670,6,450,29,2026-01-01
13387,670,7,214,26,2026-01-01
13388,670,8,293,56,2026-01-01
13389,670,9,175,99,2026-01-01
13390,670,10,196,99,2026-01-01
13391,670,11,379,20,2026-01-01
13392,670,12,69,48,2026-01-01
13393,670,13,407,93,2026-01-01
13394,670,14,454,69,2026-01-01
13395,670,15,274,23,2026-01-01
13396,670,16,125,66,2026-01-01
13397,670,17,11,43,2026-01-01
13398,670,18,97,71,2026-01-01
13399,670,19,407,31,2026-01-01
13400,670,20,222,87,2026-01-01
13401,671,1,245,38,2026-01-01
13402,671,2,299,94,2026-01-01
13403,671,3,29,81,2026-01-01
13404,671,4,266,32,2026-01-01
13405,671,5,285,39,2026-01-01
13406,671,6,275,20,2026-01-01
13407,671,7,274,98,2026-01-01
13408,671,8,177,32,2026-01-01
13409,671,9,50,64,2026-01-01
13410,671,10,390,36,2026-01-01
13411,671,11,110,73,2026-01-01
13412,671,12,149,75,2026-01-01
13413,671,13,482,56,2026-01-01
13414,671,14,183,86,2026-01-01
13415,671,15,379,52,2026-01-01
13416,671,16,375,57,2026-01-01
13417,671,17,348,22,2026-01-01
13418,671,18,382,30,2026-01-01
13419,671,19,92,94,2026-01-01
13420,671,20,454,38,2026-01-01
13421,672,1,189,98,2026-01-01
13422,672,2,300,67,2026-01-01
13423,672,3,199,23,2026-01-01
13424,672,4,109,81,2026-01-01
13425,672,5,256,27,2026-01-01
13426,672,6,195,22,2026-01-01
13427,672,7,279,69,2026-01-01
13428,672,8,255,23,2026-01-01
13429,672,9,343,60,2026-01-01
13430,672,10,424,30,2026-01-01
13431,672,11,75,28,2026-01-01
13432,672,12,263,74,2026-01-01
13433,672,13,295,87,2026-01-01
13434,672,14,466,80,2026-01-01
13435,672,15,39,30,2026-01-01
13436,672,16,103,50,2026-01-01
13437,672,17,298,87,2026-01-01
13438,672,18,329,53,2026-01-01
13439,672,19,284,80,2026-01-01
13440,672,20,251,60,2026-01-01
13441,673,1,342,71,2026-01-01
13442,673,2,102,24,2026-01-01
13443,673,3,499,88,2026-01-01
13444,673,4,467,97,2026-01-01
13445,673,5,398,42,2026-01-01
13446,673,6,496,23,2026-01-01
13447,673,7,331,31,2026-01-01
13448,673,8,249,80,2026-01-01
13449,673,9,29,34,2026-01-01
13450,673,10,17,44,2026-01-01
13451,673,11,284,65,2026-01-01
13452,673,12,476,30,2026-01-01
13453,673,13,281,34,2026-01-01
13454,673,14,267,58,2026-01-01
13455,673,15,257,87,2026-01-01
13456,673,16,279,46,2026-01-01
13457,673,17,382,44,2026-01-01
13458,673,18,331,79,2026-01-01
13459,673,19,359,24,2026-01-01
13460,673,20,437,71,2026-01-01
13461,674,1,470,65,2026-01-01
13462,674,2,259,82,2026-01-01
13463,674,3,23,55,2026-01-01
13464,674,4,299,79,2026-01-01
13465,674,5,237,65,2026-01-01
13466,674,6,426,52,2026-01-01
13467,674,7,30,47,2026-01-01
13468,674,8,319,33,2026-01-01
13469,674,9,72,32,2026-01-01
13470,674,10,83,63,2026-01-01
13471,674,11,236,59,2026-01-01
13472,674,12,393,46,2026-01-01
13473,674,13,347,35,2026-01-01
13474,674,14,148,37,2026-01-01
13475,674,15,362,39,2026-01-01
13476,674,16,387,82,2026-01-01
13477,674,17,329,27,2026-01-01
13478,674,18,366,35,2026-01-01
13479,674,19,377,62,2026-01-01
13480,674,20,80,81,2026-01-01
13481,675,1,498,80,2026-01-01
13482,675,2,152,87,2026-01-01
13483,675,3,175,76,2026-01-01
13484,675,4,416,59,2026-01-01
13485,675,5,281,30,2026-01-01
13486,675,6,116,42,2026-01-01
13487,675,7,38,24,2026-01-01
13488,675,8,259,42,2026-01-01
13489,675,9,117,21,2026-01-01
13490,675,10,381,59,2026-01-01
13491,675,11,395,67,2026-01-01
13492,675,12,318,79,2026-01-01
13493,675,13,207,72,2026-01-01
13494,675,14,210,37,2026-01-01
13495,675,15,105,27,2026-01-01
13496,675,16,0,70,2026-01-01
13497,675,17,391,96,2026-01-01
13498,675,18,152,36,2026-01-01
13499,675,19,338,90,2026-01-01
13500,675,20,142,38,2026-01-01
13501,676,1,126,93,2026-01-01
13502,676,2,407,90,2026-01-01
13503,676,3,116,21,2026-01-01
13504,676,4,191,97,2026-01-01
13505,676,5,171,57,2026-01-01
13506,676,6,240,37,2026-01-01
13507,676,7,50,90,2026-01-01
13508,676,8,228,80,2026-01-01
13509,676,9,117,33,2026-01-01
13510,676,10,472,84,2026-01-01
13511,676,11,21,75,2026-01-01
13512,676,12,344,49,2026-01-01
13513,676,13,89,28,2026-01-01
13514,676,14,373,98,2026-01-01
13515,676,15,339,53,2026-01-01
13516,676,16,422,58,2026-01-01
13517,676,17,468,95,2026-01-01
13518,676,18,41,26,2026-01-01
13519,676,19,232,83,2026-01-01
13520,676,20,264,45,2026-01-01
13521,677,1,329,31,2026-01-01
13522,677,2,300,62,2026-01-01
13523,677,3,220,80,2026-01-01
13524,677,4,432,52,2026-01-01
13525,677,5,113,88,2026-01-01
13526,677,6,245,96,2026-01-01
13527,677,7,124,66,2026-01-01
13528,677,8,379,79,2026-01-01
13529,677,9,9,63,2026-01-01
13530,677,10,201,95,2026-01-01
13531,677,11,217,95,2026-01-01
13532,677,12,451,44,2026-01-01
13533,677,13,154,65,2026-01-01
13534,677,14,155,58,2026-01-01
13535,677,15,467,50,2026-01-01
13536,677,16,149,41,2026-01-01
13537,677,17,465,53,2026-01-01
13538,677,18,234,62,2026-01-01
13539,677,19,231,38,2026-01-01
13540,677,20,221,54,2026-01-01
13541,678,1,372,56,2026-01-01
13542,678,2,139,22,2026-01-01
13543,678,3,94,100,2026-01-01
13544,678,4,147,89,2026-01-01
13545,678,5,226,80,2026-01-01
13546,678,6,458,70,2026-01-01
13547,678,7,290,37,2026-01-01
13548,678,8,180,79,2026-01-01
13549,678,9,55,39,2026-01-01
13550,678,10,185,69,2026-01-01
13551,678,11,439,68,2026-01-01
13552,678,12,375,96,2026-01-01
13553,678,13,167,30,2026-01-01
13554,678,14,7,44,2026-01-01
13555,678,15,474,30,2026-01-01
13556,678,16,210,45,2026-01-01
13557,678,17,435,47,2026-01-01
13558,678,18,277,65,2026-01-01
13559,678,19,481,67,2026-01-01
13560,678,20,452,100,2026-01-01
13561,679,1,460,90,2026-01-01
13562,679,2,87,43,2026-01-01
13563,679,3,362,78,2026-01-01
13564,679,4,406,44,2026-01-01
13565,679,5,156,84,2026-01-01
13566,679,6,302,57,2026-01-01
13567,679,7,392,33,2026-01-01
13568,679,8,274,74,2026-01-01
13569,679,9,234,86,2026-01-01
13570,679,10,199,22,2026-01-01
13571,679,11,309,28,2026-01-01
13572,679,12,376,44,2026-01-01
13573,679,13,126,69,2026-01-01
13574,679,14,205,84,2026-01-01
13575,679,15,124,26,2026-01-01
13576,679,16,327,89,2026-01-01
13577,679,17,224,99,2026-01-01
13578,679,18,296,27,2026-01-01
13579,679,19,47,53,2026-01-01
13580,679,20,145,68,2026-01-01
13581,680,1,267,33,2026-01-01
13582,680,2,321,26,2026-01-01
13583,680,3,141,59,2026-01-01
13584,680,4,223,63,2026-01-01
13585,680,5,313,35,2026-01-01
13586,680,6,398,58,2026-01-01
13587,680,7,418,51,2026-01-01
13588,680,8,67,50,2026-01-01
13589,680,9,86,22,2026-01-01
13590,680,10,16,38,2026-01-01
13591,680,11,494,96,2026-01-01
13592,680,12,425,79,2026-01-01
13593,680,13,66,64,2026-01-01
13594,680,14,426,60,2026-01-01
13595,680,15,248,58,2026-01-01
13596,680,16,376,63,2026-01-01
13597,680,17,201,26,2026-01-01
13598,680,18,317,29,2026-01-01
13599,680,19,485,36,2026-01-01
13600,680,20,359,43,2026-01-01
13601,681,1,127,47,2026-01-01
13602,681,2,110,66,2026-01-01
13603,681,3,498,56,2026-01-01
13604,681,4,203,36,2026-01-01
13605,681,5,477,74,2026-01-01
13606,681,6,22,58,2026-01-01
13607,681,7,484,98,2026-01-01
13608,681,8,75,26,2026-01-01
13609,681,9,382,25,2026-01-01
13610,681,10,145,65,2026-01-01
13611,681,11,283,21,2026-01-01
13612,681,12,210,40,2026-01-01
13613,681,13,97,37,2026-01-01
13614,681,14,118,30,2026-01-01
13615,681,15,436,22,2026-01-01
13616,681,16,84,23,2026-01-01
13617,681,17,434,89,2026-01-01
13618,681,18,81,49,2026-01-01
13619,681,19,403,68,2026-01-01
13620,681,20,405,68,2026-01-01
13621,682,1,229,96,2026-01-01
13622,682,2,495,73,2026-01-01
13623,682,3,43,62,2026-01-01
13624,682,4,423,47,2026-01-01
13625,682,5,471,93,2026-01-01
13626,682,6,430,77,2026-01-01
13627,682,7,45,90,2026-01-01
13628,682,8,383,23,2026-01-01
13629,682,9,295,70,2026-01-01
13630,682,10,112,72,2026-01-01
13631,682,11,342,50,2026-01-01
13632,682,12,23,88,2026-01-01
13633,682,13,413,43,2026-01-01
13634,682,14,401,69,2026-01-01
13635,682,15,358,74,2026-01-01
13636,682,16,487,41,2026-01-01
13637,682,17,301,51,2026-01-01
13638,682,18,468,65,2026-01-01
13639,682,19,463,73,2026-01-01
13640,682,20,301,51,2026-01-01
13641,683,1,177,44,2026-01-01
13642,683,2,41,93,2026-01-01
13643,683,3,52,80,2026-01-01
13644,683,4,380,64,2026-01-01
13645,683,5,332,82,2026-01-01
13646,683,6,104,50,2026-01-01
13647,683,7,5,92,2026-01-01
13648,683,8,486,77,2026-01-01
13649,683,9,381,46,2026-01-01
13650,683,10,383,78,2026-01-01
13651,683,11,302,44,2026-01-01
13652,683,12,195,31,2026-01-01
13653,683,13,33,43,2026-01-01
13654,683,14,169,64,2026-01-01
13655,683,15,150,82,2026-01-01
13656,683,16,350,52,2026-01-01
13657,683,17,421,72,2026-01-01
13658,683,18,233,58,2026-01-01
13659,683,19,70,89,2026-01-01
13660,683,20,269,93,2026-01-01
13661,684,1,29,33,2026-01-01
13662,684,2,27,76,2026-01-01
13663,684,3,310,69,2026-01-01
13664,684,4,266,100,2026-01-01
13665,684,5,429,76,2026-01-01
13666,684,6,120,53,2026-01-01
13667,684,7,34,55,2026-01-01
13668,684,8,168,53,2026-01-01
13669,684,9,396,96,2026-01-01
13670,684,10,493,60,2026-01-01
13671,684,11,451,30,2026-01-01
13672,684,12,343,48,2026-01-01
13673,684,13,12,98,2026-01-01
13674,684,14,388,62,2026-01-01
13675,684,15,460,93,2026-01-01
13676,684,16,453,68,2026-01-01
13677,684,17,283,69,2026-01-01
13678,684,18,236,28,2026-01-01
13679,684,19,229,66,2026-01-01
13680,684,20,9,42,2026-01-01
13681,685,1,245,74,2026-01-01
13682,685,2,234,97,2026-01-01
13683,685,3,115,38,2026-01-01
13684,685,4,146,73,2026-01-01
13685,685,5,330,49,2026-01-01
13686,685,6,89,91,2026-01-01
13687,685,7,398,95,2026-01-01
13688,685,8,44,91,2026-01-01
13689,685,9,16,32,2026-01-01
13690,685,10,385,27,2026-01-01
13691,685,11,332,90,2026-01-01
13692,685,12,298,57,2026-01-01
13693,685,13,8,29,2026-01-01
13694,685,14,254,61,2026-01-01
13695,685,15,153,79,2026-01-01
13696,685,16,42,65,2026-01-01
13697,685,17,122,86,2026-01-01
13698,685,18,43,52,2026-01-01
13699,685,19,237,27,2026-01-01
13700,685,20,143,80,2026-01-01
13701,686,1,197,49,2026-01-01
13702,686,2,225,44,2026-01-01
13703,686,3,243,72,2026-01-01
13704,686,4,148,87,2026-01-01
13705,686,5,443,84,2026-01-01
13706,686,6,220,41,2026-01-01
13707,686,7,154,57,2026-01-01
13708,686,8,306,59,2026-01-01
13709,686,9,297,58,2026-01-01
13710,686,10,42,96,2026-01-01
13711,686,11,201,44,2026-01-01
13712,686,12,227,26,2026-01-01
13713,686,13,163,50,2026-01-01
13714,686,14,268,65,2026-01-01
13715,686,15,77,84,2026-01-01
13716,686,16,244,88,2026-01-01
13717,686,17,53,45,2026-01-01
13718,686,18,64,90,2026-01-01
13719,686,19,379,62,2026-01-01
13720,686,20,179,38,2026-01-01
13721,687,1,333,39,2026-01-01
13722,687,2,98,25,2026-01-01
13723,687,3,5,76,2026-01-01
13724,687,4,357,25,2026-01-01
13725,687,5,32,34,2026-01-01
13726,687,6,232,62,2026-01-01
13727,687,7,101,45,2026-01-01
13728,687,8,36,22,2026-01-01
13729,687,9,419,35,2026-01-01
13730,687,10,62,72,2026-01-01
13731,687,11,365,28,2026-01-01
13732,687,12,246,36,2026-01-01
13733,687,13,385,100,2026-01-01
13734,687,14,190,33,2026-01-01
13735,687,15,409,76,2026-01-01
13736,687,16,419,64,2026-01-01
13737,687,17,17,32,2026-01-01
13738,687,18,148,48,2026-01-01
13739,687,19,324,50,2026-01-01
13740,687,20,119,21,2026-01-01
13741,688,1,367,64,2026-01-01
13742,688,2,403,85,2026-01-01
13743,688,3,474,95,2026-01-01
13744,688,4,28,76,2026-01-01
13745,688,5,31,70,2026-01-01
13746,688,6,10,48,2026-01-01
13747,688,7,213,22,2026-01-01
13748,688,8,168,51,2026-01-01
13749,688,9,46,47,2026-01-01
13750,688,10,414,52,2026-01-01
13751,688,11,319,53,2026-01-01
13752,688,12,159,83,2026-01-01
13753,688,13,283,35,2026-01-01
13754,688,14,357,55,2026-01-01
13755,688,15,255,46,2026-01-01
13756,688,16,311,97,2026-01-01
13757,688,17,5,83,2026-01-01
13758,688,18,5,25,2026-01-01
13759,688,19,40,79,2026-01-01
13760,688,20,416,87,2026-01-01
13761,689,1,272,27,2026-01-01
13762,689,2,414,23,2026-01-01
13763,689,3,184,56,2026-01-01
13764,689,4,204,91,2026-01-01
13765,689,5,197,63,2026-01-01
13766,689,6,397,84,2026-01-01
13767,689,7,229,29,2026-01-01
13768,689,8,306,95,2026-01-01
13769,689,9,288,35,2026-01-01
13770,689,10,248,39,2026-01-01
13771,689,11,178,71,2026-01-01
13772,689,12,71,66,2026-01-01
13773,689,13,81,74,2026-01-01
13774,689,14,391,97,2026-01-01
13775,689,15,485,45,2026-01-01
13776,689,16,229,20,2026-01-01
13777,689,17,19,68,2026-01-01
13778,689,18,466,94,2026-01-01
13779,689,19,359,24,2026-01-01
13780,689,20,258,86,2026-01-01
13781,690,1,281,84,2026-01-01
13782,690,2,144,79,2026-01-01
13783,690,3,395,51,2026-01-01
13784,690,4,354,90,2026-01-01
13785,690,5,378,73,2026-01-01
13786,690,6,148,86,2026-01-01
13787,690,7,40,26,2026-01-01
13788,690,8,202,65,2026-01-01
13789,690,9,288,96,2026-01-01
13790,690,10,32,86,2026-01-01
13791,690,11,131,37,2026-01-01
13792,690,12,488,98,2026-01-01
13793,690,13,489,82,2026-01-01
13794,690,14,88,85,2026-01-01
13795,690,15,20,44,2026-01-01
13796,690,16,438,39,2026-01-01
13797,690,17,99,90,2026-01-01
13798,690,18,449,36,2026-01-01
13799,690,19,38,73,2026-01-01
13800,690,20,320,94,2026-01-01
13801,691,1,453,59,2026-01-01
13802,691,2,397,47,2026-01-01
13803,691,3,439,62,2026-01-01
13804,691,4,238,54,2026-01-01
13805,691,5,298,76,2026-01-01
13806,691,6,279,93,2026-01-01
13807,691,7,177,25,2026-01-01
13808,691,8,136,87,2026-01-01
13809,691,9,174,24,2026-01-01
13810,691,10,4,26,2026-01-01
13811,691,11,468,51,2026-01-01
13812,691,12,365,27,2026-01-01
13813,691,13,197,99,2026-01-01
13814,691,14,431,70,2026-01-01
13815,691,15,334,24,2026-01-01
13816,691,16,175,47,2026-01-01
13817,691,17,241,52,2026-01-01
13818,691,18,153,84,2026-01-01
13819,691,19,216,21,2026-01-01
13820,691,20,212,54,2026-01-01
13821,692,1,200,60,2026-01-01
13822,692,2,221,67,2026-01-01
13823,692,3,67,47,2026-01-01
13824,692,4,445,58,2026-01-01
13825,692,5,100,94,2026-01-01
13826,692,6,58,49,2026-01-01
13827,692,7,173,51,2026-01-01
13828,692,8,86,91,2026-01-01
13829,692,9,190,90,2026-01-01
13830,692,10,143,28,2026-01-01
13831,692,11,8,98,2026-01-01
13832,692,12,307,61,2026-01-01
13833,692,13,245,67,2026-01-01
13834,692,14,495,88,2026-01-01
13835,692,15,123,90,2026-01-01
13836,692,16,133,30,2026-01-01
13837,692,17,334,94,2026-01-01
13838,692,18,52,80,2026-01-01
13839,692,19,111,22,2026-01-01
13840,692,20,25,82,2026-01-01
13841,693,1,422,44,2026-01-01
13842,693,2,343,75,2026-01-01
13843,693,3,142,65,2026-01-01
13844,693,4,191,66,2026-01-01
13845,693,5,190,58,2026-01-01
13846,693,6,256,43,2026-01-01
13847,693,7,140,59,2026-01-01
13848,693,8,286,51,2026-01-01
13849,693,9,1,20,2026-01-01
13850,693,10,418,43,2026-01-01
13851,693,11,141,70,2026-01-01
13852,693,12,433,99,2026-01-01
13853,693,13,198,92,2026-01-01
13854,693,14,341,96,2026-01-01
13855,693,15,489,33,2026-01-01
13856,693,16,331,97,2026-01-01
13857,693,17,37,76,2026-01-01
13858,693,18,447,46,2026-01-01
13859,693,19,309,81,2026-01-01
13860,693,20,208,86,2026-01-01
13861,694,1,355,80,2026-01-01
13862,694,2,165,36,2026-01-01
13863,694,3,368,59,2026-01-01
13864,694,4,244,56,2026-01-01
13865,694,5,347,74,2026-01-01
13866,694,6,251,79,2026-01-01
13867,694,7,405,60,2026-01-01
13868,694,8,216,84,2026-01-01
13869,694,9,50,31,2026-01-01
13870,694,10,369,29,2026-01-01
13871,694,11,355,21,2026-01-01
13872,694,12,22,68,2026-01-01
13873,694,13,266,63,2026-01-01
13874,694,14,176,30,2026-01-01
13875,694,15,270,40,2026-01-01
13876,694,16,355,33,2026-01-01
13877,694,17,410,29,2026-01-01
13878,694,18,440,66,2026-01-01
13879,694,19,144,41,2026-01-01
13880,694,20,449,45,2026-01-01
13881,695,1,218,64,2026-01-01
13882,695,2,257,37,2026-01-01
13883,695,3,339,41,2026-01-01
13884,695,4,395,23,2026-01-01
13885,695,5,60,83,2026-01-01
13886,695,6,48,54,2026-01-01
13887,695,7,167,96,2026-01-01
13888,695,8,427,87,2026-01-01
13889,695,9,148,45,2026-01-01
13890,695,10,3,72,2026-01-01
13891,695,11,399,83,2026-01-01
13892,695,12,163,99,2026-01-01
13893,695,13,225,42,2026-01-01
13894,695,14,479,30,2026-01-01
13895,695,15,106,26,2026-01-01
13896,695,16,160,28,2026-01-01
13897,695,17,149,37,2026-01-01
13898,695,18,471,64,2026-01-01
13899,695,19,385,90,2026-01-01
13900,695,20,193,49,2026-01-01
13901,696,1,371,23,2026-01-01
13902,696,2,71,83,2026-01-01
13903,696,3,479,79,2026-01-01
13904,696,4,498,90,2026-01-01
13905,696,5,434,99,2026-01-01
13906,696,6,162,46,2026-01-01
13907,696,7,263,84,2026-01-01
13908,696,8,189,56,2026-01-01
13909,696,9,421,42,2026-01-01
13910,696,10,76,51,2026-01-01
13911,696,11,330,22,2026-01-01
13912,696,12,423,95,2026-01-01
13913,696,13,251,96,2026-01-01
13914,696,14,187,34,2026-01-01
13915,696,15,412,27,2026-01-01
13916,696,16,345,88,2026-01-01
13917,696,17,235,59,2026-01-01
13918,696,18,220,66,2026-01-01
13919,696,19,395,94,2026-01-01
13920,696,20,173,93,2026-01-01
13921,697,1,88,35,2026-01-01
13922,697,2,104,53,2026-01-01
13923,697,3,465,90,2026-01-01
13924,697,4,307,66,2026-01-01
13925,697,5,16,29,2026-01-01
13926,697,6,263,71,2026-01-01
13927,697,7,22,26,2026-01-01
13928,697,8,36,90,2026-01-01
13929,697,9,229,25,2026-01-01
13930,697,10,5,86,2026-01-01
13931,697,11,454,69,2026-01-01
13932,697,12,321,63,2026-01-01
13933,697,13,128,26,2026-01-01
13934,697,14,144,98,2026-01-01
13935,697,15,299,61,2026-01-01
13936,697,16,393,74,2026-01-01
13937,697,17,378,75,2026-01-01
13938,697,18,140,37,2026-01-01
13939,697,19,128,67,2026-01-01
13940,697,20,236,73,2026-01-01
13941,698,1,395,63,2026-01-01
13942,698,2,405,40,2026-01-01
13943,698,3,306,29,2026-01-01
13944,698,4,127,79,2026-01-01
13945,698,5,206,67,2026-01-01
13946,698,6,105,46,2026-01-01
13947,698,7,447,63,2026-01-01
13948,698,8,437,57,2026-01-01
13949,698,9,430,86,2026-01-01
13950,698,10,490,75,2026-01-01
13951,698,11,435,83,2026-01-01
13952,698,12,369,50,2026-01-01
13953,698,13,479,89,2026-01-01
13954,698,14,28,56,2026-01-01
13955,698,15,339,53,2026-01-01
13956,698,16,386,61,2026-01-01
13957,698,17,296,21,2026-01-01
13958,698,18,328,95,2026-01-01
13959,698,19,368,80,2026-01-01
13960,698,20,115,49,2026-01-01
13961,699,1,278,72,2026-01-01
13962,699,2,247,70,2026-01-01
13963,699,3,230,36,2026-01-01
13964,699,4,88,44,2026-01-01
13965,699,5,96,53,2026-01-01
13966,699,6,25,65,2026-01-01
13967,699,7,209,43,2026-01-01
13968,699,8,84,29,2026-01-01
13969,699,9,369,65,2026-01-01
13970,699,10,347,83,2026-01-01
13971,699,11,193,52,2026-01-01
13972,699,12,485,87,2026-01-01
13973,699,13,294,99,2026-01-01
13974,699,14,103,77,2026-01-01
13975,699,15,207,58,2026-01-01
13976,699,16,103,31,2026-01-01
13977,699,17,329,23,2026-01-01
13978,699,18,381,25,2026-01-01
13979,699,19,350,23,2026-01-01
13980,699,20,394,30,2026-01-01
13981,700,1,98,23,2026-01-01
13982,700,2,330,64,2026-01-01
13983,700,3,279,29,2026-01-01
13984,700,4,317,95,2026-01-01
13985,700,5,227,74,2026-01-01
13986,700,6,414,61,2026-01-01
13987,700,7,38,26,2026-01-01
13988,700,8,205,57,2026-01-01
13989,700,9,401,21,2026-01-01
13990,700,10,109,57,2026-01-01
13991,700,11,406,33,2026-01-01
13992,700,12,443,58,2026-01-01
13993,700,13,19,37,2026-01-01
13994,700,14,394,58,2026-01-01
13995,700,15,217,80,2026-01-01
13996,700,16,4,65,2026-01-01
13997,700,17,443,95,2026-01-01
13998,700,18,81,80,2026-01-01
13999,700,19,337,41,2026-01-01
14000,700,20,25,91,2026-01-01
14001,701,1,131,26,2026-01-01
14002,701,2,210,100,2026-01-01
14003,701,3,292,56,2026-01-01
14004,701,4,56,98,2026-01-01
14005,701,5,404,21,2026-01-01
14006,701,6,363,28,2026-01-01
14007,701,7,455,42,2026-01-01
14008,701,8,193,60,2026-01-01
14009,701,9,358,71,2026-01-01
14010,701,10,464,30,2026-01-01
14011,701,11,205,38,2026-01-01
14012,701,12,229,43,2026-01-01
14013,701,13,23,61,2026-01-01
14014,701,14,359,27,2026-01-01
14015,701,15,4,33,2026-01-01
14016,701,16,219,90,2026-01-01
14017,701,17,238,87,2026-01-01
14018,701,18,115,79,2026-01-01
14019,701,19,462,74,2026-01-01
14020,701,20,413,20,2026-01-01
14021,702,1,391,92,2026-01-01
14022,702,2,2,20,2026-01-01
14023,702,3,307,54,2026-01-01
14024,702,4,389,90,2026-01-01
14025,702,5,230,86,2026-01-01
14026,702,6,162,29,2026-01-01
14027,702,7,307,97,2026-01-01
14028,702,8,242,85,2026-01-01
14029,702,9,157,21,2026-01-01
14030,702,10,205,24,2026-01-01
14031,702,11,253,27,2026-01-01
14032,702,12,352,71,2026-01-01
14033,702,13,437,37,2026-01-01
14034,702,14,0,69,2026-01-01
14035,702,15,35,63,2026-01-01
14036,702,16,433,76,2026-01-01
14037,702,17,82,54,2026-01-01
14038,702,18,417,50,2026-01-01
14039,702,19,115,84,2026-01-01
14040,702,20,62,61,2026-01-01
14041,703,1,152,23,2026-01-01
14042,703,2,164,33,2026-01-01
14043,703,3,407,82,2026-01-01
14044,703,4,369,63,2026-01-01
14045,703,5,66,69,2026-01-01
14046,703,6,470,31,2026-01-01
14047,703,7,27,27,2026-01-01
14048,703,8,369,62,2026-01-01
14049,703,9,289,90,2026-01-01
14050,703,10,258,55,2026-01-01
14051,703,11,333,73,2026-01-01
14052,703,12,23,65,2026-01-01
14053,703,13,94,27,2026-01-01
14054,703,14,205,27,2026-01-01
14055,703,15,2,68,2026-01-01
14056,703,16,370,47,2026-01-01
14057,703,17,201,47,2026-01-01
14058,703,18,49,50,2026-01-01
14059,703,19,73,34,2026-01-01
14060,703,20,465,43,2026-01-01
14061,704,1,112,70,2026-01-01
14062,704,2,134,41,2026-01-01
14063,704,3,85,62,2026-01-01
14064,704,4,80,55,2026-01-01
14065,704,5,134,78,2026-01-01
14066,704,6,481,67,2026-01-01
14067,704,7,299,20,2026-01-01
14068,704,8,490,98,2026-01-01
14069,704,9,450,27,2026-01-01
14070,704,10,106,27,2026-01-01
14071,704,11,245,70,2026-01-01
14072,704,12,4,37,2026-01-01
14073,704,13,461,67,2026-01-01
14074,704,14,291,100,2026-01-01
14075,704,15,142,71,2026-01-01
14076,704,16,465,58,2026-01-01
14077,704,17,112,51,2026-01-01
14078,704,18,263,81,2026-01-01
14079,704,19,330,41,2026-01-01
14080,704,20,156,79,2026-01-01
14081,705,1,425,32,2026-01-01
14082,705,2,306,71,2026-01-01
14083,705,3,221,88,2026-01-01
14084,705,4,131,49,2026-01-01
14085,705,5,179,88,2026-01-01
14086,705,6,478,97,2026-01-01
14087,705,7,260,60,2026-01-01
14088,705,8,430,80,2026-01-01
14089,705,9,274,41,2026-01-01
14090,705,10,364,82,2026-01-01
14091,705,11,145,20,2026-01-01
14092,705,12,154,51,2026-01-01
14093,705,13,185,69,2026-01-01
14094,705,14,151,45,2026-01-01
14095,705,15,21,54,2026-01-01
14096,705,16,8,68,2026-01-01
14097,705,17,16,93,2026-01-01
14098,705,18,366,38,2026-01-01
14099,705,19,178,46,2026-01-01
14100,705,20,186,33,2026-01-01
14101,706,1,310,89,2026-01-01
14102,706,2,124,39,2026-01-01
14103,706,3,410,95,2026-01-01
14104,706,4,478,36,2026-01-01
14105,706,5,386,78,2026-01-01
14106,706,6,495,88,2026-01-01
14107,706,7,178,87,2026-01-01
14108,706,8,42,50,2026-01-01
14109,706,9,473,88,2026-01-01
14110,706,10,405,33,2026-01-01
14111,706,11,269,25,2026-01-01
14112,706,12,243,100,2026-01-01
14113,706,13,230,26,2026-01-01
14114,706,14,344,22,2026-01-01
14115,706,15,39,85,2026-01-01
14116,706,16,304,98,2026-01-01
14117,706,17,102,89,2026-01-01
14118,706,18,474,82,2026-01-01
14119,706,19,142,44,2026-01-01
14120,706,20,411,68,2026-01-01
14121,707,1,81,39,2026-01-01
14122,707,2,44,75,2026-01-01
14123,707,3,345,68,2026-01-01
14124,707,4,311,93,2026-01-01
14125,707,5,265,39,2026-01-01
14126,707,6,336,77,2026-01-01
14127,707,7,101,39,2026-01-01
14128,707,8,393,72,2026-01-01
14129,707,9,51,72,2026-01-01
14130,707,10,105,62,2026-01-01
14131,707,11,312,67,2026-01-01
14132,707,12,493,61,2026-01-01
14133,707,13,386,51,2026-01-01
14134,707,14,125,40,2026-01-01
14135,707,15,377,53,2026-01-01
14136,707,16,454,31,2026-01-01
14137,707,17,146,27,2026-01-01
14138,707,18,369,44,2026-01-01
14139,707,19,252,60,2026-01-01
14140,707,20,74,35,2026-01-01
14141,708,1,461,38,2026-01-01
14142,708,2,346,24,2026-01-01
14143,708,3,333,73,2026-01-01
14144,708,4,165,41,2026-01-01
14145,708,5,146,31,2026-01-01
14146,708,6,141,30,2026-01-01
14147,708,7,264,46,2026-01-01
14148,708,8,52,41,2026-01-01
14149,708,9,371,51,2026-01-01
14150,708,10,263,77,2026-01-01
14151,708,11,98,88,2026-01-01
14152,708,12,151,75,2026-01-01
14153,708,13,322,70,2026-01-01
14154,708,14,176,49,2026-01-01
14155,708,15,184,69,2026-01-01
14156,708,16,245,42,2026-01-01
14157,708,17,58,44,2026-01-01
14158,708,18,322,42,2026-01-01
14159,708,19,246,54,2026-01-01
14160,708,20,181,80,2026-01-01
14161,709,1,259,50,2026-01-01
14162,709,2,11,29,2026-01-01
14163,709,3,98,47,2026-01-01
14164,709,4,358,90,2026-01-01
14165,709,5,251,48,2026-01-01
14166,709,6,404,95,2026-01-01
14167,709,7,95,38,2026-01-01
14168,709,8,308,75,2026-01-01
14169,709,9,499,97,2026-01-01
14170,709,10,188,22,2026-01-01
14171,709,11,184,21,2026-01-01
14172,709,12,221,51,2026-01-01
14173,709,13,92,39,2026-01-01
14174,709,14,403,83,2026-01-01
14175,709,15,383,35,2026-01-01
14176,709,16,436,83,2026-01-01
14177,709,17,433,44,2026-01-01
14178,709,18,4,72,2026-01-01
14179,709,19,151,25,2026-01-01
14180,709,20,215,52,2026-01-01
14181,710,1,389,55,2026-01-01
14182,710,2,9,46,2026-01-01
14183,710,3,167,81,2026-01-01
14184,710,4,48,22,2026-01-01
14185,710,5,100,21,2026-01-01
14186,710,6,142,47,2026-01-01
14187,710,7,200,36,2026-01-01
14188,710,8,429,87,2026-01-01
14189,710,9,423,75,2026-01-01
14190,710,10,31,31,2026-01-01
14191,710,11,50,71,2026-01-01
14192,710,12,350,70,2026-01-01
14193,710,13,439,68,2026-01-01
14194,710,14,313,85,2026-01-01
14195,710,15,394,36,2026-01-01
14196,710,16,162,62,2026-01-01
14197,710,17,372,41,2026-01-01
14198,710,18,424,85,2026-01-01
14199,710,19,423,33,2026-01-01
14200,710,20,178,89,2026-01-01
14201,711,1,317,71,2026-01-01
14202,711,2,192,91,2026-01-01
14203,711,3,356,27,2026-01-01
14204,711,4,340,57,2026-01-01
14205,711,5,126,99,2026-01-01
14206,711,6,431,41,2026-01-01
14207,711,7,206,23,2026-01-01
14208,711,8,350,27,2026-01-01
14209,711,9,298,79,2026-01-01
14210,711,10,21,86,2026-01-01
14211,711,11,437,21,2026-01-01
14212,711,12,422,71,2026-01-01
14213,711,13,98,37,2026-01-01
14214,711,14,229,66,2026-01-01
14215,711,15,109,86,2026-01-01
14216,711,16,116,44,2026-01-01
14217,711,17,320,100,2026-01-01
14218,711,18,465,20,2026-01-01
14219,711,19,118,67,2026-01-01
14220,711,20,13,70,2026-01-01
14221,712,1,192,51,2026-01-01
14222,712,2,326,65,2026-01-01
14223,712,3,60,46,2026-01-01
14224,712,4,158,91,2026-01-01
14225,712,5,28,29,2026-01-01
14226,712,6,44,45,2026-01-01
14227,712,7,296,89,2026-01-01
14228,712,8,112,20,2026-01-01
14229,712,9,487,57,2026-01-01
14230,712,10,311,86,2026-01-01
14231,712,11,113,40,2026-01-01
14232,712,12,322,69,2026-01-01
14233,712,13,291,48,2026-01-01
14234,712,14,146,39,2026-01-01
14235,712,15,392,68,2026-01-01
14236,712,16,132,74,2026-01-01
14237,712,17,183,100,2026-01-01
14238,712,18,188,54,2026-01-01
14239,712,19,469,88,2026-01-01
14240,712,20,228,35,2026-01-01
14241,713,1,453,21,2026-01-01
14242,713,2,362,56,2026-01-01
14243,713,3,91,94,2026-01-01
14244,713,4,467,68,2026-01-01
14245,713,5,457,79,2026-01-01
14246,713,6,368,79,2026-01-01
14247,713,7,9,33,2026-01-01
14248,713,8,121,98,2026-01-01
14249,713,9,339,70,2026-01-01
14250,713,10,461,76,2026-01-01
14251,713,11,453,29,2026-01-01
14252,713,12,325,100,2026-01-01
14253,713,13,235,77,2026-01-01
14254,713,14,235,44,2026-01-01
14255,713,15,89,82,2026-01-01
14256,713,16,364,20,2026-01-01
14257,713,17,132,22,2026-01-01
14258,713,18,458,33,2026-01-01
14259,713,19,34,22,2026-01-01
14260,713,20,398,20,2026-01-01
14261,714,1,469,31,2026-01-01
14262,714,2,464,70,2026-01-01
14263,714,3,472,68,2026-01-01
14264,714,4,111,66,2026-01-01
14265,714,5,394,45,2026-01-01
14266,714,6,74,61,2026-01-01
14267,714,7,137,28,2026-01-01
14268,714,8,2,29,2026-01-01
14269,714,9,57,29,2026-01-01
14270,714,10,206,90,2026-01-01
14271,714,11,94,73,2026-01-01
14272,714,12,64,87,2026-01-01
14273,714,13,169,41,2026-01-01
14274,714,14,398,55,2026-01-01
14275,714,15,367,51,2026-01-01
14276,714,16,58,86,2026-01-01
14277,714,17,198,38,2026-01-01
14278,714,18,232,23,2026-01-01
14279,714,19,111,50,2026-01-01
14280,714,20,398,93,2026-01-01
14281,715,1,372,70,2026-01-01
14282,715,2,99,64,2026-01-01
14283,715,3,16,83,2026-01-01
14284,715,4,66,93,2026-01-01
14285,715,5,103,42,2026-01-01
14286,715,6,42,73,2026-01-01
14287,715,7,71,58,2026-01-01
14288,715,8,500,79,2026-01-01
14289,715,9,405,39,2026-01-01
14290,715,10,113,26,2026-01-01
14291,715,11,222,40,2026-01-01
14292,715,12,349,82,2026-01-01
14293,715,13,63,52,2026-01-01
14294,715,14,169,80,2026-01-01
14295,715,15,56,61,2026-01-01
14296,715,16,273,31,2026-01-01
14297,715,17,222,69,2026-01-01
14298,715,18,56,27,2026-01-01
14299,715,19,59,54,2026-01-01
14300,715,20,310,51,2026-01-01
14301,716,1,68,53,2026-01-01
14302,716,2,127,38,2026-01-01
14303,716,3,30,25,2026-01-01
14304,716,4,426,85,2026-01-01
14305,716,5,251,83,2026-01-01
14306,716,6,35,88,2026-01-01
14307,716,7,349,59,2026-01-01
14308,716,8,454,66,2026-01-01
14309,716,9,233,77,2026-01-01
14310,716,10,384,89,2026-01-01
14311,716,11,397,42,2026-01-01
14312,716,12,447,91,2026-01-01
14313,716,13,74,99,2026-01-01
14314,716,14,116,86,2026-01-01
14315,716,15,352,57,2026-01-01
14316,716,16,347,49,2026-01-01
14317,716,17,476,22,2026-01-01
14318,716,18,445,71,2026-01-01
14319,716,19,270,77,2026-01-01
14320,716,20,199,88,2026-01-01
14321,717,1,226,31,2026-01-01
14322,717,2,238,42,2026-01-01
14323,717,3,94,95,2026-01-01
14324,717,4,397,35,2026-01-01
14325,717,5,430,80,2026-01-01
14326,717,6,479,77,2026-01-01
14327,717,7,99,77,2026-01-01
14328,717,8,227,21,2026-01-01
14329,717,9,412,32,2026-01-01
14330,717,10,166,45,2026-01-01
14331,717,11,138,48,2026-01-01
14332,717,12,298,80,2026-01-01
14333,717,13,261,58,2026-01-01
14334,717,14,340,46,2026-01-01
14335,717,15,160,77,2026-01-01
14336,717,16,123,66,2026-01-01
14337,717,17,134,32,2026-01-01
14338,717,18,426,34,2026-01-01
14339,717,19,302,50,2026-01-01
14340,717,20,154,68,2026-01-01
14341,718,1,338,69,2026-01-01
14342,718,2,235,59,2026-01-01
14343,718,3,461,89,2026-01-01
14344,718,4,173,26,2026-01-01
14345,718,5,498,21,2026-01-01
14346,718,6,33,75,2026-01-01
14347,718,7,47,93,2026-01-01
14348,718,8,200,59,2026-01-01
14349,718,9,71,55,2026-01-01
14350,718,10,324,34,2026-01-01
14351,718,11,3,24,2026-01-01
14352,718,12,344,91,2026-01-01
14353,718,13,24,66,2026-01-01
14354,718,14,90,57,2026-01-01
14355,718,15,325,58,2026-01-01
14356,718,16,62,84,2026-01-01
14357,718,17,380,69,2026-01-01
14358,718,18,38,94,2026-01-01
14359,718,19,10,97,2026-01-01
14360,718,20,137,99,2026-01-01
14361,719,1,210,33,2026-01-01
14362,719,2,418,70,2026-01-01
14363,719,3,99,88,2026-01-01
14364,719,4,408,41,2026-01-01
14365,719,5,237,42,2026-01-01
14366,719,6,120,100,2026-01-01
14367,719,7,347,42,2026-01-01
14368,719,8,459,91,2026-01-01
14369,719,9,27,89,2026-01-01
14370,719,10,130,60,2026-01-01
14371,719,11,287,81,2026-01-01
14372,719,12,38,97,2026-01-01
14373,719,13,208,46,2026-01-01
14374,719,14,492,36,2026-01-01
14375,719,15,175,21,2026-01-01
14376,719,16,133,99,2026-01-01
14377,719,17,312,34,2026-01-01
14378,719,18,475,24,2026-01-01
14379,719,19,187,42,2026-01-01
14380,719,20,116,55,2026-01-01
14381,720,1,157,74,2026-01-01
14382,720,2,345,23,2026-01-01
14383,720,3,290,21,2026-01-01
14384,720,4,159,98,2026-01-01
14385,720,5,118,30,2026-01-01
14386,720,6,346,100,2026-01-01
14387,720,7,474,75,2026-01-01
14388,720,8,72,34,2026-01-01
14389,720,9,268,60,2026-01-01
14390,720,10,449,66,2026-01-01
14391,720,11,415,45,2026-01-01
14392,720,12,317,68,2026-01-01
14393,720,13,439,63,2026-01-01
14394,720,14,308,76,2026-01-01
14395,720,15,468,30,2026-01-01
14396,720,16,54,60,2026-01-01
14397,720,17,175,82,2026-01-01
14398,720,18,61,43,2026-01-01
14399,720,19,19,43,2026-01-01
14400,720,20,211,88,2026-01-01
14401,721,1,447,81,2026-01-01
14402,721,2,67,53,2026-01-01
14403,721,3,468,54,2026-01-01
14404,721,4,249,71,2026-01-01
14405,721,5,340,79,2026-01-01
14406,721,6,337,55,2026-01-01
14407,721,7,236,27,2026-01-01
14408,721,8,426,54,2026-01-01
14409,721,9,78,51,2026-01-01
14410,721,10,17,30,2026-01-01
14411,721,11,488,48,2026-01-01
14412,721,12,474,47,2026-01-01
14413,721,13,427,75,2026-01-01
14414,721,14,346,65,2026-01-01
14415,721,15,395,37,2026-01-01
14416,721,16,174,65,2026-01-01
14417,721,17,450,99,2026-01-01
14418,721,18,169,90,2026-01-01
14419,721,19,225,47,2026-01-01
14420,721,20,247,51,2026-01-01
14421,722,1,446,83,2026-01-01
14422,722,2,472,72,2026-01-01
14423,722,3,29,83,2026-01-01
14424,722,4,35,44,2026-01-01
14425,722,5,248,68,2026-01-01
14426,722,6,346,60,2026-01-01
14427,722,7,48,20,2026-01-01
14428,722,8,490,100,2026-01-01
14429,722,9,70,44,2026-01-01
14430,722,10,201,47,2026-01-01
14431,722,11,71,66,2026-01-01
14432,722,12,132,100,2026-01-01
14433,722,13,212,99,2026-01-01
14434,722,14,496,72,2026-01-01
14435,722,15,467,67,2026-01-01
14436,722,16,343,83,2026-01-01
14437,722,17,308,85,2026-01-01
14438,722,18,163,68,2026-01-01
14439,722,19,33,85,2026-01-01
14440,722,20,106,90,2026-01-01
14441,723,1,33,80,2026-01-01
14442,723,2,275,37,2026-01-01
14443,723,3,348,63,2026-01-01
14444,723,4,162,45,2026-01-01
14445,723,5,200,45,2026-01-01
14446,723,6,209,80,2026-01-01
14447,723,7,205,72,2026-01-01
14448,723,8,114,44,2026-01-01
14449,723,9,77,44,2026-01-01
14450,723,10,97,70,2026-01-01
14451,723,11,416,44,2026-01-01
14452,723,12,212,34,2026-01-01
14453,723,13,425,71,2026-01-01
14454,723,14,227,21,2026-01-01
14455,723,15,454,71,2026-01-01
14456,723,16,138,99,2026-01-01
14457,723,17,389,32,2026-01-01
14458,723,18,298,49,2026-01-01
14459,723,19,245,57,2026-01-01
14460,723,20,246,32,2026-01-01
14461,724,1,207,50,2026-01-01
14462,724,2,43,25,2026-01-01
14463,724,3,326,65,2026-01-01
14464,724,4,119,62,2026-01-01
14465,724,5,165,60,2026-01-01
14466,724,6,243,48,2026-01-01
14467,724,7,359,68,2026-01-01
14468,724,8,245,55,2026-01-01
14469,724,9,482,81,2026-01-01
14470,724,10,243,69,2026-01-01
14471,724,11,108,28,2026-01-01
14472,724,12,210,91,2026-01-01
14473,724,13,30,52,2026-01-01
14474,724,14,340,51,2026-01-01
14475,724,15,390,26,2026-01-01
14476,724,16,99,79,2026-01-01
14477,724,17,78,57,2026-01-01
14478,724,18,258,53,2026-01-01
14479,724,19,381,73,2026-01-01
14480,724,20,375,36,2026-01-01
14481,725,1,413,45,2026-01-01
14482,725,2,127,55,2026-01-01
14483,725,3,377,30,2026-01-01
14484,725,4,291,26,2026-01-01
14485,725,5,234,71,2026-01-01
14486,725,6,266,37,2026-01-01
14487,725,7,273,83,2026-01-01
14488,725,8,28,22,2026-01-01
14489,725,9,48,66,2026-01-01
14490,725,10,162,22,2026-01-01
14491,725,11,24,52,2026-01-01
14492,725,12,296,68,2026-01-01
14493,725,13,486,50,2026-01-01
14494,725,14,66,69,2026-01-01
14495,725,15,236,68,2026-01-01
14496,725,16,95,93,2026-01-01
14497,725,17,180,34,2026-01-01
14498,725,18,481,67,2026-01-01
14499,725,19,178,96,2026-01-01
14500,725,20,15,97,2026-01-01
14501,726,1,405,36,2026-01-01
14502,726,2,159,25,2026-01-01
14503,726,3,124,81,2026-01-01
14504,726,4,367,78,2026-01-01
14505,726,5,345,90,2026-01-01
14506,726,6,144,26,2026-01-01
14507,726,7,212,68,2026-01-01
14508,726,8,290,60,2026-01-01
14509,726,9,231,29,2026-01-01
14510,726,10,356,71,2026-01-01
14511,726,11,325,70,2026-01-01
14512,726,12,147,95,2026-01-01
14513,726,13,436,55,2026-01-01
14514,726,14,20,88,2026-01-01
14515,726,15,156,57,2026-01-01
14516,726,16,463,39,2026-01-01
14517,726,17,180,48,2026-01-01
14518,726,18,106,67,2026-01-01
14519,726,19,15,51,2026-01-01
14520,726,20,464,43,2026-01-01
14521,727,1,175,67,2026-01-01
14522,727,2,183,80,2026-01-01
14523,727,3,410,96,2026-01-01
14524,727,4,89,52,2026-01-01
14525,727,5,255,51,2026-01-01
14526,727,6,260,73,2026-01-01
14527,727,7,141,31,2026-01-01
14528,727,8,466,52,2026-01-01
14529,727,9,454,77,2026-01-01
14530,727,10,148,49,2026-01-01
14531,727,11,221,79,2026-01-01
14532,727,12,458,78,2026-01-01
14533,727,13,280,22,2026-01-01
14534,727,14,63,36,2026-01-01
14535,727,15,165,31,2026-01-01
14536,727,16,136,94,2026-01-01
14537,727,17,359,26,2026-01-01
14538,727,18,51,96,2026-01-01
14539,727,19,216,34,2026-01-01
14540,727,20,279,43,2026-01-01
14541,728,1,339,25,2026-01-01
14542,728,2,168,88,2026-01-01
14543,728,3,406,67,2026-01-01
14544,728,4,500,69,2026-01-01
14545,728,5,315,90,2026-01-01
14546,728,6,165,96,2026-01-01
14547,728,7,398,35,2026-01-01
14548,728,8,383,90,2026-01-01
14549,728,9,78,100,2026-01-01
14550,728,10,270,93,2026-01-01
14551,728,11,441,27,2026-01-01
14552,728,12,203,48,2026-01-01
14553,728,13,484,80,2026-01-01
14554,728,14,414,27,2026-01-01
14555,728,15,285,66,2026-01-01
14556,728,16,349,80,2026-01-01
14557,728,17,356,93,2026-01-01
14558,728,18,82,31,2026-01-01
14559,728,19,126,98,2026-01-01
14560,728,20,192,39,2026-01-01
14561,729,1,86,53,2026-01-01
14562,729,2,368,25,2026-01-01
14563,729,3,239,80,2026-01-01
14564,729,4,306,87,2026-01-01
14565,729,5,135,80,2026-01-01
14566,729,6,104,81,2026-01-01
14567,729,7,44,79,2026-01-01
14568,729,8,347,100,2026-01-01
14569,729,9,462,30,2026-01-01
14570,729,10,229,26,2026-01-01
14571,729,11,316,36,2026-01-01
14572,729,12,308,93,2026-01-01
14573,729,13,275,70,2026-01-01
14574,729,14,431,90,2026-01-01
14575,729,15,70,58,2026-01-01
14576,729,16,470,63,2026-01-01
14577,729,17,462,62,2026-01-01
14578,729,18,480,62,2026-01-01
14579,729,19,183,68,2026-01-01
14580,729,20,313,78,2026-01-01
14581,730,1,274,40,2026-01-01
14582,730,2,40,24,2026-01-01
14583,730,3,171,54,2026-01-01
14584,730,4,410,38,2026-01-01
14585,730,5,234,61,2026-01-01
14586,730,6,341,98,2026-01-01
14587,730,7,491,47,2026-01-01
14588,730,8,208,26,2026-01-01
14589,730,9,240,78,2026-01-01
14590,730,10,283,36,2026-01-01
14591,730,11,31,80,2026-01-01
14592,730,12,43,43,2026-01-01
14593,730,13,402,44,2026-01-01
14594,730,14,375,48,2026-01-01
14595,730,15,286,20,2026-01-01
14596,730,16,372,75,2026-01-01
14597,730,17,126,43,2026-01-01
14598,730,18,89,42,2026-01-01
14599,730,19,292,41,2026-01-01
14600,730,20,3,74,2026-01-01
14601,731,1,236,89,2026-01-01
14602,731,2,362,94,2026-01-01
14603,731,3,47,23,2026-01-01
14604,731,4,70,22,2026-01-01
14605,731,5,162,22,2026-01-01
14606,731,6,2,43,2026-01-01
14607,731,7,145,37,2026-01-01
14608,731,8,342,61,2026-01-01
14609,731,9,342,95,2026-01-01
14610,731,10,70,38,2026-01-01
14611,731,11,324,40,2026-01-01
14612,731,12,125,61,2026-01-01
14613,731,13,104,97,2026-01-01
14614,731,14,297,80,2026-01-01
14615,731,15,280,34,2026-01-01
14616,731,16,44,86,2026-01-01
14617,731,17,139,30,2026-01-01
14618,731,18,378,58,2026-01-01
14619,731,19,438,67,2026-01-01
14620,731,20,408,79,2026-01-01
14621,732,1,367,29,2026-01-01
14622,732,2,436,50,2026-01-01
14623,732,3,340,48,2026-01-01
14624,732,4,93,71,2026-01-01
14625,732,5,2,24,2026-01-01
14626,732,6,160,100,2026-01-01
14627,732,7,384,54,2026-01-01
14628,732,8,354,25,2026-01-01
14629,732,9,459,67,2026-01-01
14630,732,10,449,35,2026-01-01
14631,732,11,256,50,2026-01-01
14632,732,12,150,100,2026-01-01
14633,732,13,299,77,2026-01-01
14634,732,14,12,48,2026-01-01
14635,732,15,1,79,2026-01-01
14636,732,16,115,93,2026-01-01
14637,732,17,325,39,2026-01-01
14638,732,18,84,43,2026-01-01
14639,732,19,301,93,2026-01-01
14640,732,20,73,42,2026-01-01
14641,733,1,467,98,2026-01-01
14642,733,2,36,63,2026-01-01
14643,733,3,438,93,2026-01-01
14644,733,4,302,88,2026-01-01
14645,733,5,14,62,2026-01-01
14646,733,6,221,23,2026-01-01
14647,733,7,187,43,2026-01-01
14648,733,8,327,61,2026-01-01
14649,733,9,227,80,2026-01-01
14650,733,10,458,74,2026-01-01
14651,733,11,427,26,2026-01-01
14652,733,12,427,35,2026-01-01
14653,733,13,303,39,2026-01-01
14654,733,14,472,44,2026-01-01
14655,733,15,125,94,2026-01-01
14656,733,16,120,64,2026-01-01
14657,733,17,379,80,2026-01-01
14658,733,18,114,47,2026-01-01
14659,733,19,151,75,2026-01-01
14660,733,20,221,81,2026-01-01
14661,734,1,100,84,2026-01-01
14662,734,2,302,28,2026-01-01
14663,734,3,24,95,2026-01-01
14664,734,4,85,93,2026-01-01
14665,734,5,189,22,2026-01-01
14666,734,6,97,71,2026-01-01
14667,734,7,21,97,2026-01-01
14668,734,8,169,98,2026-01-01
14669,734,9,7,89,2026-01-01
14670,734,10,290,82,2026-01-01
14671,734,11,71,89,2026-01-01
14672,734,12,126,99,2026-01-01
14673,734,13,351,61,2026-01-01
14674,734,14,486,48,2026-01-01
14675,734,15,97,82,2026-01-01
14676,734,16,83,47,2026-01-01
14677,734,17,364,96,2026-01-01
14678,734,18,397,43,2026-01-01
14679,734,19,242,24,2026-01-01
14680,734,20,452,27,2026-01-01
14681,735,1,222,26,2026-01-01
14682,735,2,22,34,2026-01-01
14683,735,3,90,53,2026-01-01
14684,735,4,48,64,2026-01-01
14685,735,5,78,29,2026-01-01
14686,735,6,228,20,2026-01-01
14687,735,7,322,95,2026-01-01
14688,735,8,330,72,2026-01-01
14689,735,9,123,32,2026-01-01
14690,735,10,60,70,2026-01-01
14691,735,11,117,51,2026-01-01
14692,735,12,363,56,2026-01-01
14693,735,13,170,94,2026-01-01
14694,735,14,408,34,2026-01-01
14695,735,15,384,74,2026-01-01
14696,735,16,400,63,2026-01-01
14697,735,17,337,58,2026-01-01
14698,735,18,388,93,2026-01-01
14699,735,19,409,21,2026-01-01
14700,735,20,274,89,2026-01-01
14701,736,1,54,40,2026-01-01
14702,736,2,309,49,2026-01-01
14703,736,3,336,74,2026-01-01
14704,736,4,162,75,2026-01-01
14705,736,5,278,47,2026-01-01
14706,736,6,211,53,2026-01-01
14707,736,7,326,97,2026-01-01
14708,736,8,116,93,2026-01-01
14709,736,9,318,25,2026-01-01
14710,736,10,385,84,2026-01-01
14711,736,11,159,21,2026-01-01
14712,736,12,218,58,2026-01-01
14713,736,13,40,63,2026-01-01
14714,736,14,40,71,2026-01-01
14715,736,15,266,51,2026-01-01
14716,736,16,330,97,2026-01-01
14717,736,17,11,59,2026-01-01
14718,736,18,406,27,2026-01-01
14719,736,19,69,56,2026-01-01
14720,736,20,486,71,2026-01-01
14721,737,1,486,31,2026-01-01
14722,737,2,190,52,2026-01-01
14723,737,3,237,30,2026-01-01
14724,737,4,475,83,2026-01-01
14725,737,5,152,72,2026-01-01
14726,737,6,426,69,2026-01-01
14727,737,7,173,84,2026-01-01
14728,737,8,372,26,2026-01-01
14729,737,9,103,47,2026-01-01
14730,737,10,278,40,2026-01-01
14731,737,11,119,62,2026-01-01
14732,737,12,41,20,2026-01-01
14733,737,13,69,71,2026-01-01
14734,737,14,430,58,2026-01-01
14735,737,15,330,93,2026-01-01
14736,737,16,87,67,2026-01-01
14737,737,17,500,57,2026-01-01
14738,737,18,419,54,2026-01-01
14739,737,19,372,96,2026-01-01
14740,737,20,82,62,2026-01-01
14741,738,1,443,54,2026-01-01
14742,738,2,438,44,2026-01-01
14743,738,3,437,80,2026-01-01
14744,738,4,275,91,2026-01-01
14745,738,5,101,94,2026-01-01
14746,738,6,274,86,2026-01-01
14747,738,7,81,95,2026-01-01
14748,738,8,115,63,2026-01-01
14749,738,9,389,85,2026-01-01
14750,738,10,134,50,2026-01-01
14751,738,11,456,28,2026-01-01
14752,738,12,59,50,2026-01-01
14753,738,13,9,57,2026-01-01
14754,738,14,226,75,2026-01-01
14755,738,15,444,87,2026-01-01
14756,738,16,385,81,2026-01-01
14757,738,17,66,83,2026-01-01
14758,738,18,21,75,2026-01-01
14759,738,19,288,84,2026-01-01
14760,738,20,365,86,2026-01-01
14761,739,1,426,61,2026-01-01
14762,739,2,424,97,2026-01-01
14763,739,3,150,53,2026-01-01
14764,739,4,488,58,2026-01-01
14765,739,5,412,66,2026-01-01
14766,739,6,348,48,2026-01-01
14767,739,7,241,51,2026-01-01
14768,739,8,52,73,2026-01-01
14769,739,9,145,32,2026-01-01
14770,739,10,184,62,2026-01-01
14771,739,11,124,50,2026-01-01
14772,739,12,258,81,2026-01-01
14773,739,13,460,84,2026-01-01
14774,739,14,428,21,2026-01-01
14775,739,15,395,36,2026-01-01
14776,739,16,496,78,2026-01-01
14777,739,17,489,34,2026-01-01
14778,739,18,122,37,2026-01-01
14779,739,19,12,62,2026-01-01
14780,739,20,124,25,2026-01-01
14781,740,1,88,85,2026-01-01
14782,740,2,180,53,2026-01-01
14783,740,3,436,90,2026-01-01
14784,740,4,467,81,2026-01-01
14785,740,5,495,66,2026-01-01
14786,740,6,162,74,2026-01-01
14787,740,7,348,90,2026-01-01
14788,740,8,466,91,2026-01-01
14789,740,9,222,92,2026-01-01
14790,740,10,237,41,2026-01-01
14791,740,11,271,71,2026-01-01
14792,740,12,16,92,2026-01-01
14793,740,13,26,35,2026-01-01
14794,740,14,81,30,2026-01-01
14795,740,15,348,30,2026-01-01
14796,740,16,252,39,2026-01-01
14797,740,17,277,22,2026-01-01
14798,740,18,484,46,2026-01-01
14799,740,19,288,41,2026-01-01
14800,740,20,388,45,2026-01-01
14801,741,1,404,24,2026-01-01
14802,741,2,378,76,2026-01-01
14803,741,3,31,85,2026-01-01
14804,741,4,117,52,2026-01-01
14805,741,5,19,27,2026-01-01
14806,741,6,58,55,2026-01-01
14807,741,7,427,34,2026-01-01
14808,741,8,352,92,2026-01-01
14809,741,9,46,94,2026-01-01
14810,741,10,191,50,2026-01-01
14811,741,11,266,91,2026-01-01
14812,741,12,218,56,2026-01-01
14813,741,13,32,55,2026-01-01
14814,741,14,290,51,2026-01-01
14815,741,15,66,76,2026-01-01
14816,741,16,301,91,2026-01-01
14817,741,17,333,83,2026-01-01
14818,741,18,3,45,2026-01-01
14819,741,19,382,32,2026-01-01
14820,741,20,168,87,2026-01-01
14821,742,1,208,71,2026-01-01
14822,742,2,270,48,2026-01-01
14823,742,3,327,100,2026-01-01
14824,742,4,30,97,2026-01-01
14825,742,5,158,39,2026-01-01
14826,742,6,165,69,2026-01-01
14827,742,7,51,22,2026-01-01
14828,742,8,462,43,2026-01-01
14829,742,9,166,44,2026-01-01
14830,742,10,443,52,2026-01-01
14831,742,11,358,40,2026-01-01
14832,742,12,136,26,2026-01-01
14833,742,13,370,58,2026-01-01
14834,742,14,137,24,2026-01-01
14835,742,15,431,53,2026-01-01
14836,742,16,283,81,2026-01-01
14837,742,17,221,78,2026-01-01
14838,742,18,112,23,2026-01-01
14839,742,19,331,90,2026-01-01
14840,742,20,240,61,2026-01-01
14841,743,1,219,42,2026-01-01
14842,743,2,136,56,2026-01-01
14843,743,3,423,96,2026-01-01
14844,743,4,298,97,2026-01-01
14845,743,5,300,34,2026-01-01
14846,743,6,494,34,2026-01-01
14847,743,7,13,42,2026-01-01
14848,743,8,330,71,2026-01-01
14849,743,9,153,38,2026-01-01
14850,743,10,228,46,2026-01-01
14851,743,11,278,94,2026-01-01
14852,743,12,30,39,2026-01-01
14853,743,13,354,86,2026-01-01
14854,743,14,51,94,2026-01-01
14855,743,15,353,56,2026-01-01
14856,743,16,343,95,2026-01-01
14857,743,17,448,27,2026-01-01
14858,743,18,218,22,2026-01-01
14859,743,19,310,71,2026-01-01
14860,743,20,488,69,2026-01-01
14861,744,1,232,44,2026-01-01
14862,744,2,281,50,2026-01-01
14863,744,3,157,34,2026-01-01
14864,744,4,463,100,2026-01-01
14865,744,5,23,35,2026-01-01
14866,744,6,447,99,2026-01-01
14867,744,7,26,65,2026-01-01
14868,744,8,12,54,2026-01-01
14869,744,9,131,34,2026-01-01
14870,744,10,58,94,2026-01-01
14871,744,11,106,71,2026-01-01
14872,744,12,494,48,2026-01-01
14873,744,13,254,56,2026-01-01
14874,744,14,215,95,2026-01-01
14875,744,15,414,51,2026-01-01
14876,744,16,452,31,2026-01-01
14877,744,17,381,76,2026-01-01
14878,744,18,48,50,2026-01-01
14879,744,19,116,71,2026-01-01
14880,744,20,403,62,2026-01-01
14881,745,1,178,96,2026-01-01
14882,745,2,186,86,2026-01-01
14883,745,3,436,43,2026-01-01
14884,745,4,270,44,2026-01-01
14885,745,5,256,64,2026-01-01
14886,745,6,270,88,2026-01-01
14887,745,7,171,55,2026-01-01
14888,745,8,261,36,2026-01-01
14889,745,9,136,100,2026-01-01
14890,745,10,43,30,2026-01-01
14891,745,11,427,49,2026-01-01
14892,745,12,75,30,2026-01-01
14893,745,13,33,21,2026-01-01
14894,745,14,211,45,2026-01-01
14895,745,15,175,61,2026-01-01
14896,745,16,370,70,2026-01-01
14897,745,17,150,78,2026-01-01
14898,745,18,481,22,2026-01-01
14899,745,19,443,77,2026-01-01
14900,745,20,493,66,2026-01-01
14901,746,1,81,75,2026-01-01
14902,746,2,458,86,2026-01-01
14903,746,3,175,60,2026-01-01
14904,746,4,408,99,2026-01-01
14905,746,5,417,90,2026-01-01
14906,746,6,458,78,2026-01-01
14907,746,7,321,42,2026-01-01
14908,746,8,490,42,2026-01-01
14909,746,9,266,60,2026-01-01
14910,746,10,314,37,2026-01-01
14911,746,11,171,94,2026-01-01
14912,746,12,286,30,2026-01-01
14913,746,13,132,78,2026-01-01
14914,746,14,343,38,2026-01-01
14915,746,15,426,49,2026-01-01
14916,746,16,5,91,2026-01-01
14917,746,17,343,50,2026-01-01
14918,746,18,296,88,2026-01-01
14919,746,19,186,62,2026-01-01
14920,746,20,19,29,2026-01-01
14921,747,1,25,59,2026-01-01
14922,747,2,286,87,2026-01-01
14923,747,3,14,79,2026-01-01
14924,747,4,143,31,2026-01-01
14925,747,5,332,55,2026-01-01
14926,747,6,66,65,2026-01-01
14927,747,7,212,90,2026-01-01
14928,747,8,205,39,2026-01-01
14929,747,9,118,57,2026-01-01
14930,747,10,157,85,2026-01-01
14931,747,11,212,59,2026-01-01
14932,747,12,232,58,2026-01-01
14933,747,13,329,24,2026-01-01
14934,747,14,196,66,2026-01-01
14935,747,15,48,87,2026-01-01
14936,747,16,378,36,2026-01-01
14937,747,17,170,89,2026-01-01
14938,747,18,349,66,2026-01-01
14939,747,19,316,90,2026-01-01
14940,747,20,228,27,2026-01-01
14941,748,1,82,91,2026-01-01
14942,748,2,454,44,2026-01-01
14943,748,3,52,100,2026-01-01
14944,748,4,380,32,2026-01-01
14945,748,5,61,86,2026-01-01
14946,748,6,293,94,2026-01-01
14947,748,7,149,59,2026-01-01
14948,748,8,6,31,2026-01-01
14949,748,9,169,52,2026-01-01
14950,748,10,224,23,2026-01-01
14951,748,11,399,39,2026-01-01
14952,748,12,321,76,2026-01-01
14953,748,13,68,60,2026-01-01
14954,748,14,48,92,2026-01-01
14955,748,15,61,65,2026-01-01
14956,748,16,346,38,2026-01-01
14957,748,17,454,76,2026-01-01
14958,748,18,368,33,2026-01-01
14959,748,19,159,36,2026-01-01
14960,748,20,389,48,2026-01-01
14961,749,1,494,47,2026-01-01
14962,749,2,73,57,2026-01-01
14963,749,3,323,56,2026-01-01
14964,749,4,394,98,2026-01-01
14965,749,5,30,34,2026-01-01
14966,749,6,46,37,2026-01-01
14967,749,7,125,70,2026-01-01
14968,749,8,36,32,2026-01-01
14969,749,9,184,43,2026-01-01
14970,749,10,363,73,2026-01-01
14971,749,11,316,50,2026-01-01
14972,749,12,302,49,2026-01-01
14973,749,13,456,48,2026-01-01
14974,749,14,245,96,2026-01-01
14975,749,15,267,35,2026-01-01
14976,749,16,395,58,2026-01-01
14977,749,17,44,49,2026-01-01
14978,749,18,397,28,2026-01-01
14979,749,19,141,29,2026-01-01
14980,749,20,18,50,2026-01-01
14981,750,1,409,42,2026-01-01
14982,750,2,482,98,2026-01-01
14983,750,3,413,96,2026-01-01
14984,750,4,422,74,2026-01-01
14985,750,5,298,97,2026-01-01
14986,750,6,51,62,2026-01-01
14987,750,7,167,39,2026-01-01
14988,750,8,310,57,2026-01-01
14989,750,9,11,31,2026-01-01
14990,750,10,25,82,2026-01-01
14991,750,11,285,67,2026-01-01
14992,750,12,240,63,2026-01-01
14993,750,13,52,41,2026-01-01
14994,750,14,26,53,2026-01-01
14995,750,15,375,70,2026-01-01
14996,750,16,257,88,2026-01-01
14997,750,17,410,58,2026-01-01
14998,750,18,318,97,2026-01-01
14999,750,19,116,54,2026-01-01
15000,750,20,275,24,2026-01-01
15001,751,1,37,48,2026-01-01
15002,751,2,110,50,2026-01-01
15003,751,3,196,86,2026-01-01
15004,751,4,450,36,2026-01-01
15005,751,5,488,22,2026-01-01
15006,751,6,385,44,2026-01-01
15007,751,7,192,68,2026-01-01
15008,751,8,345,44,2026-01-01
15009,751,9,174,88,2026-01-01
15010,751,10,164,41,2026-01-01
15011,751,11,193,61,2026-01-01
15012,751,12,206,95,2026-01-01
15013,751,13,316,27,2026-01-01
15014,751,14,395,64,2026-01-01
15015,751,15,233,48,2026-01-01
15016,751,16,267,59,2026-01-01
15017,751,17,213,88,2026-01-01
15018,751,18,328,20,2026-01-01
15019,751,19,400,22,2026-01-01
15020,751,20,48,95,2026-01-01
15021,752,1,70,58,2026-01-01
15022,752,2,23,21,2026-01-01
15023,752,3,195,57,2026-01-01
15024,752,4,182,89,2026-01-01
15025,752,5,207,90,2026-01-01
15026,752,6,23,27,2026-01-01
15027,752,7,320,85,2026-01-01
15028,752,8,288,81,2026-01-01
15029,752,9,243,82,2026-01-01
15030,752,10,486,87,2026-01-01
15031,752,11,181,92,2026-01-01
15032,752,12,324,64,2026-01-01
15033,752,13,37,45,2026-01-01
15034,752,14,126,20,2026-01-01
15035,752,15,328,74,2026-01-01
15036,752,16,371,45,2026-01-01
15037,752,17,416,97,2026-01-01
15038,752,18,480,27,2026-01-01
15039,752,19,437,58,2026-01-01
15040,752,20,191,86,2026-01-01
15041,753,1,151,33,2026-01-01
15042,753,2,89,69,2026-01-01
15043,753,3,260,63,2026-01-01
15044,753,4,388,55,2026-01-01
15045,753,5,254,42,2026-01-01
15046,753,6,3,43,2026-01-01
15047,753,7,347,70,2026-01-01
15048,753,8,57,76,2026-01-01
15049,753,9,169,98,2026-01-01
15050,753,10,135,45,2026-01-01
15051,753,11,22,80,2026-01-01
15052,753,12,71,91,2026-01-01
15053,753,13,370,89,2026-01-01
15054,753,14,263,47,2026-01-01
15055,753,15,180,32,2026-01-01
15056,753,16,343,54,2026-01-01
15057,753,17,128,97,2026-01-01
15058,753,18,128,49,2026-01-01
15059,753,19,455,25,2026-01-01
15060,753,20,109,30,2026-01-01
15061,754,1,137,60,2026-01-01
15062,754,2,69,39,2026-01-01
15063,754,3,95,93,2026-01-01
15064,754,4,423,85,2026-01-01
15065,754,5,363,38,2026-01-01
15066,754,6,18,85,2026-01-01
15067,754,7,36,74,2026-01-01
15068,754,8,378,56,2026-01-01
15069,754,9,238,84,2026-01-01
15070,754,10,39,52,2026-01-01
15071,754,11,438,50,2026-01-01
15072,754,12,115,34,2026-01-01
15073,754,13,391,48,2026-01-01
15074,754,14,315,56,2026-01-01
15075,754,15,324,68,2026-01-01
15076,754,16,331,58,2026-01-01
15077,754,17,51,88,2026-01-01
15078,754,18,2,34,2026-01-01
15079,754,19,241,23,2026-01-01
15080,754,20,349,36,2026-01-01
15081,755,1,150,60,2026-01-01
15082,755,2,447,53,2026-01-01
15083,755,3,93,85,2026-01-01
15084,755,4,64,63,2026-01-01
15085,755,5,273,84,2026-01-01
15086,755,6,181,49,2026-01-01
15087,755,7,479,74,2026-01-01
15088,755,8,32,86,2026-01-01
15089,755,9,64,20,2026-01-01
15090,755,10,136,24,2026-01-01
15091,755,11,451,20,2026-01-01
15092,755,12,135,97,2026-01-01
15093,755,13,155,58,2026-01-01
15094,755,14,111,80,2026-01-01
15095,755,15,370,85,2026-01-01
15096,755,16,159,39,2026-01-01
15097,755,17,76,26,2026-01-01
15098,755,18,284,47,2026-01-01
15099,755,19,73,64,2026-01-01
15100,755,20,206,46,2026-01-01
15101,756,1,349,26,2026-01-01
15102,756,2,108,43,2026-01-01
15103,756,3,43,69,2026-01-01
15104,756,4,377,100,2026-01-01
15105,756,5,466,65,2026-01-01
15106,756,6,339,68,2026-01-01
15107,756,7,24,23,2026-01-01
15108,756,8,312,92,2026-01-01
15109,756,9,433,29,2026-01-01
15110,756,10,478,46,2026-01-01
15111,756,11,17,25,2026-01-01
15112,756,12,39,53,2026-01-01
15113,756,13,438,62,2026-01-01
15114,756,14,259,68,2026-01-01
15115,756,15,81,41,2026-01-01
15116,756,16,398,85,2026-01-01
15117,756,17,203,66,2026-01-01
15118,756,18,465,74,2026-01-01
15119,756,19,454,90,2026-01-01
15120,756,20,162,74,2026-01-01
15121,757,1,177,23,2026-01-01
15122,757,2,376,75,2026-01-01
15123,757,3,340,99,2026-01-01
15124,757,4,456,93,2026-01-01
15125,757,5,127,59,2026-01-01
15126,757,6,170,44,2026-01-01
15127,757,7,255,75,2026-01-01
15128,757,8,124,33,2026-01-01
15129,757,9,292,28,2026-01-01
15130,757,10,474,58,2026-01-01
15131,757,11,352,25,2026-01-01
15132,757,12,118,76,2026-01-01
15133,757,13,456,77,2026-01-01
15134,757,14,170,52,2026-01-01
15135,757,15,40,78,2026-01-01
15136,757,16,305,24,2026-01-01
15137,757,17,341,92,2026-01-01
15138,757,18,195,27,2026-01-01
15139,757,19,229,97,2026-01-01
15140,757,20,387,45,2026-01-01
15141,758,1,454,85,2026-01-01
15142,758,2,138,31,2026-01-01
15143,758,3,449,43,2026-01-01
15144,758,4,104,30,2026-01-01
15145,758,5,63,89,2026-01-01
15146,758,6,296,48,2026-01-01
15147,758,7,58,59,2026-01-01
15148,758,8,130,75,2026-01-01
15149,758,9,438,33,2026-01-01
15150,758,10,86,32,2026-01-01
15151,758,11,265,98,2026-01-01
15152,758,12,66,43,2026-01-01
15153,758,13,18,75,2026-01-01
15154,758,14,121,27,2026-01-01
15155,758,15,244,89,2026-01-01
15156,758,16,284,45,2026-01-01
15157,758,17,255,52,2026-01-01
15158,758,18,9,30,2026-01-01
15159,758,19,423,67,2026-01-01
15160,758,20,460,91,2026-01-01
15161,759,1,22,36,2026-01-01
15162,759,2,336,58,2026-01-01
15163,759,3,153,83,2026-01-01
15164,759,4,250,56,2026-01-01
15165,759,5,27,80,2026-01-01
15166,759,6,6,70,2026-01-01
15167,759,7,134,32,2026-01-01
15168,759,8,56,56,2026-01-01
15169,759,9,423,62,2026-01-01
15170,759,10,17,87,2026-01-01
15171,759,11,389,49,2026-01-01
15172,759,12,355,58,2026-01-01
15173,759,13,83,40,2026-01-01
15174,759,14,377,99,2026-01-01
15175,759,15,466,58,2026-01-01
15176,759,16,311,97,2026-01-01
15177,759,17,297,62,2026-01-01
15178,759,18,242,20,2026-01-01
15179,759,19,427,58,2026-01-01
15180,759,20,491,88,2026-01-01
15181,760,1,447,50,2026-01-01
15182,760,2,348,49,2026-01-01
15183,760,3,59,91,2026-01-01
15184,760,4,419,82,2026-01-01
15185,760,5,202,84,2026-01-01
15186,760,6,351,32,2026-01-01
15187,760,7,346,28,2026-01-01
15188,760,8,453,87,2026-01-01
15189,760,9,347,66,2026-01-01
15190,760,10,496,42,2026-01-01
15191,760,11,276,20,2026-01-01
15192,760,12,350,88,2026-01-01
15193,760,13,249,76,2026-01-01
15194,760,14,353,81,2026-01-01
15195,760,15,312,80,2026-01-01
15196,760,16,439,46,2026-01-01
15197,760,17,382,39,2026-01-01
15198,760,18,187,30,2026-01-01
15199,760,19,487,55,2026-01-01
15200,760,20,169,27,2026-01-01
15201,761,1,92,76,2026-01-01
15202,761,2,212,86,2026-01-01
15203,761,3,374,66,2026-01-01
15204,761,4,106,65,2026-01-01
15205,761,5,369,65,2026-01-01
15206,761,6,43,62,2026-01-01
15207,761,7,153,100,2026-01-01
15208,761,8,100,38,2026-01-01
15209,761,9,290,72,2026-01-01
15210,761,10,374,65,2026-01-01
15211,761,11,177,53,2026-01-01
15212,761,12,499,68,2026-01-01
15213,761,13,21,99,2026-01-01
15214,761,14,87,59,2026-01-01
15215,761,15,110,40,2026-01-01
15216,761,16,482,71,2026-01-01
15217,761,17,84,79,2026-01-01
15218,761,18,457,22,2026-01-01
15219,761,19,124,66,2026-01-01
15220,761,20,380,98,2026-01-01
15221,762,1,71,48,2026-01-01
15222,762,2,248,85,2026-01-01
15223,762,3,447,100,2026-01-01
15224,762,4,62,52,2026-01-01
15225,762,5,65,28,2026-01-01
15226,762,6,331,68,2026-01-01
15227,762,7,375,70,2026-01-01
15228,762,8,263,28,2026-01-01
15229,762,9,464,76,2026-01-01
15230,762,10,174,81,2026-01-01
15231,762,11,430,65,2026-01-01
15232,762,12,277,20,2026-01-01
15233,762,13,261,82,2026-01-01
15234,762,14,127,37,2026-01-01
15235,762,15,371,86,2026-01-01
15236,762,16,493,52,2026-01-01
15237,762,17,60,63,2026-01-01
15238,762,18,277,85,2026-01-01
15239,762,19,132,50,2026-01-01
15240,762,20,37,73,2026-01-01
15241,763,1,419,64,2026-01-01
15242,763,2,250,24,2026-01-01
15243,763,3,99,30,2026-01-01
15244,763,4,383,87,2026-01-01
15245,763,5,4,26,2026-01-01
15246,763,6,379,62,2026-01-01
15247,763,7,348,36,2026-01-01
15248,763,8,267,44,2026-01-01
15249,763,9,111,83,2026-01-01
15250,763,10,98,63,2026-01-01
15251,763,11,295,76,2026-01-01
15252,763,12,194,63,2026-01-01
15253,763,13,267,31,2026-01-01
15254,763,14,486,56,2026-01-01
15255,763,15,284,88,2026-01-01
15256,763,16,129,27,2026-01-01
15257,763,17,349,81,2026-01-01
15258,763,18,87,39,2026-01-01
15259,763,19,205,32,2026-01-01
15260,763,20,427,34,2026-01-01
15261,764,1,329,73,2026-01-01
15262,764,2,70,27,2026-01-01
15263,764,3,167,82,2026-01-01
15264,764,4,49,90,2026-01-01
15265,764,5,168,46,2026-01-01
15266,764,6,3,37,2026-01-01
15267,764,7,443,37,2026-01-01
15268,764,8,340,48,2026-01-01
15269,764,9,312,31,2026-01-01
15270,764,10,245,41,2026-01-01
15271,764,11,164,65,2026-01-01
15272,764,12,187,50,2026-01-01
15273,764,13,19,24,2026-01-01
15274,764,14,398,28,2026-01-01
15275,764,15,3,37,2026-01-01
15276,764,16,197,26,2026-01-01
15277,764,17,207,28,2026-01-01
15278,764,18,452,79,2026-01-01
15279,764,19,55,84,2026-01-01
15280,764,20,104,85,2026-01-01
15281,765,1,384,87,2026-01-01
15282,765,2,496,87,2026-01-01
15283,765,3,427,35,2026-01-01
15284,765,4,406,49,2026-01-01
15285,765,5,486,22,2026-01-01
15286,765,6,287,51,2026-01-01
15287,765,7,433,83,2026-01-01
15288,765,8,205,47,2026-01-01
15289,765,9,42,79,2026-01-01
15290,765,10,199,95,2026-01-01
15291,765,11,474,21,2026-01-01
15292,765,12,325,76,2026-01-01
15293,765,13,309,60,2026-01-01
15294,765,14,228,75,2026-01-01
15295,765,15,130,94,2026-01-01
15296,765,16,15,57,2026-01-01
15297,765,17,26,51,2026-01-01
15298,765,18,348,94,2026-01-01
15299,765,19,132,40,2026-01-01
15300,765,20,182,55,2026-01-01
15301,766,1,383,74,2026-01-01
15302,766,2,344,87,2026-01-01
15303,766,3,421,60,2026-01-01
15304,766,4,476,43,2026-01-01
15305,766,5,76,62,2026-01-01
15306,766,6,78,57,2026-01-01
15307,766,7,476,50,2026-01-01
15308,766,8,218,50,2026-01-01
15309,766,9,115,39,2026-01-01
15310,766,10,326,41,2026-01-01
15311,766,11,269,74,2026-01-01
15312,766,12,348,42,2026-01-01
15313,766,13,493,68,2026-01-01
15314,766,14,57,60,2026-01-01
15315,766,15,483,44,2026-01-01
15316,766,16,152,61,2026-01-01
15317,766,17,234,30,2026-01-01
15318,766,18,480,65,2026-01-01
15319,766,19,261,52,2026-01-01
15320,766,20,469,86,2026-01-01
15321,767,1,189,96,2026-01-01
15322,767,2,65,45,2026-01-01
15323,767,3,497,77,2026-01-01
15324,767,4,364,74,2026-01-01
15325,767,5,325,84,2026-01-01
15326,767,6,142,48,2026-01-01
15327,767,7,341,33,2026-01-01
15328,767,8,102,48,2026-01-01
15329,767,9,379,42,2026-01-01
15330,767,10,9,48,2026-01-01
15331,767,11,147,88,2026-01-01
15332,767,12,366,33,2026-01-01
15333,767,13,498,33,2026-01-01
15334,767,14,168,62,2026-01-01
15335,767,15,473,30,2026-01-01
15336,767,16,400,87,2026-01-01
15337,767,17,97,26,2026-01-01
15338,767,18,133,47,2026-01-01
15339,767,19,39,47,2026-01-01
15340,767,20,483,85,2026-01-01
15341,768,1,196,68,2026-01-01
15342,768,2,345,78,2026-01-01
15343,768,3,254,43,2026-01-01
15344,768,4,239,41,2026-01-01
15345,768,5,308,32,2026-01-01
15346,768,6,181,95,2026-01-01
15347,768,7,190,21,2026-01-01
15348,768,8,74,25,2026-01-01
15349,768,9,130,62,2026-01-01
15350,768,10,119,59,2026-01-01
15351,768,11,178,86,2026-01-01
15352,768,12,466,88,2026-01-01
15353,768,13,264,79,2026-01-01
15354,768,14,442,26,2026-01-01
15355,768,15,352,41,2026-01-01
15356,768,16,455,45,2026-01-01
15357,768,17,175,97,2026-01-01
15358,768,18,257,53,2026-01-01
15359,768,19,70,51,2026-01-01
15360,768,20,343,54,2026-01-01
15361,769,1,195,45,2026-01-01
15362,769,2,343,89,2026-01-01
15363,769,3,336,54,2026-01-01
15364,769,4,363,88,2026-01-01
15365,769,5,11,79,2026-01-01
15366,769,6,499,81,2026-01-01
15367,769,7,213,24,2026-01-01
15368,769,8,312,88,2026-01-01
15369,769,9,286,39,2026-01-01
15370,769,10,117,44,2026-01-01
15371,769,11,219,82,2026-01-01
15372,769,12,324,59,2026-01-01
15373,769,13,439,66,2026-01-01
15374,769,14,114,25,2026-01-01
15375,769,15,440,95,2026-01-01
15376,769,16,286,94,2026-01-01
15377,769,17,423,90,2026-01-01
15378,769,18,317,31,2026-01-01
15379,769,19,209,72,2026-01-01
15380,769,20,165,22,2026-01-01
15381,770,1,457,75,2026-01-01
15382,770,2,268,84,2026-01-01
15383,770,3,118,98,2026-01-01
15384,770,4,286,43,2026-01-01
15385,770,5,390,23,2026-01-01
15386,770,6,139,93,2026-01-01
15387,770,7,153,97,2026-01-01
15388,770,8,426,55,2026-01-01
15389,770,9,39,97,2026-01-01
15390,770,10,179,96,2026-01-01
15391,770,11,476,61,2026-01-01
15392,770,12,168,57,2026-01-01
15393,770,13,376,62,2026-01-01
15394,770,14,38,64,2026-01-01
15395,770,15,114,55,2026-01-01
15396,770,16,115,95,2026-01-01
15397,770,17,346,95,2026-01-01
15398,770,18,40,98,2026-01-01
15399,770,19,109,56,2026-01-01
15400,770,20,60,33,2026-01-01
15401,771,1,334,45,2026-01-01
15402,771,2,164,34,2026-01-01
15403,771,3,375,26,2026-01-01
15404,771,4,55,91,2026-01-01
15405,771,5,382,60,2026-01-01
15406,771,6,333,43,2026-01-01
15407,771,7,316,20,2026-01-01
15408,771,8,486,31,2026-01-01
15409,771,9,44,24,2026-01-01
15410,771,10,71,95,2026-01-01
15411,771,11,161,71,2026-01-01
15412,771,12,183,77,2026-01-01
15413,771,13,88,91,2026-01-01
15414,771,14,236,23,2026-01-01
15415,771,15,404,91,2026-01-01
15416,771,16,412,94,2026-01-01
15417,771,17,232,41,2026-01-01
15418,771,18,53,43,2026-01-01
15419,771,19,147,64,2026-01-01
15420,771,20,174,80,2026-01-01
15421,772,1,163,36,2026-01-01
15422,772,2,427,71,2026-01-01
15423,772,3,495,99,2026-01-01
15424,772,4,180,63,2026-01-01
15425,772,5,235,61,2026-01-01
15426,772,6,480,40,2026-01-01
15427,772,7,49,47,2026-01-01
15428,772,8,96,69,2026-01-01
15429,772,9,356,82,2026-01-01
15430,772,10,418,66,2026-01-01
15431,772,11,70,27,2026-01-01
15432,772,12,500,41,2026-01-01
15433,772,13,274,25,2026-01-01
15434,772,14,228,67,2026-01-01
15435,772,15,415,49,2026-01-01
15436,772,16,175,58,2026-01-01
15437,772,17,284,37,2026-01-01
15438,772,18,59,29,2026-01-01
15439,772,19,258,68,2026-01-01
15440,772,20,52,91,2026-01-01
15441,773,1,2,65,2026-01-01
15442,773,2,32,57,2026-01-01
15443,773,3,42,37,2026-01-01
15444,773,4,149,60,2026-01-01
15445,773,5,37,68,2026-01-01
15446,773,6,487,69,2026-01-01
15447,773,7,277,54,2026-01-01
15448,773,8,299,84,2026-01-01
15449,773,9,363,48,2026-01-01
15450,773,10,155,85,2026-01-01
15451,773,11,312,39,2026-01-01
15452,773,12,141,87,2026-01-01
15453,773,13,145,32,2026-01-01
15454,773,14,319,85,2026-01-01
15455,773,15,182,38,2026-01-01
15456,773,16,249,56,2026-01-01
15457,773,17,397,47,2026-01-01
15458,773,18,278,60,2026-01-01
15459,773,19,459,57,2026-01-01
15460,773,20,102,50,2026-01-01
15461,774,1,216,84,2026-01-01
15462,774,2,202,47,2026-01-01
15463,774,3,119,61,2026-01-01
15464,774,4,371,69,2026-01-01
15465,774,5,177,45,2026-01-01
15466,774,6,194,41,2026-01-01
15467,774,7,20,44,2026-01-01
15468,774,8,263,62,2026-01-01
15469,774,9,451,41,2026-01-01
15470,774,10,271,76,2026-01-01
15471,774,11,50,97,2026-01-01
15472,774,12,141,84,2026-01-01
15473,774,13,58,28,2026-01-01
15474,774,14,225,63,2026-01-01
15475,774,15,95,48,2026-01-01
15476,774,16,177,37,2026-01-01
15477,774,17,473,44,2026-01-01
15478,774,18,41,77,2026-01-01
15479,774,19,116,53,2026-01-01
15480,774,20,250,46,2026-01-01
15481,775,1,360,58,2026-01-01
15482,775,2,305,98,2026-01-01
15483,775,3,311,73,2026-01-01
15484,775,4,251,44,2026-01-01
15485,775,5,337,55,2026-01-01
15486,775,6,460,31,2026-01-01
15487,775,7,481,65,2026-01-01
15488,775,8,361,71,2026-01-01
15489,775,9,467,51,2026-01-01
15490,775,10,383,79,2026-01-01
15491,775,11,400,55,2026-01-01
15492,775,12,148,24,2026-01-01
15493,775,13,175,95,2026-01-01
15494,775,14,261,57,2026-01-01
15495,775,15,173,61,2026-01-01
15496,775,16,220,22,2026-01-01
15497,775,17,153,45,2026-01-01
15498,775,18,232,36,2026-01-01
15499,775,19,214,36,2026-01-01
15500,775,20,2,40,2026-01-01
15501,776,1,480,43,2026-01-01
15502,776,2,472,82,2026-01-01
15503,776,3,207,63,2026-01-01
15504,776,4,468,87,2026-01-01
15505,776,5,374,38,2026-01-01
15506,776,6,222,41,2026-01-01
15507,776,7,62,100,2026-01-01
15508,776,8,116,30,2026-01-01
15509,776,9,447,35,2026-01-01
15510,776,10,324,55,2026-01-01
15511,776,11,119,51,2026-01-01
15512,776,12,280,35,2026-01-01
15513,776,13,391,79,2026-01-01
15514,776,14,456,65,2026-01-01
15515,776,15,139,26,2026-01-01
15516,776,16,418,39,2026-01-01
15517,776,17,358,31,2026-01-01
15518,776,18,188,43,2026-01-01
15519,776,19,271,94,2026-01-01
15520,776,20,348,89,2026-01-01
15521,777,1,87,60,2026-01-01
15522,777,2,101,98,2026-01-01
15523,777,3,170,59,2026-01-01
15524,777,4,353,89,2026-01-01
15525,777,5,193,64,2026-01-01
15526,777,6,304,55,2026-01-01
15527,777,7,330,25,2026-01-01
15528,777,8,429,86,2026-01-01
15529,777,9,289,55,2026-01-01
15530,777,10,157,65,2026-01-01
15531,777,11,296,48,2026-01-01
15532,777,12,130,78,2026-01-01
15533,777,13,61,53,2026-01-01
15534,777,14,463,24,2026-01-01
15535,777,15,259,100,2026-01-01
15536,777,16,188,61,2026-01-01
15537,777,17,209,88,2026-01-01
15538,777,18,402,64,2026-01-01
15539,777,19,7,58,2026-01-01
15540,777,20,137,62,2026-01-01
15541,778,1,190,74,2026-01-01
15542,778,2,84,99,2026-01-01
15543,778,3,152,93,2026-01-01
15544,778,4,184,73,2026-01-01
15545,778,5,328,96,2026-01-01
15546,778,6,333,38,2026-01-01
15547,778,7,244,57,2026-01-01
15548,778,8,299,41,2026-01-01
15549,778,9,492,44,2026-01-01
15550,778,10,473,70,2026-01-01
15551,778,11,299,77,2026-01-01
15552,778,12,335,52,2026-01-01
15553,778,13,91,35,2026-01-01
15554,778,14,243,82,2026-01-01
15555,778,15,159,99,2026-01-01
15556,778,16,242,56,2026-01-01
15557,778,17,362,99,2026-01-01
15558,778,18,288,48,2026-01-01
15559,778,19,174,72,2026-01-01
15560,778,20,308,33,2026-01-01
15561,779,1,425,88,2026-01-01
15562,779,2,191,31,2026-01-01
15563,779,3,237,38,2026-01-01
15564,779,4,45,21,2026-01-01
15565,779,5,1,68,2026-01-01
15566,779,6,242,54,2026-01-01
15567,779,7,338,29,2026-01-01
15568,779,8,495,89,2026-01-01
15569,779,9,28,34,2026-01-01
15570,779,10,433,80,2026-01-01
15571,779,11,26,82,2026-01-01
15572,779,12,273,85,2026-01-01
15573,779,13,96,100,2026-01-01
15574,779,14,288,57,2026-01-01
15575,779,15,405,65,2026-01-01
15576,779,16,62,88,2026-01-01
15577,779,17,19,87,2026-01-01
15578,779,18,95,57,2026-01-01
15579,779,19,218,76,2026-01-01
15580,779,20,278,87,2026-01-01
15581,780,1,432,63,2026-01-01
15582,780,2,460,99,2026-01-01
15583,780,3,481,48,2026-01-01
15584,780,4,493,99,2026-01-01
15585,780,5,293,88,2026-01-01
15586,780,6,11,70,2026-01-01
15587,780,7,450,74,2026-01-01
15588,780,8,44,98,2026-01-01
15589,780,9,488,94,2026-01-01
15590,780,10,310,77,2026-01-01
15591,780,11,88,29,2026-01-01
15592,780,12,132,79,2026-01-01
15593,780,13,373,55,2026-01-01
15594,780,14,170,49,2026-01-01
15595,780,15,117,45,2026-01-01
15596,780,16,309,66,2026-01-01
15597,780,17,329,59,2026-01-01
15598,780,18,134,84,2026-01-01
15599,780,19,229,50,2026-01-01
15600,780,20,409,97,2026-01-01
15601,781,1,301,29,2026-01-01
15602,781,2,224,28,2026-01-01
15603,781,3,172,82,2026-01-01
15604,781,4,137,83,2026-01-01
15605,781,5,141,81,2026-01-01
15606,781,6,313,68,2026-01-01
15607,781,7,354,97,2026-01-01
15608,781,8,189,73,2026-01-01
15609,781,9,192,24,2026-01-01
15610,781,10,164,56,2026-01-01
15611,781,11,76,21,2026-01-01
15612,781,12,258,38,2026-01-01
15613,781,13,189,31,2026-01-01
15614,781,14,464,46,2026-01-01
15615,781,15,166,55,2026-01-01
15616,781,16,373,99,2026-01-01
15617,781,17,252,92,2026-01-01
15618,781,18,7,88,2026-01-01
15619,781,19,494,60,2026-01-01
15620,781,20,11,78,2026-01-01
15621,782,1,217,98,2026-01-01
15622,782,2,114,73,2026-01-01
15623,782,3,331,23,2026-01-01
15624,782,4,331,82,2026-01-01
15625,782,5,57,92,2026-01-01
15626,782,6,391,43,2026-01-01
15627,782,7,151,48,2026-01-01
15628,782,8,14,39,2026-01-01
15629,782,9,49,77,2026-01-01
15630,782,10,315,60,2026-01-01
15631,782,11,475,29,2026-01-01
15632,782,12,51,84,2026-01-01
15633,782,13,131,67,2026-01-01
15634,782,14,45,77,2026-01-01
15635,782,15,303,98,2026-01-01
15636,782,16,64,48,2026-01-01
15637,782,17,81,84,2026-01-01
15638,782,18,372,86,2026-01-01
15639,782,19,476,98,2026-01-01
15640,782,20,354,77,2026-01-01
15641,783,1,375,45,2026-01-01
15642,783,2,210,91,2026-01-01
15643,783,3,448,68,2026-01-01
15644,783,4,425,42,2026-01-01
15645,783,5,182,52,2026-01-01
15646,783,6,312,76,2026-01-01
15647,783,7,425,34,2026-01-01
15648,783,8,366,56,2026-01-01
15649,783,9,424,77,2026-01-01
15650,783,10,224,34,2026-01-01
15651,783,11,375,55,2026-01-01
15652,783,12,433,37,2026-01-01
15653,783,13,318,30,2026-01-01
15654,783,14,388,81,2026-01-01
15655,783,15,160,79,2026-01-01
15656,783,16,34,85,2026-01-01
15657,783,17,437,60,2026-01-01
15658,783,18,276,27,2026-01-01
15659,783,19,467,30,2026-01-01
15660,783,20,428,71,2026-01-01
15661,784,1,454,66,2026-01-01
15662,784,2,360,30,2026-01-01
15663,784,3,146,41,2026-01-01
15664,784,4,23,77,2026-01-01
15665,784,5,211,58,2026-01-01
15666,784,6,90,93,2026-01-01
15667,784,7,497,45,2026-01-01
15668,784,8,168,43,2026-01-01
15669,784,9,23,53,2026-01-01
15670,784,10,272,85,2026-01-01
15671,784,11,270,65,2026-01-01
15672,784,12,302,36,2026-01-01
15673,784,13,109,85,2026-01-01
15674,784,14,148,70,2026-01-01
15675,784,15,406,54,2026-01-01
15676,784,16,54,25,2026-01-01
15677,784,17,485,22,2026-01-01
15678,784,18,196,52,2026-01-01
15679,784,19,254,56,2026-01-01
15680,784,20,273,37,2026-01-01
15681,785,1,397,58,2026-01-01
15682,785,2,326,27,2026-01-01
15683,785,3,263,84,2026-01-01
15684,785,4,324,93,2026-01-01
15685,785,5,269,86,2026-01-01
15686,785,6,209,51,2026-01-01
15687,785,7,106,22,2026-01-01
15688,785,8,216,90,2026-01-01
15689,785,9,130,85,2026-01-01
15690,785,10,488,58,2026-01-01
15691,785,11,126,94,2026-01-01
15692,785,12,141,36,2026-01-01
15693,785,13,35,23,2026-01-01
15694,785,14,73,72,2026-01-01
15695,785,15,452,34,2026-01-01
15696,785,16,182,22,2026-01-01
15697,785,17,431,90,2026-01-01
15698,785,18,301,77,2026-01-01
15699,785,19,78,69,2026-01-01
15700,785,20,201,78,2026-01-01
15701,786,1,6,27,2026-01-01
15702,786,2,169,22,2026-01-01
15703,786,3,354,60,2026-01-01
15704,786,4,345,100,2026-01-01
15705,786,5,342,73,2026-01-01
15706,786,6,441,95,2026-01-01
15707,786,7,385,25,2026-01-01
15708,786,8,447,42,2026-01-01
15709,786,9,18,52,2026-01-01
15710,786,10,199,77,2026-01-01
15711,786,11,54,48,2026-01-01
15712,786,12,110,56,2026-01-01
15713,786,13,289,67,2026-01-01
15714,786,14,364,87,2026-01-01
15715,786,15,35,68,2026-01-01
15716,786,16,465,81,2026-01-01
15717,786,17,105,93,2026-01-01
15718,786,18,56,56,2026-01-01
15719,786,19,192,62,2026-01-01
15720,786,20,442,75,2026-01-01
15721,787,1,19,66,2026-01-01
15722,787,2,488,45,2026-01-01
15723,787,3,93,53,2026-01-01
15724,787,4,178,35,2026-01-01
15725,787,5,369,84,2026-01-01
15726,787,6,445,94,2026-01-01
15727,787,7,158,22,2026-01-01
15728,787,8,300,25,2026-01-01
15729,787,9,9,57,2026-01-01
15730,787,10,57,61,2026-01-01
15731,787,11,351,20,2026-01-01
15732,787,12,13,59,2026-01-01
15733,787,13,320,82,2026-01-01
15734,787,14,496,60,2026-01-01
15735,787,15,164,29,2026-01-01
15736,787,16,289,48,2026-01-01
15737,787,17,42,92,2026-01-01
15738,787,18,446,50,2026-01-01
15739,787,19,239,47,2026-01-01
15740,787,20,461,78,2026-01-01
15741,788,1,175,21,2026-01-01
15742,788,2,362,58,2026-01-01
15743,788,3,55,67,2026-01-01
15744,788,4,324,64,2026-01-01
15745,788,5,50,77,2026-01-01
15746,788,6,119,81,2026-01-01
15747,788,7,399,75,2026-01-01
15748,788,8,230,75,2026-01-01
15749,788,9,435,95,2026-01-01
15750,788,10,274,57,2026-01-01
15751,788,11,55,86,2026-01-01
15752,788,12,315,73,2026-01-01
15753,788,13,419,93,2026-01-01
15754,788,14,353,55,2026-01-01
15755,788,15,21,36,2026-01-01
15756,788,16,417,91,2026-01-01
15757,788,17,258,29,2026-01-01
15758,788,18,451,26,2026-01-01
15759,788,19,104,41,2026-01-01
15760,788,20,397,63,2026-01-01
15761,789,1,81,43,2026-01-01
15762,789,2,360,29,2026-01-01
15763,789,3,244,69,2026-01-01
15764,789,4,114,94,2026-01-01
15765,789,5,118,38,2026-01-01
15766,789,6,471,57,2026-01-01
15767,789,7,451,32,2026-01-01
15768,789,8,165,49,2026-01-01
15769,789,9,160,50,2026-01-01
15770,789,10,400,77,2026-01-01
15771,789,11,303,78,2026-01-01
15772,789,12,477,81,2026-01-01
15773,789,13,302,22,2026-01-01
15774,789,14,458,44,2026-01-01
15775,789,15,71,20,2026-01-01
15776,789,16,497,47,2026-01-01
15777,789,17,355,31,2026-01-01
15778,789,18,96,34,2026-01-01
15779,789,19,8,94,2026-01-01
15780,789,20,440,34,2026-01-01
15781,790,1,258,70,2026-01-01
15782,790,2,77,81,2026-01-01
15783,790,3,136,60,2026-01-01
15784,790,4,143,62,2026-01-01
15785,790,5,287,85,2026-01-01
15786,790,6,321,45,2026-01-01
15787,790,7,204,26,2026-01-01
15788,790,8,176,44,2026-01-01
15789,790,9,478,72,2026-01-01
15790,790,10,450,58,2026-01-01
15791,790,11,430,79,2026-01-01
15792,790,12,95,58,2026-01-01
15793,790,13,222,93,2026-01-01
15794,790,14,170,33,2026-01-01
15795,790,15,381,51,2026-01-01
15796,790,16,250,31,2026-01-01
15797,790,17,149,60,2026-01-01
15798,790,18,320,84,2026-01-01
15799,790,19,118,24,2026-01-01
15800,790,20,117,26,2026-01-01
15801,791,1,77,54,2026-01-01
15802,791,2,335,36,2026-01-01
15803,791,3,427,41,2026-01-01
15804,791,4,74,73,2026-01-01
15805,791,5,368,60,2026-01-01
15806,791,6,65,83,2026-01-01
15807,791,7,491,53,2026-01-01
15808,791,8,293,91,2026-01-01
15809,791,9,262,62,2026-01-01
15810,791,10,425,64,2026-01-01
15811,791,11,255,58,2026-01-01
15812,791,12,315,31,2026-01-01
15813,791,13,87,46,2026-01-01
15814,791,14,211,100,2026-01-01
15815,791,15,257,93,2026-01-01
15816,791,16,382,83,2026-01-01
15817,791,17,217,44,2026-01-01
15818,791,18,320,79,2026-01-01
15819,791,19,160,69,2026-01-01
15820,791,20,432,75,2026-01-01
15821,792,1,387,34,2026-01-01
15822,792,2,94,89,2026-01-01
15823,792,3,151,100,2026-01-01
15824,792,4,251,51,2026-01-01
15825,792,5,157,66,2026-01-01
15826,792,6,368,55,2026-01-01
15827,792,7,134,65,2026-01-01
15828,792,8,141,84,2026-01-01
15829,792,9,277,92,2026-01-01
15830,792,10,61,85,2026-01-01
15831,792,11,500,65,2026-01-01
15832,792,12,335,40,2026-01-01
15833,792,13,25,64,2026-01-01
15834,792,14,426,72,2026-01-01
15835,792,15,488,37,2026-01-01
15836,792,16,89,65,2026-01-01
15837,792,17,377,79,2026-01-01
15838,792,18,45,24,2026-01-01
15839,792,19,464,60,2026-01-01
15840,792,20,455,51,2026-01-01
15841,793,1,482,38,2026-01-01
15842,793,2,329,67,2026-01-01
15843,793,3,44,83,2026-01-01
15844,793,4,346,27,2026-01-01
15845,793,5,209,91,2026-01-01
15846,793,6,368,20,2026-01-01
15847,793,7,49,70,2026-01-01
15848,793,8,332,76,2026-01-01
15849,793,9,356,24,2026-01-01
15850,793,10,378,68,2026-01-01
15851,793,11,412,21,2026-01-01
15852,793,12,221,70,2026-01-01
15853,793,13,494,59,2026-01-01
15854,793,14,161,71,2026-01-01
15855,793,15,128,51,2026-01-01
15856,793,16,392,71,2026-01-01
15857,793,17,437,49,2026-01-01
15858,793,18,151,27,2026-01-01
15859,793,19,320,95,2026-01-01
15860,793,20,472,80,2026-01-01
15861,794,1,51,82,2026-01-01
15862,794,2,443,56,2026-01-01
15863,794,3,235,91,2026-01-01
15864,794,4,340,62,2026-01-01
15865,794,5,67,33,2026-01-01
15866,794,6,48,42,2026-01-01
15867,794,7,8,59,2026-01-01
15868,794,8,104,35,2026-01-01
15869,794,9,201,100,2026-01-01
15870,794,10,73,38,2026-01-01
15871,794,11,446,85,2026-01-01
15872,794,12,242,47,2026-01-01
15873,794,13,60,71,2026-01-01
15874,794,14,430,81,2026-01-01
15875,794,15,261,61,2026-01-01
15876,794,16,157,83,2026-01-01
15877,794,17,313,95,2026-01-01
15878,794,18,93,98,2026-01-01
15879,794,19,153,51,2026-01-01
15880,794,20,134,35,2026-01-01
15881,795,1,16,49,2026-01-01
15882,795,2,345,62,2026-01-01
15883,795,3,498,41,2026-01-01
15884,795,4,440,70,2026-01-01
15885,795,5,492,36,2026-01-01
15886,795,6,473,86,2026-01-01
15887,795,7,33,44,2026-01-01
15888,795,8,246,36,2026-01-01
15889,795,9,318,25,2026-01-01
15890,795,10,415,91,2026-01-01
15891,795,11,103,21,2026-01-01
15892,795,12,94,46,2026-01-01
15893,795,13,159,82,2026-01-01
15894,795,14,382,50,2026-01-01
15895,795,15,263,21,2026-01-01
15896,795,16,328,75,2026-01-01
15897,795,17,195,23,2026-01-01
15898,795,18,404,60,2026-01-01
15899,795,19,389,73,2026-01-01
15900,795,20,72,58,2026-01-01
15901,796,1,259,44,2026-01-01
15902,796,2,391,40,2026-01-01
15903,796,3,281,98,2026-01-01
15904,796,4,125,91,2026-01-01
15905,796,5,438,96,2026-01-01
15906,796,6,483,26,2026-01-01
15907,796,7,485,62,2026-01-01
15908,796,8,282,82,2026-01-01
15909,796,9,255,25,2026-01-01
15910,796,10,484,80,2026-01-01
15911,796,11,220,76,2026-01-01
15912,796,12,302,23,2026-01-01
15913,796,13,416,79,2026-01-01
15914,796,14,188,21,2026-01-01
15915,796,15,482,54,2026-01-01
15916,796,16,463,84,2026-01-01
15917,796,17,99,89,2026-01-01
15918,796,18,402,89,2026-01-01
15919,796,19,17,71,2026-01-01
15920,796,20,398,98,2026-01-01
15921,797,1,226,67,2026-01-01
15922,797,2,379,95,2026-01-01
15923,797,3,483,61,2026-01-01
15924,797,4,438,62,2026-01-01
15925,797,5,395,20,2026-01-01
15926,797,6,431,43,2026-01-01
15927,797,7,471,100,2026-01-01
15928,797,8,345,95,2026-01-01
15929,797,9,41,39,2026-01-01
15930,797,10,322,61,2026-01-01
15931,797,11,30,93,2026-01-01
15932,797,12,116,64,2026-01-01
15933,797,13,32,48,2026-01-01
15934,797,14,294,45,2026-01-01
15935,797,15,101,89,2026-01-01
15936,797,16,320,73,2026-01-01
15937,797,17,56,59,2026-01-01
15938,797,18,423,88,2026-01-01
15939,797,19,349,43,2026-01-01
15940,797,20,232,99,2026-01-01
15941,798,1,447,25,2026-01-01
15942,798,2,117,38,2026-01-01
15943,798,3,364,88,2026-01-01
15944,798,4,467,39,2026-01-01
15945,798,5,120,53,2026-01-01
15946,798,6,437,42,2026-01-01
15947,798,7,189,94,2026-01-01
15948,798,8,269,91,2026-01-01
15949,798,9,299,44,2026-01-01
15950,798,10,251,34,2026-01-01
15951,798,11,497,47,2026-01-01
15952,798,12,165,30,2026-01-01
15953,798,13,8,25,2026-01-01
15954,798,14,307,57,2026-01-01
15955,798,15,137,44,2026-01-01
15956,798,16,210,60,2026-01-01
15957,798,17,265,45,2026-01-01
15958,798,18,293,83,2026-01-01
15959,798,19,114,84,2026-01-01
15960,798,20,123,100,2026-01-01
15961,799,1,440,47,2026-01-01
15962,799,2,439,26,2026-01-01
15963,799,3,26,27,2026-01-01
15964,799,4,1,27,2026-01-01
15965,799,5,275,31,2026-01-01
15966,799,6,326,69,2026-01-01
15967,799,7,244,49,2026-01-01
15968,799,8,397,81,2026-01-01
15969,799,9,454,97,2026-01-01
15970,799,10,215,81,2026-01-01
15971,799,11,369,99,2026-01-01
15972,799,12,367,33,2026-01-01
15973,799,13,345,73,2026-01-01
15974,799,14,477,43,2026-01-01
15975,799,15,257,53,2026-01-01
15976,799,16,197,42,2026-01-01
15977,799,17,362,96,2026-01-01
15978,799,18,17,38,2026-01-01
15979,799,19,473,31,2026-01-01
15980,799,20,53,57,2026-01-01
15981,800,1,374,40,2026-01-01
15982,800,2,50,85,2026-01-01
15983,800,3,234,23,2026-01-01
15984,800,4,23,39,2026-01-01
15985,800,5,6,76,2026-01-01
15986,800,6,332,73,2026-01-01
15987,800,7,469,64,2026-01-01
15988,800,8,162,70,2026-01-01
15989,800,9,290,61,2026-01-01
15990,800,10,82,27,2026-01-01
15991,800,11,99,93,2026-01-01
15992,800,12,268,69,2026-01-01
15993,800,13,268,90,2026-01-01
15994,800,14,349,26,2026-01-01
15995,800,15,274,69,2026-01-01
15996,800,16,38,95,2026-01-01
15997,800,17,208,37,2026-01-01
15998,800,18,271,59,2026-01-01
15999,800,19,390,31,2026-01-01
16000,800,20,23,73,2026-01-01
16001,801,1,418,74,2026-01-01
16002,801,2,166,85,2026-01-01
16003,801,3,256,20,2026-01-01
16004,801,4,18,40,2026-01-01
16005,801,5,269,65,2026-01-01
16006,801,6,314,57,2026-01-01
16007,801,7,120,78,2026-01-01
16008,801,8,143,91,2026-01-01
16009,801,9,88,65,2026-01-01
16010,801,10,316,73,2026-01-01
16011,801,11,132,69,2026-01-01
16012,801,12,467,43,2026-01-01
16013,801,13,225,88,2026-01-01
16014,801,14,76,68,2026-01-01
16015,801,15,408,47,2026-01-01
16016,801,16,234,84,2026-01-01
16017,801,17,487,76,2026-01-01
16018,801,18,459,34,2026-01-01
16019,801,19,364,48,2026-01-01
16020,801,20,258,75,2026-01-01
16021,802,1,93,27,2026-01-01
16022,802,2,389,68,2026-01-01
16023,802,3,383,28,2026-01-01
16024,802,4,187,84,2026-01-01
16025,802,5,323,50,2026-01-01
16026,802,6,222,67,2026-01-01
16027,802,7,318,49,2026-01-01
16028,802,8,286,100,2026-01-01
16029,802,9,296,37,2026-01-01
16030,802,10,79,69,2026-01-01
16031,802,11,41,21,2026-01-01
16032,802,12,388,50,2026-01-01
16033,802,13,259,21,2026-01-01
16034,802,14,187,27,2026-01-01
16035,802,15,314,72,2026-01-01
16036,802,16,132,72,2026-01-01
16037,802,17,194,30,2026-01-01
16038,802,18,285,87,2026-01-01
16039,802,19,182,71,2026-01-01
16040,802,20,84,48,2026-01-01
16041,803,1,12,93,2026-01-01
16042,803,2,487,51,2026-01-01
16043,803,3,243,93,2026-01-01
16044,803,4,321,69,2026-01-01
16045,803,5,257,94,2026-01-01
16046,803,6,345,61,2026-01-01
16047,803,7,157,51,2026-01-01
16048,803,8,476,86,2026-01-01
16049,803,9,227,83,2026-01-01
16050,803,10,20,35,2026-01-01
16051,803,11,20,72,2026-01-01
16052,803,12,165,87,2026-01-01
16053,803,13,303,20,2026-01-01
16054,803,14,303,64,2026-01-01
16055,803,15,62,98,2026-01-01
16056,803,16,140,43,2026-01-01
16057,803,17,262,56,2026-01-01
16058,803,18,61,81,2026-01-01
16059,803,19,355,96,2026-01-01
16060,803,20,42,82,2026-01-01
16061,804,1,135,61,2026-01-01
16062,804,2,236,72,2026-01-01
16063,804,3,459,23,2026-01-01
16064,804,4,446,35,2026-01-01
16065,804,5,257,50,2026-01-01
16066,804,6,419,63,2026-01-01
16067,804,7,247,96,2026-01-01
16068,804,8,327,96,2026-01-01
16069,804,9,283,77,2026-01-01
16070,804,10,385,93,2026-01-01
16071,804,11,406,63,2026-01-01
16072,804,12,311,40,2026-01-01
16073,804,13,214,37,2026-01-01
16074,804,14,235,84,2026-01-01
16075,804,15,205,34,2026-01-01
16076,804,16,28,94,2026-01-01
16077,804,17,170,97,2026-01-01
16078,804,18,488,58,2026-01-01
16079,804,19,434,97,2026-01-01
16080,804,20,9,55,2026-01-01
16081,805,1,351,29,2026-01-01
16082,805,2,300,36,2026-01-01
16083,805,3,305,27,2026-01-01
16084,805,4,500,22,2026-01-01
16085,805,5,215,96,2026-01-01
16086,805,6,289,43,2026-01-01
16087,805,7,330,94,2026-01-01
16088,805,8,409,30,2026-01-01
16089,805,9,88,68,2026-01-01
16090,805,10,285,49,2026-01-01
16091,805,11,102,27,2026-01-01
16092,805,12,326,85,2026-01-01
16093,805,13,393,79,2026-01-01
16094,805,14,494,37,2026-01-01
16095,805,15,444,83,2026-01-01
16096,805,16,279,27,2026-01-01
16097,805,17,474,52,2026-01-01
16098,805,18,295,87,2026-01-01
16099,805,19,219,87,2026-01-01
16100,805,20,255,76,2026-01-01
16101,806,1,464,85,2026-01-01
16102,806,2,368,85,2026-01-01
16103,806,3,235,82,2026-01-01
16104,806,4,173,57,2026-01-01
16105,806,5,254,96,2026-01-01
16106,806,6,178,73,2026-01-01
16107,806,7,160,59,2026-01-01
16108,806,8,112,26,2026-01-01
16109,806,9,248,61,2026-01-01
16110,806,10,10,100,2026-01-01
16111,806,11,200,32,2026-01-01
16112,806,12,51,67,2026-01-01
16113,806,13,403,39,2026-01-01
16114,806,14,127,62,2026-01-01
16115,806,15,28,80,2026-01-01
16116,806,16,334,96,2026-01-01
16117,806,17,227,29,2026-01-01
16118,806,18,337,33,2026-01-01
16119,806,19,219,73,2026-01-01
16120,806,20,405,33,2026-01-01
16121,807,1,2,66,2026-01-01
16122,807,2,178,96,2026-01-01
16123,807,3,246,93,2026-01-01
16124,807,4,351,80,2026-01-01
16125,807,5,468,58,2026-01-01
16126,807,6,312,47,2026-01-01
16127,807,7,388,87,2026-01-01
16128,807,8,483,78,2026-01-01
16129,807,9,316,25,2026-01-01
16130,807,10,80,88,2026-01-01
16131,807,11,322,79,2026-01-01
16132,807,12,487,53,2026-01-01
16133,807,13,234,38,2026-01-01
16134,807,14,21,67,2026-01-01
16135,807,15,399,93,2026-01-01
16136,807,16,26,92,2026-01-01
16137,807,17,4,98,2026-01-01
16138,807,18,223,49,2026-01-01
16139,807,19,170,91,2026-01-01
16140,807,20,50,32,2026-01-01
16141,808,1,417,80,2026-01-01
16142,808,2,268,47,2026-01-01
16143,808,3,459,53,2026-01-01
16144,808,4,262,24,2026-01-01
16145,808,5,184,65,2026-01-01
16146,808,6,55,98,2026-01-01
16147,808,7,25,36,2026-01-01
16148,808,8,330,64,2026-01-01
16149,808,9,127,28,2026-01-01
16150,808,10,79,94,2026-01-01
16151,808,11,147,67,2026-01-01
16152,808,12,275,31,2026-01-01
16153,808,13,99,97,2026-01-01
16154,808,14,290,52,2026-01-01
16155,808,15,93,22,2026-01-01
16156,808,16,110,32,2026-01-01
16157,808,17,471,57,2026-01-01
16158,808,18,45,59,2026-01-01
16159,808,19,425,86,2026-01-01
16160,808,20,349,34,2026-01-01
16161,809,1,2,80,2026-01-01
16162,809,2,380,84,2026-01-01
16163,809,3,160,90,2026-01-01
16164,809,4,140,42,2026-01-01
16165,809,5,82,98,2026-01-01
16166,809,6,225,27,2026-01-01
16167,809,7,336,20,2026-01-01
16168,809,8,385,60,2026-01-01
16169,809,9,252,66,2026-01-01
16170,809,10,53,85,2026-01-01
16171,809,11,91,66,2026-01-01
16172,809,12,361,62,2026-01-01
16173,809,13,108,36,2026-01-01
16174,809,14,266,88,2026-01-01
16175,809,15,164,72,2026-01-01
16176,809,16,327,34,2026-01-01
16177,809,17,464,30,2026-01-01
16178,809,18,321,24,2026-01-01
16179,809,19,360,71,2026-01-01
16180,809,20,427,44,2026-01-01
16181,810,1,86,50,2026-01-01
16182,810,2,394,80,2026-01-01
16183,810,3,223,42,2026-01-01
16184,810,4,40,93,2026-01-01
16185,810,5,22,89,2026-01-01
16186,810,6,216,98,2026-01-01
16187,810,7,167,25,2026-01-01
16188,810,8,114,92,2026-01-01
16189,810,9,440,51,2026-01-01
16190,810,10,447,35,2026-01-01
16191,810,11,256,26,2026-01-01
16192,810,12,475,57,2026-01-01
16193,810,13,103,87,2026-01-01
16194,810,14,439,58,2026-01-01
16195,810,15,425,47,2026-01-01
16196,810,16,391,45,2026-01-01
16197,810,17,209,85,2026-01-01
16198,810,18,406,70,2026-01-01
16199,810,19,100,53,2026-01-01
16200,810,20,8,47,2026-01-01
16201,811,1,24,65,2026-01-01
16202,811,2,34,40,2026-01-01
16203,811,3,69,100,2026-01-01
16204,811,4,490,86,2026-01-01
16205,811,5,5,96,2026-01-01
16206,811,6,354,82,2026-01-01
16207,811,7,177,40,2026-01-01
16208,811,8,439,65,2026-01-01
16209,811,9,144,33,2026-01-01
16210,811,10,359,70,2026-01-01
16211,811,11,240,52,2026-01-01
16212,811,12,0,40,2026-01-01
16213,811,13,282,94,2026-01-01
16214,811,14,463,49,2026-01-01
16215,811,15,124,57,2026-01-01
16216,811,16,0,82,2026-01-01
16217,811,17,453,29,2026-01-01
16218,811,18,12,84,2026-01-01
16219,811,19,163,98,2026-01-01
16220,811,20,109,39,2026-01-01
16221,812,1,155,67,2026-01-01
16222,812,2,474,74,2026-01-01
16223,812,3,164,84,2026-01-01
16224,812,4,93,58,2026-01-01
16225,812,5,154,68,2026-01-01
16226,812,6,191,47,2026-01-01
16227,812,7,160,20,2026-01-01
16228,812,8,153,95,2026-01-01
16229,812,9,126,76,2026-01-01
16230,812,10,424,82,2026-01-01
16231,812,11,343,72,2026-01-01
16232,812,12,108,67,2026-01-01
16233,812,13,255,88,2026-01-01
16234,812,14,265,30,2026-01-01
16235,812,15,208,53,2026-01-01
16236,812,16,341,37,2026-01-01
16237,812,17,182,20,2026-01-01
16238,812,18,172,57,2026-01-01
16239,812,19,290,98,2026-01-01
16240,812,20,287,23,2026-01-01
16241,813,1,323,62,2026-01-01
16242,813,2,346,37,2026-01-01
16243,813,3,256,82,2026-01-01
16244,813,4,266,98,2026-01-01
16245,813,5,112,38,2026-01-01
16246,813,6,464,58,2026-01-01
16247,813,7,99,89,2026-01-01
16248,813,8,126,77,2026-01-01
16249,813,9,147,50,2026-01-01
16250,813,10,176,89,2026-01-01
16251,813,11,286,22,2026-01-01
16252,813,12,279,67,2026-01-01
16253,813,13,49,44,2026-01-01
16254,813,14,459,26,2026-01-01
16255,813,15,450,78,2026-01-01
16256,813,16,196,91,2026-01-01
16257,813,17,273,91,2026-01-01
16258,813,18,7,92,2026-01-01
16259,813,19,44,23,2026-01-01
16260,813,20,311,64,2026-01-01
16261,814,1,142,92,2026-01-01
16262,814,2,285,80,2026-01-01
16263,814,3,40,20,2026-01-01
16264,814,4,352,66,2026-01-01
16265,814,5,207,66,2026-01-01
16266,814,6,490,53,2026-01-01
16267,814,7,387,51,2026-01-01
16268,814,8,323,95,2026-01-01
16269,814,9,76,99,2026-01-01
16270,814,10,366,59,2026-01-01
16271,814,11,51,58,2026-01-01
16272,814,12,364,63,2026-01-01
16273,814,13,148,79,2026-01-01
16274,814,14,227,69,2026-01-01
16275,814,15,408,34,2026-01-01
16276,814,16,368,90,2026-01-01
16277,814,17,327,75,2026-01-01
16278,814,18,347,83,2026-01-01
16279,814,19,128,25,2026-01-01
16280,814,20,80,71,2026-01-01
16281,815,1,6,59,2026-01-01
16282,815,2,8,55,2026-01-01
16283,815,3,81,90,2026-01-01
16284,815,4,88,66,2026-01-01
16285,815,5,472,59,2026-01-01
16286,815,6,320,32,2026-01-01
16287,815,7,16,82,2026-01-01
16288,815,8,476,38,2026-01-01
16289,815,9,55,41,2026-01-01
16290,815,10,18,68,2026-01-01
16291,815,11,286,24,2026-01-01
16292,815,12,328,44,2026-01-01
16293,815,13,34,84,2026-01-01
16294,815,14,129,77,2026-01-01
16295,815,15,177,71,2026-01-01
16296,815,16,160,24,2026-01-01
16297,815,17,102,43,2026-01-01
16298,815,18,134,99,2026-01-01
16299,815,19,169,69,2026-01-01
16300,815,20,133,84,2026-01-01
16301,816,1,464,25,2026-01-01
16302,816,2,291,91,2026-01-01
16303,816,3,50,98,2026-01-01
16304,816,4,374,43,2026-01-01
16305,816,5,224,81,2026-01-01
16306,816,6,484,42,2026-01-01
16307,816,7,444,86,2026-01-01
16308,816,8,237,28,2026-01-01
16309,816,9,48,78,2026-01-01
16310,816,10,479,88,2026-01-01
16311,816,11,408,24,2026-01-01
16312,816,12,144,59,2026-01-01
16313,816,13,419,73,2026-01-01
16314,816,14,411,76,2026-01-01
16315,816,15,211,52,2026-01-01
16316,816,16,474,85,2026-01-01
16317,816,17,226,42,2026-01-01
16318,816,18,323,33,2026-01-01
16319,816,19,326,84,2026-01-01
16320,816,20,332,20,2026-01-01
16321,817,1,167,71,2026-01-01
16322,817,2,215,79,2026-01-01
16323,817,3,282,83,2026-01-01
16324,817,4,489,29,2026-01-01
16325,817,5,448,35,2026-01-01
16326,817,6,133,72,2026-01-01
16327,817,7,65,81,2026-01-01
16328,817,8,195,94,2026-01-01
16329,817,9,47,42,2026-01-01
16330,817,10,9,73,2026-01-01
16331,817,11,185,30,2026-01-01
16332,817,12,186,35,2026-01-01
16333,817,13,21,97,2026-01-01
16334,817,14,376,46,2026-01-01
16335,817,15,107,73,2026-01-01
16336,817,16,356,80,2026-01-01
16337,817,17,129,69,2026-01-01
16338,817,18,277,65,2026-01-01
16339,817,19,357,97,2026-01-01
16340,817,20,213,71,2026-01-01
16341,818,1,123,36,2026-01-01
16342,818,2,87,72,2026-01-01
16343,818,3,157,39,2026-01-01
16344,818,4,120,37,2026-01-01
16345,818,5,435,50,2026-01-01
16346,818,6,212,79,2026-01-01
16347,818,7,110,85,2026-01-01
16348,818,8,156,97,2026-01-01
16349,818,9,248,95,2026-01-01
16350,818,10,319,60,2026-01-01
16351,818,11,407,61,2026-01-01
16352,818,12,118,79,2026-01-01
16353,818,13,54,86,2026-01-01
16354,818,14,58,35,2026-01-01
16355,818,15,335,26,2026-01-01
16356,818,16,78,41,2026-01-01
16357,818,17,214,59,2026-01-01
16358,818,18,454,98,2026-01-01
16359,818,19,286,98,2026-01-01
16360,818,20,128,67,2026-01-01
16361,819,1,98,69,2026-01-01
16362,819,2,327,58,2026-01-01
16363,819,3,65,34,2026-01-01
16364,819,4,190,21,2026-01-01
16365,819,5,321,35,2026-01-01
16366,819,6,347,98,2026-01-01
16367,819,7,412,64,2026-01-01
16368,819,8,280,40,2026-01-01
16369,819,9,29,74,2026-01-01
16370,819,10,95,93,2026-01-01
16371,819,11,154,35,2026-01-01
16372,819,12,343,57,2026-01-01
16373,819,13,442,69,2026-01-01
16374,819,14,399,58,2026-01-01
16375,819,15,11,42,2026-01-01
16376,819,16,72,35,2026-01-01
16377,819,17,63,26,2026-01-01
16378,819,18,310,46,2026-01-01
16379,819,19,10,97,2026-01-01
16380,819,20,371,86,2026-01-01
16381,820,1,9,83,2026-01-01
16382,820,2,424,47,2026-01-01
16383,820,3,397,70,2026-01-01
16384,820,4,3,52,2026-01-01
16385,820,5,62,57,2026-01-01
16386,820,6,341,88,2026-01-01
16387,820,7,232,65,2026-01-01
16388,820,8,64,67,2026-01-01
16389,820,9,44,21,2026-01-01
16390,820,10,246,71,2026-01-01
16391,820,11,292,30,2026-01-01
16392,820,12,369,45,2026-01-01
16393,820,13,135,94,2026-01-01
16394,820,14,210,26,2026-01-01
16395,820,15,130,78,2026-01-01
16396,820,16,451,37,2026-01-01
16397,820,17,262,21,2026-01-01
16398,820,18,141,45,2026-01-01
16399,820,19,133,33,2026-01-01
16400,820,20,454,47,2026-01-01
16401,821,1,427,72,2026-01-01
16402,821,2,411,79,2026-01-01
16403,821,3,171,34,2026-01-01
16404,821,4,500,38,2026-01-01
16405,821,5,116,54,2026-01-01
16406,821,6,368,28,2026-01-01
16407,821,7,307,47,2026-01-01
16408,821,8,482,50,2026-01-01
16409,821,9,471,80,2026-01-01
16410,821,10,253,71,2026-01-01
16411,821,11,328,73,2026-01-01
16412,821,12,490,96,2026-01-01
16413,821,13,462,94,2026-01-01
16414,821,14,299,48,2026-01-01
16415,821,15,327,25,2026-01-01
16416,821,16,468,47,2026-01-01
16417,821,17,23,31,2026-01-01
16418,821,18,31,50,2026-01-01
16419,821,19,67,55,2026-01-01
16420,821,20,145,78,2026-01-01
16421,822,1,288,62,2026-01-01
16422,822,2,121,90,2026-01-01
16423,822,3,338,33,2026-01-01
16424,822,4,186,83,2026-01-01
16425,822,5,209,22,2026-01-01
16426,822,6,487,64,2026-01-01
16427,822,7,407,39,2026-01-01
16428,822,8,251,94,2026-01-01
16429,822,9,272,20,2026-01-01
16430,822,10,354,74,2026-01-01
16431,822,11,377,74,2026-01-01
16432,822,12,325,85,2026-01-01
16433,822,13,308,92,2026-01-01
16434,822,14,419,30,2026-01-01
16435,822,15,322,82,2026-01-01
16436,822,16,95,24,2026-01-01
16437,822,17,129,42,2026-01-01
16438,822,18,39,69,2026-01-01
16439,822,19,240,78,2026-01-01
16440,822,20,481,72,2026-01-01
16441,823,1,412,84,2026-01-01
16442,823,2,129,36,2026-01-01
16443,823,3,70,87,2026-01-01
16444,823,4,229,77,2026-01-01
16445,823,5,34,51,2026-01-01
16446,823,6,109,25,2026-01-01
16447,823,7,277,100,2026-01-01
16448,823,8,304,76,2026-01-01
16449,823,9,338,56,2026-01-01
16450,823,10,171,97,2026-01-01
16451,823,11,484,80,2026-01-01
16452,823,12,127,61,2026-01-01
16453,823,13,408,88,2026-01-01
16454,823,14,144,23,2026-01-01
16455,823,15,139,89,2026-01-01
16456,823,16,227,87,2026-01-01
16457,823,17,5,93,2026-01-01
16458,823,18,117,24,2026-01-01
16459,823,19,224,88,2026-01-01
16460,823,20,228,91,2026-01-01
16461,824,1,388,78,2026-01-01
16462,824,2,193,75,2026-01-01
16463,824,3,24,96,2026-01-01
16464,824,4,469,81,2026-01-01
16465,824,5,38,53,2026-01-01
16466,824,6,53,83,2026-01-01
16467,824,7,275,95,2026-01-01
16468,824,8,15,32,2026-01-01
16469,824,9,105,51,2026-01-01
16470,824,10,491,65,2026-01-01
16471,824,11,328,52,2026-01-01
16472,824,12,345,80,2026-01-01
16473,824,13,443,86,2026-01-01
16474,824,14,437,73,2026-01-01
16475,824,15,402,38,2026-01-01
16476,824,16,80,27,2026-01-01
16477,824,17,382,44,2026-01-01
16478,824,18,210,67,2026-01-01
16479,824,19,294,71,2026-01-01
16480,824,20,335,78,2026-01-01
16481,825,1,432,23,2026-01-01
16482,825,2,401,48,2026-01-01
16483,825,3,123,41,2026-01-01
16484,825,4,497,45,2026-01-01
16485,825,5,35,83,2026-01-01
16486,825,6,372,38,2026-01-01
16487,825,7,232,39,2026-01-01
16488,825,8,0,87,2026-01-01
16489,825,9,39,25,2026-01-01
16490,825,10,260,37,2026-01-01
16491,825,11,73,68,2026-01-01
16492,825,12,381,26,2026-01-01
16493,825,13,145,69,2026-01-01
16494,825,14,198,45,2026-01-01
16495,825,15,362,85,2026-01-01
16496,825,16,17,38,2026-01-01
16497,825,17,120,72,2026-01-01
16498,825,18,255,25,2026-01-01
16499,825,19,252,70,2026-01-01
16500,825,20,31,67,2026-01-01
16501,826,1,204,78,2026-01-01
16502,826,2,426,71,2026-01-01
16503,826,3,474,79,2026-01-01
16504,826,4,85,67,2026-01-01
16505,826,5,167,46,2026-01-01
16506,826,6,215,22,2026-01-01
16507,826,7,384,24,2026-01-01
16508,826,8,92,71,2026-01-01
16509,826,9,117,89,2026-01-01
16510,826,10,80,63,2026-01-01
16511,826,11,489,83,2026-01-01
16512,826,12,5,64,2026-01-01
16513,826,13,60,44,2026-01-01
16514,826,14,111,23,2026-01-01
16515,826,15,45,87,2026-01-01
16516,826,16,457,48,2026-01-01
16517,826,17,175,20,2026-01-01
16518,826,18,253,54,2026-01-01
16519,826,19,117,82,2026-01-01
16520,826,20,6,39,2026-01-01
16521,827,1,36,54,2026-01-01
16522,827,2,289,96,2026-01-01
16523,827,3,83,20,2026-01-01
16524,827,4,448,84,2026-01-01
16525,827,5,450,42,2026-01-01
16526,827,6,486,88,2026-01-01
16527,827,7,435,28,2026-01-01
16528,827,8,302,82,2026-01-01
16529,827,9,209,51,2026-01-01
16530,827,10,382,90,2026-01-01
16531,827,11,475,42,2026-01-01
16532,827,12,489,70,2026-01-01
16533,827,13,191,78,2026-01-01
16534,827,14,427,30,2026-01-01
16535,827,15,241,74,2026-01-01
16536,827,16,105,48,2026-01-01
16537,827,17,105,67,2026-01-01
16538,827,18,101,61,2026-01-01
16539,827,19,214,84,2026-01-01
16540,827,20,34,66,2026-01-01
16541,828,1,407,36,2026-01-01
16542,828,2,221,82,2026-01-01
16543,828,3,446,89,2026-01-01
16544,828,4,347,81,2026-01-01
16545,828,5,56,35,2026-01-01
16546,828,6,354,24,2026-01-01
16547,828,7,184,78,2026-01-01
16548,828,8,194,58,2026-01-01
16549,828,9,363,46,2026-01-01
16550,828,10,426,80,2026-01-01
16551,828,11,307,34,2026-01-01
16552,828,12,405,87,2026-01-01
16553,828,13,413,72,2026-01-01
16554,828,14,134,33,2026-01-01
16555,828,15,120,58,2026-01-01
16556,828,16,195,84,2026-01-01
16557,828,17,206,35,2026-01-01
16558,828,18,499,99,2026-01-01
16559,828,19,219,60,2026-01-01
16560,828,20,281,36,2026-01-01
16561,829,1,446,77,2026-01-01
16562,829,2,101,87,2026-01-01
16563,829,3,325,42,2026-01-01
16564,829,4,236,46,2026-01-01
16565,829,5,391,24,2026-01-01
16566,829,6,366,61,2026-01-01
16567,829,7,214,32,2026-01-01
16568,829,8,234,35,2026-01-01
16569,829,9,344,90,2026-01-01
16570,829,10,27,51,2026-01-01
16571,829,11,325,63,2026-01-01
16572,829,12,99,41,2026-01-01
16573,829,13,269,83,2026-01-01
16574,829,14,349,37,2026-01-01
16575,829,15,59,59,2026-01-01
16576,829,16,295,31,2026-01-01
16577,829,17,322,82,2026-01-01
16578,829,18,218,41,2026-01-01
16579,829,19,409,30,2026-01-01
16580,829,20,399,61,2026-01-01
16581,830,1,444,46,2026-01-01
16582,830,2,34,99,2026-01-01
16583,830,3,412,43,2026-01-01
16584,830,4,118,38,2026-01-01
16585,830,5,377,56,2026-01-01
16586,830,6,295,90,2026-01-01
16587,830,7,342,31,2026-01-01
16588,830,8,244,75,2026-01-01
16589,830,9,146,23,2026-01-01
16590,830,10,306,50,2026-01-01
16591,830,11,240,54,2026-01-01
16592,830,12,169,89,2026-01-01
16593,830,13,335,78,2026-01-01
16594,830,14,43,24,2026-01-01
16595,830,15,453,87,2026-01-01
16596,830,16,183,34,2026-01-01
16597,830,17,485,100,2026-01-01
16598,830,18,325,100,2026-01-01
16599,830,19,238,65,2026-01-01
16600,830,20,130,22,2026-01-01
16601,831,1,491,74,2026-01-01
16602,831,2,350,57,2026-01-01
16603,831,3,437,57,2026-01-01
16604,831,4,186,24,2026-01-01
16605,831,5,131,85,2026-01-01
16606,831,6,181,84,2026-01-01
16607,831,7,192,48,2026-01-01
16608,831,8,108,97,2026-01-01
16609,831,9,187,60,2026-01-01
16610,831,10,226,37,2026-01-01
16611,831,11,272,95,2026-01-01
16612,831,12,184,44,2026-01-01
16613,831,13,118,34,2026-01-01
16614,831,14,275,88,2026-01-01
16615,831,15,232,42,2026-01-01
16616,831,16,415,94,2026-01-01
16617,831,17,46,51,2026-01-01
16618,831,18,313,78,2026-01-01
16619,831,19,270,36,2026-01-01
16620,831,20,297,89,2026-01-01
16621,832,1,347,32,2026-01-01
16622,832,2,61,48,2026-01-01
16623,832,3,475,95,2026-01-01
16624,832,4,478,99,2026-01-01
16625,832,5,427,58,2026-01-01
16626,832,6,150,69,2026-01-01
16627,832,7,492,56,2026-01-01
16628,832,8,76,27,2026-01-01
16629,832,9,369,73,2026-01-01
16630,832,10,136,61,2026-01-01
16631,832,11,272,28,2026-01-01
16632,832,12,145,87,2026-01-01
16633,832,13,77,60,2026-01-01
16634,832,14,218,52,2026-01-01
16635,832,15,361,79,2026-01-01
16636,832,16,164,20,2026-01-01
16637,832,17,482,66,2026-01-01
16638,832,18,415,20,2026-01-01
16639,832,19,379,24,2026-01-01
16640,832,20,315,30,2026-01-01
16641,833,1,330,60,2026-01-01
16642,833,2,237,73,2026-01-01
16643,833,3,305,84,2026-01-01
16644,833,4,298,30,2026-01-01
16645,833,5,314,22,2026-01-01
16646,833,6,248,73,2026-01-01
16647,833,7,421,84,2026-01-01
16648,833,8,85,35,2026-01-01
16649,833,9,387,76,2026-01-01
16650,833,10,28,59,2026-01-01
16651,833,11,415,68,2026-01-01
16652,833,12,287,82,2026-01-01
16653,833,13,34,23,2026-01-01
16654,833,14,249,22,2026-01-01
16655,833,15,28,67,2026-01-01
16656,833,16,131,74,2026-01-01
16657,833,17,431,50,2026-01-01
16658,833,18,350,46,2026-01-01
16659,833,19,457,41,2026-01-01
16660,833,20,190,38,2026-01-01
16661,834,1,316,77,2026-01-01
16662,834,2,112,99,2026-01-01
16663,834,3,282,91,2026-01-01
16664,834,4,30,37,2026-01-01
16665,834,5,421,61,2026-01-01
16666,834,6,276,66,2026-01-01
16667,834,7,410,65,2026-01-01
16668,834,8,252,35,2026-01-01
16669,834,9,201,39,2026-01-01
16670,834,10,140,88,2026-01-01
16671,834,11,155,42,2026-01-01
16672,834,12,309,27,2026-01-01
16673,834,13,295,40,2026-01-01
16674,834,14,490,41,2026-01-01
16675,834,15,250,43,2026-01-01
16676,834,16,84,77,2026-01-01
16677,834,17,273,80,2026-01-01
16678,834,18,320,84,2026-01-01
16679,834,19,157,84,2026-01-01
16680,834,20,464,89,2026-01-01
16681,835,1,413,80,2026-01-01
16682,835,2,344,91,2026-01-01
16683,835,3,421,72,2026-01-01
16684,835,4,472,66,2026-01-01
16685,835,5,403,58,2026-01-01
16686,835,6,239,39,2026-01-01
16687,835,7,191,47,2026-01-01
16688,835,8,312,97,2026-01-01
16689,835,9,280,52,2026-01-01
16690,835,10,390,27,2026-01-01
16691,835,11,487,79,2026-01-01
16692,835,12,26,44,2026-01-01
16693,835,13,21,43,2026-01-01
16694,835,14,209,24,2026-01-01
16695,835,15,221,90,2026-01-01
16696,835,16,137,59,2026-01-01
16697,835,17,324,39,2026-01-01
16698,835,18,218,91,2026-01-01
16699,835,19,419,39,2026-01-01
16700,835,20,288,54,2026-01-01
16701,836,1,246,39,2026-01-01
16702,836,2,41,68,2026-01-01
16703,836,3,498,53,2026-01-01
16704,836,4,315,99,2026-01-01
16705,836,5,194,32,2026-01-01
16706,836,6,499,31,2026-01-01
16707,836,7,86,44,2026-01-01
16708,836,8,358,70,2026-01-01
16709,836,9,220,38,2026-01-01
16710,836,10,159,50,2026-01-01
16711,836,11,80,21,2026-01-01
16712,836,12,294,48,2026-01-01
16713,836,13,264,69,2026-01-01
16714,836,14,336,23,2026-01-01
16715,836,15,449,41,2026-01-01
16716,836,16,66,38,2026-01-01
16717,836,17,68,86,2026-01-01
16718,836,18,462,22,2026-01-01
16719,836,19,469,79,2026-01-01
16720,836,20,47,78,2026-01-01
16721,837,1,263,58,2026-01-01
16722,837,2,70,79,2026-01-01
16723,837,3,13,30,2026-01-01
16724,837,4,69,76,2026-01-01
16725,837,5,269,29,2026-01-01
16726,837,6,75,85,2026-01-01
16727,837,7,62,55,2026-01-01
16728,837,8,490,22,2026-01-01
16729,837,9,160,68,2026-01-01
16730,837,10,448,46,2026-01-01
16731,837,11,223,20,2026-01-01
16732,837,12,248,84,2026-01-01
16733,837,13,48,85,2026-01-01
16734,837,14,205,53,2026-01-01
16735,837,15,61,89,2026-01-01
16736,837,16,81,66,2026-01-01
16737,837,17,51,98,2026-01-01
16738,837,18,249,80,2026-01-01
16739,837,19,119,55,2026-01-01
16740,837,20,460,82,2026-01-01
16741,838,1,53,34,2026-01-01
16742,838,2,462,71,2026-01-01
16743,838,3,225,33,2026-01-01
16744,838,4,438,58,2026-01-01
16745,838,5,283,75,2026-01-01
16746,838,6,487,98,2026-01-01
16747,838,7,258,58,2026-01-01
16748,838,8,221,48,2026-01-01
16749,838,9,90,50,2026-01-01
16750,838,10,205,83,2026-01-01
16751,838,11,265,84,2026-01-01
16752,838,12,5,86,2026-01-01
16753,838,13,467,91,2026-01-01
16754,838,14,54,70,2026-01-01
16755,838,15,371,97,2026-01-01
16756,838,16,437,76,2026-01-01
16757,838,17,79,82,2026-01-01
16758,838,18,187,52,2026-01-01
16759,838,19,100,45,2026-01-01
16760,838,20,96,43,2026-01-01
16761,839,1,30,77,2026-01-01
16762,839,2,219,50,2026-01-01
16763,839,3,143,47,2026-01-01
16764,839,4,467,80,2026-01-01
16765,839,5,222,49,2026-01-01
16766,839,6,485,62,2026-01-01
16767,839,7,177,98,2026-01-01
16768,839,8,199,87,2026-01-01
16769,839,9,360,38,2026-01-01
16770,839,10,132,67,2026-01-01
16771,839,11,416,79,2026-01-01
16772,839,12,113,42,2026-01-01
16773,839,13,21,33,2026-01-01
16774,839,14,147,34,2026-01-01
16775,839,15,148,100,2026-01-01
16776,839,16,22,63,2026-01-01
16777,839,17,452,47,2026-01-01
16778,839,18,217,32,2026-01-01
16779,839,19,221,66,2026-01-01
16780,839,20,110,100,2026-01-01
16781,840,1,121,84,2026-01-01
16782,840,2,290,57,2026-01-01
16783,840,3,58,22,2026-01-01
16784,840,4,37,26,2026-01-01
16785,840,5,314,42,2026-01-01
16786,840,6,260,44,2026-01-01
16787,840,7,206,35,2026-01-01
16788,840,8,98,83,2026-01-01
16789,840,9,168,59,2026-01-01
16790,840,10,300,91,2026-01-01
16791,840,11,292,80,2026-01-01
16792,840,12,177,41,2026-01-01
16793,840,13,485,39,2026-01-01
16794,840,14,230,31,2026-01-01
16795,840,15,33,97,2026-01-01
16796,840,16,318,22,2026-01-01
16797,840,17,349,63,2026-01-01
16798,840,18,231,93,2026-01-01
16799,840,19,110,91,2026-01-01
16800,840,20,462,76,2026-01-01
16801,841,1,284,72,2026-01-01
16802,841,2,140,93,2026-01-01
16803,841,3,208,52,2026-01-01
16804,841,4,114,28,2026-01-01
16805,841,5,23,72,2026-01-01
16806,841,6,406,61,2026-01-01
16807,841,7,433,36,2026-01-01
16808,841,8,220,21,2026-01-01
16809,841,9,284,31,2026-01-01
16810,841,10,440,43,2026-01-01
16811,841,11,152,38,2026-01-01
16812,841,12,302,67,2026-01-01
16813,841,13,270,40,2026-01-01
16814,841,14,331,64,2026-01-01
16815,841,15,81,20,2026-01-01
16816,841,16,381,46,2026-01-01
16817,841,17,462,81,2026-01-01
16818,841,18,416,46,2026-01-01
16819,841,19,389,58,2026-01-01
16820,841,20,215,26,2026-01-01
16821,842,1,364,25,2026-01-01
16822,842,2,494,57,2026-01-01
16823,842,3,234,42,2026-01-01
16824,842,4,497,74,2026-01-01
16825,842,5,328,52,2026-01-01
16826,842,6,270,55,2026-01-01
16827,842,7,341,50,2026-01-01
16828,842,8,257,57,2026-01-01
16829,842,9,284,89,2026-01-01
16830,842,10,110,90,2026-01-01
16831,842,11,196,99,2026-01-01
16832,842,12,415,29,2026-01-01
16833,842,13,323,72,2026-01-01
16834,842,14,38,53,2026-01-01
16835,842,15,70,43,2026-01-01
16836,842,16,125,65,2026-01-01
16837,842,17,405,35,2026-01-01
16838,842,18,302,84,2026-01-01
16839,842,19,162,86,2026-01-01
16840,842,20,391,51,2026-01-01
16841,843,1,155,76,2026-01-01
16842,843,2,267,22,2026-01-01
16843,843,3,290,96,2026-01-01
16844,843,4,171,30,2026-01-01
16845,843,5,363,98,2026-01-01
16846,843,6,227,85,2026-01-01
16847,843,7,305,88,2026-01-01
16848,843,8,459,99,2026-01-01
16849,843,9,137,49,2026-01-01
16850,843,10,152,93,2026-01-01
16851,843,11,320,82,2026-01-01
16852,843,12,207,86,2026-01-01
16853,843,13,28,28,2026-01-01
16854,843,14,406,23,2026-01-01
16855,843,15,210,73,2026-01-01
16856,843,16,382,50,2026-01-01
16857,843,17,31,77,2026-01-01
16858,843,18,430,70,2026-01-01
16859,843,19,288,20,2026-01-01
16860,843,20,282,61,2026-01-01
16861,844,1,384,90,2026-01-01
16862,844,2,246,70,2026-01-01
16863,844,3,55,47,2026-01-01
16864,844,4,46,32,2026-01-01
16865,844,5,418,82,2026-01-01
16866,844,6,23,60,2026-01-01
16867,844,7,207,25,2026-01-01
16868,844,8,204,67,2026-01-01
16869,844,9,299,51,2026-01-01
16870,844,10,476,38,2026-01-01
16871,844,11,87,55,2026-01-01
16872,844,12,143,55,2026-01-01
16873,844,13,356,20,2026-01-01
16874,844,14,407,62,2026-01-01
16875,844,15,449,40,2026-01-01
16876,844,16,190,92,2026-01-01
16877,844,17,158,49,2026-01-01
16878,844,18,160,54,2026-01-01
16879,844,19,306,33,2026-01-01
16880,844,20,7,52,2026-01-01
16881,845,1,389,47,2026-01-01
16882,845,2,233,38,2026-01-01
16883,845,3,134,93,2026-01-01
16884,845,4,75,67,2026-01-01
16885,845,5,468,79,2026-01-01
16886,845,6,439,97,2026-01-01
16887,845,7,67,26,2026-01-01
16888,845,8,425,58,2026-01-01
16889,845,9,281,22,2026-01-01
16890,845,10,97,65,2026-01-01
16891,845,11,67,42,2026-01-01
16892,845,12,234,46,2026-01-01
16893,845,13,477,28,2026-01-01
16894,845,14,179,66,2026-01-01
16895,845,15,352,58,2026-01-01
16896,845,16,341,98,2026-01-01
16897,845,17,225,85,2026-01-01
16898,845,18,437,59,2026-01-01
16899,845,19,197,24,2026-01-01
16900,845,20,118,20,2026-01-01
16901,846,1,2,86,2026-01-01
16902,846,2,335,62,2026-01-01
16903,846,3,392,83,2026-01-01
16904,846,4,225,65,2026-01-01
16905,846,5,431,65,2026-01-01
16906,846,6,447,22,2026-01-01
16907,846,7,351,93,2026-01-01
16908,846,8,392,50,2026-01-01
16909,846,9,449,73,2026-01-01
16910,846,10,49,46,2026-01-01
16911,846,11,403,28,2026-01-01
16912,846,12,195,83,2026-01-01
16913,846,13,34,93,2026-01-01
16914,846,14,321,60,2026-01-01
16915,846,15,164,90,2026-01-01
16916,846,16,446,90,2026-01-01
16917,846,17,405,39,2026-01-01
16918,846,18,68,33,2026-01-01
16919,846,19,366,28,2026-01-01
16920,846,20,86,88,2026-01-01
16921,847,1,140,99,2026-01-01
16922,847,2,431,39,2026-01-01
16923,847,3,231,47,2026-01-01
16924,847,4,162,83,2026-01-01
16925,847,5,463,53,2026-01-01
16926,847,6,173,36,2026-01-01
16927,847,7,154,40,2026-01-01
16928,847,8,289,40,2026-01-01
16929,847,9,317,27,2026-01-01
16930,847,10,336,76,2026-01-01
16931,847,11,251,86,2026-01-01
16932,847,12,294,24,2026-01-01
16933,847,13,13,21,2026-01-01
16934,847,14,211,51,2026-01-01
16935,847,15,48,29,2026-01-01
16936,847,16,464,40,2026-01-01
16937,847,17,112,91,2026-01-01
16938,847,18,188,62,2026-01-01
16939,847,19,57,31,2026-01-01
16940,847,20,275,35,2026-01-01
16941,848,1,172,39,2026-01-01
16942,848,2,173,64,2026-01-01
16943,848,3,398,67,2026-01-01
16944,848,4,195,58,2026-01-01
16945,848,5,254,62,2026-01-01
16946,848,6,496,74,2026-01-01
16947,848,7,454,81,2026-01-01
16948,848,8,246,88,2026-01-01
16949,848,9,363,24,2026-01-01
16950,848,10,27,60,2026-01-01
16951,848,11,310,23,2026-01-01
16952,848,12,68,60,2026-01-01
16953,848,13,97,28,2026-01-01
16954,848,14,93,34,2026-01-01
16955,848,15,174,41,2026-01-01
16956,848,16,71,67,2026-01-01
16957,848,17,209,49,2026-01-01
16958,848,18,308,61,2026-01-01
16959,848,19,480,98,2026-01-01
16960,848,20,153,60,2026-01-01
16961,849,1,62,94,2026-01-01
16962,849,2,413,77,2026-01-01
16963,849,3,246,28,2026-01-01
16964,849,4,407,47,2026-01-01
16965,849,5,315,42,2026-01-01
16966,849,6,392,72,2026-01-01
16967,849,7,194,73,2026-01-01
16968,849,8,194,73,2026-01-01
16969,849,9,418,40,2026-01-01
16970,849,10,354,71,2026-01-01
16971,849,11,495,73,2026-01-01
16972,849,12,300,58,2026-01-01
16973,849,13,102,74,2026-01-01
16974,849,14,279,50,2026-01-01
16975,849,15,30,73,2026-01-01
16976,849,16,199,23,2026-01-01
16977,849,17,471,97,2026-01-01
16978,849,18,398,54,2026-01-01
16979,849,19,370,28,2026-01-01
16980,849,20,436,40,2026-01-01
16981,850,1,449,29,2026-01-01
16982,850,2,484,35,2026-01-01
16983,850,3,495,69,2026-01-01
16984,850,4,253,41,2026-01-01
16985,850,5,483,29,2026-01-01
16986,850,6,66,80,2026-01-01
16987,850,7,175,100,2026-01-01
16988,850,8,415,66,2026-01-01
16989,850,9,228,50,2026-01-01
16990,850,10,404,88,2026-01-01
16991,850,11,369,64,2026-01-01
16992,850,12,281,86,2026-01-01
16993,850,13,495,45,2026-01-01
16994,850,14,305,27,2026-01-01
16995,850,15,496,42,2026-01-01
16996,850,16,454,90,2026-01-01
16997,850,17,183,40,2026-01-01
16998,850,18,219,36,2026-01-01
16999,850,19,70,94,2026-01-01
17000,850,20,347,28,2026-01-01
17001,851,1,284,55,2026-01-01
17002,851,2,178,61,2026-01-01
17003,851,3,38,45,2026-01-01
17004,851,4,282,23,2026-01-01
17005,851,5,291,42,2026-01-01
17006,851,6,455,67,2026-01-01
17007,851,7,123,36,2026-01-01
17008,851,8,359,26,2026-01-01
17009,851,9,274,20,2026-01-01
17010,851,10,428,65,2026-01-01
17011,851,11,234,31,2026-01-01
17012,851,12,241,45,2026-01-01
17013,851,13,425,58,2026-01-01
17014,851,14,242,72,2026-01-01
17015,851,15,213,46,2026-01-01
17016,851,16,65,67,2026-01-01
17017,851,17,98,44,2026-01-01
17018,851,18,452,97,2026-01-01
17019,851,19,499,96,2026-01-01
17020,851,20,305,53,2026-01-01
17021,852,1,208,99,2026-01-01
17022,852,2,126,83,2026-01-01
17023,852,3,450,39,2026-01-01
17024,852,4,67,30,2026-01-01
17025,852,5,425,87,2026-01-01
17026,852,6,420,26,2026-01-01
17027,852,7,161,25,2026-01-01
17028,852,8,103,23,2026-01-01
17029,852,9,363,44,2026-01-01
17030,852,10,493,22,2026-01-01
17031,852,11,218,96,2026-01-01
17032,852,12,163,61,2026-01-01
17033,852,13,175,61,2026-01-01
17034,852,14,328,26,2026-01-01
17035,852,15,71,28,2026-01-01
17036,852,16,118,21,2026-01-01
17037,852,17,10,46,2026-01-01
17038,852,18,39,23,2026-01-01
17039,852,19,259,53,2026-01-01
17040,852,20,5,78,2026-01-01
17041,853,1,402,71,2026-01-01
17042,853,2,343,75,2026-01-01
17043,853,3,407,97,2026-01-01
17044,853,4,90,48,2026-01-01
17045,853,5,285,48,2026-01-01
17046,853,6,385,20,2026-01-01
17047,853,7,413,96,2026-01-01
17048,853,8,273,82,2026-01-01
17049,853,9,29,41,2026-01-01
17050,853,10,451,64,2026-01-01
17051,853,11,486,86,2026-01-01
17052,853,12,379,96,2026-01-01
17053,853,13,182,20,2026-01-01
17054,853,14,56,71,2026-01-01
17055,853,15,60,93,2026-01-01
17056,853,16,314,55,2026-01-01
17057,853,17,138,44,2026-01-01
17058,853,18,67,41,2026-01-01
17059,853,19,179,75,2026-01-01
17060,853,20,492,41,2026-01-01
17061,854,1,490,54,2026-01-01
17062,854,2,147,95,2026-01-01
17063,854,3,348,96,2026-01-01
17064,854,4,185,33,2026-01-01
17065,854,5,326,77,2026-01-01
17066,854,6,239,73,2026-01-01
17067,854,7,8,85,2026-01-01
17068,854,8,232,42,2026-01-01
17069,854,9,221,30,2026-01-01
17070,854,10,363,95,2026-01-01
17071,854,11,81,68,2026-01-01
17072,854,12,431,83,2026-01-01
17073,854,13,12,21,2026-01-01
17074,854,14,242,95,2026-01-01
17075,854,15,312,69,2026-01-01
17076,854,16,209,77,2026-01-01
17077,854,17,130,85,2026-01-01
17078,854,18,412,34,2026-01-01
17079,854,19,169,60,2026-01-01
17080,854,20,398,28,2026-01-01
17081,855,1,341,57,2026-01-01
17082,855,2,55,63,2026-01-01
17083,855,3,271,91,2026-01-01
17084,855,4,372,78,2026-01-01
17085,855,5,87,66,2026-01-01
17086,855,6,415,63,2026-01-01
17087,855,7,50,42,2026-01-01
17088,855,8,175,36,2026-01-01
17089,855,9,437,35,2026-01-01
17090,855,10,111,20,2026-01-01
17091,855,11,454,58,2026-01-01
17092,855,12,209,21,2026-01-01
17093,855,13,369,41,2026-01-01
17094,855,14,149,87,2026-01-01
17095,855,15,324,80,2026-01-01
17096,855,16,478,38,2026-01-01
17097,855,17,391,98,2026-01-01
17098,855,18,480,21,2026-01-01
17099,855,19,461,39,2026-01-01
17100,855,20,468,64,2026-01-01
17101,856,1,294,69,2026-01-01
17102,856,2,19,90,2026-01-01
17103,856,3,208,51,2026-01-01
17104,856,4,288,83,2026-01-01
17105,856,5,18,35,2026-01-01
17106,856,6,306,23,2026-01-01
17107,856,7,229,94,2026-01-01
17108,856,8,60,65,2026-01-01
17109,856,9,440,94,2026-01-01
17110,856,10,204,87,2026-01-01
17111,856,11,454,37,2026-01-01
17112,856,12,423,72,2026-01-01
17113,856,13,210,30,2026-01-01
17114,856,14,388,93,2026-01-01
17115,856,15,362,94,2026-01-01
17116,856,16,56,93,2026-01-01
17117,856,17,64,59,2026-01-01
17118,856,18,413,52,2026-01-01
17119,856,19,440,76,2026-01-01
17120,856,20,247,78,2026-01-01
17121,857,1,60,80,2026-01-01
17122,857,2,155,34,2026-01-01
17123,857,3,381,64,2026-01-01
17124,857,4,292,25,2026-01-01
17125,857,5,382,58,2026-01-01
17126,857,6,454,68,2026-01-01
17127,857,7,100,75,2026-01-01
17128,857,8,76,59,2026-01-01
17129,857,9,375,36,2026-01-01
17130,857,10,288,72,2026-01-01
17131,857,11,335,81,2026-01-01
17132,857,12,342,47,2026-01-01
17133,857,13,495,24,2026-01-01
17134,857,14,283,66,2026-01-01
17135,857,15,88,20,2026-01-01
17136,857,16,250,27,2026-01-01
17137,857,17,28,57,2026-01-01
17138,857,18,118,78,2026-01-01
17139,857,19,255,70,2026-01-01
17140,857,20,219,32,2026-01-01
17141,858,1,331,64,2026-01-01
17142,858,2,357,76,2026-01-01
17143,858,3,498,51,2026-01-01
17144,858,4,280,48,2026-01-01
17145,858,5,94,56,2026-01-01
17146,858,6,377,99,2026-01-01
17147,858,7,174,47,2026-01-01
17148,858,8,436,54,2026-01-01
17149,858,9,459,75,2026-01-01
17150,858,10,222,21,2026-01-01
17151,858,11,66,63,2026-01-01
17152,858,12,452,46,2026-01-01
17153,858,13,485,24,2026-01-01
17154,858,14,137,29,2026-01-01
17155,858,15,431,71,2026-01-01
17156,858,16,71,47,2026-01-01
17157,858,17,487,64,2026-01-01
17158,858,18,431,22,2026-01-01
17159,858,19,195,63,2026-01-01
17160,858,20,85,59,2026-01-01
17161,859,1,156,25,2026-01-01
17162,859,2,442,49,2026-01-01
17163,859,3,473,95,2026-01-01
17164,859,4,223,87,2026-01-01
17165,859,5,360,49,2026-01-01
17166,859,6,1,47,2026-01-01
17167,859,7,208,26,2026-01-01
17168,859,8,397,92,2026-01-01
17169,859,9,431,80,2026-01-01
17170,859,10,44,42,2026-01-01
17171,859,11,58,61,2026-01-01
17172,859,12,226,34,2026-01-01
17173,859,13,256,59,2026-01-01
17174,859,14,429,96,2026-01-01
17175,859,15,225,96,2026-01-01
17176,859,16,86,48,2026-01-01
17177,859,17,70,28,2026-01-01
17178,859,18,358,52,2026-01-01
17179,859,19,153,59,2026-01-01
17180,859,20,286,57,2026-01-01
17181,860,1,215,43,2026-01-01
17182,860,2,453,51,2026-01-01
17183,860,3,30,91,2026-01-01
17184,860,4,224,82,2026-01-01
17185,860,5,432,81,2026-01-01
17186,860,6,435,27,2026-01-01
17187,860,7,164,32,2026-01-01
17188,860,8,281,90,2026-01-01
17189,860,9,493,56,2026-01-01
17190,860,10,259,62,2026-01-01
17191,860,11,412,41,2026-01-01
17192,860,12,138,33,2026-01-01
17193,860,13,244,23,2026-01-01
17194,860,14,159,81,2026-01-01
17195,860,15,271,51,2026-01-01
17196,860,16,301,97,2026-01-01
17197,860,17,206,86,2026-01-01
17198,860,18,166,46,2026-01-01
17199,860,19,101,97,2026-01-01
17200,860,20,306,63,2026-01-01
17201,861,1,188,60,2026-01-01
17202,861,2,367,72,2026-01-01
17203,861,3,297,94,2026-01-01
17204,861,4,206,33,2026-01-01
17205,861,5,113,57,2026-01-01
17206,861,6,487,84,2026-01-01
17207,861,7,500,40,2026-01-01
17208,861,8,208,53,2026-01-01
17209,861,9,313,28,2026-01-01
17210,861,10,252,48,2026-01-01
17211,861,11,249,21,2026-01-01
17212,861,12,389,87,2026-01-01
17213,861,13,59,23,2026-01-01
17214,861,14,201,54,2026-01-01
17215,861,15,34,64,2026-01-01
17216,861,16,356,41,2026-01-01
17217,861,17,191,77,2026-01-01
17218,861,18,274,53,2026-01-01
17219,861,19,409,38,2026-01-01
17220,861,20,318,56,2026-01-01
17221,862,1,105,70,2026-01-01
17222,862,2,348,40,2026-01-01
17223,862,3,324,65,2026-01-01
17224,862,4,185,46,2026-01-01
17225,862,5,158,76,2026-01-01
17226,862,6,69,31,2026-01-01
17227,862,7,122,73,2026-01-01
17228,862,8,354,40,2026-01-01
17229,862,9,35,73,2026-01-01
17230,862,10,148,52,2026-01-01
17231,862,11,228,92,2026-01-01
17232,862,12,172,29,2026-01-01
17233,862,13,352,41,2026-01-01
17234,862,14,271,87,2026-01-01
17235,862,15,37,46,2026-01-01
17236,862,16,461,94,2026-01-01
17237,862,17,306,82,2026-01-01
17238,862,18,5,43,2026-01-01
17239,862,19,99,37,2026-01-01
17240,862,20,452,22,2026-01-01
17241,863,1,219,85,2026-01-01
17242,863,2,210,90,2026-01-01
17243,863,3,184,53,2026-01-01
17244,863,4,81,23,2026-01-01
17245,863,5,341,38,2026-01-01
17246,863,6,46,41,2026-01-01
17247,863,7,432,31,2026-01-01
17248,863,8,337,65,2026-01-01
17249,863,9,326,34,2026-01-01
17250,863,10,179,75,2026-01-01
17251,863,11,455,91,2026-01-01
17252,863,12,9,56,2026-01-01
17253,863,13,483,41,2026-01-01
17254,863,14,394,89,2026-01-01
17255,863,15,90,86,2026-01-01
17256,863,16,379,34,2026-01-01
17257,863,17,301,48,2026-01-01
17258,863,18,77,53,2026-01-01
17259,863,19,41,54,2026-01-01
17260,863,20,332,26,2026-01-01
17261,864,1,98,81,2026-01-01
17262,864,2,399,36,2026-01-01
17263,864,3,408,71,2026-01-01
17264,864,4,311,83,2026-01-01
17265,864,5,222,35,2026-01-01
17266,864,6,422,62,2026-01-01
17267,864,7,155,31,2026-01-01
17268,864,8,74,100,2026-01-01
17269,864,9,321,42,2026-01-01
17270,864,10,46,29,2026-01-01
17271,864,11,381,28,2026-01-01
17272,864,12,309,38,2026-01-01
17273,864,13,176,27,2026-01-01
17274,864,14,210,52,2026-01-01
17275,864,15,158,93,2026-01-01
17276,864,16,274,83,2026-01-01
17277,864,17,73,84,2026-01-01
17278,864,18,115,80,2026-01-01
17279,864,19,76,47,2026-01-01
17280,864,20,452,20,2026-01-01
17281,865,1,405,21,2026-01-01
17282,865,2,490,34,2026-01-01
17283,865,3,308,67,2026-01-01
17284,865,4,250,98,2026-01-01
17285,865,5,440,42,2026-01-01
17286,865,6,423,84,2026-01-01
17287,865,7,474,45,2026-01-01
17288,865,8,111,55,2026-01-01
17289,865,9,370,86,2026-01-01
17290,865,10,36,22,2026-01-01
17291,865,11,289,52,2026-01-01
17292,865,12,126,84,2026-01-01
17293,865,13,407,94,2026-01-01
17294,865,14,115,22,2026-01-01
17295,865,15,18,93,2026-01-01
17296,865,16,18,85,2026-01-01
17297,865,17,412,77,2026-01-01
17298,865,18,389,70,2026-01-01
17299,865,19,185,95,2026-01-01
17300,865,20,77,69,2026-01-01
17301,866,1,347,96,2026-01-01
17302,866,2,461,94,2026-01-01
17303,866,3,411,98,2026-01-01
17304,866,4,33,35,2026-01-01
17305,866,5,140,38,2026-01-01
17306,866,6,324,72,2026-01-01
17307,866,7,301,100,2026-01-01
17308,866,8,280,29,2026-01-01
17309,866,9,254,57,2026-01-01
17310,866,10,134,80,2026-01-01
17311,866,11,6,57,2026-01-01
17312,866,12,23,52,2026-01-01
17313,866,13,380,50,2026-01-01
17314,866,14,221,61,2026-01-01
17315,866,15,428,32,2026-01-01
17316,866,16,380,29,2026-01-01
17317,866,17,457,68,2026-01-01
17318,866,18,172,81,2026-01-01
17319,866,19,494,79,2026-01-01
17320,866,20,28,20,2026-01-01
17321,867,1,265,98,2026-01-01
17322,867,2,405,35,2026-01-01
17323,867,3,396,32,2026-01-01
17324,867,4,196,91,2026-01-01
17325,867,5,104,38,2026-01-01
17326,867,6,82,89,2026-01-01
17327,867,7,485,67,2026-01-01
17328,867,8,419,98,2026-01-01
17329,867,9,215,24,2026-01-01
17330,867,10,64,53,2026-01-01
17331,867,11,74,28,2026-01-01
17332,867,12,382,55,2026-01-01
17333,867,13,142,72,2026-01-01
17334,867,14,78,77,2026-01-01
17335,867,15,414,58,2026-01-01
17336,867,16,15,68,2026-01-01
17337,867,17,122,85,2026-01-01
17338,867,18,286,75,2026-01-01
17339,867,19,5,22,2026-01-01
17340,867,20,207,95,2026-01-01
17341,868,1,346,65,2026-01-01
17342,868,2,331,61,2026-01-01
17343,868,3,481,94,2026-01-01
17344,868,4,178,72,2026-01-01
17345,868,5,141,35,2026-01-01
17346,868,6,396,98,2026-01-01
17347,868,7,345,30,2026-01-01
17348,868,8,207,38,2026-01-01
17349,868,9,297,23,2026-01-01
17350,868,10,26,81,2026-01-01
17351,868,11,364,55,2026-01-01
17352,868,12,326,72,2026-01-01
17353,868,13,442,44,2026-01-01
17354,868,14,59,37,2026-01-01
17355,868,15,368,60,2026-01-01
17356,868,16,483,62,2026-01-01
17357,868,17,444,83,2026-01-01
17358,868,18,201,89,2026-01-01
17359,868,19,423,87,2026-01-01
17360,868,20,137,67,2026-01-01
17361,869,1,444,90,2026-01-01
17362,869,2,464,50,2026-01-01
17363,869,3,372,75,2026-01-01
17364,869,4,360,42,2026-01-01
17365,869,5,60,98,2026-01-01
17366,869,6,80,74,2026-01-01
17367,869,7,281,96,2026-01-01
17368,869,8,92,33,2026-01-01
17369,869,9,119,39,2026-01-01
17370,869,10,433,42,2026-01-01
17371,869,11,113,90,2026-01-01
17372,869,12,446,31,2026-01-01
17373,869,13,138,27,2026-01-01
17374,869,14,224,63,2026-01-01
17375,869,15,103,68,2026-01-01
17376,869,16,257,94,2026-01-01
17377,869,17,340,98,2026-01-01
17378,869,18,113,80,2026-01-01
17379,869,19,71,90,2026-01-01
17380,869,20,365,47,2026-01-01
17381,870,1,361,51,2026-01-01
17382,870,2,348,79,2026-01-01
17383,870,3,139,71,2026-01-01
17384,870,4,82,21,2026-01-01
17385,870,5,99,41,2026-01-01
17386,870,6,4,34,2026-01-01
17387,870,7,407,41,2026-01-01
17388,870,8,265,92,2026-01-01
17389,870,9,272,23,2026-01-01
17390,870,10,379,84,2026-01-01
17391,870,11,75,59,2026-01-01
17392,870,12,233,58,2026-01-01
17393,870,13,424,49,2026-01-01
17394,870,14,284,38,2026-01-01
17395,870,15,491,21,2026-01-01
17396,870,16,240,100,2026-01-01
17397,870,17,492,95,2026-01-01
17398,870,18,437,48,2026-01-01
17399,870,19,467,72,2026-01-01
17400,870,20,117,46,2026-01-01
17401,871,1,140,37,2026-01-01
17402,871,2,146,69,2026-01-01
17403,871,3,455,71,2026-01-01
17404,871,4,53,38,2026-01-01
17405,871,5,423,28,2026-01-01
17406,871,6,202,54,2026-01-01
17407,871,7,339,93,2026-01-01
17408,871,8,351,96,2026-01-01
17409,871,9,339,29,2026-01-01
17410,871,10,426,67,2026-01-01
17411,871,11,56,86,2026-01-01
17412,871,12,409,81,2026-01-01
17413,871,13,257,48,2026-01-01
17414,871,14,396,97,2026-01-01
17415,871,15,490,77,2026-01-01
17416,871,16,246,64,2026-01-01
17417,871,17,196,88,2026-01-01
17418,871,18,176,20,2026-01-01
17419,871,19,296,71,2026-01-01
17420,871,20,265,20,2026-01-01
17421,872,1,80,22,2026-01-01
17422,872,2,7,68,2026-01-01
17423,872,3,244,85,2026-01-01
17424,872,4,241,74,2026-01-01
17425,872,5,209,47,2026-01-01
17426,872,6,328,78,2026-01-01
17427,872,7,174,67,2026-01-01
17428,872,8,83,24,2026-01-01
17429,872,9,151,94,2026-01-01
17430,872,10,424,34,2026-01-01
17431,872,11,208,77,2026-01-01
17432,872,12,317,33,2026-01-01
17433,872,13,194,35,2026-01-01
17434,872,14,112,97,2026-01-01
17435,872,15,495,32,2026-01-01
17436,872,16,449,26,2026-01-01
17437,872,17,170,90,2026-01-01
17438,872,18,159,58,2026-01-01
17439,872,19,424,90,2026-01-01
17440,872,20,228,31,2026-01-01
17441,873,1,371,30,2026-01-01
17442,873,2,119,62,2026-01-01
17443,873,3,492,77,2026-01-01
17444,873,4,424,41,2026-01-01
17445,873,5,333,89,2026-01-01
17446,873,6,287,80,2026-01-01
17447,873,7,92,34,2026-01-01
17448,873,8,499,93,2026-01-01
17449,873,9,196,87,2026-01-01
17450,873,10,123,36,2026-01-01
17451,873,11,199,67,2026-01-01
17452,873,12,76,72,2026-01-01
17453,873,13,327,40,2026-01-01
17454,873,14,118,64,2026-01-01
17455,873,15,77,49,2026-01-01
17456,873,16,485,85,2026-01-01
17457,873,17,328,54,2026-01-01
17458,873,18,344,42,2026-01-01
17459,873,19,357,36,2026-01-01
17460,873,20,12,90,2026-01-01
17461,874,1,272,71,2026-01-01
17462,874,2,256,32,2026-01-01
17463,874,3,162,83,2026-01-01
17464,874,4,245,78,2026-01-01
17465,874,5,383,41,2026-01-01
17466,874,6,375,70,2026-01-01
17467,874,7,488,61,2026-01-01
17468,874,8,269,30,2026-01-01
17469,874,9,339,92,2026-01-01
17470,874,10,445,91,2026-01-01
17471,874,11,486,30,2026-01-01
17472,874,12,15,37,2026-01-01
17473,874,13,493,34,2026-01-01
17474,874,14,455,58,2026-01-01
17475,874,15,394,58,2026-01-01
17476,874,16,193,73,2026-01-01
17477,874,17,163,42,2026-01-01
17478,874,18,324,79,2026-01-01
17479,874,19,274,59,2026-01-01
17480,874,20,422,67,2026-01-01
17481,875,1,293,61,2026-01-01
17482,875,2,322,86,2026-01-01
17483,875,3,400,75,2026-01-01
17484,875,4,133,55,2026-01-01
17485,875,5,40,74,2026-01-01
17486,875,6,64,39,2026-01-01
17487,875,7,99,52,2026-01-01
17488,875,8,20,66,2026-01-01
17489,875,9,480,22,2026-01-01
17490,875,10,338,73,2026-01-01
17491,875,11,74,36,2026-01-01
17492,875,12,292,68,2026-01-01
17493,875,13,281,87,2026-01-01
17494,875,14,56,24,2026-01-01
17495,875,15,370,72,2026-01-01
17496,875,16,499,94,2026-01-01
17497,875,17,432,85,2026-01-01
17498,875,18,253,64,2026-01-01
17499,875,19,18,94,2026-01-01
17500,875,20,313,31,2026-01-01
17501,876,1,284,82,2026-01-01
17502,876,2,356,38,2026-01-01
17503,876,3,289,45,2026-01-01
17504,876,4,15,85,2026-01-01
17505,876,5,226,41,2026-01-01
17506,876,6,74,36,2026-01-01
17507,876,7,120,32,2026-01-01
17508,876,8,90,66,2026-01-01
17509,876,9,167,99,2026-01-01
17510,876,10,348,29,2026-01-01
17511,876,11,337,65,2026-01-01
17512,876,12,17,47,2026-01-01
17513,876,13,14,83,2026-01-01
17514,876,14,233,20,2026-01-01
17515,876,15,349,77,2026-01-01
17516,876,16,74,100,2026-01-01
17517,876,17,62,95,2026-01-01
17518,876,18,8,32,2026-01-01
17519,876,19,306,88,2026-01-01
17520,876,20,215,50,2026-01-01
17521,877,1,344,79,2026-01-01
17522,877,2,399,63,2026-01-01
17523,877,3,129,91,2026-01-01
17524,877,4,427,33,2026-01-01
17525,877,5,490,80,2026-01-01
17526,877,6,261,79,2026-01-01
17527,877,7,396,84,2026-01-01
17528,877,8,228,54,2026-01-01
17529,877,9,484,42,2026-01-01
17530,877,10,273,24,2026-01-01
17531,877,11,456,100,2026-01-01
17532,877,12,215,44,2026-01-01
17533,877,13,420,52,2026-01-01
17534,877,14,461,99,2026-01-01
17535,877,15,145,28,2026-01-01
17536,877,16,118,65,2026-01-01
17537,877,17,124,27,2026-01-01
17538,877,18,236,82,2026-01-01
17539,877,19,448,60,2026-01-01
17540,877,20,21,100,2026-01-01
17541,878,1,192,74,2026-01-01
17542,878,2,129,43,2026-01-01
17543,878,3,233,40,2026-01-01
17544,878,4,383,29,2026-01-01
17545,878,5,363,54,2026-01-01
17546,878,6,495,25,2026-01-01
17547,878,7,88,36,2026-01-01
17548,878,8,445,40,2026-01-01
17549,878,9,374,84,2026-01-01
17550,878,10,356,43,2026-01-01
17551,878,11,348,85,2026-01-01
17552,878,12,75,70,2026-01-01
17553,878,13,24,64,2026-01-01
17554,878,14,346,99,2026-01-01
17555,878,15,210,29,2026-01-01
17556,878,16,34,78,2026-01-01
17557,878,17,360,85,2026-01-01
17558,878,18,120,59,2026-01-01
17559,878,19,71,85,2026-01-01
17560,878,20,191,65,2026-01-01
17561,879,1,481,24,2026-01-01
17562,879,2,349,28,2026-01-01
17563,879,3,114,80,2026-01-01
17564,879,4,488,62,2026-01-01
17565,879,5,479,34,2026-01-01
17566,879,6,317,46,2026-01-01
17567,879,7,412,46,2026-01-01
17568,879,8,347,23,2026-01-01
17569,879,9,51,44,2026-01-01
17570,879,10,499,80,2026-01-01
17571,879,11,19,35,2026-01-01
17572,879,12,232,96,2026-01-01
17573,879,13,255,91,2026-01-01
17574,879,14,166,20,2026-01-01
17575,879,15,79,22,2026-01-01
17576,879,16,388,72,2026-01-01
17577,879,17,492,88,2026-01-01
17578,879,18,474,68,2026-01-01
17579,879,19,135,95,2026-01-01
17580,879,20,87,44,2026-01-01
17581,880,1,68,36,2026-01-01
17582,880,2,381,100,2026-01-01
17583,880,3,273,23,2026-01-01
17584,880,4,73,62,2026-01-01
17585,880,5,499,47,2026-01-01
17586,880,6,349,38,2026-01-01
17587,880,7,112,52,2026-01-01
17588,880,8,307,58,2026-01-01
17589,880,9,200,97,2026-01-01
17590,880,10,106,36,2026-01-01
17591,880,11,412,56,2026-01-01
17592,880,12,374,62,2026-01-01
17593,880,13,475,73,2026-01-01
17594,880,14,215,86,2026-01-01
17595,880,15,289,94,2026-01-01
17596,880,16,1,89,2026-01-01
17597,880,17,46,100,2026-01-01
17598,880,18,148,87,2026-01-01
17599,880,19,458,85,2026-01-01
17600,880,20,393,87,2026-01-01
17601,881,1,94,40,2026-01-01
17602,881,2,399,61,2026-01-01
17603,881,3,11,27,2026-01-01
17604,881,4,456,51,2026-01-01
17605,881,5,325,62,2026-01-01
17606,881,6,334,41,2026-01-01
17607,881,7,356,93,2026-01-01
17608,881,8,146,59,2026-01-01
17609,881,9,82,36,2026-01-01
17610,881,10,55,24,2026-01-01
17611,881,11,158,93,2026-01-01
17612,881,12,176,33,2026-01-01
17613,881,13,219,40,2026-01-01
17614,881,14,51,69,2026-01-01
17615,881,15,463,31,2026-01-01
17616,881,16,158,42,2026-01-01
17617,881,17,469,45,2026-01-01
17618,881,18,25,42,2026-01-01
17619,881,19,340,96,2026-01-01
17620,881,20,83,66,2026-01-01
17621,882,1,298,53,2026-01-01
17622,882,2,357,70,2026-01-01
17623,882,3,414,63,2026-01-01
17624,882,4,240,66,2026-01-01
17625,882,5,357,31,2026-01-01
17626,882,6,78,90,2026-01-01
17627,882,7,192,65,2026-01-01
17628,882,8,372,41,2026-01-01
17629,882,9,497,39,2026-01-01
17630,882,10,216,70,2026-01-01
17631,882,11,119,47,2026-01-01
17632,882,12,27,87,2026-01-01
17633,882,13,283,91,2026-01-01
17634,882,14,380,73,2026-01-01
17635,882,15,421,68,2026-01-01
17636,882,16,230,71,2026-01-01
17637,882,17,456,76,2026-01-01
17638,882,18,416,60,2026-01-01
17639,882,19,229,80,2026-01-01
17640,882,20,270,80,2026-01-01
17641,883,1,478,20,2026-01-01
17642,883,2,5,79,2026-01-01
17643,883,3,55,58,2026-01-01
17644,883,4,473,91,2026-01-01
17645,883,5,474,94,2026-01-01
17646,883,6,364,20,2026-01-01
17647,883,7,391,66,2026-01-01
17648,883,8,322,67,2026-01-01
17649,883,9,218,65,2026-01-01
17650,883,10,131,81,2026-01-01
17651,883,11,133,43,2026-01-01
17652,883,12,298,43,2026-01-01
17653,883,13,418,47,2026-01-01
17654,883,14,273,49,2026-01-01
17655,883,15,394,90,2026-01-01
17656,883,16,389,43,2026-01-01
17657,883,17,220,99,2026-01-01
17658,883,18,311,72,2026-01-01
17659,883,19,173,50,2026-01-01
17660,883,20,264,74,2026-01-01
17661,884,1,315,50,2026-01-01
17662,884,2,125,89,2026-01-01
17663,884,3,51,82,2026-01-01
17664,884,4,180,50,2026-01-01
17665,884,5,47,25,2026-01-01
17666,884,6,72,57,2026-01-01
17667,884,7,198,79,2026-01-01
17668,884,8,346,80,2026-01-01
17669,884,9,105,22,2026-01-01
17670,884,10,492,73,2026-01-01
17671,884,11,468,96,2026-01-01
17672,884,12,467,32,2026-01-01
17673,884,13,64,43,2026-01-01
17674,884,14,261,49,2026-01-01
17675,884,15,206,70,2026-01-01
17676,884,16,487,80,2026-01-01
17677,884,17,314,76,2026-01-01
17678,884,18,425,26,2026-01-01
17679,884,19,9,23,2026-01-01
17680,884,20,496,37,2026-01-01
17681,885,1,239,85,2026-01-01
17682,885,2,413,87,2026-01-01
17683,885,3,386,100,2026-01-01
17684,885,4,460,77,2026-01-01
17685,885,5,37,83,2026-01-01
17686,885,6,361,76,2026-01-01
17687,885,7,445,66,2026-01-01
17688,885,8,472,96,2026-01-01
17689,885,9,22,94,2026-01-01
17690,885,10,134,73,2026-01-01
17691,885,11,177,32,2026-01-01
17692,885,12,105,28,2026-01-01
17693,885,13,413,33,2026-01-01
17694,885,14,67,52,2026-01-01
17695,885,15,264,99,2026-01-01
17696,885,16,49,58,2026-01-01
17697,885,17,339,84,2026-01-01
17698,885,18,61,64,2026-01-01
17699,885,19,83,34,2026-01-01
17700,885,20,39,68,2026-01-01
17701,886,1,101,96,2026-01-01
17702,886,2,347,81,2026-01-01
17703,886,3,483,24,2026-01-01
17704,886,4,361,66,2026-01-01
17705,886,5,82,30,2026-01-01
17706,886,6,141,53,2026-01-01
17707,886,7,58,52,2026-01-01
17708,886,8,99,91,2026-01-01
17709,886,9,213,81,2026-01-01
17710,886,10,101,46,2026-01-01
17711,886,11,121,50,2026-01-01
17712,886,12,446,69,2026-01-01
17713,886,13,18,44,2026-01-01
17714,886,14,83,26,2026-01-01
17715,886,15,178,24,2026-01-01
17716,886,16,105,63,2026-01-01
17717,886,17,112,97,2026-01-01
17718,886,18,451,24,2026-01-01
17719,886,19,384,39,2026-01-01
17720,886,20,254,34,2026-01-01
17721,887,1,87,28,2026-01-01
17722,887,2,92,90,2026-01-01
17723,887,3,78,94,2026-01-01
17724,887,4,30,27,2026-01-01
17725,887,5,124,26,2026-01-01
17726,887,6,273,76,2026-01-01
17727,887,7,296,90,2026-01-01
17728,887,8,213,75,2026-01-01
17729,887,9,436,52,2026-01-01
17730,887,10,289,47,2026-01-01
17731,887,11,40,25,2026-01-01
17732,887,12,119,86,2026-01-01
17733,887,13,284,50,2026-01-01
17734,887,14,352,94,2026-01-01
17735,887,15,486,29,2026-01-01
17736,887,16,300,41,2026-01-01
17737,887,17,150,40,2026-01-01
17738,887,18,487,65,2026-01-01
17739,887,19,251,31,2026-01-01
17740,887,20,145,67,2026-01-01
17741,888,1,25,41,2026-01-01
17742,888,2,69,42,2026-01-01
17743,888,3,116,20,2026-01-01
17744,888,4,289,73,2026-01-01
17745,888,5,443,82,2026-01-01
17746,888,6,305,51,2026-01-01
17747,888,7,99,36,2026-01-01
17748,888,8,385,20,2026-01-01
17749,888,9,163,36,2026-01-01
17750,888,10,153,47,2026-01-01
17751,888,11,443,43,2026-01-01
17752,888,12,309,38,2026-01-01
17753,888,13,127,77,2026-01-01
17754,888,14,476,85,2026-01-01
17755,888,15,455,70,2026-01-01
17756,888,16,483,34,2026-01-01
17757,888,17,180,49,2026-01-01
17758,888,18,83,25,2026-01-01
17759,888,19,487,90,2026-01-01
17760,888,20,216,83,2026-01-01
17761,889,1,1,79,2026-01-01
17762,889,2,210,35,2026-01-01
17763,889,3,330,50,2026-01-01
17764,889,4,82,46,2026-01-01
17765,889,5,442,30,2026-01-01
17766,889,6,317,39,2026-01-01
17767,889,7,304,43,2026-01-01
17768,889,8,231,96,2026-01-01
17769,889,9,61,100,2026-01-01
17770,889,10,395,69,2026-01-01
17771,889,11,455,42,2026-01-01
17772,889,12,280,48,2026-01-01
17773,889,13,167,78,2026-01-01
17774,889,14,400,41,2026-01-01
17775,889,15,283,39,2026-01-01
17776,889,16,368,100,2026-01-01
17777,889,17,484,94,2026-01-01
17778,889,18,148,39,2026-01-01
17779,889,19,462,26,2026-01-01
17780,889,20,279,96,2026-01-01
17781,890,1,234,66,2026-01-01
17782,890,2,230,38,2026-01-01
17783,890,3,339,67,2026-01-01
17784,890,4,409,46,2026-01-01
17785,890,5,456,26,2026-01-01
17786,890,6,154,52,2026-01-01
17787,890,7,102,35,2026-01-01
17788,890,8,72,48,2026-01-01
17789,890,9,255,39,2026-01-01
17790,890,10,265,32,2026-01-01
17791,890,11,296,76,2026-01-01
17792,890,12,251,75,2026-01-01
17793,890,13,300,20,2026-01-01
17794,890,14,383,99,2026-01-01
17795,890,15,270,45,2026-01-01
17796,890,16,229,75,2026-01-01
17797,890,17,151,93,2026-01-01
17798,890,18,487,60,2026-01-01
17799,890,19,194,90,2026-01-01
17800,890,20,57,79,2026-01-01
17801,891,1,11,24,2026-01-01
17802,891,2,247,88,2026-01-01
17803,891,3,261,65,2026-01-01
17804,891,4,157,38,2026-01-01
17805,891,5,330,49,2026-01-01
17806,891,6,44,36,2026-01-01
17807,891,7,363,92,2026-01-01
17808,891,8,419,96,2026-01-01
17809,891,9,317,100,2026-01-01
17810,891,10,411,49,2026-01-01
17811,891,11,336,44,2026-01-01
17812,891,12,224,85,2026-01-01
17813,891,13,118,59,2026-01-01
17814,891,14,75,60,2026-01-01
17815,891,15,136,80,2026-01-01
17816,891,16,449,43,2026-01-01
17817,891,17,410,46,2026-01-01
17818,891,18,209,52,2026-01-01
17819,891,19,399,59,2026-01-01
17820,891,20,25,52,2026-01-01
17821,892,1,448,36,2026-01-01
17822,892,2,186,59,2026-01-01
17823,892,3,368,76,2026-01-01
17824,892,4,270,87,2026-01-01
17825,892,5,455,36,2026-01-01
17826,892,6,254,34,2026-01-01
17827,892,7,0,89,2026-01-01
17828,892,8,235,100,2026-01-01
17829,892,9,404,34,2026-01-01
17830,892,10,70,89,2026-01-01
17831,892,11,7,71,2026-01-01
17832,892,12,81,23,2026-01-01
17833,892,13,437,25,2026-01-01
17834,892,14,89,37,2026-01-01
17835,892,15,91,63,2026-01-01
17836,892,16,83,63,2026-01-01
17837,892,17,292,98,2026-01-01
17838,892,18,393,76,2026-01-01
17839,892,19,323,98,2026-01-01
17840,892,20,63,94,2026-01-01
17841,893,1,236,59,2026-01-01
17842,893,2,492,97,2026-01-01
17843,893,3,428,97,2026-01-01
17844,893,4,171,33,2026-01-01
17845,893,5,161,77,2026-01-01
17846,893,6,15,70,2026-01-01
17847,893,7,478,41,2026-01-01
17848,893,8,141,25,2026-01-01
17849,893,9,471,92,2026-01-01
17850,893,10,440,80,2026-01-01
17851,893,11,47,34,2026-01-01
17852,893,12,110,78,2026-01-01
17853,893,13,89,94,2026-01-01
17854,893,14,298,57,2026-01-01
17855,893,15,118,46,2026-01-01
17856,893,16,371,44,2026-01-01
17857,893,17,253,51,2026-01-01
17858,893,18,475,21,2026-01-01
17859,893,19,0,96,2026-01-01
17860,893,20,376,38,2026-01-01
17861,894,1,267,94,2026-01-01
17862,894,2,126,30,2026-01-01
17863,894,3,245,68,2026-01-01
17864,894,4,253,86,2026-01-01
17865,894,5,421,93,2026-01-01
17866,894,6,12,85,2026-01-01
17867,894,7,256,62,2026-01-01
17868,894,8,194,28,2026-01-01
17869,894,9,131,100,2026-01-01
17870,894,10,125,42,2026-01-01
17871,894,11,44,26,2026-01-01
17872,894,12,223,54,2026-01-01
17873,894,13,25,22,2026-01-01
17874,894,14,134,76,2026-01-01
17875,894,15,440,88,2026-01-01
17876,894,16,461,39,2026-01-01
17877,894,17,227,79,2026-01-01
17878,894,18,29,98,2026-01-01
17879,894,19,268,82,2026-01-01
17880,894,20,34,86,2026-01-01
17881,895,1,219,71,2026-01-01
17882,895,2,72,51,2026-01-01
17883,895,3,114,61,2026-01-01
17884,895,4,121,68,2026-01-01
17885,895,5,294,79,2026-01-01
17886,895,6,197,37,2026-01-01
17887,895,7,112,73,2026-01-01
17888,895,8,272,24,2026-01-01
17889,895,9,48,68,2026-01-01
17890,895,10,276,44,2026-01-01
17891,895,11,66,50,2026-01-01
17892,895,12,312,22,2026-01-01
17893,895,13,11,47,2026-01-01
17894,895,14,466,86,2026-01-01
17895,895,15,256,28,2026-01-01
17896,895,16,233,80,2026-01-01
17897,895,17,373,66,2026-01-01
17898,895,18,311,70,2026-01-01
17899,895,19,98,87,2026-01-01
17900,895,20,140,20,2026-01-01
17901,896,1,206,43,2026-01-01
17902,896,2,500,75,2026-01-01
17903,896,3,246,72,2026-01-01
17904,896,4,209,71,2026-01-01
17905,896,5,489,98,2026-01-01
17906,896,6,350,24,2026-01-01
17907,896,7,301,70,2026-01-01
17908,896,8,468,63,2026-01-01
17909,896,9,345,55,2026-01-01
17910,896,10,204,93,2026-01-01
17911,896,11,148,69,2026-01-01
17912,896,12,166,55,2026-01-01
17913,896,13,181,65,2026-01-01
17914,896,14,91,93,2026-01-01
17915,896,15,341,58,2026-01-01
17916,896,16,338,45,2026-01-01
17917,896,17,50,82,2026-01-01
17918,896,18,488,54,2026-01-01
17919,896,19,59,56,2026-01-01
17920,896,20,330,22,2026-01-01
17921,897,1,116,84,2026-01-01
17922,897,2,305,88,2026-01-01
17923,897,3,492,59,2026-01-01
17924,897,4,123,32,2026-01-01
17925,897,5,476,39,2026-01-01
17926,897,6,469,56,2026-01-01
17927,897,7,41,30,2026-01-01
17928,897,8,477,50,2026-01-01
17929,897,9,251,97,2026-01-01
17930,897,10,428,94,2026-01-01
17931,897,11,212,39,2026-01-01
17932,897,12,418,48,2026-01-01
17933,897,13,69,43,2026-01-01
17934,897,14,246,53,2026-01-01
17935,897,15,345,49,2026-01-01
17936,897,16,146,89,2026-01-01
17937,897,17,246,89,2026-01-01
17938,897,18,11,68,2026-01-01
17939,897,19,125,97,2026-01-01
17940,897,20,156,88,2026-01-01
17941,898,1,483,74,2026-01-01
17942,898,2,117,71,2026-01-01
17943,898,3,231,50,2026-01-01
17944,898,4,297,83,2026-01-01
17945,898,5,184,71,2026-01-01
17946,898,6,240,80,2026-01-01
17947,898,7,484,78,2026-01-01
17948,898,8,306,57,2026-01-01
17949,898,9,7,95,2026-01-01
17950,898,10,123,61,2026-01-01
17951,898,11,463,81,2026-01-01
17952,898,12,283,63,2026-01-01
17953,898,13,293,75,2026-01-01
17954,898,14,67,71,2026-01-01
17955,898,15,190,88,2026-01-01
17956,898,16,293,41,2026-01-01
17957,898,17,294,54,2026-01-01
17958,898,18,351,25,2026-01-01
17959,898,19,138,57,2026-01-01
17960,898,20,161,48,2026-01-01
17961,899,1,190,68,2026-01-01
17962,899,2,22,35,2026-01-01
17963,899,3,48,100,2026-01-01
17964,899,4,123,74,2026-01-01
17965,899,5,246,93,2026-01-01
17966,899,6,185,61,2026-01-01
17967,899,7,101,59,2026-01-01
17968,899,8,404,78,2026-01-01
17969,899,9,427,47,2026-01-01
17970,899,10,209,40,2026-01-01
17971,899,11,400,92,2026-01-01
17972,899,12,42,43,2026-01-01
17973,899,13,149,87,2026-01-01
17974,899,14,482,81,2026-01-01
17975,899,15,186,80,2026-01-01
17976,899,16,119,41,2026-01-01
17977,899,17,21,46,2026-01-01
17978,899,18,313,87,2026-01-01
17979,899,19,198,74,2026-01-01
17980,899,20,311,21,2026-01-01
17981,900,1,453,73,2026-01-01
17982,900,2,101,29,2026-01-01
17983,900,3,296,61,2026-01-01
17984,900,4,191,42,2026-01-01
17985,900,5,169,53,2026-01-01
17986,900,6,94,43,2026-01-01
17987,900,7,260,56,2026-01-01
17988,900,8,326,53,2026-01-01
17989,900,9,98,81,2026-01-01
17990,900,10,476,99,2026-01-01
17991,900,11,147,46,2026-01-01
17992,900,12,122,31,2026-01-01
17993,900,13,427,52,2026-01-01
17994,900,14,261,60,2026-01-01
17995,900,15,489,59,2026-01-01
17996,900,16,25,34,2026-01-01
17997,900,17,145,65,2026-01-01
17998,900,18,242,27,2026-01-01
17999,900,19,212,92,2026-01-01
18000,900,20,89,76,2026-01-01
18001,901,1,319,36,2026-01-01
18002,901,2,107,82,2026-01-01
18003,901,3,116,94,2026-01-01
18004,901,4,394,91,2026-01-01
18005,901,5,429,67,2026-01-01
18006,901,6,199,27,2026-01-01
18007,901,7,227,73,2026-01-01
18008,901,8,402,50,2026-01-01
18009,901,9,96,26,2026-01-01
18010,901,10,411,81,2026-01-01
18011,901,11,182,44,2026-01-01
18012,901,12,183,84,2026-01-01
18013,901,13,19,63,2026-01-01
18014,901,14,330,95,2026-01-01
18015,901,15,371,23,2026-01-01
18016,901,16,3,27,2026-01-01
18017,901,17,295,78,2026-01-01
18018,901,18,400,23,2026-01-01
18019,901,19,360,88,2026-01-01
18020,901,20,99,64,2026-01-01
18021,902,1,119,76,2026-01-01
18022,902,2,50,34,2026-01-01
18023,902,3,205,51,2026-01-01
18024,902,4,309,27,2026-01-01
18025,902,5,288,63,2026-01-01
18026,902,6,307,46,2026-01-01
18027,902,7,11,61,2026-01-01
18028,902,8,100,34,2026-01-01
18029,902,9,137,39,2026-01-01
18030,902,10,404,74,2026-01-01
18031,902,11,414,42,2026-01-01
18032,902,12,223,54,2026-01-01
18033,902,13,368,43,2026-01-01
18034,902,14,287,95,2026-01-01
18035,902,15,217,29,2026-01-01
18036,902,16,294,68,2026-01-01
18037,902,17,287,56,2026-01-01
18038,902,18,403,36,2026-01-01
18039,902,19,324,43,2026-01-01
18040,902,20,475,100,2026-01-01
18041,903,1,463,27,2026-01-01
18042,903,2,146,21,2026-01-01
18043,903,3,338,53,2026-01-01
18044,903,4,169,21,2026-01-01
18045,903,5,424,29,2026-01-01
18046,903,6,51,58,2026-01-01
18047,903,7,252,50,2026-01-01
18048,903,8,258,69,2026-01-01
18049,903,9,48,33,2026-01-01
18050,903,10,396,49,2026-01-01
18051,903,11,268,76,2026-01-01
18052,903,12,35,58,2026-01-01
18053,903,13,489,28,2026-01-01
18054,903,14,242,94,2026-01-01
18055,903,15,151,70,2026-01-01
18056,903,16,74,69,2026-01-01
18057,903,17,307,31,2026-01-01
18058,903,18,145,74,2026-01-01
18059,903,19,13,95,2026-01-01
18060,903,20,456,91,2026-01-01
18061,904,1,263,43,2026-01-01
18062,904,2,317,79,2026-01-01
18063,904,3,439,32,2026-01-01
18064,904,4,83,56,2026-01-01
18065,904,5,203,60,2026-01-01
18066,904,6,70,24,2026-01-01
18067,904,7,84,60,2026-01-01
18068,904,8,131,83,2026-01-01
18069,904,9,409,43,2026-01-01
18070,904,10,335,66,2026-01-01
18071,904,11,334,24,2026-01-01
18072,904,12,373,86,2026-01-01
18073,904,13,298,33,2026-01-01
18074,904,14,447,82,2026-01-01
18075,904,15,100,37,2026-01-01
18076,904,16,58,38,2026-01-01
18077,904,17,51,88,2026-01-01
18078,904,18,145,80,2026-01-01
18079,904,19,419,58,2026-01-01
18080,904,20,387,78,2026-01-01
18081,905,1,262,32,2026-01-01
18082,905,2,130,75,2026-01-01
18083,905,3,330,20,2026-01-01
18084,905,4,258,83,2026-01-01
18085,905,5,197,55,2026-01-01
18086,905,6,161,67,2026-01-01
18087,905,7,436,29,2026-01-01
18088,905,8,162,75,2026-01-01
18089,905,9,33,80,2026-01-01
18090,905,10,339,53,2026-01-01
18091,905,11,471,55,2026-01-01
18092,905,12,69,36,2026-01-01
18093,905,13,194,33,2026-01-01
18094,905,14,144,67,2026-01-01
18095,905,15,286,64,2026-01-01
18096,905,16,406,30,2026-01-01
18097,905,17,345,82,2026-01-01
18098,905,18,329,81,2026-01-01
18099,905,19,356,63,2026-01-01
18100,905,20,352,47,2026-01-01
18101,906,1,31,96,2026-01-01
18102,906,2,358,55,2026-01-01
18103,906,3,249,75,2026-01-01
18104,906,4,184,61,2026-01-01
18105,906,5,114,24,2026-01-01
18106,906,6,412,21,2026-01-01
18107,906,7,367,40,2026-01-01
18108,906,8,216,27,2026-01-01
18109,906,9,300,39,2026-01-01
18110,906,10,374,56,2026-01-01
18111,906,11,470,23,2026-01-01
18112,906,12,148,92,2026-01-01
18113,906,13,500,84,2026-01-01
18114,906,14,126,20,2026-01-01
18115,906,15,415,51,2026-01-01
18116,906,16,372,52,2026-01-01
18117,906,17,167,41,2026-01-01
18118,906,18,196,92,2026-01-01
18119,906,19,119,68,2026-01-01
18120,906,20,307,88,2026-01-01
18121,907,1,169,44,2026-01-01
18122,907,2,495,23,2026-01-01
18123,907,3,426,22,2026-01-01
18124,907,4,492,69,2026-01-01
18125,907,5,285,21,2026-01-01
18126,907,6,227,89,2026-01-01
18127,907,7,308,54,2026-01-01
18128,907,8,254,100,2026-01-01
18129,907,9,141,59,2026-01-01
18130,907,10,444,56,2026-01-01
18131,907,11,158,91,2026-01-01
18132,907,12,473,98,2026-01-01
18133,907,13,279,63,2026-01-01
18134,907,14,103,61,2026-01-01
18135,907,15,61,73,2026-01-01
18136,907,16,346,73,2026-01-01
18137,907,17,237,76,2026-01-01
18138,907,18,0,78,2026-01-01
18139,907,19,331,33,2026-01-01
18140,907,20,379,82,2026-01-01
18141,908,1,481,52,2026-01-01
18142,908,2,86,92,2026-01-01
18143,908,3,300,64,2026-01-01
18144,908,4,278,79,2026-01-01
18145,908,5,67,26,2026-01-01
18146,908,6,28,81,2026-01-01
18147,908,7,307,44,2026-01-01
18148,908,8,335,47,2026-01-01
18149,908,9,249,67,2026-01-01
18150,908,10,233,84,2026-01-01
18151,908,11,412,23,2026-01-01
18152,908,12,491,92,2026-01-01
18153,908,13,456,52,2026-01-01
18154,908,14,253,75,2026-01-01
18155,908,15,46,70,2026-01-01
18156,908,16,8,30,2026-01-01
18157,908,17,303,59,2026-01-01
18158,908,18,173,80,2026-01-01
18159,908,19,349,87,2026-01-01
18160,908,20,64,46,2026-01-01
18161,909,1,157,72,2026-01-01
18162,909,2,117,22,2026-01-01
18163,909,3,481,36,2026-01-01
18164,909,4,3,28,2026-01-01
18165,909,5,202,36,2026-01-01
18166,909,6,399,96,2026-01-01
18167,909,7,117,71,2026-01-01
18168,909,8,97,59,2026-01-01
18169,909,9,362,31,2026-01-01
18170,909,10,81,96,2026-01-01
18171,909,11,281,89,2026-01-01
18172,909,12,484,57,2026-01-01
18173,909,13,169,88,2026-01-01
18174,909,14,162,51,2026-01-01
18175,909,15,77,61,2026-01-01
18176,909,16,380,99,2026-01-01
18177,909,17,499,83,2026-01-01
18178,909,18,406,59,2026-01-01
18179,909,19,210,79,2026-01-01
18180,909,20,264,61,2026-01-01
18181,910,1,195,93,2026-01-01
18182,910,2,247,100,2026-01-01
18183,910,3,452,25,2026-01-01
18184,910,4,82,46,2026-01-01
18185,910,5,63,78,2026-01-01
18186,910,6,478,99,2026-01-01
18187,910,7,310,66,2026-01-01
18188,910,8,454,46,2026-01-01
18189,910,9,105,94,2026-01-01
18190,910,10,344,66,2026-01-01
18191,910,11,32,44,2026-01-01
18192,910,12,72,53,2026-01-01
18193,910,13,278,43,2026-01-01
18194,910,14,442,83,2026-01-01
18195,910,15,181,40,2026-01-01
18196,910,16,50,98,2026-01-01
18197,910,17,407,41,2026-01-01
18198,910,18,398,91,2026-01-01
18199,910,19,431,65,2026-01-01
18200,910,20,241,62,2026-01-01
18201,911,1,418,26,2026-01-01
18202,911,2,421,90,2026-01-01
18203,911,3,30,93,2026-01-01
18204,911,4,93,92,2026-01-01
18205,911,5,92,94,2026-01-01
18206,911,6,275,61,2026-01-01
18207,911,7,212,44,2026-01-01
18208,911,8,87,21,2026-01-01
18209,911,9,113,66,2026-01-01
18210,911,10,18,81,2026-01-01
18211,911,11,439,94,2026-01-01
18212,911,12,72,65,2026-01-01
18213,911,13,242,89,2026-01-01
18214,911,14,281,89,2026-01-01
18215,911,15,385,65,2026-01-01
18216,911,16,343,57,2026-01-01
18217,911,17,186,85,2026-01-01
18218,911,18,271,63,2026-01-01
18219,911,19,482,79,2026-01-01
18220,911,20,264,66,2026-01-01
18221,912,1,226,81,2026-01-01
18222,912,2,141,52,2026-01-01
18223,912,3,39,26,2026-01-01
18224,912,4,41,54,2026-01-01
18225,912,5,76,48,2026-01-01
18226,912,6,216,56,2026-01-01
18227,912,7,475,95,2026-01-01
18228,912,8,423,97,2026-01-01
18229,912,9,491,97,2026-01-01
18230,912,10,227,64,2026-01-01
18231,912,11,67,49,2026-01-01
18232,912,12,49,22,2026-01-01
18233,912,13,455,61,2026-01-01
18234,912,14,321,43,2026-01-01
18235,912,15,409,20,2026-01-01
18236,912,16,367,81,2026-01-01
18237,912,17,115,61,2026-01-01
18238,912,18,28,56,2026-01-01
18239,912,19,342,98,2026-01-01
18240,912,20,256,53,2026-01-01
18241,913,1,29,97,2026-01-01
18242,913,2,417,83,2026-01-01
18243,913,3,174,27,2026-01-01
18244,913,4,461,36,2026-01-01
18245,913,5,90,74,2026-01-01
18246,913,6,408,56,2026-01-01
18247,913,7,198,95,2026-01-01
18248,913,8,139,38,2026-01-01
18249,913,9,269,100,2026-01-01
18250,913,10,373,95,2026-01-01
18251,913,11,303,90,2026-01-01
18252,913,12,177,85,2026-01-01
18253,913,13,43,31,2026-01-01
18254,913,14,490,95,2026-01-01
18255,913,15,47,96,2026-01-01
18256,913,16,373,67,2026-01-01
18257,913,17,213,71,2026-01-01
18258,913,18,106,62,2026-01-01
18259,913,19,208,53,2026-01-01
18260,913,20,326,82,2026-01-01
18261,914,1,352,26,2026-01-01
18262,914,2,241,49,2026-01-01
18263,914,3,147,43,2026-01-01
18264,914,4,387,50,2026-01-01
18265,914,5,419,35,2026-01-01
18266,914,6,437,54,2026-01-01
18267,914,7,387,100,2026-01-01
18268,914,8,111,64,2026-01-01
18269,914,9,307,54,2026-01-01
18270,914,10,400,23,2026-01-01
18271,914,11,44,23,2026-01-01
18272,914,12,169,65,2026-01-01
18273,914,13,434,25,2026-01-01
18274,914,14,159,43,2026-01-01
18275,914,15,108,52,2026-01-01
18276,914,16,48,66,2026-01-01
18277,914,17,89,45,2026-01-01
18278,914,18,59,36,2026-01-01
18279,914,19,153,51,2026-01-01
18280,914,20,83,21,2026-01-01
18281,915,1,261,63,2026-01-01
18282,915,2,150,87,2026-01-01
18283,915,3,232,64,2026-01-01
18284,915,4,180,95,2026-01-01
18285,915,5,326,24,2026-01-01
18286,915,6,36,57,2026-01-01
18287,915,7,316,75,2026-01-01
18288,915,8,397,87,2026-01-01
18289,915,9,489,42,2026-01-01
18290,915,10,179,54,2026-01-01
18291,915,11,337,21,2026-01-01
18292,915,12,48,61,2026-01-01
18293,915,13,143,22,2026-01-01
18294,915,14,387,70,2026-01-01
18295,915,15,177,54,2026-01-01
18296,915,16,126,80,2026-01-01
18297,915,17,474,24,2026-01-01
18298,915,18,49,91,2026-01-01
18299,915,19,348,32,2026-01-01
18300,915,20,142,95,2026-01-01
18301,916,1,128,48,2026-01-01
18302,916,2,448,75,2026-01-01
18303,916,3,346,86,2026-01-01
18304,916,4,212,68,2026-01-01
18305,916,5,384,33,2026-01-01
18306,916,6,448,82,2026-01-01
18307,916,7,279,69,2026-01-01
18308,916,8,438,81,2026-01-01
18309,916,9,276,59,2026-01-01
18310,916,10,428,51,2026-01-01
18311,916,11,74,21,2026-01-01
18312,916,12,21,60,2026-01-01
18313,916,13,473,87,2026-01-01
18314,916,14,160,49,2026-01-01
18315,916,15,489,42,2026-01-01
18316,916,16,338,51,2026-01-01
18317,916,17,392,46,2026-01-01
18318,916,18,195,59,2026-01-01
18319,916,19,293,60,2026-01-01
18320,916,20,325,47,2026-01-01
18321,917,1,125,39,2026-01-01
18322,917,2,27,47,2026-01-01
18323,917,3,304,100,2026-01-01
18324,917,4,460,32,2026-01-01
18325,917,5,8,99,2026-01-01
18326,917,6,42,88,2026-01-01
18327,917,7,126,33,2026-01-01
18328,917,8,332,100,2026-01-01
18329,917,9,325,99,2026-01-01
18330,917,10,204,87,2026-01-01
18331,917,11,395,38,2026-01-01
18332,917,12,0,34,2026-01-01
18333,917,13,226,94,2026-01-01
18334,917,14,113,84,2026-01-01
18335,917,15,303,28,2026-01-01
18336,917,16,335,94,2026-01-01
18337,917,17,22,51,2026-01-01
18338,917,18,282,73,2026-01-01
18339,917,19,366,56,2026-01-01
18340,917,20,417,93,2026-01-01
18341,918,1,491,82,2026-01-01
18342,918,2,452,43,2026-01-01
18343,918,3,107,74,2026-01-01
18344,918,4,128,21,2026-01-01
18345,918,5,447,76,2026-01-01
18346,918,6,79,41,2026-01-01
18347,918,7,174,59,2026-01-01
18348,918,8,433,48,2026-01-01
18349,918,9,171,60,2026-01-01
18350,918,10,281,94,2026-01-01
18351,918,11,198,97,2026-01-01
18352,918,12,145,67,2026-01-01
18353,918,13,109,34,2026-01-01
18354,918,14,155,74,2026-01-01
18355,918,15,171,47,2026-01-01
18356,918,16,423,22,2026-01-01
18357,918,17,8,68,2026-01-01
18358,918,18,349,74,2026-01-01
18359,918,19,472,45,2026-01-01
18360,918,20,488,36,2026-01-01
18361,919,1,16,64,2026-01-01
18362,919,2,116,56,2026-01-01
18363,919,3,266,82,2026-01-01
18364,919,4,111,42,2026-01-01
18365,919,5,323,21,2026-01-01
18366,919,6,348,92,2026-01-01
18367,919,7,144,71,2026-01-01
18368,919,8,102,91,2026-01-01
18369,919,9,462,39,2026-01-01
18370,919,10,232,38,2026-01-01
18371,919,11,499,47,2026-01-01
18372,919,12,389,93,2026-01-01
18373,919,13,258,92,2026-01-01
18374,919,14,117,87,2026-01-01
18375,919,15,480,92,2026-01-01
18376,919,16,245,78,2026-01-01
18377,919,17,142,64,2026-01-01
18378,919,18,245,61,2026-01-01
18379,919,19,7,30,2026-01-01
18380,919,20,71,41,2026-01-01
18381,920,1,240,90,2026-01-01
18382,920,2,349,47,2026-01-01
18383,920,3,373,45,2026-01-01
18384,920,4,443,30,2026-01-01
18385,920,5,19,63,2026-01-01
18386,920,6,200,71,2026-01-01
18387,920,7,4,30,2026-01-01
18388,920,8,440,25,2026-01-01
18389,920,9,172,49,2026-01-01
18390,920,10,488,52,2026-01-01
18391,920,11,154,100,2026-01-01
18392,920,12,286,76,2026-01-01
18393,920,13,88,98,2026-01-01
18394,920,14,328,80,2026-01-01
18395,920,15,406,88,2026-01-01
18396,920,16,260,50,2026-01-01
18397,920,17,131,29,2026-01-01
18398,920,18,256,94,2026-01-01
18399,920,19,259,26,2026-01-01
18400,920,20,406,86,2026-01-01
18401,921,1,232,50,2026-01-01
18402,921,2,191,41,2026-01-01
18403,921,3,0,82,2026-01-01
18404,921,4,232,58,2026-01-01
18405,921,5,359,58,2026-01-01
18406,921,6,455,21,2026-01-01
18407,921,7,240,23,2026-01-01
18408,921,8,10,34,2026-01-01
18409,921,9,68,67,2026-01-01
18410,921,10,484,74,2026-01-01
18411,921,11,41,94,2026-01-01
18412,921,12,78,31,2026-01-01
18413,921,13,444,38,2026-01-01
18414,921,14,83,81,2026-01-01
18415,921,15,82,92,2026-01-01
18416,921,16,296,74,2026-01-01
18417,921,17,225,100,2026-01-01
18418,921,18,168,66,2026-01-01
18419,921,19,399,54,2026-01-01
18420,921,20,441,94,2026-01-01
18421,922,1,53,48,2026-01-01
18422,922,2,51,36,2026-01-01
18423,922,3,83,47,2026-01-01
18424,922,4,228,82,2026-01-01
18425,922,5,484,68,2026-01-01
18426,922,6,174,88,2026-01-01
18427,922,7,358,92,2026-01-01
18428,922,8,419,48,2026-01-01
18429,922,9,174,22,2026-01-01
18430,922,10,78,63,2026-01-01
18431,922,11,217,41,2026-01-01
18432,922,12,99,100,2026-01-01
18433,922,13,438,84,2026-01-01
18434,922,14,352,48,2026-01-01
18435,922,15,488,99,2026-01-01
18436,922,16,18,90,2026-01-01
18437,922,17,316,46,2026-01-01
18438,922,18,185,66,2026-01-01
18439,922,19,56,31,2026-01-01
18440,922,20,5,64,2026-01-01
18441,923,1,194,89,2026-01-01
18442,923,2,261,79,2026-01-01
18443,923,3,116,40,2026-01-01
18444,923,4,399,33,2026-01-01
18445,923,5,328,61,2026-01-01
18446,923,6,300,78,2026-01-01
18447,923,7,130,34,2026-01-01
18448,923,8,4,45,2026-01-01
18449,923,9,493,90,2026-01-01
18450,923,10,242,82,2026-01-01
18451,923,11,53,39,2026-01-01
18452,923,12,323,97,2026-01-01
18453,923,13,203,79,2026-01-01
18454,923,14,179,39,2026-01-01
18455,923,15,147,42,2026-01-01
18456,923,16,404,69,2026-01-01
18457,923,17,126,70,2026-01-01
18458,923,18,388,85,2026-01-01
18459,923,19,360,81,2026-01-01
18460,923,20,196,60,2026-01-01
18461,924,1,267,92,2026-01-01
18462,924,2,344,70,2026-01-01
18463,924,3,402,71,2026-01-01
18464,924,4,359,100,2026-01-01
18465,924,5,233,73,2026-01-01
18466,924,6,214,59,2026-01-01
18467,924,7,182,87,2026-01-01
18468,924,8,74,42,2026-01-01
18469,924,9,205,23,2026-01-01
18470,924,10,399,90,2026-01-01
18471,924,11,14,83,2026-01-01
18472,924,12,12,66,2026-01-01
18473,924,13,199,37,2026-01-01
18474,924,14,385,74,2026-01-01
18475,924,15,53,77,2026-01-01
18476,924,16,80,66,2026-01-01
18477,924,17,304,90,2026-01-01
18478,924,18,107,92,2026-01-01
18479,924,19,12,76,2026-01-01
18480,924,20,235,64,2026-01-01
18481,925,1,402,62,2026-01-01
18482,925,2,5,47,2026-01-01
18483,925,3,159,39,2026-01-01
18484,925,4,135,59,2026-01-01
18485,925,5,20,22,2026-01-01
18486,925,6,90,98,2026-01-01
18487,925,7,39,21,2026-01-01
18488,925,8,491,82,2026-01-01
18489,925,9,480,53,2026-01-01
18490,925,10,287,78,2026-01-01
18491,925,11,107,68,2026-01-01
18492,925,12,167,21,2026-01-01
18493,925,13,75,27,2026-01-01
18494,925,14,85,28,2026-01-01
18495,925,15,84,78,2026-01-01
18496,925,16,246,29,2026-01-01
18497,925,17,373,84,2026-01-01
18498,925,18,355,89,2026-01-01
18499,925,19,110,67,2026-01-01
18500,925,20,29,73,2026-01-01
18501,926,1,71,98,2026-01-01
18502,926,2,89,87,2026-01-01
18503,926,3,388,71,2026-01-01
18504,926,4,154,73,2026-01-01
18505,926,5,109,40,2026-01-01
18506,926,6,414,85,2026-01-01
18507,926,7,40,40,2026-01-01
18508,926,8,333,86,2026-01-01
18509,926,9,408,35,2026-01-01
18510,926,10,486,41,2026-01-01
18511,926,11,64,37,2026-01-01
18512,926,12,378,61,2026-01-01
18513,926,13,259,58,2026-01-01
18514,926,14,477,45,2026-01-01
18515,926,15,468,53,2026-01-01
18516,926,16,290,65,2026-01-01
18517,926,17,211,72,2026-01-01
18518,926,18,253,86,2026-01-01
18519,926,19,220,98,2026-01-01
18520,926,20,342,22,2026-01-01
18521,927,1,381,43,2026-01-01
18522,927,2,204,82,2026-01-01
18523,927,3,464,67,2026-01-01
18524,927,4,11,40,2026-01-01
18525,927,5,170,56,2026-01-01
18526,927,6,1,39,2026-01-01
18527,927,7,40,21,2026-01-01
18528,927,8,296,25,2026-01-01
18529,927,9,0,86,2026-01-01
18530,927,10,290,33,2026-01-01
18531,927,11,433,54,2026-01-01
18532,927,12,473,88,2026-01-01
18533,927,13,383,65,2026-01-01
18534,927,14,92,27,2026-01-01
18535,927,15,118,83,2026-01-01
18536,927,16,29,95,2026-01-01
18537,927,17,402,59,2026-01-01
18538,927,18,10,80,2026-01-01
18539,927,19,29,73,2026-01-01
18540,927,20,472,65,2026-01-01
18541,928,1,327,35,2026-01-01
18542,928,2,14,76,2026-01-01
18543,928,3,421,95,2026-01-01
18544,928,4,476,95,2026-01-01
18545,928,5,115,60,2026-01-01
18546,928,6,447,85,2026-01-01
18547,928,7,253,98,2026-01-01
18548,928,8,158,56,2026-01-01
18549,928,9,95,70,2026-01-01
18550,928,10,86,28,2026-01-01
18551,928,11,271,47,2026-01-01
18552,928,12,489,29,2026-01-01
18553,928,13,228,83,2026-01-01
18554,928,14,376,35,2026-01-01
18555,928,15,495,93,2026-01-01
18556,928,16,351,84,2026-01-01
18557,928,17,54,95,2026-01-01
18558,928,18,301,79,2026-01-01
18559,928,19,357,32,2026-01-01
18560,928,20,352,34,2026-01-01
18561,929,1,67,32,2026-01-01
18562,929,2,428,24,2026-01-01
18563,929,3,159,55,2026-01-01
18564,929,4,11,98,2026-01-01
18565,929,5,81,44,2026-01-01
18566,929,6,157,42,2026-01-01
18567,929,7,465,49,2026-01-01
18568,929,8,251,53,2026-01-01
18569,929,9,158,70,2026-01-01
18570,929,10,180,46,2026-01-01
18571,929,11,271,49,2026-01-01
18572,929,12,4,81,2026-01-01
18573,929,13,200,43,2026-01-01
18574,929,14,350,52,2026-01-01
18575,929,15,173,29,2026-01-01
18576,929,16,410,68,2026-01-01
18577,929,17,471,54,2026-01-01
18578,929,18,283,57,2026-01-01
18579,929,19,356,63,2026-01-01
18580,929,20,197,47,2026-01-01
18581,930,1,273,88,2026-01-01
18582,930,2,61,30,2026-01-01
18583,930,3,64,44,2026-01-01
18584,930,4,350,46,2026-01-01
18585,930,5,399,23,2026-01-01
18586,930,6,336,26,2026-01-01
18587,930,7,387,28,2026-01-01
18588,930,8,355,21,2026-01-01
18589,930,9,204,29,2026-01-01
18590,930,10,293,77,2026-01-01
18591,930,11,483,33,2026-01-01
18592,930,12,482,96,2026-01-01
18593,930,13,2,63,2026-01-01
18594,930,14,6,99,2026-01-01
18595,930,15,192,42,2026-01-01
18596,930,16,304,80,2026-01-01
18597,930,17,179,70,2026-01-01
18598,930,18,295,71,2026-01-01
18599,930,19,487,96,2026-01-01
18600,930,20,351,64,2026-01-01
18601,931,1,423,47,2026-01-01
18602,931,2,291,83,2026-01-01
18603,931,3,56,38,2026-01-01
18604,931,4,164,40,2026-01-01
18605,931,5,205,37,2026-01-01
18606,931,6,467,52,2026-01-01
18607,931,7,238,66,2026-01-01
18608,931,8,302,70,2026-01-01
18609,931,9,290,40,2026-01-01
18610,931,10,177,59,2026-01-01
18611,931,11,266,20,2026-01-01
18612,931,12,195,80,2026-01-01
18613,931,13,379,38,2026-01-01
18614,931,14,270,37,2026-01-01
18615,931,15,387,24,2026-01-01
18616,931,16,112,90,2026-01-01
18617,931,17,171,32,2026-01-01
18618,931,18,414,67,2026-01-01
18619,931,19,176,29,2026-01-01
18620,931,20,374,58,2026-01-01
18621,932,1,145,60,2026-01-01
18622,932,2,322,87,2026-01-01
18623,932,3,452,44,2026-01-01
18624,932,4,451,80,2026-01-01
18625,932,5,79,97,2026-01-01
18626,932,6,319,51,2026-01-01
18627,932,7,447,77,2026-01-01
18628,932,8,217,93,2026-01-01
18629,932,9,33,75,2026-01-01
18630,932,10,207,63,2026-01-01
18631,932,11,349,50,2026-01-01
18632,932,12,463,26,2026-01-01
18633,932,13,87,44,2026-01-01
18634,932,14,256,34,2026-01-01
18635,932,15,36,24,2026-01-01
18636,932,16,12,27,2026-01-01
18637,932,17,398,46,2026-01-01
18638,932,18,209,80,2026-01-01
18639,932,19,115,56,2026-01-01
18640,932,20,494,44,2026-01-01
18641,933,1,130,65,2026-01-01
18642,933,2,150,42,2026-01-01
18643,933,3,258,78,2026-01-01
18644,933,4,334,59,2026-01-01
18645,933,5,10,31,2026-01-01
18646,933,6,218,72,2026-01-01
18647,933,7,28,58,2026-01-01
18648,933,8,273,20,2026-01-01
18649,933,9,71,20,2026-01-01
18650,933,10,140,58,2026-01-01
18651,933,11,8,96,2026-01-01
18652,933,12,386,86,2026-01-01
18653,933,13,40,44,2026-01-01
18654,933,14,482,66,2026-01-01
18655,933,15,480,40,2026-01-01
18656,933,16,220,44,2026-01-01
18657,933,17,164,34,2026-01-01
18658,933,18,364,49,2026-01-01
18659,933,19,108,73,2026-01-01
18660,933,20,141,84,2026-01-01
18661,934,1,33,63,2026-01-01
18662,934,2,110,63,2026-01-01
18663,934,3,205,73,2026-01-01
18664,934,4,493,45,2026-01-01
18665,934,5,423,90,2026-01-01
18666,934,6,414,35,2026-01-01
18667,934,7,218,25,2026-01-01
18668,934,8,471,48,2026-01-01
18669,934,9,279,77,2026-01-01
18670,934,10,460,90,2026-01-01
18671,934,11,388,24,2026-01-01
18672,934,12,210,51,2026-01-01
18673,934,13,74,71,2026-01-01
18674,934,14,373,38,2026-01-01
18675,934,15,393,34,2026-01-01
18676,934,16,312,33,2026-01-01
18677,934,17,497,29,2026-01-01
18678,934,18,113,60,2026-01-01
18679,934,19,306,85,2026-01-01
18680,934,20,314,25,2026-01-01
18681,935,1,301,78,2026-01-01
18682,935,2,327,55,2026-01-01
18683,935,3,402,66,2026-01-01
18684,935,4,372,81,2026-01-01
18685,935,5,41,50,2026-01-01
18686,935,6,173,57,2026-01-01
18687,935,7,442,92,2026-01-01
18688,935,8,262,70,2026-01-01
18689,935,9,472,42,2026-01-01
18690,935,10,473,88,2026-01-01
18691,935,11,2,39,2026-01-01
18692,935,12,396,98,2026-01-01
18693,935,13,371,54,2026-01-01
18694,935,14,275,81,2026-01-01
18695,935,15,73,56,2026-01-01
18696,935,16,32,34,2026-01-01
18697,935,17,350,85,2026-01-01
18698,935,18,257,100,2026-01-01
18699,935,19,66,72,2026-01-01
18700,935,20,457,66,2026-01-01
18701,936,1,456,73,2026-01-01
18702,936,2,430,39,2026-01-01
18703,936,3,63,46,2026-01-01
18704,936,4,493,20,2026-01-01
18705,936,5,457,72,2026-01-01
18706,936,6,47,88,2026-01-01
18707,936,7,303,22,2026-01-01
18708,936,8,120,96,2026-01-01
18709,936,9,27,52,2026-01-01
18710,936,10,231,65,2026-01-01
18711,936,11,378,48,2026-01-01
18712,936,12,162,56,2026-01-01
18713,936,13,448,44,2026-01-01
18714,936,14,364,64,2026-01-01
18715,936,15,484,42,2026-01-01
18716,936,16,146,55,2026-01-01
18717,936,17,395,21,2026-01-01
18718,936,18,154,91,2026-01-01
18719,936,19,401,44,2026-01-01
18720,936,20,128,63,2026-01-01
18721,937,1,336,27,2026-01-01
18722,937,2,25,80,2026-01-01
18723,937,3,480,50,2026-01-01
18724,937,4,401,55,2026-01-01
18725,937,5,373,58,2026-01-01
18726,937,6,291,28,2026-01-01
18727,937,7,421,62,2026-01-01
18728,937,8,52,88,2026-01-01
18729,937,9,229,23,2026-01-01
18730,937,10,462,57,2026-01-01
18731,937,11,331,52,2026-01-01
18732,937,12,305,86,2026-01-01
18733,937,13,304,55,2026-01-01
18734,937,14,89,65,2026-01-01
18735,937,15,232,42,2026-01-01
18736,937,16,263,28,2026-01-01
18737,937,17,47,26,2026-01-01
18738,937,18,190,45,2026-01-01
18739,937,19,287,20,2026-01-01
18740,937,20,363,34,2026-01-01
18741,938,1,14,45,2026-01-01
18742,938,2,309,60,2026-01-01
18743,938,3,30,49,2026-01-01
18744,938,4,87,63,2026-01-01
18745,938,5,357,82,2026-01-01
18746,938,6,439,63,2026-01-01
18747,938,7,50,33,2026-01-01
18748,938,8,5,78,2026-01-01
18749,938,9,293,35,2026-01-01
18750,938,10,348,65,2026-01-01
18751,938,11,186,54,2026-01-01
18752,938,12,236,57,2026-01-01
18753,938,13,269,56,2026-01-01
18754,938,14,37,92,2026-01-01
18755,938,15,206,84,2026-01-01
18756,938,16,278,44,2026-01-01
18757,938,17,390,92,2026-01-01
18758,938,18,46,35,2026-01-01
18759,938,19,449,47,2026-01-01
18760,938,20,45,41,2026-01-01
18761,939,1,220,25,2026-01-01
18762,939,2,159,66,2026-01-01
18763,939,3,458,70,2026-01-01
18764,939,4,427,27,2026-01-01
18765,939,5,423,55,2026-01-01
18766,939,6,110,59,2026-01-01
18767,939,7,406,33,2026-01-01
18768,939,8,165,77,2026-01-01
18769,939,9,30,64,2026-01-01
18770,939,10,229,48,2026-01-01
18771,939,11,180,39,2026-01-01
18772,939,12,344,67,2026-01-01
18773,939,13,418,27,2026-01-01
18774,939,14,174,78,2026-01-01
18775,939,15,272,66,2026-01-01
18776,939,16,16,63,2026-01-01
18777,939,17,331,79,2026-01-01
18778,939,18,175,91,2026-01-01
18779,939,19,213,26,2026-01-01
18780,939,20,346,43,2026-01-01
18781,940,1,270,84,2026-01-01
18782,940,2,88,37,2026-01-01
18783,940,3,470,52,2026-01-01
18784,940,4,438,27,2026-01-01
18785,940,5,1,99,2026-01-01
18786,940,6,104,88,2026-01-01
18787,940,7,257,94,2026-01-01
18788,940,8,179,84,2026-01-01
18789,940,9,51,55,2026-01-01
18790,940,10,133,79,2026-01-01
18791,940,11,295,65,2026-01-01
18792,940,12,20,78,2026-01-01
18793,940,13,214,92,2026-01-01
18794,940,14,323,20,2026-01-01
18795,940,15,191,81,2026-01-01
18796,940,16,460,67,2026-01-01
18797,940,17,292,23,2026-01-01
18798,940,18,172,28,2026-01-01
18799,940,19,162,58,2026-01-01
18800,940,20,362,74,2026-01-01
18801,941,1,447,62,2026-01-01
18802,941,2,210,61,2026-01-01
18803,941,3,496,85,2026-01-01
18804,941,4,474,43,2026-01-01
18805,941,5,105,75,2026-01-01
18806,941,6,205,67,2026-01-01
18807,941,7,346,61,2026-01-01
18808,941,8,241,73,2026-01-01
18809,941,9,337,24,2026-01-01
18810,941,10,276,68,2026-01-01
18811,941,11,260,55,2026-01-01
18812,941,12,20,84,2026-01-01
18813,941,13,239,83,2026-01-01
18814,941,14,489,80,2026-01-01
18815,941,15,219,87,2026-01-01
18816,941,16,105,23,2026-01-01
18817,941,17,308,85,2026-01-01
18818,941,18,313,57,2026-01-01
18819,941,19,70,23,2026-01-01
18820,941,20,108,93,2026-01-01
18821,942,1,432,56,2026-01-01
18822,942,2,61,97,2026-01-01
18823,942,3,335,59,2026-01-01
18824,942,4,349,75,2026-01-01
18825,942,5,304,90,2026-01-01
18826,942,6,196,26,2026-01-01
18827,942,7,404,45,2026-01-01
18828,942,8,267,67,2026-01-01
18829,942,9,498,57,2026-01-01
18830,942,10,457,98,2026-01-01
18831,942,11,144,62,2026-01-01
18832,942,12,104,69,2026-01-01
18833,942,13,253,34,2026-01-01
18834,942,14,246,67,2026-01-01
18835,942,15,305,96,2026-01-01
18836,942,16,364,62,2026-01-01
18837,942,17,95,93,2026-01-01
18838,942,18,404,30,2026-01-01
18839,942,19,334,25,2026-01-01
18840,942,20,419,77,2026-01-01
18841,943,1,166,94,2026-01-01
18842,943,2,469,22,2026-01-01
18843,943,3,421,24,2026-01-01
18844,943,4,370,28,2026-01-01
18845,943,5,319,37,2026-01-01
18846,943,6,133,95,2026-01-01
18847,943,7,116,27,2026-01-01
18848,943,8,302,71,2026-01-01
18849,943,9,148,64,2026-01-01
18850,943,10,282,33,2026-01-01
18851,943,11,328,27,2026-01-01
18852,943,12,368,93,2026-01-01
18853,943,13,8,92,2026-01-01
18854,943,14,140,64,2026-01-01
18855,943,15,476,87,2026-01-01
18856,943,16,411,93,2026-01-01
18857,943,17,486,21,2026-01-01
18858,943,18,111,92,2026-01-01
18859,943,19,323,67,2026-01-01
18860,943,20,145,84,2026-01-01
18861,944,1,433,24,2026-01-01
18862,944,2,338,35,2026-01-01
18863,944,3,92,58,2026-01-01
18864,944,4,98,71,2026-01-01
18865,944,5,190,57,2026-01-01
18866,944,6,128,52,2026-01-01
18867,944,7,348,24,2026-01-01
18868,944,8,76,93,2026-01-01
18869,944,9,409,23,2026-01-01
18870,944,10,43,95,2026-01-01
18871,944,11,185,75,2026-01-01
18872,944,12,56,47,2026-01-01
18873,944,13,275,77,2026-01-01
18874,944,14,409,50,2026-01-01
18875,944,15,23,55,2026-01-01
18876,944,16,381,96,2026-01-01
18877,944,17,37,100,2026-01-01
18878,944,18,162,55,2026-01-01
18879,944,19,444,53,2026-01-01
18880,944,20,405,100,2026-01-01
18881,945,1,477,41,2026-01-01
18882,945,2,160,98,2026-01-01
18883,945,3,435,74,2026-01-01
18884,945,4,14,44,2026-01-01
18885,945,5,385,46,2026-01-01
18886,945,6,136,33,2026-01-01
18887,945,7,76,40,2026-01-01
18888,945,8,17,24,2026-01-01
18889,945,9,197,29,2026-01-01
18890,945,10,277,55,2026-01-01
18891,945,11,62,60,2026-01-01
18892,945,12,385,69,2026-01-01
18893,945,13,409,61,2026-01-01
18894,945,14,496,68,2026-01-01
18895,945,15,320,100,2026-01-01
18896,945,16,371,25,2026-01-01
18897,945,17,111,36,2026-01-01
18898,945,18,182,77,2026-01-01
18899,945,19,405,37,2026-01-01
18900,945,20,236,97,2026-01-01
18901,946,1,247,69,2026-01-01
18902,946,2,6,82,2026-01-01
18903,946,3,305,46,2026-01-01
18904,946,4,46,97,2026-01-01
18905,946,5,79,34,2026-01-01
18906,946,6,250,72,2026-01-01
18907,946,7,235,59,2026-01-01
18908,946,8,364,34,2026-01-01
18909,946,9,301,39,2026-01-01
18910,946,10,416,92,2026-01-01
18911,946,11,104,50,2026-01-01
18912,946,12,90,48,2026-01-01
18913,946,13,153,55,2026-01-01
18914,946,14,493,68,2026-01-01
18915,946,15,108,27,2026-01-01
18916,946,16,392,26,2026-01-01
18917,946,17,199,55,2026-01-01
18918,946,18,178,76,2026-01-01
18919,946,19,109,86,2026-01-01
18920,946,20,36,44,2026-01-01
18921,947,1,308,81,2026-01-01
18922,947,2,198,43,2026-01-01
18923,947,3,265,28,2026-01-01
18924,947,4,81,82,2026-01-01
18925,947,5,200,53,2026-01-01
18926,947,6,295,46,2026-01-01
18927,947,7,411,63,2026-01-01
18928,947,8,144,36,2026-01-01
18929,947,9,370,86,2026-01-01
18930,947,10,419,52,2026-01-01
18931,947,11,62,53,2026-01-01
18932,947,12,186,69,2026-01-01
18933,947,13,117,79,2026-01-01
18934,947,14,119,50,2026-01-01
18935,947,15,24,47,2026-01-01
18936,947,16,102,83,2026-01-01
18937,947,17,239,81,2026-01-01
18938,947,18,300,88,2026-01-01
18939,947,19,282,99,2026-01-01
18940,947,20,70,62,2026-01-01
18941,948,1,52,55,2026-01-01
18942,948,2,214,49,2026-01-01
18943,948,3,322,100,2026-01-01
18944,948,4,83,82,2026-01-01
18945,948,5,0,87,2026-01-01
18946,948,6,211,38,2026-01-01
18947,948,7,36,29,2026-01-01
18948,948,8,497,84,2026-01-01
18949,948,9,267,38,2026-01-01
18950,948,10,308,35,2026-01-01
18951,948,11,392,33,2026-01-01
18952,948,12,18,53,2026-01-01
18953,948,13,161,49,2026-01-01
18954,948,14,197,61,2026-01-01
18955,948,15,133,62,2026-01-01
18956,948,16,339,40,2026-01-01
18957,948,17,65,89,2026-01-01
18958,948,18,365,44,2026-01-01
18959,948,19,233,91,2026-01-01
18960,948,20,256,84,2026-01-01
18961,949,1,282,74,2026-01-01
18962,949,2,486,39,2026-01-01
18963,949,3,389,99,2026-01-01
18964,949,4,199,66,2026-01-01
18965,949,5,297,40,2026-01-01
18966,949,6,170,69,2026-01-01
18967,949,7,406,73,2026-01-01
18968,949,8,480,40,2026-01-01
18969,949,9,498,77,2026-01-01
18970,949,10,405,34,2026-01-01
18971,949,11,202,45,2026-01-01
18972,949,12,378,60,2026-01-01
18973,949,13,85,65,2026-01-01
18974,949,14,174,66,2026-01-01
18975,949,15,493,27,2026-01-01
18976,949,16,134,58,2026-01-01
18977,949,17,470,24,2026-01-01
18978,949,18,34,40,2026-01-01
18979,949,19,101,26,2026-01-01
18980,949,20,156,85,2026-01-01
18981,950,1,276,72,2026-01-01
18982,950,2,259,84,2026-01-01
18983,950,3,214,66,2026-01-01
18984,950,4,126,79,2026-01-01
18985,950,5,340,51,2026-01-01
18986,950,6,22,82,2026-01-01
18987,950,7,402,45,2026-01-01
18988,950,8,6,25,2026-01-01
18989,950,9,385,94,2026-01-01
18990,950,10,42,66,2026-01-01
18991,950,11,316,83,2026-01-01
18992,950,12,154,30,2026-01-01
18993,950,13,133,41,2026-01-01
18994,950,14,147,57,2026-01-01
18995,950,15,338,80,2026-01-01
18996,950,16,66,89,2026-01-01
18997,950,17,69,34,2026-01-01
18998,950,18,206,34,2026-01-01
18999,950,19,166,96,2026-01-01
19000,950,20,116,51,2026-01-01
19001,951,1,416,31,2026-01-01
19002,951,2,251,36,2026-01-01
19003,951,3,350,55,2026-01-01
19004,951,4,495,66,2026-01-01
19005,951,5,192,26,2026-01-01
19006,951,6,78,73,2026-01-01
19007,951,7,483,77,2026-01-01
19008,951,8,189,69,2026-01-01
19009,951,9,196,36,2026-01-01
19010,951,10,404,31,2026-01-01
19011,951,11,250,64,2026-01-01
19012,951,12,20,90,2026-01-01
19013,951,13,158,62,2026-01-01
19014,951,14,435,97,2026-01-01
19015,951,15,381,49,2026-01-01
19016,951,16,324,65,2026-01-01
19017,951,17,91,58,2026-01-01
19018,951,18,316,50,2026-01-01
19019,951,19,204,71,2026-01-01
19020,951,20,9,66,2026-01-01
19021,952,1,133,61,2026-01-01
19022,952,2,275,26,2026-01-01
19023,952,3,117,30,2026-01-01
19024,952,4,112,85,2026-01-01
19025,952,5,272,65,2026-01-01
19026,952,6,58,25,2026-01-01
19027,952,7,317,51,2026-01-01
19028,952,8,106,100,2026-01-01
19029,952,9,438,77,2026-01-01
19030,952,10,448,23,2026-01-01
19031,952,11,415,76,2026-01-01
19032,952,12,312,96,2026-01-01
19033,952,13,232,82,2026-01-01
19034,952,14,285,84,2026-01-01
19035,952,15,481,33,2026-01-01
19036,952,16,367,96,2026-01-01
19037,952,17,376,51,2026-01-01
19038,952,18,204,42,2026-01-01
19039,952,19,434,30,2026-01-01
19040,952,20,435,37,2026-01-01
19041,953,1,180,60,2026-01-01
19042,953,2,430,36,2026-01-01
19043,953,3,255,50,2026-01-01
19044,953,4,97,66,2026-01-01
19045,953,5,99,33,2026-01-01
19046,953,6,69,50,2026-01-01
19047,953,7,34,76,2026-01-01
19048,953,8,45,65,2026-01-01
19049,953,9,430,37,2026-01-01
19050,953,10,460,95,2026-01-01
19051,953,11,151,38,2026-01-01
19052,953,12,404,78,2026-01-01
19053,953,13,61,89,2026-01-01
19054,953,14,225,80,2026-01-01
19055,953,15,125,95,2026-01-01
19056,953,16,155,91,2026-01-01
19057,953,17,439,65,2026-01-01
19058,953,18,305,64,2026-01-01
19059,953,19,299,20,2026-01-01
19060,953,20,75,59,2026-01-01
19061,954,1,430,30,2026-01-01
19062,954,2,171,53,2026-01-01
19063,954,3,34,40,2026-01-01
19064,954,4,499,99,2026-01-01
19065,954,5,368,47,2026-01-01
19066,954,6,45,94,2026-01-01
19067,954,7,77,73,2026-01-01
19068,954,8,306,91,2026-01-01
19069,954,9,454,67,2026-01-01
19070,954,10,205,91,2026-01-01
19071,954,11,418,53,2026-01-01
19072,954,12,22,74,2026-01-01
19073,954,13,263,71,2026-01-01
19074,954,14,357,98,2026-01-01
19075,954,15,296,53,2026-01-01
19076,954,16,205,92,2026-01-01
19077,954,17,390,73,2026-01-01
19078,954,18,15,86,2026-01-01
19079,954,19,499,37,2026-01-01
19080,954,20,482,76,2026-01-01
19081,955,1,343,71,2026-01-01
19082,955,2,223,38,2026-01-01
19083,955,3,495,93,2026-01-01
19084,955,4,443,25,2026-01-01
19085,955,5,301,74,2026-01-01
19086,955,6,422,52,2026-01-01
19087,955,7,54,66,2026-01-01
19088,955,8,346,78,2026-01-01
19089,955,9,381,94,2026-01-01
19090,955,10,257,29,2026-01-01
19091,955,11,391,79,2026-01-01
19092,955,12,346,86,2026-01-01
19093,955,13,310,21,2026-01-01
19094,955,14,178,25,2026-01-01
19095,955,15,451,93,2026-01-01
19096,955,16,188,43,2026-01-01
19097,955,17,401,43,2026-01-01
19098,955,18,388,79,2026-01-01
19099,955,19,480,50,2026-01-01
19100,955,20,19,43,2026-01-01
19101,956,1,116,43,2026-01-01
19102,956,2,80,35,2026-01-01
19103,956,3,264,49,2026-01-01
19104,956,4,250,87,2026-01-01
19105,956,5,84,46,2026-01-01
19106,956,6,271,81,2026-01-01
19107,956,7,115,52,2026-01-01
19108,956,8,168,35,2026-01-01
19109,956,9,494,40,2026-01-01
19110,956,10,20,27,2026-01-01
19111,956,11,388,95,2026-01-01
19112,956,12,297,86,2026-01-01
19113,956,13,466,77,2026-01-01
19114,956,14,3,31,2026-01-01
19115,956,15,208,50,2026-01-01
19116,956,16,432,26,2026-01-01
19117,956,17,342,84,2026-01-01
19118,956,18,269,23,2026-01-01
19119,956,19,152,81,2026-01-01
19120,956,20,1,95,2026-01-01
19121,957,1,284,91,2026-01-01
19122,957,2,453,26,2026-01-01
19123,957,3,145,94,2026-01-01
19124,957,4,276,97,2026-01-01
19125,957,5,93,93,2026-01-01
19126,957,6,190,52,2026-01-01
19127,957,7,387,88,2026-01-01
19128,957,8,63,20,2026-01-01
19129,957,9,264,78,2026-01-01
19130,957,10,243,98,2026-01-01
19131,957,11,492,91,2026-01-01
19132,957,12,179,56,2026-01-01
19133,957,13,78,90,2026-01-01
19134,957,14,439,98,2026-01-01
19135,957,15,340,92,2026-01-01
19136,957,16,440,94,2026-01-01
19137,957,17,98,67,2026-01-01
19138,957,18,485,94,2026-01-01
19139,957,19,297,39,2026-01-01
19140,957,20,405,73,2026-01-01
19141,958,1,449,38,2026-01-01
19142,958,2,146,84,2026-01-01
19143,958,3,49,27,2026-01-01
19144,958,4,319,77,2026-01-01
19145,958,5,126,93,2026-01-01
19146,958,6,46,44,2026-01-01
19147,958,7,461,79,2026-01-01
19148,958,8,424,47,2026-01-01
19149,958,9,42,43,2026-01-01
19150,958,10,358,74,2026-01-01
19151,958,11,35,70,2026-01-01
19152,958,12,120,84,2026-01-01
19153,958,13,387,85,2026-01-01
19154,958,14,248,82,2026-01-01
19155,958,15,146,45,2026-01-01
19156,958,16,278,48,2026-01-01
19157,958,17,223,73,2026-01-01
19158,958,18,367,91,2026-01-01
19159,958,19,487,98,2026-01-01
19160,958,20,420,67,2026-01-01
19161,959,1,171,86,2026-01-01
19162,959,2,296,62,2026-01-01
19163,959,3,89,84,2026-01-01
19164,959,4,307,67,2026-01-01
19165,959,5,99,39,2026-01-01
19166,959,6,242,55,2026-01-01
19167,959,7,104,42,2026-01-01
19168,959,8,146,97,2026-01-01
19169,959,9,335,61,2026-01-01
19170,959,10,17,52,2026-01-01
19171,959,11,314,91,2026-01-01
19172,959,12,39,79,2026-01-01
19173,959,13,381,54,2026-01-01
19174,959,14,106,35,2026-01-01
19175,959,15,230,30,2026-01-01
19176,959,16,51,97,2026-01-01
19177,959,17,133,98,2026-01-01
19178,959,18,183,86,2026-01-01
19179,959,19,271,29,2026-01-01
19180,959,20,367,57,2026-01-01
19181,960,1,331,41,2026-01-01
19182,960,2,415,29,2026-01-01
19183,960,3,265,38,2026-01-01
19184,960,4,1,97,2026-01-01
19185,960,5,204,91,2026-01-01
19186,960,6,482,65,2026-01-01
19187,960,7,364,25,2026-01-01
19188,960,8,430,47,2026-01-01
19189,960,9,178,50,2026-01-01
19190,960,10,196,90,2026-01-01
19191,960,11,324,27,2026-01-01
19192,960,12,441,56,2026-01-01
19193,960,13,406,57,2026-01-01
19194,960,14,25,39,2026-01-01
19195,960,15,383,94,2026-01-01
19196,960,16,438,38,2026-01-01
19197,960,17,163,45,2026-01-01
19198,960,18,183,66,2026-01-01
19199,960,19,50,91,2026-01-01
19200,960,20,16,46,2026-01-01
19201,961,1,274,78,2026-01-01
19202,961,2,344,72,2026-01-01
19203,961,3,358,47,2026-01-01
19204,961,4,492,72,2026-01-01
19205,961,5,316,75,2026-01-01
19206,961,6,410,46,2026-01-01
19207,961,7,268,66,2026-01-01
19208,961,8,267,96,2026-01-01
19209,961,9,335,77,2026-01-01
19210,961,10,470,23,2026-01-01
19211,961,11,181,66,2026-01-01
19212,961,12,123,74,2026-01-01
19213,961,13,318,79,2026-01-01
19214,961,14,60,94,2026-01-01
19215,961,15,154,32,2026-01-01
19216,961,16,297,24,2026-01-01
19217,961,17,328,67,2026-01-01
19218,961,18,278,52,2026-01-01
19219,961,19,28,92,2026-01-01
19220,961,20,418,73,2026-01-01
19221,962,1,46,79,2026-01-01
19222,962,2,474,45,2026-01-01
19223,962,3,394,72,2026-01-01
19224,962,4,216,63,2026-01-01
19225,962,5,13,82,2026-01-01
19226,962,6,93,79,2026-01-01
19227,962,7,385,35,2026-01-01
19228,962,8,349,90,2026-01-01
19229,962,9,141,39,2026-01-01
19230,962,10,123,44,2026-01-01
19231,962,11,159,38,2026-01-01
19232,962,12,187,41,2026-01-01
19233,962,13,107,61,2026-01-01
19234,962,14,174,28,2026-01-01
19235,962,15,293,34,2026-01-01
19236,962,16,87,51,2026-01-01
19237,962,17,455,48,2026-01-01
19238,962,18,156,63,2026-01-01
19239,962,19,150,34,2026-01-01
19240,962,20,395,89,2026-01-01
19241,963,1,423,53,2026-01-01
19242,963,2,181,90,2026-01-01
19243,963,3,71,39,2026-01-01
19244,963,4,178,37,2026-01-01
19245,963,5,266,49,2026-01-01
19246,963,6,376,62,2026-01-01
19247,963,7,308,37,2026-01-01
19248,963,8,439,95,2026-01-01
19249,963,9,351,54,2026-01-01
19250,963,10,91,89,2026-01-01
19251,963,11,469,64,2026-01-01
19252,963,12,32,25,2026-01-01
19253,963,13,317,31,2026-01-01
19254,963,14,340,89,2026-01-01
19255,963,15,133,58,2026-01-01
19256,963,16,191,28,2026-01-01
19257,963,17,267,43,2026-01-01
19258,963,18,271,49,2026-01-01
19259,963,19,58,94,2026-01-01
19260,963,20,41,53,2026-01-01
19261,964,1,391,86,2026-01-01
19262,964,2,163,67,2026-01-01
19263,964,3,161,95,2026-01-01
19264,964,4,366,89,2026-01-01
19265,964,5,326,30,2026-01-01
19266,964,6,385,71,2026-01-01
19267,964,7,500,44,2026-01-01
19268,964,8,202,23,2026-01-01
19269,964,9,14,61,2026-01-01
19270,964,10,322,66,2026-01-01
19271,964,11,477,79,2026-01-01
19272,964,12,433,44,2026-01-01
19273,964,13,253,39,2026-01-01
19274,964,14,310,44,2026-01-01
19275,964,15,31,98,2026-01-01
19276,964,16,149,76,2026-01-01
19277,964,17,376,62,2026-01-01
19278,964,18,461,85,2026-01-01
19279,964,19,495,52,2026-01-01
19280,964,20,381,57,2026-01-01
19281,965,1,296,52,2026-01-01
19282,965,2,141,47,2026-01-01
19283,965,3,336,22,2026-01-01
19284,965,4,1,81,2026-01-01
19285,965,5,175,57,2026-01-01
19286,965,6,136,30,2026-01-01
19287,965,7,489,89,2026-01-01
19288,965,8,400,45,2026-01-01
19289,965,9,345,63,2026-01-01
19290,965,10,378,35,2026-01-01
19291,965,11,248,77,2026-01-01
19292,965,12,103,100,2026-01-01
19293,965,13,499,73,2026-01-01
19294,965,14,279,20,2026-01-01
19295,965,15,83,39,2026-01-01
19296,965,16,327,77,2026-01-01
19297,965,17,331,67,2026-01-01
19298,965,18,259,59,2026-01-01
19299,965,19,296,46,2026-01-01
19300,965,20,465,33,2026-01-01
19301,966,1,279,33,2026-01-01
19302,966,2,156,61,2026-01-01
19303,966,3,91,91,2026-01-01
19304,966,4,194,79,2026-01-01
19305,966,5,53,55,2026-01-01
19306,966,6,245,100,2026-01-01
19307,966,7,498,65,2026-01-01
19308,966,8,257,49,2026-01-01
19309,966,9,346,82,2026-01-01
19310,966,10,400,90,2026-01-01
19311,966,11,263,88,2026-01-01
19312,966,12,187,61,2026-01-01
19313,966,13,104,51,2026-01-01
19314,966,14,40,38,2026-01-01
19315,966,15,307,60,2026-01-01
19316,966,16,370,62,2026-01-01
19317,966,17,116,32,2026-01-01
19318,966,18,448,96,2026-01-01
19319,966,19,465,92,2026-01-01
19320,966,20,199,31,2026-01-01
19321,967,1,161,35,2026-01-01
19322,967,2,60,45,2026-01-01
19323,967,3,476,46,2026-01-01
19324,967,4,144,96,2026-01-01
19325,967,5,340,89,2026-01-01
19326,967,6,275,67,2026-01-01
19327,967,7,325,85,2026-01-01
19328,967,8,186,85,2026-01-01
19329,967,9,202,76,2026-01-01
19330,967,10,404,93,2026-01-01
19331,967,11,386,72,2026-01-01
19332,967,12,317,71,2026-01-01
19333,967,13,398,80,2026-01-01
19334,967,14,328,57,2026-01-01
19335,967,15,97,57,2026-01-01
19336,967,16,402,44,2026-01-01
19337,967,17,234,88,2026-01-01
19338,967,18,245,36,2026-01-01
19339,967,19,209,37,2026-01-01
19340,967,20,478,90,2026-01-01
19341,968,1,280,20,2026-01-01
19342,968,2,339,51,2026-01-01
19343,968,3,309,46,2026-01-01
19344,968,4,397,43,2026-01-01
19345,968,5,240,68,2026-01-01
19346,968,6,476,52,2026-01-01
19347,968,7,259,26,2026-01-01
19348,968,8,238,26,2026-01-01
19349,968,9,226,70,2026-01-01
19350,968,10,196,20,2026-01-01
19351,968,11,323,23,2026-01-01
19352,968,12,464,80,2026-01-01
19353,968,13,202,50,2026-01-01
19354,968,14,214,22,2026-01-01
19355,968,15,484,46,2026-01-01
19356,968,16,135,36,2026-01-01
19357,968,17,58,28,2026-01-01
19358,968,18,360,66,2026-01-01
19359,968,19,64,65,2026-01-01
19360,968,20,233,57,2026-01-01
19361,969,1,383,64,2026-01-01
19362,969,2,365,43,2026-01-01
19363,969,3,158,91,2026-01-01
19364,969,4,183,95,2026-01-01
19365,969,5,366,57,2026-01-01
19366,969,6,438,49,2026-01-01
19367,969,7,334,25,2026-01-01
19368,969,8,32,33,2026-01-01
19369,969,9,253,25,2026-01-01
19370,969,10,96,70,2026-01-01
19371,969,11,207,86,2026-01-01
19372,969,12,165,95,2026-01-01
19373,969,13,453,49,2026-01-01
19374,969,14,476,96,2026-01-01
19375,969,15,326,99,2026-01-01
19376,969,16,414,93,2026-01-01
19377,969,17,170,77,2026-01-01
19378,969,18,146,70,2026-01-01
19379,969,19,364,74,2026-01-01
19380,969,20,482,87,2026-01-01
19381,970,1,110,83,2026-01-01
19382,970,2,399,94,2026-01-01
19383,970,3,28,94,2026-01-01
19384,970,4,437,57,2026-01-01
19385,970,5,459,48,2026-01-01
19386,970,6,439,86,2026-01-01
19387,970,7,139,63,2026-01-01
19388,970,8,9,46,2026-01-01
19389,970,9,190,99,2026-01-01
19390,970,10,219,34,2026-01-01
19391,970,11,480,20,2026-01-01
19392,970,12,475,63,2026-01-01
19393,970,13,458,99,2026-01-01
19394,970,14,392,48,2026-01-01
19395,970,15,427,29,2026-01-01
19396,970,16,479,58,2026-01-01
19397,970,17,328,75,2026-01-01
19398,970,18,34,53,2026-01-01
19399,970,19,89,47,2026-01-01
19400,970,20,361,41,2026-01-01
19401,971,1,436,28,2026-01-01
19402,971,2,316,82,2026-01-01
19403,971,3,108,23,2026-01-01
19404,971,4,64,29,2026-01-01
19405,971,5,489,49,2026-01-01
19406,971,6,60,55,2026-01-01
19407,971,7,258,26,2026-01-01
19408,971,8,80,61,2026-01-01
19409,971,9,293,59,2026-01-01
19410,971,10,389,94,2026-01-01
19411,971,11,193,82,2026-01-01
19412,971,12,176,98,2026-01-01
19413,971,13,330,34,2026-01-01
19414,971,14,476,46,2026-01-01
19415,971,15,262,46,2026-01-01
19416,971,16,338,25,2026-01-01
19417,971,17,48,93,2026-01-01
19418,971,18,102,20,2026-01-01
19419,971,19,21,76,2026-01-01
19420,971,20,4,99,2026-01-01
19421,972,1,42,95,2026-01-01
19422,972,2,169,57,2026-01-01
19423,972,3,359,90,2026-01-01
19424,972,4,352,88,2026-01-01
19425,972,5,475,39,2026-01-01
19426,972,6,425,76,2026-01-01
19427,972,7,456,57,2026-01-01
19428,972,8,31,59,2026-01-01
19429,972,9,318,61,2026-01-01
19430,972,10,40,82,2026-01-01
19431,972,11,377,55,2026-01-01
19432,972,12,280,54,2026-01-01
19433,972,13,66,60,2026-01-01
19434,972,14,237,30,2026-01-01
19435,972,15,318,47,2026-01-01
19436,972,16,118,57,2026-01-01
19437,972,17,427,91,2026-01-01
19438,972,18,143,78,2026-01-01
19439,972,19,298,94,2026-01-01
19440,972,20,99,39,2026-01-01
19441,973,1,309,79,2026-01-01
19442,973,2,208,23,2026-01-01
19443,973,3,134,82,2026-01-01
19444,973,4,484,77,2026-01-01
19445,973,5,471,57,2026-01-01
19446,973,6,392,43,2026-01-01
19447,973,7,151,50,2026-01-01
19448,973,8,207,34,2026-01-01
19449,973,9,432,25,2026-01-01
19450,973,10,315,97,2026-01-01
19451,973,11,323,82,2026-01-01
19452,973,12,260,63,2026-01-01
19453,973,13,336,90,2026-01-01
19454,973,14,439,62,2026-01-01
19455,973,15,31,83,2026-01-01
19456,973,16,170,78,2026-01-01
19457,973,17,74,33,2026-01-01
19458,973,18,192,34,2026-01-01
19459,973,19,159,54,2026-01-01
19460,973,20,345,70,2026-01-01
19461,974,1,463,37,2026-01-01
19462,974,2,416,95,2026-01-01
19463,974,3,417,93,2026-01-01
19464,974,4,408,63,2026-01-01
19465,974,5,469,95,2026-01-01
19466,974,6,331,91,2026-01-01
19467,974,7,89,66,2026-01-01
19468,974,8,174,97,2026-01-01
19469,974,9,289,92,2026-01-01
19470,974,10,75,25,2026-01-01
19471,974,11,462,24,2026-01-01
19472,974,12,327,85,2026-01-01
19473,974,13,2,46,2026-01-01
19474,974,14,309,84,2026-01-01
19475,974,15,171,56,2026-01-01
19476,974,16,166,33,2026-01-01
19477,974,17,241,33,2026-01-01
19478,974,18,481,31,2026-01-01
19479,974,19,244,42,2026-01-01
19480,974,20,195,26,2026-01-01
19481,975,1,407,67,2026-01-01
19482,975,2,331,83,2026-01-01
19483,975,3,424,49,2026-01-01
19484,975,4,111,31,2026-01-01
19485,975,5,184,90,2026-01-01
19486,975,6,142,85,2026-01-01
19487,975,7,451,69,2026-01-01
19488,975,8,82,89,2026-01-01
19489,975,9,114,91,2026-01-01
19490,975,10,157,67,2026-01-01
19491,975,11,152,95,2026-01-01
19492,975,12,179,30,2026-01-01
19493,975,13,492,96,2026-01-01
19494,975,14,101,30,2026-01-01
19495,975,15,180,48,2026-01-01
19496,975,16,15,62,2026-01-01
19497,975,17,291,50,2026-01-01
19498,975,18,141,61,2026-01-01
19499,975,19,213,47,2026-01-01
19500,975,20,78,79,2026-01-01
19501,976,1,308,88,2026-01-01
19502,976,2,400,29,2026-01-01
19503,976,3,487,50,2026-01-01
19504,976,4,266,28,2026-01-01
19505,976,5,144,35,2026-01-01
19506,976,6,77,40,2026-01-01
19507,976,7,365,51,2026-01-01
19508,976,8,153,99,2026-01-01
19509,976,9,330,98,2026-01-01
19510,976,10,284,97,2026-01-01
19511,976,11,93,49,2026-01-01
19512,976,12,234,27,2026-01-01
19513,976,13,375,59,2026-01-01
19514,976,14,239,82,2026-01-01
19515,976,15,430,36,2026-01-01
19516,976,16,25,57,2026-01-01
19517,976,17,400,83,2026-01-01
19518,976,18,228,55,2026-01-01
19519,976,19,377,83,2026-01-01
19520,976,20,391,95,2026-01-01
19521,977,1,357,42,2026-01-01
19522,977,2,111,74,2026-01-01
19523,977,3,92,97,2026-01-01
19524,977,4,19,74,2026-01-01
19525,977,5,221,39,2026-01-01
19526,977,6,376,54,2026-01-01
19527,977,7,376,54,2026-01-01
19528,977,8,415,36,2026-01-01
19529,977,9,331,78,2026-01-01
19530,977,10,307,46,2026-01-01
19531,977,11,452,61,2026-01-01
19532,977,12,268,96,2026-01-01
19533,977,13,167,89,2026-01-01
19534,977,14,244,70,2026-01-01
19535,977,15,137,30,2026-01-01
19536,977,16,83,85,2026-01-01
19537,977,17,379,59,2026-01-01
19538,977,18,376,99,2026-01-01
19539,977,19,208,84,2026-01-01
19540,977,20,3,62,2026-01-01
19541,978,1,96,90,2026-01-01
19542,978,2,48,24,2026-01-01
19543,978,3,386,45,2026-01-01
19544,978,4,448,42,2026-01-01
19545,978,5,144,86,2026-01-01
19546,978,6,75,41,2026-01-01
19547,978,7,35,71,2026-01-01
19548,978,8,298,33,2026-01-01
19549,978,9,66,48,2026-01-01
19550,978,10,139,90,2026-01-01
19551,978,11,273,85,2026-01-01
19552,978,12,69,81,2026-01-01
19553,978,13,288,31,2026-01-01
19554,978,14,80,70,2026-01-01
19555,978,15,428,80,2026-01-01
19556,978,16,210,79,2026-01-01
19557,978,17,129,90,2026-01-01
19558,978,18,143,40,2026-01-01
19559,978,19,252,60,2026-01-01
19560,978,20,49,87,2026-01-01
19561,979,1,37,60,2026-01-01
19562,979,2,11,27,2026-01-01
19563,979,3,481,52,2026-01-01
19564,979,4,272,67,2026-01-01
19565,979,5,161,30,2026-01-01
19566,979,6,412,91,2026-01-01
19567,979,7,210,20,2026-01-01
19568,979,8,76,30,2026-01-01
19569,979,9,111,63,2026-01-01
19570,979,10,329,57,2026-01-01
19571,979,11,192,61,2026-01-01
19572,979,12,93,77,2026-01-01
19573,979,13,460,27,2026-01-01
19574,979,14,182,59,2026-01-01
19575,979,15,31,40,2026-01-01
19576,979,16,389,39,2026-01-01
19577,979,17,109,28,2026-01-01
19578,979,18,240,43,2026-01-01
19579,979,19,69,39,2026-01-01
19580,979,20,224,33,2026-01-01
19581,980,1,222,67,2026-01-01
19582,980,2,127,59,2026-01-01
19583,980,3,342,69,2026-01-01
19584,980,4,118,46,2026-01-01
19585,980,5,100,95,2026-01-01
19586,980,6,500,34,2026-01-01
19587,980,7,11,81,2026-01-01
19588,980,8,92,42,2026-01-01
19589,980,9,44,34,2026-01-01
19590,980,10,297,93,2026-01-01
19591,980,11,402,48,2026-01-01
19592,980,12,47,66,2026-01-01
19593,980,13,197,45,2026-01-01
19594,980,14,438,29,2026-01-01
19595,980,15,336,40,2026-01-01
19596,980,16,340,65,2026-01-01
19597,980,17,346,70,2026-01-01
19598,980,18,122,85,2026-01-01
19599,980,19,267,54,2026-01-01
19600,980,20,378,32,2026-01-01
19601,981,1,285,33,2026-01-01
19602,981,2,130,50,2026-01-01
19603,981,3,255,91,2026-01-01
19604,981,4,101,69,2026-01-01
19605,981,5,158,35,2026-01-01
19606,981,6,12,39,2026-01-01
19607,981,7,428,92,2026-01-01
19608,981,8,197,63,2026-01-01
19609,981,9,310,48,2026-01-01
19610,981,10,478,62,2026-01-01
19611,981,11,401,84,2026-01-01
19612,981,12,33,34,2026-01-01
19613,981,13,276,41,2026-01-01
19614,981,14,496,91,2026-01-01
19615,981,15,76,65,2026-01-01
19616,981,16,213,63,2026-01-01
19617,981,17,443,75,2026-01-01
19618,981,18,207,35,2026-01-01
19619,981,19,277,25,2026-01-01
19620,981,20,332,61,2026-01-01
19621,982,1,398,79,2026-01-01
19622,982,2,349,62,2026-01-01
19623,982,3,207,87,2026-01-01
19624,982,4,68,84,2026-01-01
19625,982,5,148,37,2026-01-01
19626,982,6,447,24,2026-01-01
19627,982,7,341,53,2026-01-01
19628,982,8,55,32,2026-01-01
19629,982,9,472,44,2026-01-01
19630,982,10,349,93,2026-01-01
19631,982,11,135,76,2026-01-01
19632,982,12,265,71,2026-01-01
19633,982,13,187,73,2026-01-01
19634,982,14,346,85,2026-01-01
19635,982,15,107,82,2026-01-01
19636,982,16,11,25,2026-01-01
19637,982,17,288,74,2026-01-01
19638,982,18,78,66,2026-01-01
19639,982,19,31,87,2026-01-01
19640,982,20,301,73,2026-01-01
19641,983,1,450,56,2026-01-01
19642,983,2,165,80,2026-01-01
19643,983,3,449,73,2026-01-01
19644,983,4,326,85,2026-01-01
19645,983,5,128,89,2026-01-01
19646,983,6,86,62,2026-01-01
19647,983,7,154,42,2026-01-01
19648,983,8,125,66,2026-01-01
19649,983,9,96,64,2026-01-01
19650,983,10,421,71,2026-01-01
19651,983,11,391,94,2026-01-01
19652,983,12,245,74,2026-01-01
19653,983,13,267,76,2026-01-01
19654,983,14,107,77,2026-01-01
19655,983,15,160,72,2026-01-01
19656,983,16,417,43,2026-01-01
19657,983,17,338,97,2026-01-01
19658,983,18,165,94,2026-01-01
19659,983,19,127,70,2026-01-01
19660,983,20,483,40,2026-01-01
19661,984,1,400,92,2026-01-01
19662,984,2,170,32,2026-01-01
19663,984,3,69,20,2026-01-01
19664,984,4,111,77,2026-01-01
19665,984,5,455,35,2026-01-01
19666,984,6,328,82,2026-01-01
19667,984,7,70,62,2026-01-01
19668,984,8,230,57,2026-01-01
19669,984,9,498,100,2026-01-01
19670,984,10,297,73,2026-01-01
19671,984,11,232,54,2026-01-01
19672,984,12,433,80,2026-01-01
19673,984,13,177,51,2026-01-01
19674,984,14,253,62,2026-01-01
19675,984,15,146,88,2026-01-01
19676,984,16,401,55,2026-01-01
19677,984,17,111,69,2026-01-01
19678,984,18,480,56,2026-01-01
19679,984,19,186,64,2026-01-01
19680,984,20,356,28,2026-01-01
19681,985,1,210,100,2026-01-01
19682,985,2,112,87,2026-01-01
19683,985,3,306,48,2026-01-01
19684,985,4,483,52,2026-01-01
19685,985,5,168,22,2026-01-01
19686,985,6,23,86,2026-01-01
19687,985,7,395,68,2026-01-01
19688,985,8,123,52,2026-01-01
19689,985,9,206,95,2026-01-01
19690,985,10,187,81,2026-01-01
19691,985,11,354,63,2026-01-01
19692,985,12,290,33,2026-01-01
19693,985,13,95,77,2026-01-01
19694,985,14,119,38,2026-01-01
19695,985,15,0,69,2026-01-01
19696,985,16,211,54,2026-01-01
19697,985,17,291,46,2026-01-01
19698,985,18,80,72,2026-01-01
19699,985,19,39,30,2026-01-01
19700,985,20,340,80,2026-01-01
19701,986,1,157,100,2026-01-01
19702,986,2,408,83,2026-01-01
19703,986,3,185,57,2026-01-01
19704,986,4,436,48,2026-01-01
19705,986,5,481,75,2026-01-01
19706,986,6,259,43,2026-01-01
19707,986,7,488,22,2026-01-01
19708,986,8,83,38,2026-01-01
19709,986,9,355,96,2026-01-01
19710,986,10,374,50,2026-01-01
19711,986,11,196,46,2026-01-01
19712,986,12,333,31,2026-01-01
19713,986,13,70,24,2026-01-01
19714,986,14,364,47,2026-01-01
19715,986,15,457,83,2026-01-01
19716,986,16,430,91,2026-01-01
19717,986,17,279,57,2026-01-01
19718,986,18,83,69,2026-01-01
19719,986,19,36,88,2026-01-01
19720,986,20,476,26,2026-01-01
19721,987,1,105,50,2026-01-01
19722,987,2,440,76,2026-01-01
19723,987,3,475,65,2026-01-01
19724,987,4,95,61,2026-01-01
19725,987,5,226,45,2026-01-01
19726,987,6,351,56,2026-01-01
19727,987,7,325,71,2026-01-01
19728,987,8,42,28,2026-01-01
19729,987,9,297,32,2026-01-01
19730,987,10,323,36,2026-01-01
19731,987,11,4,30,2026-01-01
19732,987,12,371,57,2026-01-01
19733,987,13,467,27,2026-01-01
19734,987,14,51,22,2026-01-01
19735,987,15,390,80,2026-01-01
19736,987,16,252,25,2026-01-01
19737,987,17,314,46,2026-01-01
19738,987,18,466,25,2026-01-01
19739,987,19,168,85,2026-01-01
19740,987,20,436,87,2026-01-01
19741,988,1,439,64,2026-01-01
19742,988,2,18,34,2026-01-01
19743,988,3,390,68,2026-01-01
19744,988,4,95,61,2026-01-01
19745,988,5,140,100,2026-01-01
19746,988,6,14,70,2026-01-01
19747,988,7,279,49,2026-01-01
19748,988,8,310,73,2026-01-01
19749,988,9,159,26,2026-01-01
19750,988,10,465,69,2026-01-01
19751,988,11,465,90,2026-01-01
19752,988,12,45,60,2026-01-01
19753,988,13,84,69,2026-01-01
19754,988,14,45,71,2026-01-01
19755,988,15,61,74,2026-01-01
19756,988,16,496,24,2026-01-01
19757,988,17,162,57,2026-01-01
19758,988,18,378,61,2026-01-01
19759,988,19,385,84,2026-01-01
19760,988,20,155,97,2026-01-01
19761,989,1,280,88,2026-01-01
19762,989,2,156,23,2026-01-01
19763,989,3,443,22,2026-01-01
19764,989,4,274,96,2026-01-01
19765,989,5,62,84,2026-01-01
19766,989,6,320,77,2026-01-01
19767,989,7,364,21,2026-01-01
19768,989,8,43,40,2026-01-01
19769,989,9,249,83,2026-01-01
19770,989,10,295,32,2026-01-01
19771,989,11,261,73,2026-01-01
19772,989,12,34,59,2026-01-01
19773,989,13,253,39,2026-01-01
19774,989,14,40,27,2026-01-01
19775,989,15,26,34,2026-01-01
19776,989,16,435,88,2026-01-01
19777,989,17,375,32,2026-01-01
19778,989,18,33,47,2026-01-01
19779,989,19,379,40,2026-01-01
19780,989,20,278,90,2026-01-01
19781,990,1,436,58,2026-01-01
19782,990,2,286,82,2026-01-01
19783,990,3,367,88,2026-01-01
19784,990,4,69,37,2026-01-01
19785,990,5,323,97,2026-01-01
19786,990,6,454,20,2026-01-01
19787,990,7,363,68,2026-01-01
19788,990,8,459,62,2026-01-01
19789,990,9,248,66,2026-01-01
19790,990,10,456,92,2026-01-01
19791,990,11,11,79,2026-01-01
19792,990,12,78,52,2026-01-01
19793,990,13,299,48,2026-01-01
19794,990,14,48,41,2026-01-01
19795,990,15,310,82,2026-01-01
19796,990,16,213,48,2026-01-01
19797,990,17,171,83,2026-01-01
19798,990,18,158,68,2026-01-01
19799,990,19,356,40,2026-01-01
19800,990,20,318,27,2026-01-01
19801,991,1,402,41,2026-01-01
19802,991,2,320,88,2026-01-01
19803,991,3,155,73,2026-01-01
19804,991,4,99,79,2026-01-01
19805,991,5,60,33,2026-01-01
19806,991,6,391,28,2026-01-01
19807,991,7,159,58,2026-01-01
19808,991,8,160,77,2026-01-01
19809,991,9,312,36,2026-01-01
19810,991,10,107,23,2026-01-01
19811,991,11,146,52,2026-01-01
19812,991,12,240,60,2026-01-01
19813,991,13,363,82,2026-01-01
19814,991,14,386,28,2026-01-01
19815,991,15,333,76,2026-01-01
19816,991,16,318,72,2026-01-01
19817,991,17,105,59,2026-01-01
19818,991,18,260,81,2026-01-01
19819,991,19,51,53,2026-01-01
19820,991,20,405,93,2026-01-01
19821,992,1,164,67,2026-01-01
19822,992,2,329,32,2026-01-01
19823,992,3,193,32,2026-01-01
19824,992,4,87,52,2026-01-01
19825,992,5,304,52,2026-01-01
19826,992,6,97,78,2026-01-01
19827,992,7,118,80,2026-01-01
19828,992,8,404,95,2026-01-01
19829,992,9,95,39,2026-01-01
19830,992,10,426,62,2026-01-01
19831,992,11,87,43,2026-01-01
19832,992,12,283,35,2026-01-01
19833,992,13,348,22,2026-01-01
19834,992,14,397,59,2026-01-01
19835,992,15,93,77,2026-01-01
19836,992,16,418,40,2026-01-01
19837,992,17,369,36,2026-01-01
19838,992,18,258,56,2026-01-01
19839,992,19,411,59,2026-01-01
19840,992,20,331,21,2026-01-01
19841,993,1,443,83,2026-01-01
19842,993,2,74,95,2026-01-01
19843,993,3,152,33,2026-01-01
19844,993,4,113,22,2026-01-01
19845,993,5,384,30,2026-01-01
19846,993,6,119,48,2026-01-01
19847,993,7,308,43,2026-01-01
19848,993,8,55,36,2026-01-01
19849,993,9,18,67,2026-01-01
19850,993,10,303,68,2026-01-01
19851,993,11,455,68,2026-01-01
19852,993,12,12,29,2026-01-01
19853,993,13,151,81,2026-01-01
19854,993,14,177,47,2026-01-01
19855,993,15,419,90,2026-01-01
19856,993,16,127,40,2026-01-01
19857,993,17,392,93,2026-01-01
19858,993,18,212,81,2026-01-01
19859,993,19,309,81,2026-01-01
19860,993,20,37,50,2026-01-01
19861,994,1,260,93,2026-01-01
19862,994,2,259,75,2026-01-01
19863,994,3,69,64,2026-01-01
19864,994,4,354,72,2026-01-01
19865,994,5,13,38,2026-01-01
19866,994,6,380,56,2026-01-01
19867,994,7,307,52,2026-01-01
19868,994,8,94,43,2026-01-01
19869,994,9,363,78,2026-01-01
19870,994,10,213,67,2026-01-01
19871,994,11,350,77,2026-01-01
19872,994,12,238,99,2026-01-01
19873,994,13,137,64,2026-01-01
19874,994,14,87,68,2026-01-01
19875,994,15,85,60,2026-01-01
19876,994,16,42,63,2026-01-01
19877,994,17,18,46,2026-01-01
19878,994,18,281,33,2026-01-01
19879,994,19,201,21,2026-01-01
19880,994,20,78,20,2026-01-01
19881,995,1,91,30,2026-01-01
19882,995,2,38,80,2026-01-01
19883,995,3,340,46,2026-01-01
19884,995,4,18,34,2026-01-01
19885,995,5,448,57,2026-01-01
19886,995,6,76,84,2026-01-01
19887,995,7,147,44,2026-01-01
19888,995,8,282,100,2026-01-01
19889,995,9,94,39,2026-01-01
19890,995,10,12,94,2026-01-01
19891,995,11,231,39,2026-01-01
19892,995,12,182,92,2026-01-01
19893,995,13,327,75,2026-01-01
19894,995,14,55,35,2026-01-01
19895,995,15,322,43,2026-01-01
19896,995,16,105,31,2026-01-01
19897,995,17,454,66,2026-01-01
19898,995,18,458,45,2026-01-01
19899,995,19,385,38,2026-01-01
19900,995,20,284,49,2026-01-01
19901,996,1,498,22,2026-01-01
19902,996,2,34,77,2026-01-01
19903,996,3,489,54,2026-01-01
19904,996,4,269,31,2026-01-01
19905,996,5,130,83,2026-01-01
19906,996,6,439,29,2026-01-01
19907,996,7,293,82,2026-01-01
19908,996,8,441,36,2026-01-01
19909,996,9,347,86,2026-01-01
19910,996,10,270,92,2026-01-01
19911,996,11,44,61,2026-01-01
19912,996,12,373,31,2026-01-01
19913,996,13,479,26,2026-01-01
19914,996,14,340,70,2026-01-01
19915,996,15,321,44,2026-01-01
19916,996,16,126,100,2026-01-01
19917,996,17,289,41,2026-01-01
19918,996,18,195,41,2026-01-01
19919,996,19,168,59,2026-01-01
19920,996,20,274,55,2026-01-01
19921,997,1,11,79,2026-01-01
19922,997,2,284,88,2026-01-01
19923,997,3,199,93,2026-01-01
19924,997,4,272,68,2026-01-01
19925,997,5,333,25,2026-01-01
19926,997,6,434,47,2026-01-01
19927,997,7,338,25,2026-01-01
19928,997,8,136,56,2026-01-01
19929,997,9,400,43,2026-01-01
19930,997,10,342,64,2026-01-01
19931,997,11,485,28,2026-01-01
19932,997,12,2,91,2026-01-01
19933,997,13,484,80,2026-01-01
19934,997,14,433,86,2026-01-01
19935,997,15,21,72,2026-01-01
19936,997,16,416,68,2026-01-01
19937,997,17,296,67,2026-01-01
19938,997,18,378,94,2026-01-01
19939,997,19,167,90,2026-01-01
19940,997,20,193,38,2026-01-01
19941,998,1,180,40,2026-01-01
19942,998,2,120,36,2026-01-01
19943,998,3,333,69,2026-01-01
19944,998,4,117,91,2026-01-01
19945,998,5,78,36,2026-01-01
19946,998,6,306,100,2026-01-01
19947,998,7,45,87,2026-01-01
19948,998,8,165,46,2026-01-01
19949,998,9,82,51,2026-01-01
19950,998,10,158,71,2026-01-01
19951,998,11,434,38,2026-01-01
19952,998,12,268,79,2026-01-01
19953,998,13,117,72,2026-01-01
19954,998,14,188,77,2026-01-01
19955,998,15,392,20,2026-01-01
19956,998,16,412,46,2026-01-01
19957,998,17,222,84,2026-01-01
19958,998,18,318,44,2026-01-01
19959,998,19,218,24,2026-01-01
19960,998,20,381,23,2026-01-01
19961,999,1,204,49,2026-01-01
19962,999,2,4,24,2026-01-01
19963,999,3,223,52,2026-01-01
19964,999,4,263,59,2026-01-01
19965,999,5,346,38,2026-01-01
19966,999,6,4,96,2026-01-01
19967,999,7,499,55,2026-01-01
19968,999,8,74,44,2026-01-01
19969,999,9,160,48,2026-01-01
19970,999,10,469,83,2026-01-01
19971,999,11,388,99,2026-01-01
19972,999,12,340,49,2026-01-01
19973,999,13,334,83,2026-01-01
19974,999,14,294,86,2026-01-01
19975,999,15,230,69,2026-01-01
19976,999,16,476,44,2026-01-01
19977,999,17,238,32,2026-01-01
19978,999,18,463,21,2026-01-01
19979,999,19,74,73,2026-01-01
19980,999,20,489,77,2026-01-01
19981,1000,1,293,32,2026-01-01
19982,1000,2,404,64,2026-01-01
19983,1000,3,359,35,2026-01-01
19984,1000,4,290,68,2026-01-01
19985,1000,5,440,69,2026-01-01
19986,1000,6,203,94,2026-01-01
19987,1000,7,334,20,2026-01-01
19988,1000,8,372,56,2026-01-01
19989,1000,9,225,55,2026-01-01
19990,1000,10,164,73,2026-01-01
19991,1000,11,316,51,2026-01-01
19992,1000,12,33,46,2026-01-01
19993,1000,13,308,98,2026-01-01
19994,1000,14,161,36,2026-01-01
19995,1000,15,95,88,2026-01-01
19996,1000,16,432,64,2026-01-01
19997,1000,17,485,41,2026-01-01
19998,1000,18,265,38,2026-01-01
19999,1000,19,238,47,2026-01-01
20000,1000,20,68,93,2026-01-01
