order_id,customer_id,store_id,order_date,order_status,payment_method,total_amount
1,329,86,2025-06-02 14:12:13,Completed,UPI,1011.64
2,712,2,2024-06-11 00:39:08,Returned,Cash,2643.95
3,539,38,2024-11-17 02:01:58,Returned,Cash,4588.99
4,39,56,2025-12-29 21:11:05,Cancelled,Credit Card,4636.14
5,598,34,2025-05-22 06:29:42,Completed,Debit Card,2581.95
6,347,21,2024-09-17 11:22:36,Returned,Cash,3300.76
7,539,21,2025-01-18 10:42:23,Returned,Debit Card,1316.73
8,235,13,2024-10-14 05:33:21,Returned,Credit Card,2758.62
9,204,39,2024-12-04 11:14:25,Returned,UPI,4196.33
10,893,33,2024-05-26 18:16:29,Completed,UPI,3880.8
11,783,84,2024-09-04 19:26:15,Completed,UPI,3538.87
12,979,87,2024-09-18 14:00:55,Completed,Credit Card,384.07
13,835,72,2025-07-22 12:59:20,Cancelled,UPI,2443.45
14,604,70,2024-07-23 08:01:59,Cancelled,Debit Card,4052.16
15,425,18,2024-06-02 20:56:17,Returned,Debit Card,4838.93
16,170,46,2026-02-12 21:23:40,Completed,UPI,1822.87
17,950,89,2025-06-28 08:01:01,Returned,Net Banking,4184.07
18,978,14,2025-01-17 22:43:04,Pending,UPI,759.69
19,411,51,2024-09-22 08:47:18,Completed,Debit Card,4939.21
20,234,61,2024-11-11 09:44:39,Pending,Credit Card,2611.91
21,310,2,2025-08-28 12:22:33,Pending,Cash,3610.28
22,810,98,2024-06-05 00:18:52,Pending,UPI,1299.11
23,43,2,2025-06-14 12:30:58,Returned,Cash,2812.96
24,736,16,2024-07-17 06:20:52,Completed,Debit Card,3180.63
25,79,34,2025-01-24 23:44:09,Returned,Debit Card,3657.83
26,697,88,2024-12-02 03:16:27,Returned,Net Banking,1666.37
27,300,45,2026-04-29 08:34:19,Completed,Debit Card,2979.58
28,774,93,2025-08-18 13:28:57,Cancelled,Cash,563.0
29,129,70,2025-10-16 05:26:07,Completed,UPI,4662.82
30,472,68,2025-11-28 18:30:25,Completed,Net Banking,3532.2
31,151,53,2025-08-18 07:53:00,Cancelled,Net Banking,3610.41
32,837,48,2024-06-07 21:39:34,Returned,Cash,1953.5
33,766,44,2026-02-27 11:43:35,Returned,Debit Card,3549.78
34,991,46,2025-04-02 16:29:04,Pending,UPI,1336.18
35,731,17,2026-05-19 10:41:12,Pending,Net Banking,2354.58
36,456,79,2024-10-20 06:31:41,Cancelled,UPI,1743.24
37,997,31,2026-05-13 05:09:37,Cancelled,Credit Card,1478.7
38,893,12,2024-07-20 02:49:27,Completed,Cash,886.19
39,266,34,2025-03-26 18:00:08,Returned,Credit Card,4740.9
40,735,30,2026-03-16 19:48:55,Pending,UPI,2158.32
41,445,52,2025-06-12 03:14:52,Cancelled,Net Banking,2072.8
42,647,41,2026-02-23 18:29:12,Completed,Cash,2835.0
43,623,73,2026-04-19 16:39:05,Completed,Credit Card,2368.47
44,1,16,2024-09-26 07:05:47,Returned,Net Banking,4215.68
45,996,65,2026-02-19 19:38:34,Returned,UPI,1634.22
46,828,28,2024-12-01 06:49:47,Cancelled,Net Banking,804.34
47,559,34,2026-04-27 10:05:24,Pending,Cash,1614.34
48,908,80,2026-03-01 23:09:39,Cancelled,Debit Card,4287.11
49,981,3,2025-12-19 23:18:36,Pending,Cash,2538.11
50,460,28,2025-12-25 21:01:11,Completed,Net Banking,4826.28
51,679,74,2024-08-26 15:30:25,Cancelled,Cash,51.15
52,88,93,2024-07-16 09:53:33,Pending,Net Banking,1787.05
53,164,85,2024-08-24 05:01:03,Completed,Cash,3632.69
54,630,34,2025-11-27 04:39:07,Cancelled,Net Banking,1465.09
55,228,41,2026-05-02 05:24:14,Cancelled,UPI,2232.34
56,661,97,2025-03-19 22:51:28,Cancelled,Net Banking,961.07
57,746,17,2025-11-05 08:50:38,Cancelled,Credit Card,4445.45
58,990,25,2026-03-24 17:36:50,Completed,UPI,2202.54
59,81,47,2026-02-06 08:23:29,Pending,Debit Card,4165.79
60,587,89,2025-12-05 18:33:46,Completed,UPI,3786.02
61,843,62,2025-04-30 20:31:23,Completed,Cash,3866.25
62,299,100,2025-12-27 20:08:09,Cancelled,Credit Card,4381.07
63,848,66,2025-07-15 18:16:01,Returned,Cash,52.4
64,12,67,2025-11-01 03:44:17,Completed,Debit Card,3006.91
65,670,6,2025-07-17 07:12:29,Pending,Credit Card,3082.05
66,994,55,2025-10-25 22:18:42,Completed,Credit Card,4677.54
67,261,89,2024-08-11 15:53:45,Completed,Cash,3718.33
68,576,9,2024-06-14 08:47:09,Returned,Credit Card,312.95
69,427,83,2024-11-29 10:15:33,Returned,UPI,2812.99
70,495,67,2026-03-24 22:04:28,Returned,Cash,1646.05
71,746,46,2024-11-04 09:44:41,Pending,Net Banking,2177.04
72,119,66,2025-11-28 00:19:43,Cancelled,Cash,3893.0
73,584,88,2025-10-04 19:38:11,Returned,UPI,4802.54
74,372,28,2024-11-18 08:25:45,Cancelled,Credit Card,788.5
75,386,13,2024-09-20 11:13:06,Cancelled,Debit Card,2988.78
76,895,65,2025-09-25 02:28:34,Completed,Cash,4984.57
77,290,38,2024-09-09 07:11:12,Completed,Credit Card,600.48
78,870,50,2025-09-07 07:43:42,Completed,Net Banking,3032.53
79,139,40,2025-07-12 20:32:21,Cancelled,Cash,130.71
80,343,3,2024-08-18 06:48:27,Pending,UPI,3440.64
81,142,3,2024-11-27 09:48:00,Cancelled,Net Banking,3866.27
82,534,15,2025-08-12 07:27:28,Completed,Net Banking,670.99
83,834,96,2024-08-25 11:29:19,Pending,Debit Card,538.17
84,658,84,2025-11-17 08:01:01,Completed,Debit Card,1373.75
85,576,46,2025-06-29 04:33:18,Returned,Net Banking,2733.85
86,208,12,2025-02-17 13:50:04,Cancelled,Cash,2037.44
87,354,85,2025-06-12 20:34:36,Pending,Credit Card,520.03
88,912,89,2024-09-24 10:34:10,Cancelled,Net Banking,2900.53
89,395,39,2026-05-21 08:05:54,Pending,Credit Card,2241.85
90,79,68,2025-03-01 20:43:26,Completed,Credit Card,456.11
91,164,67,2025-02-14 19:32:13,Returned,UPI,2727.29
92,505,53,2024-06-04 06:32:21,Returned,UPI,557.26
93,681,46,2025-06-23 02:04:06,Cancelled,Net Banking,4887.48
94,715,72,2025-08-02 10:09:59,Cancelled,Debit Card,289.01
95,272,16,2025-03-24 06:46:36,Returned,Debit Card,4071.6
96,183,87,2024-07-28 11:26:33,Cancelled,Debit Card,1611.26
97,668,27,2025-09-13 01:51:28,Cancelled,UPI,3681.69
98,899,82,2025-12-09 20:00:25,Cancelled,Cash,940.8
99,705,58,2024-08-12 03:51:53,Pending,Debit Card,2516.15
100,752,15,2025-01-05 14:45:39,Pending,UPI,3804.8
101,106,87,2024-11-14 08:29:33,Completed,Net Banking,1435.82
102,850,71,2025-06-26 20:17:49,Completed,UPI,4286.91
103,367,72,2025-02-24 20:17:25,Cancelled,Credit Card,1948.06
104,611,43,2025-06-16 08:18:14,Cancelled,Debit Card,4615.34
105,88,77,2026-04-04 22:18:58,Returned,Debit Card,154.78
106,502,35,2026-01-06 19:49:19,Returned,Debit Card,463.78
107,873,20,2026-02-11 17:47:44,Completed,Cash,2622.61
108,921,45,2024-11-13 01:24:08,Cancelled,Debit Card,1525.81
109,618,83,2025-07-15 22:23:05,Completed,Net Banking,4607.3
110,441,2,2026-03-23 01:10:49,Completed,Net Banking,2146.7
111,467,50,2024-07-20 07:52:39,Pending,UPI,2745.95
112,970,93,2026-04-14 02:42:54,Pending,Cash,3200.79
113,972,68,2025-06-28 14:28:00,Pending,Net Banking,2141.99
114,364,5,2025-09-23 07:12:06,Cancelled,Debit Card,1332.84
115,234,41,2025-12-02 15:55:23,Returned,Net Banking,204.15
116,361,91,2026-02-05 20:47:34,Cancelled,Credit Card,1348.85
117,447,7,2025-04-02 11:07:52,Completed,Credit Card,3011.02
118,942,89,2025-07-28 20:12:25,Pending,Net Banking,176.63
119,99,32,2026-03-11 18:59:55,Pending,Debit Card,2924.27
120,307,20,2025-04-16 11:20:31,Cancelled,Net Banking,3276.96
121,883,52,2024-07-09 06:57:15,Pending,Cash,3472.66
122,384,6,2026-03-18 13:47:17,Cancelled,Debit Card,3973.21
123,981,92,2025-02-24 19:36:40,Returned,Credit Card,4391.14
124,445,16,2024-06-12 03:31:53,Completed,UPI,1962.03
125,208,29,2026-01-23 14:54:01,Cancelled,UPI,4566.37
126,858,46,2025-02-28 09:11:22,Completed,UPI,963.15
127,8,86,2026-02-21 17:33:58,Completed,Net Banking,3725.93
128,249,6,2025-05-10 11:38:24,Pending,UPI,1487.27
129,150,38,2026-01-27 03:36:31,Returned,Credit Card,3796.74
130,49,53,2024-12-08 10:56:02,Cancelled,Cash,2265.39
131,192,5,2024-10-01 22:04:39,Cancelled,Net Banking,1538.03
132,206,77,2026-05-08 20:30:26,Returned,Debit Card,634.82
133,184,16,2024-09-11 00:04:41,Cancelled,Credit Card,4768.44
134,545,75,2024-10-06 20:10:00,Cancelled,UPI,3207.98
135,760,31,2024-12-29 06:50:00,Cancelled,UPI,2409.75
136,863,83,2026-03-08 02:50:27,Cancelled,Credit Card,573.24
137,654,92,2025-01-28 22:15:58,Returned,Debit Card,1633.27
138,544,24,2025-10-24 22:22:22,Pending,Cash,2485.56
139,882,65,2025-04-03 03:12:58,Completed,Debit Card,4206.73
140,407,71,2025-12-20 14:02:52,Returned,Credit Card,4657.9
141,861,80,2025-09-11 09:15:30,Cancelled,UPI,1443.19
142,806,84,2024-08-26 05:03:34,Cancelled,UPI,742.3
143,805,68,2024-12-01 03:26:51,Completed,UPI,1985.89
144,947,32,2025-09-28 06:57:42,Pending,Net Banking,2288.42
145,764,35,2026-02-21 04:04:45,Cancelled,Debit Card,2010.08
146,553,68,2025-09-17 12:43:59,Cancelled,Debit Card,651.83
147,380,75,2024-12-05 16:10:41,Returned,UPI,2701.9
148,185,39,2024-09-14 00:13:24,Pending,Net Banking,1089.89
149,57,35,2024-08-07 14:11:56,Completed,Debit Card,4441.25
150,95,24,2025-02-21 20:53:29,Returned,Cash,4789.85
151,859,95,2025-01-11 20:19:40,Pending,UPI,697.29
152,312,45,2025-01-21 16:24:55,Completed,Credit Card,188.16
153,604,54,2025-09-29 06:51:00,Completed,Cash,4465.83
154,166,41,2024-10-16 01:44:38,Completed,Cash,3694.12
155,994,67,2026-04-28 20:25:08,Cancelled,Debit Card,4882.31
156,561,10,2025-08-15 06:39:23,Returned,Debit Card,2056.43
157,76,26,2025-04-25 04:28:08,Completed,Debit Card,1107.14
158,723,86,2024-10-12 16:01:39,Completed,Cash,3546.01
159,83,69,2024-06-18 20:22:32,Cancelled,Net Banking,2730.45
160,712,18,2024-07-29 19:32:54,Cancelled,Credit Card,4817.62
161,797,59,2026-04-23 11:07:20,Completed,Cash,3740.55
162,269,61,2025-01-30 06:37:16,Cancelled,Debit Card,4858.04
163,527,67,2025-03-21 00:44:25,Pending,Cash,4356.88
164,847,51,2025-11-27 21:28:31,Cancelled,Net Banking,3638.8
165,252,69,2024-07-27 07:49:51,Pending,UPI,1834.54
166,319,84,2025-11-04 17:30:11,Cancelled,Cash,4025.97
167,303,13,2025-03-11 06:10:16,Completed,Debit Card,4716.31
168,631,31,2026-05-07 02:03:32,Returned,Cash,3506.84
169,266,35,2024-10-21 10:17:19,Pending,Cash,511.55
170,995,83,2025-07-22 21:21:45,Completed,Cash,1484.74
171,558,50,2025-01-05 00:10:54,Cancelled,Debit Card,3353.39
172,792,40,2025-02-14 05:00:52,Completed,UPI,1210.51
173,650,40,2024-08-05 14:09:46,Cancelled,Debit Card,1028.73
174,996,1,2026-04-05 10:20:44,Completed,Net Banking,3145.61
175,157,61,2024-12-22 02:51:39,Completed,Debit Card,2123.54
176,398,53,2024-12-19 05:31:51,Pending,Net Banking,1383.3
177,361,34,2024-07-21 15:14:06,Pending,Net Banking,1839.57
178,914,57,2026-01-13 19:50:19,Pending,Cash,3661.18
179,109,22,2025-11-08 13:28:42,Cancelled,Cash,2529.6
180,694,90,2024-07-18 18:18:27,Cancelled,Cash,762.23
181,546,29,2025-03-27 06:31:17,Pending,Net Banking,2348.85
182,689,47,2026-05-23 01:39:42,Returned,Credit Card,1912.8
183,268,95,2025-01-30 13:08:01,Cancelled,UPI,911.01
184,976,45,2024-12-05 20:41:35,Returned,Credit Card,1444.76
185,373,64,2025-12-27 22:50:57,Returned,Net Banking,1251.33
186,499,23,2025-08-09 22:07:15,Returned,Net Banking,1749.56
187,136,32,2026-03-30 20:53:28,Returned,Debit Card,2088.42
188,487,84,2025-03-30 22:53:30,Completed,Net Banking,1583.56
189,576,83,2025-12-20 03:41:00,Returned,UPI,2215.83
190,228,75,2025-01-07 07:30:54,Returned,UPI,1974.68
191,252,80,2024-06-04 08:57:26,Cancelled,Cash,3018.46
192,413,48,2024-09-24 06:55:58,Pending,Credit Card,3295.98
193,348,18,2024-08-19 19:29:06,Cancelled,Net Banking,2978.32
194,689,88,2025-02-02 03:26:41,Cancelled,Cash,199.43
195,172,70,2025-03-16 00:44:51,Returned,Net Banking,3782.86
196,376,94,2024-06-14 03:43:46,Returned,Cash,86.66
197,731,46,2024-07-11 12:50:13,Completed,UPI,3076.89
198,391,41,2025-06-07 15:33:33,Pending,Net Banking,705.39
199,572,15,2025-01-15 22:17:19,Returned,Credit Card,2261.38
200,61,10,2024-09-11 15:42:17,Cancelled,Debit Card,4686.51
201,822,99,2024-09-24 13:57:04,Pending,UPI,1624.88
202,552,50,2025-05-27 21:17:44,Completed,Debit Card,2422.39
203,352,61,2024-09-04 08:47:55,Cancelled,Debit Card,1711.14
204,126,4,2026-03-14 05:46:36,Pending,Credit Card,855.53
205,263,63,2025-10-03 17:23:32,Cancelled,Debit Card,3395.22
206,648,78,2025-12-30 14:44:50,Returned,UPI,4711.71
207,38,79,2025-09-13 07:23:33,Cancelled,Credit Card,973.66
208,34,16,2025-08-27 22:51:25,Returned,Debit Card,959.79
209,308,30,2024-10-30 06:59:01,Pending,Cash,2412.94
210,556,45,2025-12-26 04:28:43,Pending,Credit Card,1358.86
211,257,20,2024-06-03 01:01:08,Cancelled,Debit Card,3591.5
212,921,91,2024-09-03 15:40:06,Cancelled,Cash,1471.54
213,902,34,2026-01-29 18:59:25,Completed,Credit Card,736.94
214,861,46,2025-12-05 12:00:58,Cancelled,Net Banking,751.7
215,185,18,2025-03-01 21:18:15,Completed,Cash,2969.91
216,555,60,2025-02-28 09:52:02,Completed,Cash,124.23
217,252,44,2025-12-27 11:28:20,Returned,Cash,804.32
218,500,11,2025-10-13 13:32:27,Pending,Cash,2275.75
219,275,26,2026-03-17 04:37:45,Completed,UPI,4978.6
220,425,30,2024-07-09 09:20:32,Cancelled,Net Banking,1857.76
221,476,88,2025-09-09 15:55:30,Pending,Net Banking,3118.4
222,469,26,2025-07-11 02:06:44,Completed,Credit Card,1646.49
223,905,21,2025-03-21 22:52:27,Cancelled,Debit Card,2869.57
224,359,55,2026-05-19 04:11:09,Completed,Cash,809.52
225,350,56,2024-11-14 18:59:30,Pending,Net Banking,4263.64
226,2,9,2025-09-09 18:11:04,Returned,Credit Card,2881.27
227,234,72,2024-11-09 15:44:20,Cancelled,UPI,2605.96
228,862,28,2024-12-16 01:54:35,Pending,Credit Card,295.06
229,481,11,2024-07-12 23:28:21,Completed,Net Banking,2079.34
230,512,3,2025-09-11 19:07:22,Cancelled,Net Banking,4236.62
231,967,41,2025-07-27 23:15:11,Pending,UPI,988.16
232,388,16,2024-05-30 16:03:36,Completed,Cash,3004.55
233,779,79,2024-06-16 18:54:36,Pending,Net Banking,108.6
234,507,46,2024-10-02 04:35:28,Pending,Credit Card,2688.86
235,976,32,2025-11-21 21:53:28,Completed,UPI,4038.85
236,831,12,2025-07-29 05:37:14,Pending,Debit Card,1495.83
237,27,4,2024-06-13 03:19:54,Completed,Debit Card,3984.62
238,953,73,2024-12-16 23:06:28,Cancelled,Credit Card,4057.66
239,116,24,2025-11-10 20:36:04,Completed,Credit Card,161.91
240,123,12,2025-11-21 04:33:45,Completed,Credit Card,2955.15
241,334,19,2025-02-20 23:19:46,Returned,Debit Card,1593.17
242,5,16,2026-05-18 04:01:09,Returned,UPI,547.03
243,523,80,2026-04-30 04:30:54,Pending,UPI,3699.16
244,114,66,2024-07-13 11:55:54,Cancelled,Credit Card,1440.34
245,960,97,2025-12-09 15:53:51,Returned,Cash,4886.62
246,195,64,2025-11-01 23:53:17,Completed,Debit Card,291.69
247,20,15,2024-12-03 11:41:44,Cancelled,Cash,4233.96
248,166,20,2025-06-06 00:33:26,Cancelled,Net Banking,2920.59
249,114,89,2024-12-31 06:18:18,Pending,Net Banking,691.37
250,754,80,2024-09-24 23:00:57,Pending,Net Banking,2953.93
251,666,61,2024-08-12 11:10:10,Pending,Net Banking,3691.28
252,810,1,2025-03-02 11:03:56,Returned,Net Banking,3209.72
253,474,3,2026-05-19 23:54:01,Returned,UPI,1365.6
254,604,28,2026-03-03 13:56:53,Completed,Net Banking,2128.22
255,729,30,2025-02-15 06:42:21,Pending,Cash,3306.0
256,577,82,2025-05-21 13:59:15,Cancelled,Debit Card,3384.37
257,561,22,2026-02-20 02:24:04,Returned,UPI,1398.9
258,165,2,2025-10-18 05:16:44,Cancelled,Credit Card,4965.35
259,784,19,2024-09-23 04:25:57,Returned,Debit Card,4900.74
260,866,40,2024-10-23 09:17:14,Returned,Debit Card,1317.85
261,23,37,2025-05-12 10:36:06,Cancelled,Debit Card,1649.08
262,427,95,2025-09-10 06:22:56,Completed,Credit Card,2865.56
263,909,26,2026-02-11 23:24:45,Pending,Cash,3396.58
264,9,63,2024-06-05 09:53:59,Completed,Net Banking,2412.71
265,198,86,2024-08-06 06:49:10,Pending,Credit Card,2240.86
266,156,99,2025-09-20 08:58:34,Pending,Debit Card,4411.89
267,448,55,2024-06-08 14:32:19,Pending,Net Banking,171.56
268,881,85,2024-10-26 07:57:25,Pending,Cash,4552.35
269,655,52,2026-05-05 13:02:34,Pending,Debit Card,4069.81
270,801,36,2026-05-23 04:10:46,Completed,Credit Card,4724.21
271,1000,24,2025-12-24 06:05:29,Returned,Net Banking,1166.45
272,358,52,2024-12-25 19:36:23,Pending,Credit Card,640.86
273,330,49,2025-11-12 08:22:56,Cancelled,Cash,1568.81
274,85,64,2025-09-25 01:47:31,Cancelled,Debit Card,643.72
275,611,87,2025-11-03 06:44:33,Cancelled,Credit Card,3142.52
276,924,43,2025-10-22 14:57:26,Pending,Debit Card,4336.87
277,31,63,2024-06-20 22:40:18,Completed,Net Banking,3383.26
278,491,92,2024-07-05 02:16:45,Cancelled,Credit Card,350.84
279,510,57,2026-03-29 14:59:30,Cancelled,Cash,4841.59
280,850,86,2024-06-19 20:44:05,Returned,Net Banking,3951.22
281,986,3,2024-12-08 02:25:47,Pending,Credit Card,2785.94
282,712,86,2025-03-29 03:14:42,Pending,Debit Card,3360.29
283,936,90,2025-01-27 02:40:19,Pending,Credit Card,560.12
284,674,5,2024-12-18 19:15:08,Completed,Cash,466.62
285,450,67,2025-10-04 22:52:47,Returned,Cash,3709.81
286,809,83,2025-05-06 14:08:24,Returned,Cash,3614.7
287,969,61,2026-04-28 14:45:30,Cancelled,UPI,43.43
288,540,95,2025-10-01 22:09:50,Cancelled,Credit Card,192.62
289,62,33,2025-01-01 12:20:10,Pending,Cash,2159.26
290,279,47,2025-03-27 22:23:07,Cancelled,Cash,126.01
291,596,27,2026-02-03 02:03:55,Returned,Credit Card,3072.9
292,540,93,2025-05-01 07:18:56,Pending,UPI,4079.68
293,978,15,2026-01-27 18:03:31,Completed,Cash,457.2
294,478,81,2024-06-04 01:55:33,Cancelled,Credit Card,632.69
295,417,42,2024-10-14 00:14:47,Pending,Credit Card,4621.02
296,683,6,2025-04-03 17:51:23,Completed,Credit Card,3541.73
297,353,50,2026-03-07 14:42:37,Completed,UPI,1761.46
298,343,78,2025-06-29 03:33:09,Pending,Cash,659.94
299,869,15,2025-10-01 00:37:23,Returned,Debit Card,4296.63
300,958,39,2024-10-30 15:26:06,Cancelled,Debit Card,3090.21
301,430,32,2024-11-15 21:14:02,Completed,Net Banking,2512.06
302,332,89,2025-03-28 04:15:01,Completed,UPI,2365.59
303,31,50,2025-03-19 12:48:09,Pending,UPI,783.91
304,161,7,2024-10-16 12:40:50,Pending,Net Banking,3842.95
305,370,17,2025-01-11 04:00:58,Returned,Credit Card,4347.13
306,244,34,2025-02-24 16:20:34,Completed,Debit Card,3785.57
307,164,70,2024-07-29 06:48:14,Returned,UPI,766.0
308,90,73,2024-07-05 12:50:18,Cancelled,Net Banking,4670.11
309,774,78,2024-12-04 21:37:49,Pending,Net Banking,4442.77
310,368,1,2024-09-30 17:33:48,Completed,Cash,4726.03
311,322,21,2025-07-30 05:27:45,Returned,UPI,3800.79
312,20,11,2024-11-29 02:53:52,Completed,Net Banking,1419.49
313,722,41,2025-08-12 15:05:40,Pending,Cash,4249.17
314,328,2,2024-11-03 08:09:38,Pending,Cash,4719.38
315,597,30,2025-02-07 06:27:34,Pending,Credit Card,4475.14
316,44,84,2026-02-24 12:40:26,Pending,Net Banking,297.52
317,918,11,2025-06-14 13:54:08,Cancelled,Cash,2762.03
318,654,8,2024-07-20 04:39:59,Returned,Credit Card,739.22
319,756,99,2025-04-28 11:52:39,Completed,UPI,3426.53
320,864,8,2025-08-27 15:04:54,Completed,Debit Card,4193.49
321,295,61,2024-10-05 11:54:19,Pending,Debit Card,517.97
322,501,46,2025-03-11 19:01:37,Pending,Net Banking,1509.25
323,553,50,2025-06-12 12:34:47,Returned,Cash,1250.54
324,638,73,2025-06-19 22:39:26,Completed,UPI,2637.1
325,633,64,2024-08-17 08:41:12,Cancelled,Net Banking,532.68
326,820,25,2024-07-17 17:51:43,Cancelled,Debit Card,2353.09
327,7,89,2025-09-28 03:06:19,Completed,Cash,2233.8
328,804,80,2024-12-28 14:06:01,Cancelled,Credit Card,2420.98
329,943,39,2025-06-27 21:03:16,Returned,UPI,636.76
330,209,38,2026-03-27 14:25:16,Returned,Net Banking,2179.41
331,802,91,2025-04-01 12:44:00,Pending,UPI,2622.91
332,985,55,2025-02-11 01:41:16,Cancelled,UPI,3238.72
333,450,7,2025-03-13 16:11:39,Completed,Cash,480.71
334,446,84,2025-01-04 15:17:55,Completed,UPI,3846.07
335,571,66,2025-09-02 07:14:35,Pending,Cash,4167.75
336,113,84,2025-04-06 20:14:43,Cancelled,Cash,1717.0
337,190,42,2024-09-18 19:11:40,Returned,Net Banking,676.45
338,339,48,2025-12-15 19:04:14,Completed,UPI,2136.58
339,879,100,2026-05-12 17:13:20,Pending,Net Banking,1659.45
340,283,55,2025-12-09 19:52:45,Pending,Net Banking,1305.87
341,545,14,2024-10-16 15:41:06,Returned,Debit Card,1953.02
342,122,48,2025-03-05 22:54:20,Completed,UPI,354.91
343,342,9,2025-08-03 06:14:19,Completed,Debit Card,2772.48
344,886,12,2024-09-04 20:56:29,Returned,Cash,1593.89
345,319,41,2024-07-10 19:30:34,Returned,UPI,141.6
346,516,81,2026-03-09 11:40:20,Cancelled,UPI,3337.98
347,2,40,2025-04-15 21:36:43,Pending,Cash,1503.21
348,999,93,2025-09-22 05:55:27,Pending,Debit Card,3191.04
349,813,83,2024-10-31 21:10:15,Cancelled,Net Banking,1393.2
350,338,88,2024-10-10 10:43:54,Pending,Debit Card,3355.49
351,668,72,2025-08-16 17:28:24,Cancelled,Debit Card,4542.22
352,893,47,2025-09-05 03:49:28,Returned,Debit Card,3745.52
353,205,87,2025-10-14 08:34:35,Cancelled,Credit Card,2481.48
354,764,69,2024-11-28 13:48:20,Completed,Cash,4175.14
355,390,3,2025-06-29 12:21:39,Cancelled,Net Banking,4712.01
356,484,42,2024-12-14 14:20:12,Pending,Debit Card,4913.67
357,747,62,2024-06-23 02:33:11,Cancelled,Cash,495.26
358,95,34,2025-12-28 06:53:30,Completed,Cash,474.55
359,1,24,2026-03-31 20:47:15,Cancelled,Debit Card,2835.38
360,382,95,2025-10-12 09:06:49,Returned,Debit Card,1261.53
361,712,100,2026-05-02 00:51:45,Returned,Credit Card,2957.29
362,414,35,2025-02-14 18:46:33,Pending,UPI,2312.26
363,405,47,2024-10-17 23:12:32,Cancelled,UPI,4164.09
364,274,9,2024-09-11 19:58:07,Pending,Net Banking,423.59
365,590,3,2024-07-27 03:17:25,Returned,UPI,1862.99
366,294,21,2024-06-30 19:51:46,Cancelled,Credit Card,866.29
367,149,93,2024-07-28 07:14:52,Pending,Debit Card,713.13
368,223,50,2025-12-03 12:49:03,Completed,Credit Card,3181.27
369,322,86,2025-10-18 05:26:08,Cancelled,UPI,240.13
370,280,86,2026-05-05 20:53:01,Completed,Credit Card,4194.47
371,233,19,2024-06-29 01:22:00,Returned,Debit Card,184.41
372,697,66,2025-06-05 23:50:23,Cancelled,UPI,4167.91
373,202,42,2024-06-27 23:25:18,Completed,Net Banking,4215.81
374,715,41,2024-08-06 09:01:41,Pending,Credit Card,3543.83
375,505,88,2026-03-19 13:55:41,Returned,Credit Card,3696.22
376,22,50,2024-06-30 00:12:02,Cancelled,Cash,572.84
377,713,33,2025-08-03 15:34:19,Returned,Credit Card,4161.25
378,573,95,2025-10-30 07:43:02,Returned,Cash,1495.03
379,264,99,2026-04-29 14:27:48,Returned,Net Banking,514.54
380,432,8,2024-12-17 14:52:02,Returned,Net Banking,4511.46
381,859,33,2025-06-30 02:17:49,Pending,UPI,4318.42
382,523,86,2024-08-11 09:32:50,Cancelled,Credit Card,4749.27
383,191,89,2024-09-11 09:49:35,Pending,UPI,2238.27
384,637,67,2025-10-22 22:27:57,Completed,UPI,198.27
385,314,34,2024-07-25 04:46:59,Cancelled,UPI,2874.91
386,192,25,2024-09-13 12:53:28,Returned,Debit Card,4546.7
387,101,53,2025-06-10 23:06:31,Pending,Net Banking,3947.37
388,360,54,2024-10-16 06:58:00,Completed,Credit Card,3109.26
389,745,46,2024-05-31 03:14:28,Pending,Debit Card,1158.26
390,676,49,2025-11-11 05:30:49,Pending,Net Banking,2008.28
391,192,79,2025-11-24 11:26:51,Returned,Credit Card,1643.14
392,645,20,2025-10-09 07:13:30,Completed,Credit Card,1992.21
393,236,35,2025-03-24 05:42:37,Returned,Credit Card,1229.68
394,396,22,2024-11-06 19:30:02,Returned,Credit Card,1166.57
395,218,35,2025-11-09 12:35:25,Returned,UPI,2587.9
396,792,59,2025-05-29 21:09:36,Cancelled,Net Banking,4759.3
397,224,30,2024-07-31 08:44:09,Cancelled,UPI,2587.73
398,284,47,2026-01-09 04:14:51,Completed,Net Banking,434.96
399,681,6,2026-01-17 21:17:59,Cancelled,Credit Card,4292.63
400,545,98,2025-11-01 08:21:43,Returned,Debit Card,1295.34
401,807,34,2026-04-16 23:18:37,Pending,UPI,3059.87
402,787,34,2024-09-09 02:07:29,Cancelled,Cash,737.41
403,1000,12,2024-11-22 16:04:24,Pending,Cash,4469.32
404,412,56,2025-07-25 08:15:46,Completed,Debit Card,4435.43
405,147,76,2025-09-30 06:43:18,Returned,Cash,2179.0
406,917,62,2026-05-13 18:39:48,Returned,Debit Card,154.5
407,315,53,2025-04-07 21:07:57,Returned,Credit Card,2448.5
408,278,69,2025-10-28 06:40:57,Pending,Debit Card,855.37
409,801,51,2024-11-22 08:29:34,Completed,Debit Card,3186.97
410,428,61,2025-11-18 14:44:40,Cancelled,Cash,4387.43
411,229,37,2024-08-06 08:38:20,Pending,Debit Card,2101.03
412,824,45,2025-02-07 10:13:45,Returned,Net Banking,3591.33
413,677,57,2024-09-09 07:29:48,Pending,Cash,1686.94
414,740,10,2025-09-20 16:24:42,Cancelled,Debit Card,355.27
415,360,82,2025-02-06 23:11:32,Completed,Cash,2816.21
416,929,66,2024-06-03 12:18:56,Pending,Credit Card,3810.74
417,1,16,2026-01-21 05:31:06,Returned,Cash,2968.0
418,199,9,2025-05-30 04:26:30,Pending,Debit Card,98.56
419,458,10,2026-05-11 23:24:52,Pending,Cash,1413.22
420,775,74,2025-06-03 16:34:12,Returned,Debit Card,2918.92
421,872,88,2025-09-14 06:40:06,Completed,Debit Card,2356.49
422,698,35,2025-08-06 10:22:05,Completed,Debit Card,1461.09
423,783,100,2025-02-18 21:32:03,Pending,Cash,560.17
424,954,78,2026-01-11 19:10:50,Pending,UPI,1973.55
425,428,64,2024-07-16 15:04:31,Completed,Credit Card,1959.9
426,529,2,2026-04-29 03:05:05,Cancelled,Cash,3117.82
427,191,71,2024-08-18 04:47:31,Cancelled,Debit Card,528.48
428,867,38,2025-03-11 03:33:09,Returned,Cash,1741.01
429,626,41,2026-01-21 10:08:28,Completed,Net Banking,4438.84
430,119,78,2024-06-24 07:04:34,Cancelled,Net Banking,2726.07
431,127,61,2025-12-29 11:40:12,Pending,Debit Card,3456.63
432,977,6,2026-01-18 02:09:06,Cancelled,Credit Card,4592.08
433,898,35,2024-06-19 08:35:12,Returned,Debit Card,1308.81
434,143,89,2024-10-24 00:58:19,Cancelled,Cash,2507.76
435,164,77,2025-10-24 02:32:19,Returned,UPI,3901.65
436,879,25,2025-07-25 12:48:55,Returned,Credit Card,1999.93
437,660,33,2026-04-17 12:36:00,Cancelled,Cash,4403.97
438,414,25,2024-10-22 14:47:23,Pending,UPI,3915.82
439,678,34,2024-07-27 19:18:25,Pending,Cash,771.15
440,35,35,2024-08-23 05:36:46,Returned,Cash,3771.74
441,355,36,2024-09-02 05:08:23,Returned,UPI,3719.26
442,948,3,2025-07-28 12:15:42,Completed,Net Banking,4134.06
443,359,31,2024-08-19 05:09:25,Completed,Credit Card,3521.43
444,810,35,2025-07-04 00:20:35,Returned,UPI,1710.24
445,838,32,2024-12-08 06:13:01,Returned,Credit Card,532.65
446,91,42,2025-10-22 23:23:53,Returned,Debit Card,4355.05
447,810,53,2024-08-24 00:49:55,Completed,Cash,3187.23
448,503,25,2024-12-01 21:37:11,Pending,Credit Card,4064.05
449,244,94,2025-08-23 18:16:10,Cancelled,Debit Card,1587.49
450,903,13,2025-06-07 02:18:56,Cancelled,Cash,3270.02
451,47,70,2025-02-13 06:22:48,Pending,Cash,133.0
452,254,26,2025-08-16 11:38:25,Completed,Cash,3045.66
453,144,34,2025-03-31 22:47:59,Pending,Cash,4330.13
454,719,73,2024-10-08 12:11:04,Cancelled,Cash,466.05
455,889,10,2026-04-05 08:02:08,Completed,Net Banking,2288.09
456,440,7,2024-07-11 14:31:59,Returned,Net Banking,2540.61
457,621,65,2025-02-05 10:44:39,Returned,Debit Card,1368.27
458,907,97,2026-03-12 08:37:48,Pending,Cash,2927.02
459,436,76,2026-01-07 11:20:27,Completed,Cash,1541.67
460,517,11,2025-06-27 09:25:07,Completed,Debit Card,2795.41
461,237,22,2025-01-25 09:16:07,Pending,UPI,3139.02
462,522,52,2025-11-15 02:42:31,Completed,Net Banking,4214.79
463,554,14,2024-06-26 19:43:04,Cancelled,Cash,3360.45
464,207,89,2025-09-12 18:33:24,Completed,UPI,2040.66
465,412,30,2026-05-09 19:37:17,Returned,UPI,863.83
466,509,61,2025-10-28 12:13:18,Cancelled,UPI,3749.94
467,272,55,2026-04-05 11:30:57,Pending,Credit Card,3693.42
468,815,91,2025-04-15 05:29:25,Pending,Net Banking,3035.76
469,850,14,2026-01-19 14:45:34,Completed,Debit Card,86.43
470,789,9,2025-04-30 21:28:22,Returned,Cash,2039.48
471,60,21,2025-08-28 10:02:58,Pending,UPI,2366.3
472,882,63,2025-10-12 11:49:46,Cancelled,Debit Card,3342.46
473,644,31,2026-05-25 05:34:23,Pending,Credit Card,3422.49
474,921,10,2025-08-11 16:09:04,Returned,Credit Card,3878.79
475,801,91,2026-03-17 22:25:13,Completed,Net Banking,2271.11
476,732,74,2024-11-07 10:58:07,Pending,Credit Card,828.78
477,181,85,2026-04-17 21:14:21,Cancelled,UPI,3523.15
478,719,47,2026-04-07 10:09:41,Pending,Cash,379.08
479,692,88,2024-05-30 08:56:58,Cancelled,Debit Card,3119.78
480,211,59,2024-11-24 10:15:39,Pending,UPI,1540.06
481,319,74,2025-09-10 02:08:28,Cancelled,Net Banking,532.07
482,305,70,2025-06-03 04:17:03,Completed,Net Banking,4209.59
483,658,94,2024-12-07 05:51:18,Pending,Cash,1379.01
484,545,78,2025-02-24 01:58:24,Cancelled,Credit Card,2888.28
485,467,88,2026-05-08 00:58:59,Pending,Debit Card,433.14
486,680,27,2025-12-11 07:59:04,Completed,Net Banking,4493.18
487,394,71,2026-05-01 02:33:19,Cancelled,Debit Card,556.8
488,164,13,2025-03-21 20:36:10,Completed,Credit Card,3175.56
489,211,79,2024-12-10 00:00:24,Pending,Cash,4347.45
490,393,5,2026-03-07 07:48:30,Returned,UPI,4603.29
491,898,42,2025-07-18 04:40:25,Completed,Cash,3459.26
492,18,32,2024-12-06 13:25:59,Pending,Cash,586.01
493,500,76,2024-09-22 08:06:22,Returned,Debit Card,819.99
494,20,100,2025-03-15 01:55:05,Completed,Debit Card,3536.04
495,739,82,2026-02-19 20:25:13,Returned,UPI,4290.52
496,226,70,2025-12-26 12:52:46,Cancelled,UPI,4720.17
497,475,42,2026-05-10 14:01:01,Cancelled,Credit Card,4874.21
498,582,89,2025-07-29 08:56:12,Completed,Debit Card,1013.3
499,117,27,2025-09-25 11:16:47,Cancelled,Credit Card,3038.29
500,798,9,2025-10-25 02:12:34,Completed,Cash,4466.74
501,974,55,2024-11-17 20:26:40,Completed,Cash,2849.41
502,855,95,2026-05-21 13:56:06,Returned,Cash,3653.02
503,163,28,2026-04-23 08:13:39,Pending,Net Banking,4673.65
504,571,7,2026-03-05 00:56:03,Returned,Debit Card,3133.16
505,11,81,2026-05-14 20:20:59,Returned,Debit Card,1124.89
506,561,55,2025-12-25 20:09:20,Cancelled,Credit Card,1136.21
507,795,85,2024-09-14 03:53:09,Cancelled,Credit Card,4317.91
508,868,3,2024-07-29 02:31:38,Cancelled,UPI,3231.1
509,436,38,2024-09-04 23:10:36,Completed,Credit Card,3222.55
510,139,1,2024-10-08 04:43:11,Completed,Debit Card,152.61
511,771,14,2025-10-21 19:32:17,Returned,Credit Card,978.81
512,307,93,2025-02-22 01:49:25,Pending,UPI,926.3
513,185,4,2024-10-14 01:36:47,Cancelled,Credit Card,4140.79
514,623,62,2024-12-09 15:03:32,Pending,Net Banking,3664.33
515,363,25,2026-04-18 00:59:13,Completed,Credit Card,4500.59
516,956,74,2024-11-28 08:16:03,Pending,Debit Card,1129.42
517,23,10,2026-03-10 04:29:52,Pending,Net Banking,3896.34
518,860,19,2025-03-23 04:10:09,Pending,Net Banking,273.51
519,770,61,2026-05-11 16:14:53,Pending,UPI,2145.68
520,515,45,2025-06-21 07:39:17,Pending,Debit Card,4161.93
521,317,59,2026-01-23 05:45:19,Cancelled,UPI,1937.5
522,449,17,2025-07-13 13:02:04,Pending,UPI,3184.22
523,426,22,2024-10-05 18:43:58,Completed,Net Banking,1537.03
524,926,7,2025-03-28 01:36:52,Cancelled,Net Banking,2344.89
525,53,23,2025-05-05 00:24:25,Returned,Net Banking,2599.66
526,266,42,2025-07-28 22:11:07,Completed,Net Banking,1912.46
527,5,15,2024-11-02 01:47:46,Returned,Cash,1051.26
528,968,2,2024-08-09 16:10:03,Cancelled,Cash,3237.55
529,239,64,2024-06-03 16:40:34,Cancelled,UPI,2238.82
530,450,44,2024-10-17 16:21:02,Completed,Credit Card,28.28
531,756,1,2024-12-17 12:15:01,Pending,Net Banking,1850.7
532,840,59,2024-06-06 02:17:04,Returned,Cash,2229.12
533,125,81,2026-04-29 21:34:40,Completed,Debit Card,3273.81
534,866,2,2025-08-07 10:45:39,Returned,Net Banking,552.85
535,249,36,2025-05-16 05:37:11,Pending,Debit Card,2801.94
536,519,97,2025-11-25 12:27:32,Cancelled,Net Banking,3759.39
537,615,92,2024-10-24 21:14:53,Returned,UPI,2340.62
538,849,24,2025-05-24 05:48:30,Completed,Credit Card,4312.81
539,454,6,2025-06-16 06:51:37,Completed,Cash,484.08
540,70,53,2025-10-10 22:30:14,Returned,Debit Card,2453.26
541,55,93,2025-05-24 13:49:15,Returned,Credit Card,2092.07
542,336,18,2026-03-03 13:29:27,Pending,Credit Card,224.7
543,307,13,2026-01-12 16:50:52,Returned,Net Banking,3952.38
544,543,27,2026-05-08 13:36:58,Cancelled,Net Banking,1751.68
545,789,77,2025-07-08 00:44:03,Pending,UPI,2789.3
546,575,56,2025-04-07 10:14:35,Cancelled,Cash,4177.29
547,739,2,2025-11-26 01:40:21,Completed,Cash,139.21
548,415,66,2025-11-03 19:46:29,Cancelled,UPI,4677.03
549,133,38,2026-01-25 00:42:55,Cancelled,UPI,1190.45
550,685,67,2026-04-27 05:41:58,Cancelled,Credit Card,726.19
551,126,12,2025-07-16 23:32:40,Returned,UPI,1260.8
552,363,11,2025-10-11 14:43:15,Completed,UPI,4744.39
553,973,79,2024-07-29 10:14:45,Completed,Credit Card,2581.1
554,213,72,2024-09-21 10:39:22,Returned,Credit Card,3343.35
555,791,54,2025-01-21 05:16:15,Cancelled,Net Banking,550.11
556,72,47,2024-11-14 18:28:39,Pending,Net Banking,4650.19
557,293,12,2025-02-04 06:12:38,Pending,UPI,678.76
558,11,50,2025-12-12 13:57:35,Cancelled,Credit Card,3489.84
559,9,58,2026-02-01 14:59:18,Cancelled,Debit Card,150.39
560,870,45,2024-11-03 15:31:48,Completed,Credit Card,674.5
561,714,73,2024-09-19 06:12:00,Completed,Cash,3138.81
562,547,69,2026-05-26 08:37:11,Completed,Credit Card,4618.65
563,729,52,2025-06-18 01:09:20,Cancelled,UPI,2096.05
564,905,32,2025-12-26 18:05:46,Completed,UPI,3353.99
565,847,76,2025-09-26 16:26:08,Pending,Credit Card,318.1
566,790,76,2024-11-01 16:25:03,Returned,Debit Card,381.0
567,671,88,2024-06-20 15:24:23,Cancelled,Net Banking,2094.97
568,121,56,2025-01-29 21:57:57,Returned,Debit Card,2852.12
569,973,67,2025-05-19 19:47:11,Returned,Debit Card,2679.69
570,60,73,2024-05-27 01:07:49,Returned,Cash,1479.9
571,843,98,2026-01-24 00:33:06,Completed,Credit Card,2418.33
572,302,99,2024-08-25 12:46:35,Returned,UPI,4793.93
573,37,61,2025-02-27 03:27:44,Returned,Credit Card,3381.54
574,663,76,2024-07-06 12:19:10,Completed,Net Banking,740.35
575,735,39,2026-03-15 15:14:39,Pending,Net Banking,1672.43
576,762,23,2026-05-26 05:31:12,Completed,UPI,710.46
577,725,42,2025-09-05 20:08:10,Cancelled,Cash,2146.75
578,904,25,2024-07-15 08:48:42,Cancelled,Cash,1252.74
579,877,77,2025-12-30 08:50:11,Returned,UPI,2372.86
580,173,38,2025-11-09 00:18:50,Completed,Debit Card,1890.62
581,280,55,2024-09-08 02:29:51,Cancelled,Credit Card,458.25
582,16,36,2026-01-18 02:19:19,Pending,Net Banking,1512.28
583,819,65,2026-01-12 10:02:53,Pending,Debit Card,2044.37
584,559,59,2025-11-10 17:22:14,Completed,Debit Card,2354.5
585,70,26,2026-04-02 04:08:34,Pending,Credit Card,1065.39
586,415,85,2025-07-30 12:40:59,Completed,Net Banking,1998.0
587,735,55,2024-12-02 03:25:57,Pending,Debit Card,3194.98
588,777,29,2026-03-04 00:33:06,Completed,Cash,4888.54
589,586,1,2025-03-21 04:25:27,Returned,UPI,1357.99
590,139,81,2024-06-17 03:22:03,Returned,Net Banking,2482.63
591,231,30,2024-07-06 05:02:47,Returned,Credit Card,1277.88
592,112,51,2024-06-14 04:40:38,Cancelled,Cash,2921.67
593,15,23,2025-01-26 10:01:49,Completed,Cash,3151.84
594,249,61,2024-12-06 20:50:44,Pending,Cash,3727.15
595,593,83,2026-02-03 12:25:39,Completed,Net Banking,4115.58
596,951,71,2026-04-23 02:54:54,Pending,UPI,1689.07
597,713,69,2026-02-07 17:44:23,Returned,Cash,1708.15
598,709,77,2024-10-14 19:35:12,Cancelled,Credit Card,2742.77
599,704,45,2025-12-18 07:13:11,Cancelled,Cash,1244.27
600,508,76,2025-06-07 07:07:14,Returned,Credit Card,4127.78
601,417,30,2026-01-11 11:03:30,Pending,UPI,2917.83
602,247,78,2025-04-10 00:43:08,Completed,Net Banking,2901.75
603,889,91,2024-09-03 04:13:13,Pending,Net Banking,4610.06
604,670,43,2025-06-19 18:29:19,Pending,Cash,3174.45
605,464,59,2026-05-08 03:51:46,Pending,Net Banking,3490.6
606,50,27,2025-05-03 19:03:47,Completed,UPI,440.07
607,78,98,2025-04-11 16:59:52,Cancelled,Debit Card,635.34
608,373,94,2025-09-15 12:52:53,Pending,Net Banking,3085.12
609,629,59,2024-12-18 10:31:58,Returned,UPI,2009.05
610,609,3,2025-12-08 01:18:42,Pending,Cash,2607.58
611,196,45,2026-01-16 00:08:28,Returned,UPI,309.13
612,245,96,2026-04-06 14:53:39,Returned,Net Banking,3689.26
613,895,1,2025-04-12 01:03:53,Cancelled,Cash,4491.86
614,925,40,2026-03-30 17:54:31,Returned,Credit Card,1244.43
615,110,19,2025-02-06 23:19:36,Returned,UPI,163.33
616,795,86,2024-10-12 07:33:01,Returned,Cash,1372.17
617,542,98,2024-10-18 15:46:49,Pending,Debit Card,888.98
618,531,75,2025-07-18 01:54:09,Pending,Cash,1414.94
619,414,29,2024-10-12 05:08:40,Cancelled,Cash,2860.68
620,902,3,2025-01-03 19:50:49,Returned,Net Banking,1943.94
621,257,8,2025-08-13 23:13:47,Completed,Credit Card,633.08
622,588,78,2025-05-06 18:18:29,Cancelled,Cash,4561.63
623,982,39,2025-02-27 00:44:17,Pending,Cash,4862.95
624,764,88,2025-01-26 06:05:17,Cancelled,Debit Card,1930.11
625,582,9,2024-12-17 01:52:50,Pending,Cash,4833.98
626,387,48,2025-06-29 14:31:11,Cancelled,Credit Card,4384.26
627,226,56,2025-05-09 10:25:50,Cancelled,UPI,4951.62
628,745,10,2025-04-22 01:28:33,Pending,Cash,616.7
629,961,41,2025-09-11 02:54:24,Returned,Debit Card,2642.68
630,525,34,2024-10-06 00:14:57,Pending,Debit Card,3211.25
631,723,85,2026-01-13 04:38:09,Cancelled,Debit Card,585.89
632,512,26,2025-09-30 23:22:45,Pending,UPI,2774.74
633,437,23,2025-04-03 22:29:36,Completed,Debit Card,941.95
634,526,62,2025-10-08 17:42:10,Completed,Credit Card,2219.78
635,477,36,2025-04-20 08:56:53,Completed,Net Banking,1527.31
636,134,85,2026-01-10 10:41:46,Pending,Credit Card,4570.21
637,251,71,2026-04-06 13:47:04,Cancelled,Debit Card,1680.84
638,115,38,2026-03-03 01:05:56,Pending,Net Banking,1270.16
639,905,40,2026-04-04 13:52:28,Completed,Net Banking,4842.69
640,697,16,2024-09-06 05:11:22,Completed,Debit Card,2595.69
641,102,6,2024-11-30 12:43:46,Returned,Cash,152.88
642,986,11,2025-05-24 13:28:12,Returned,Credit Card,1427.71
643,141,35,2025-08-06 16:55:17,Returned,Debit Card,172.19
644,947,87,2025-09-11 12:21:07,Cancelled,UPI,4387.23
645,973,6,2026-02-08 05:04:25,Completed,Debit Card,3962.22
646,495,66,2026-04-10 06:32:23,Returned,UPI,3623.71
647,67,99,2025-06-30 06:03:52,Returned,Credit Card,3222.71
648,777,70,2024-10-30 23:52:13,Completed,Cash,1748.57
649,363,59,2026-04-27 09:20:19,Cancelled,Credit Card,2409.51
650,214,48,2024-10-01 23:37:36,Cancelled,Cash,1190.27
651,46,35,2025-10-29 02:37:36,Cancelled,UPI,1567.99
652,443,98,2025-06-12 23:02:44,Completed,Cash,3949.01
653,107,92,2025-06-22 23:30:44,Completed,Credit Card,2089.09
654,860,64,2025-06-27 00:46:51,Pending,Debit Card,1308.69
655,189,100,2024-07-08 19:25:40,Completed,UPI,2812.95
656,173,71,2026-04-25 15:20:14,Completed,Net Banking,3300.05
657,952,57,2024-12-13 21:15:17,Completed,Debit Card,2114.06
658,352,81,2024-07-10 00:03:29,Pending,Credit Card,3249.28
659,258,21,2024-09-03 16:49:40,Cancelled,UPI,2832.87
660,662,58,2025-11-11 13:40:06,Completed,Debit Card,3061.7
661,270,92,2024-08-31 20:01:50,Pending,Cash,2927.9
662,444,44,2025-08-17 22:42:03,Returned,Net Banking,4417.72
663,473,23,2025-08-03 17:21:05,Completed,Debit Card,1072.69
664,395,26,2025-07-23 06:52:05,Pending,Cash,3908.75
665,128,99,2025-11-22 19:09:43,Completed,Debit Card,890.92
666,532,85,2024-09-22 13:00:07,Pending,UPI,2694.44
667,905,5,2025-12-13 01:33:03,Cancelled,Cash,3987.76
668,224,70,2024-07-02 04:57:44,Pending,Debit Card,3427.27
669,684,14,2026-03-29 18:48:02,Returned,Debit Card,2328.23
670,341,25,2024-06-22 20:28:16,Cancelled,Debit Card,2328.34
671,69,85,2024-12-24 11:28:46,Completed,Cash,1909.95
672,888,41,2026-05-19 13:38:53,Pending,Credit Card,48.66
673,410,8,2025-01-29 20:57:39,Returned,Credit Card,3188.6
674,35,84,2025-11-14 00:37:08,Cancelled,Net Banking,1107.52
675,356,53,2026-02-15 13:18:37,Completed,Debit Card,3978.34
676,265,93,2025-12-22 18:57:24,Returned,Credit Card,1578.64
677,535,79,2024-07-15 08:33:20,Cancelled,Net Banking,1778.19
678,129,23,2026-05-10 13:07:56,Returned,Credit Card,4496.15
679,690,90,2025-02-10 18:03:09,Cancelled,UPI,597.2
680,332,91,2025-06-05 22:13:12,Completed,Cash,1948.85
681,653,18,2024-12-20 14:46:16,Pending,Cash,1194.06
682,9,55,2025-04-16 03:52:35,Cancelled,Cash,3177.26
683,256,28,2025-10-26 04:54:34,Completed,Cash,1480.99
684,256,84,2026-02-06 00:11:06,Returned,Credit Card,4667.19
685,79,12,2024-09-24 00:24:25,Returned,UPI,4832.92
686,791,72,2024-12-05 13:10:14,Cancelled,Net Banking,4309.07
687,708,77,2025-09-20 04:15:22,Completed,Net Banking,4341.61
688,684,17,2025-01-11 22:42:53,Pending,Cash,2271.37
689,536,2,2025-11-25 01:04:55,Completed,UPI,661.35
690,152,88,2025-03-11 01:49:26,Returned,Credit Card,1721.63
691,66,64,2025-08-02 11:09:28,Pending,UPI,3880.93
692,910,74,2026-03-31 10:30:51,Pending,Credit Card,4482.01
693,787,10,2026-04-26 08:03:53,Cancelled,Debit Card,4452.47
694,73,47,2026-01-19 21:44:25,Returned,Debit Card,21.85
695,88,84,2024-10-03 20:13:42,Completed,Debit Card,2776.26
696,289,3,2025-02-02 11:24:38,Cancelled,Net Banking,2599.2
697,175,94,2025-07-31 06:38:50,Pending,Net Banking,4966.81
698,832,78,2026-01-21 19:27:16,Returned,Net Banking,1119.67
699,894,21,2025-01-08 01:26:34,Cancelled,Net Banking,4825.98
700,430,57,2025-12-20 00:05:48,Pending,Cash,1746.75
701,452,23,2026-01-02 11:33:42,Cancelled,Cash,187.29
702,365,75,2024-06-05 15:39:07,Cancelled,Cash,3225.4
703,63,93,2026-02-17 08:38:12,Pending,Cash,2167.21
704,129,76,2024-09-07 11:46:58,Returned,Net Banking,3971.23
705,15,14,2024-09-08 23:45:33,Completed,Credit Card,3208.55
706,527,28,2025-02-10 21:40:11,Completed,Debit Card,803.76
707,859,63,2025-09-17 03:48:05,Cancelled,UPI,4000.49
708,374,98,2025-01-04 07:26:57,Pending,Cash,1889.41
709,91,70,2025-01-04 11:39:24,Completed,UPI,1055.14
710,950,64,2026-03-19 15:29:21,Completed,Net Banking,2392.41
711,215,90,2024-09-26 02:54:29,Pending,Credit Card,2659.62
712,944,30,2024-08-24 18:45:09,Completed,Cash,3902.3
713,371,43,2025-03-18 12:32:15,Cancelled,Debit Card,3879.42
714,908,22,2024-12-04 07:37:05,Completed,Net Banking,1767.24
715,675,67,2025-06-01 07:06:04,Completed,Credit Card,4891.06
716,891,95,2025-08-09 05:19:41,Cancelled,Cash,2738.67
717,150,11,2026-02-21 07:07:10,Cancelled,Cash,1492.17
718,211,87,2025-12-27 23:23:47,Completed,Debit Card,1338.91
719,878,35,2024-09-10 06:08:11,Completed,Cash,2953.82
720,216,54,2025-12-07 16:50:18,Cancelled,UPI,1481.11
721,731,13,2025-03-19 14:48:12,Pending,UPI,3871.63
722,719,83,2025-05-16 14:12:23,Cancelled,Net Banking,4120.15
723,376,1,2025-09-03 23:04:17,Returned,UPI,377.46
724,599,42,2025-07-20 13:00:47,Returned,Credit Card,2763.1
725,782,20,2024-10-07 06:21:37,Completed,Debit Card,3377.14
726,138,99,2025-08-10 08:34:24,Returned,UPI,4203.49
727,671,33,2026-01-20 01:38:24,Returned,UPI,1775.94
728,886,9,2024-06-29 23:27:42,Pending,Debit Card,1897.54
729,916,26,2025-09-15 22:57:50,Pending,Debit Card,4425.16
730,706,14,2026-01-11 02:59:44,Completed,Cash,3979.79
731,314,29,2025-11-04 04:47:51,Returned,Net Banking,3019.39
732,720,8,2024-06-11 02:41:54,Pending,Credit Card,493.33
733,894,20,2024-12-25 17:24:10,Cancelled,Debit Card,2534.6
734,148,1,2025-04-03 07:00:00,Cancelled,Cash,88.11
735,758,35,2025-09-01 18:11:34,Cancelled,Net Banking,3240.84
736,892,57,2026-01-22 12:52:46,Pending,UPI,3718.34
737,250,77,2025-01-02 08:43:45,Returned,Cash,3737.53
738,986,38,2024-06-11 18:40:06,Returned,Cash,415.45
739,758,82,2025-05-08 15:30:57,Cancelled,Debit Card,2375.05
740,594,21,2024-08-15 04:29:31,Cancelled,Net Banking,281.87
741,570,90,2025-07-13 01:32:20,Completed,Net Banking,775.55
742,598,74,2026-05-16 12:13:40,Completed,Credit Card,2030.42
743,384,44,2026-02-07 04:50:43,Returned,Credit Card,3576.52
744,455,71,2024-07-23 03:08:13,Returned,Net Banking,801.86
745,493,99,2025-02-18 17:06:53,Cancelled,Credit Card,909.75
746,891,94,2026-01-08 11:00:03,Cancelled,UPI,241.17
747,673,59,2026-03-20 14:12:57,Completed,UPI,2816.43
748,256,7,2024-11-30 12:08:22,Returned,UPI,460.59
749,7,57,2025-09-10 11:13:24,Returned,Credit Card,3857.22
750,89,66,2025-03-24 21:15:29,Cancelled,Cash,2851.24
751,207,79,2024-10-04 23:02:38,Cancelled,Debit Card,4327.94
752,627,58,2024-08-18 17:54:17,Pending,Debit Card,4071.6
753,286,50,2025-04-30 18:04:53,Returned,Credit Card,1951.74
754,402,66,2025-02-05 12:43:41,Completed,Debit Card,3513.3
755,849,3,2024-09-13 08:16:54,Completed,UPI,548.57
756,821,35,2025-06-06 00:32:22,Completed,Debit Card,3134.18
757,629,22,2025-05-27 21:29:32,Returned,Net Banking,1319.11
758,199,50,2026-04-25 03:16:11,Completed,Cash,2717.93
759,754,97,2025-07-14 22:43:04,Completed,Credit Card,1367.21
760,554,55,2025-04-24 16:14:48,Returned,UPI,2043.91
761,711,47,2025-12-17 23:04:05,Completed,Cash,2427.46
762,575,86,2025-06-12 06:08:56,Returned,Net Banking,1183.31
763,881,52,2024-06-30 22:53:17,Completed,Cash,808.32
764,750,30,2025-04-28 05:30:09,Pending,UPI,2329.07
765,998,38,2024-10-20 21:18:37,Pending,Credit Card,2869.47
766,5,54,2025-01-27 16:56:41,Completed,Net Banking,919.71
767,975,44,2025-10-28 00:57:40,Returned,Net Banking,3550.65
768,387,5,2026-05-18 23:59:38,Cancelled,Credit Card,3009.94
769,303,17,2024-10-21 09:49:41,Returned,Cash,4630.36
770,363,83,2026-03-21 04:48:48,Pending,Debit Card,3093.78
771,634,70,2024-12-01 21:47:35,Pending,Credit Card,1762.34
772,429,54,2025-12-23 17:02:49,Completed,UPI,958.82
773,634,28,2026-03-12 06:24:11,Cancelled,Credit Card,514.11
774,154,62,2026-04-27 01:43:36,Returned,UPI,271.06
775,699,79,2024-06-16 21:07:23,Returned,Net Banking,4091.14
776,855,84,2024-07-17 09:05:33,Pending,Credit Card,2813.91
777,723,79,2024-10-30 16:50:17,Returned,UPI,158.96
778,636,51,2025-09-04 01:32:00,Returned,Credit Card,1265.36
779,234,27,2024-07-08 12:53:50,Cancelled,UPI,1163.2
780,545,1,2026-02-07 17:33:46,Completed,Credit Card,2542.96
781,1,34,2024-06-10 05:26:33,Cancelled,Cash,2444.79
782,600,67,2024-07-18 02:38:48,Cancelled,Cash,2073.62
783,728,89,2025-11-27 02:10:25,Cancelled,Credit Card,3066.62
784,111,58,2025-05-15 18:15:50,Pending,UPI,4897.85
785,382,78,2026-01-04 20:10:00,Cancelled,Debit Card,1204.65
786,436,83,2024-12-14 22:37:21,Completed,Net Banking,1169.24
787,961,16,2026-03-30 05:03:10,Returned,Debit Card,1543.1
788,997,80,2025-05-20 10:38:39,Completed,Net Banking,3201.08
789,357,87,2025-04-02 03:24:33,Completed,Cash,4225.38
790,937,67,2026-02-26 16:17:06,Cancelled,Net Banking,1152.57
791,662,99,2025-04-01 15:39:55,Pending,Net Banking,3943.89
792,772,80,2026-04-03 06:24:56,Returned,Debit Card,2462.55
793,250,84,2025-10-01 18:41:56,Returned,Debit Card,3789.76
794,3,93,2026-02-26 02:31:30,Cancelled,Debit Card,1264.37
795,197,8,2025-04-03 10:28:57,Pending,Debit Card,3831.65
796,998,50,2024-12-08 13:54:02,Returned,Net Banking,1100.38
797,757,75,2026-01-07 10:08:33,Cancelled,Credit Card,1002.47
798,541,22,2025-12-19 17:45:26,Cancelled,Credit Card,3251.36
799,951,73,2024-11-25 21:20:00,Completed,Cash,1727.78
800,452,14,2024-07-25 11:59:46,Pending,UPI,1477.07
801,949,67,2024-12-04 15:18:31,Returned,Credit Card,3790.97
802,440,11,2025-02-11 20:15:38,Cancelled,Net Banking,184.36
803,133,18,2024-12-21 12:42:38,Completed,UPI,328.0
804,112,67,2024-11-06 10:15:28,Pending,Cash,3366.21
805,574,54,2025-04-11 11:02:49,Returned,UPI,3097.19
806,989,33,2025-03-27 09:55:27,Completed,UPI,4813.31
807,248,78,2024-12-17 17:32:39,Cancelled,Debit Card,4848.23
808,916,12,2026-02-27 08:52:34,Pending,Debit Card,4734.43
809,582,52,2025-07-21 11:52:36,Pending,UPI,3838.23
810,179,79,2025-05-04 08:38:19,Returned,Cash,1729.75
811,35,2,2024-11-14 14:31:28,Pending,Credit Card,1384.67
812,278,61,2025-12-23 05:25:14,Pending,Net Banking,3535.75
813,120,17,2024-06-28 06:24:53,Returned,Cash,2679.7
814,52,93,2026-03-31 20:22:26,Cancelled,Cash,2556.76
815,495,3,2024-12-09 21:06:03,Returned,UPI,3867.44
816,650,24,2025-07-28 22:58:17,Completed,Net Banking,1368.17
817,532,72,2024-12-19 00:13:29,Returned,Credit Card,4978.71
818,963,47,2025-05-17 15:37:15,Returned,Credit Card,3862.87
819,314,89,2026-05-06 04:43:24,Cancelled,Cash,3509.38
820,256,29,2025-12-10 07:57:24,Cancelled,UPI,1288.54
821,491,47,2024-05-31 06:44:34,Cancelled,UPI,3730.23
822,336,95,2025-04-06 03:23:18,Returned,Credit Card,2941.82
823,328,54,2025-01-14 14:39:44,Cancelled,Cash,3226.19
824,392,72,2024-12-17 20:59:23,Pending,Net Banking,2916.1
825,171,73,2026-03-29 05:18:48,Cancelled,Credit Card,1059.77
826,4,52,2025-03-20 16:32:33,Returned,Net Banking,1661.05
827,568,58,2024-08-12 21:31:47,Returned,UPI,1227.82
828,558,37,2025-09-26 07:55:41,Cancelled,Debit Card,1312.04
829,994,62,2026-03-11 08:08:08,Returned,Net Banking,3720.17
830,9,75,2025-03-03 05:02:30,Returned,Debit Card,2627.36
831,762,24,2024-11-20 07:52:13,Completed,Net Banking,1086.82
832,774,94,2026-03-12 06:44:04,Cancelled,Cash,2600.58
833,281,15,2024-09-28 08:03:26,Returned,Cash,885.2
834,833,55,2025-09-01 05:13:39,Returned,Net Banking,156.49
835,710,25,2025-05-18 05:05:31,Completed,Cash,141.69
836,396,4,2025-08-23 14:30:33,Pending,Debit Card,1643.09
837,858,95,2025-06-04 01:30:15,Pending,Credit Card,3092.5
838,327,73,2024-09-21 19:02:25,Returned,Cash,2181.05
839,568,41,2024-10-26 17:41:18,Cancelled,Cash,1045.76
840,844,86,2026-04-26 22:33:54,Returned,Net Banking,2463.29
841,510,87,2025-06-20 12:15:14,Completed,UPI,2342.97
842,521,13,2024-12-07 22:08:32,Pending,UPI,2968.55
843,328,92,2025-10-12 09:04:08,Pending,Debit Card,4225.48
844,520,97,2025-09-06 08:37:00,Pending,Net Banking,2448.95
845,777,8,2025-10-06 14:17:27,Returned,Net Banking,2873.11
846,502,5,2025-07-19 20:52:16,Completed,Debit Card,2895.97
847,240,76,2025-09-17 06:36:51,Cancelled,Credit Card,3688.29
848,339,4,2026-05-26 17:29:00,Returned,Debit Card,986.22
849,393,98,2025-08-02 08:08:05,Completed,Credit Card,4155.05
850,771,21,2024-12-18 13:31:53,Completed,Debit Card,1547.87
851,819,70,2025-01-19 03:41:09,Cancelled,Credit Card,3785.45
852,582,28,2025-03-22 06:27:21,Pending,Net Banking,4011.04
853,439,62,2025-07-19 19:00:28,Completed,Debit Card,952.99
854,800,73,2025-11-08 20:06:13,Pending,Credit Card,2052.67
855,170,49,2024-07-06 04:19:46,Returned,Cash,1181.85
856,470,100,2025-11-29 19:43:36,Cancelled,Cash,874.86
857,479,61,2025-05-09 20:56:28,Completed,Debit Card,4054.0
858,434,88,2026-03-12 18:09:43,Cancelled,Debit Card,138.99
859,843,21,2024-11-06 07:30:04,Cancelled,Net Banking,925.82
860,249,20,2026-04-14 10:21:39,Returned,Debit Card,4402.9
861,919,7,2024-10-29 00:29:00,Pending,Credit Card,3931.14
862,390,43,2026-05-11 17:22:43,Completed,Credit Card,4650.32
863,307,56,2026-01-21 21:16:05,Completed,Cash,2236.5
864,683,99,2025-07-05 21:41:55,Returned,Net Banking,930.49
865,258,60,2026-01-12 00:18:17,Completed,Credit Card,1508.23
866,58,79,2026-01-10 03:13:21,Cancelled,UPI,3899.3
867,840,16,2026-04-20 01:49:29,Pending,Net Banking,211.73
868,886,72,2024-10-02 11:29:48,Pending,Debit Card,3767.05
869,412,36,2025-03-17 13:08:28,Completed,Cash,176.79
870,250,72,2026-03-16 06:27:35,Returned,UPI,3396.38
871,137,51,2025-06-20 18:12:41,Cancelled,Net Banking,414.17
872,835,8,2024-06-05 05:02:06,Returned,Debit Card,2005.92
873,322,83,2025-04-14 23:56:35,Returned,UPI,2608.8
874,858,27,2024-07-11 11:56:53,Cancelled,Cash,3169.41
875,35,100,2025-10-14 21:23:26,Completed,Debit Card,626.81
876,217,60,2024-05-28 10:23:17,Completed,Credit Card,1947.87
877,19,38,2024-11-15 10:09:21,Completed,Cash,3843.06
878,326,66,2026-05-04 07:32:24,Cancelled,Cash,318.45
879,952,1,2026-02-18 05:25:10,Pending,Debit Card,1691.33
880,574,75,2025-03-16 04:50:24,Returned,Cash,3505.51
881,365,77,2024-11-13 11:03:07,Completed,Cash,2220.08
882,949,61,2025-03-23 12:35:31,Returned,Credit Card,1367.57
883,858,72,2025-05-24 06:41:59,Pending,Debit Card,1378.09
884,310,86,2025-04-21 13:59:01,Completed,Net Banking,4246.06
885,829,10,2025-09-28 06:17:09,Returned,Net Banking,2497.2
886,74,75,2026-05-15 12:59:24,Returned,Credit Card,3811.11
887,832,53,2025-12-16 00:44:39,Pending,Debit Card,1711.53
888,499,56,2026-03-17 10:43:41,Returned,Net Banking,2564.38
889,51,32,2026-04-01 16:04:59,Returned,Credit Card,2555.7
890,819,89,2024-10-25 07:49:35,Returned,Debit Card,1207.56
891,151,12,2024-07-11 16:36:33,Pending,Debit Card,4356.77
892,727,45,2025-11-17 10:04:01,Returned,UPI,2773.16
893,448,34,2025-03-14 08:59:28,Completed,Net Banking,2011.91
894,248,23,2026-03-25 17:52:40,Cancelled,Net Banking,920.14
895,931,2,2026-04-27 02:47:39,Pending,Debit Card,3612.67
896,436,98,2026-04-16 05:21:22,Pending,Debit Card,642.45
897,264,12,2025-02-20 20:42:54,Pending,Debit Card,2790.05
898,822,10,2025-07-23 19:40:52,Returned,Cash,4543.43
899,615,67,2024-12-06 11:41:28,Returned,UPI,2752.59
900,697,53,2024-09-05 04:59:56,Cancelled,Net Banking,3119.24
901,739,91,2024-10-26 10:56:24,Cancelled,Debit Card,1452.07
902,676,42,2025-11-02 01:38:09,Pending,Debit Card,3281.24
903,44,32,2025-08-13 03:50:42,Returned,Credit Card,3967.04
904,396,19,2025-09-20 12:20:25,Completed,Cash,2850.98
905,890,93,2024-11-10 05:02:29,Cancelled,Cash,546.45
906,883,23,2025-03-22 14:10:51,Pending,UPI,795.59
907,492,48,2025-10-24 19:12:01,Cancelled,Net Banking,3313.73
908,101,97,2025-05-16 00:49:48,Returned,UPI,4670.46
909,568,28,2026-05-22 00:33:48,Completed,UPI,844.67
910,624,97,2025-05-07 12:14:11,Returned,Debit Card,3178.17
911,984,45,2024-10-24 22:25:37,Returned,Credit Card,2499.73
912,304,33,2024-12-06 09:32:20,Completed,Cash,3311.93
913,735,62,2024-11-24 04:29:26,Cancelled,Credit Card,4552.48
914,482,46,2026-03-03 03:29:50,Pending,Cash,1665.8
915,767,100,2026-03-16 18:59:08,Completed,Cash,3930.99
916,805,40,2024-10-01 13:33:01,Completed,Debit Card,1026.37
917,501,2,2025-08-19 06:26:41,Completed,Net Banking,4860.93
918,44,1,2025-09-17 20:03:34,Cancelled,Credit Card,2573.59
919,904,16,2026-05-17 05:52:43,Returned,Debit Card,1972.74
920,321,37,2025-11-07 22:27:57,Returned,Credit Card,925.74
921,194,24,2025-10-19 04:05:36,Cancelled,Credit Card,4205.81
922,810,37,2024-12-05 05:19:25,Cancelled,Debit Card,2871.07
923,31,45,2026-03-28 07:28:03,Completed,Credit Card,2877.74
924,583,58,2024-11-08 13:18:42,Returned,Debit Card,1579.19
925,156,81,2025-12-24 16:40:36,Completed,Net Banking,2709.44
926,916,67,2024-09-16 07:48:11,Pending,Cash,1138.52
927,68,47,2025-10-22 02:30:40,Completed,Cash,1015.13
928,130,53,2026-03-23 23:08:27,Completed,Cash,4952.6
929,101,96,2025-07-20 08:32:46,Completed,UPI,3130.58
930,988,85,2024-10-08 11:54:12,Cancelled,UPI,820.02
931,102,35,2025-03-28 14:02:28,Cancelled,Net Banking,464.96
932,909,44,2026-04-18 00:17:06,Cancelled,UPI,845.08
933,681,94,2025-12-29 16:34:56,Completed,Net Banking,3355.7
934,349,63,2024-05-30 00:36:10,Completed,Net Banking,508.28
935,370,11,2026-01-03 05:50:42,Pending,Net Banking,3549.3
936,646,12,2025-05-05 02:12:43,Returned,Credit Card,492.71
937,82,61,2026-03-03 13:35:05,Returned,Credit Card,2695.13
938,541,75,2026-05-20 02:26:07,Cancelled,Debit Card,3550.02
939,632,73,2026-01-11 22:36:46,Pending,Credit Card,2906.55
940,756,75,2024-10-19 23:07:31,Pending,Debit Card,1028.29
941,462,51,2025-12-04 16:01:45,Completed,Credit Card,4156.67
942,439,21,2024-06-04 15:47:11,Returned,Net Banking,1332.83
943,466,9,2025-09-29 06:18:29,Pending,UPI,2001.18
944,488,52,2024-10-30 23:44:01,Pending,Net Banking,3891.6
945,261,63,2026-03-01 10:52:32,Cancelled,UPI,3915.39
946,766,82,2026-04-06 11:25:08,Pending,Debit Card,2698.55
947,597,27,2025-02-17 21:08:48,Pending,Debit Card,1511.87
948,754,38,2024-08-28 10:18:19,Pending,Cash,1137.06
949,466,47,2024-08-04 04:52:16,Returned,Cash,3451.84
950,762,52,2025-12-21 08:39:56,Returned,Cash,4763.67
951,83,39,2026-01-24 07:11:42,Completed,Net Banking,4814.7
952,245,99,2024-06-15 07:09:50,Cancelled,Credit Card,1425.31
953,26,20,2026-03-07 15:02:41,Cancelled,Credit Card,4782.17
954,515,99,2025-04-20 02:23:04,Cancelled,Cash,1029.27
955,373,20,2026-04-25 04:21:27,Returned,Cash,3308.47
956,114,71,2026-01-20 13:17:20,Cancelled,Net Banking,3006.72
957,385,11,2025-03-14 22:20:24,Cancelled,Cash,3627.85
958,645,28,2025-10-24 11:43:13,Cancelled,Credit Card,1182.12
959,246,83,2025-05-28 16:03:54,Completed,Net Banking,1580.1
960,667,94,2025-10-09 17:14:08,Completed,Debit Card,2807.77
961,471,74,2025-02-04 10:47:36,Cancelled,Net Banking,2310.72
962,246,47,2025-09-12 03:12:10,Returned,Cash,997.3
963,875,50,2024-10-12 10:02:12,Completed,Credit Card,4525.64
964,366,100,2026-01-03 08:36:01,Cancelled,UPI,3070.35
965,291,47,2024-08-11 18:10:59,Returned,Net Banking,888.96
966,456,82,2024-11-03 00:17:29,Returned,Net Banking,896.68
967,841,13,2026-05-21 01:27:20,Returned,Debit Card,2178.2
968,195,90,2024-11-17 08:09:44,Pending,Net Banking,1402.23
969,476,12,2024-07-14 19:15:14,Cancelled,UPI,4976.09
970,303,32,2024-06-04 21:13:17,Pending,UPI,3034.33
971,993,13,2024-09-09 04:05:26,Completed,Net Banking,3159.81
972,8,22,2025-04-29 23:46:05,Pending,UPI,3210.14
973,968,24,2025-01-13 05:22:30,Completed,UPI,4565.61
974,117,31,2025-07-13 21:33:00,Returned,Net Banking,1945.25
975,550,61,2026-04-23 00:37:22,Completed,Credit Card,1558.39
976,83,12,2025-10-09 11:58:53,Returned,Cash,2287.72
977,189,75,2025-03-01 03:58:56,Completed,Debit Card,1185.05
978,482,98,2024-05-26 22:59:50,Returned,Net Banking,2709.69
979,332,44,2025-02-15 05:54:44,Pending,Net Banking,442.44
980,380,98,2025-03-17 05:37:56,Pending,UPI,2762.49
981,732,26,2024-08-21 07:32:42,Returned,Credit Card,1152.56
982,262,22,2024-12-23 05:34:42,Pending,Debit Card,1710.01
983,309,98,2024-10-08 09:43:23,Cancelled,Net Banking,3969.79
984,15,31,2026-05-12 14:43:45,Returned,Credit Card,2060.03
985,55,20,2025-04-17 16:23:13,Completed,UPI,3159.15
986,432,79,2025-08-30 13:25:30,Returned,UPI,4276.04
987,978,76,2025-12-18 07:00:42,Completed,Net Banking,1585.17
988,23,7,2024-07-03 13:32:26,Cancelled,Cash,3072.71
989,178,42,2025-02-13 03:13:50,Returned,Net Banking,2702.18
990,154,19,2025-07-23 13:04:24,Returned,Credit Card,2722.05
991,63,44,2024-11-17 20:39:28,Pending,Net Banking,3448.43
992,412,96,2024-10-06 04:31:06,Cancelled,UPI,3500.08
993,783,5,2025-08-19 12:02:12,Returned,Net Banking,1327.43
994,68,80,2024-06-04 08:11:31,Completed,Debit Card,1923.22
995,880,97,2024-07-05 21:48:04,Completed,Credit Card,2770.51
996,297,69,2024-07-04 15:12:52,Returned,Net Banking,2802.13
997,891,21,2026-01-04 10:21:48,Returned,Cash,1372.9
998,149,38,2025-04-22 13:05:46,Completed,UPI,2863.76
999,620,6,2024-09-26 03:48:35,Returned,Debit Card,134.51
1000,994,84,2025-10-30 04:16:27,Returned,Credit Card,490.81
1001,728,13,2024-09-23 17:00:31,Returned,Credit Card,4442.77
1002,277,77,2024-05-27 16:52:18,Pending,Net Banking,1742.44
1003,481,20,2026-01-11 11:51:20,Returned,Debit Card,2819.51
1004,822,46,2026-02-25 07:44:21,Cancelled,UPI,1694.66
1005,862,7,2025-03-31 03:35:40,Pending,UPI,2629.4
1006,765,52,2024-07-13 12:42:29,Cancelled,Net Banking,3207.96
1007,193,96,2025-04-15 10:09:13,Returned,Credit Card,4207.84
1008,420,13,2025-10-18 19:05:02,Returned,Net Banking,3467.6
1009,583,15,2024-10-09 15:42:46,Pending,Credit Card,2150.12
1010,360,91,2024-06-23 07:54:40,Cancelled,Net Banking,4471.85
1011,171,53,2024-08-08 19:59:00,Cancelled,Net Banking,4096.24
1012,124,89,2025-07-19 22:05:17,Returned,Net Banking,4768.27
1013,608,62,2026-03-18 10:55:56,Completed,Credit Card,4354.07
1014,250,6,2025-10-13 15:40:57,Returned,Net Banking,1741.27
1015,899,86,2024-09-09 10:09:33,Cancelled,UPI,2376.17
1016,667,47,2026-03-10 06:17:44,Pending,UPI,3211.06
1017,13,25,2025-01-29 06:02:31,Cancelled,Debit Card,1253.81
1018,549,32,2025-12-22 10:34:09,Returned,Net Banking,1257.48
1019,649,75,2026-03-22 19:56:04,Cancelled,Credit Card,776.49
1020,666,47,2024-11-06 08:17:39,Completed,Net Banking,2781.53
1021,834,65,2025-06-18 16:15:54,Completed,UPI,2982.91
1022,570,25,2024-07-25 15:04:06,Completed,Credit Card,3279.73
1023,753,28,2025-11-13 14:23:04,Completed,Credit Card,1225.35
1024,487,1,2025-07-06 22:53:20,Completed,UPI,2088.33
1025,76,86,2026-03-04 06:42:55,Cancelled,Debit Card,1132.26
1026,798,35,2025-04-18 03:11:39,Completed,Net Banking,880.56
1027,503,68,2026-03-15 08:44:57,Returned,Credit Card,4784.45
1028,190,10,2025-12-07 00:12:12,Pending,Net Banking,2433.1
1029,680,82,2026-05-11 10:32:05,Pending,Net Banking,1249.1
1030,129,9,2024-11-10 14:42:44,Pending,Debit Card,3307.58
1031,31,36,2024-06-17 00:13:37,Completed,Net Banking,1322.46
1032,474,61,2024-07-11 06:34:35,Returned,Debit Card,600.71
1033,788,53,2025-01-01 21:04:44,Cancelled,Debit Card,426.35
1034,842,11,2026-03-14 00:34:47,Returned,Credit Card,4653.61
1035,906,58,2025-11-24 02:02:05,Pending,UPI,4136.46
1036,53,15,2024-12-09 07:26:35,Returned,Credit Card,3257.83
1037,276,16,2024-11-04 13:21:37,Returned,Cash,4641.18
1038,150,94,2026-04-12 08:44:14,Completed,Debit Card,159.56
1039,754,33,2024-11-22 21:41:36,Completed,Cash,3113.23
1040,735,22,2026-03-01 00:36:13,Cancelled,Debit Card,2430.26
1041,139,49,2024-12-06 11:16:08,Cancelled,Debit Card,3895.41
1042,540,65,2026-01-17 19:29:02,Returned,Net Banking,3882.67
1043,861,86,2026-02-28 13:22:59,Completed,Cash,4325.28
1044,232,8,2025-02-23 17:11:55,Pending,Net Banking,4502.03
1045,529,28,2026-03-25 22:22:21,Returned,Net Banking,4566.01
1046,760,48,2024-09-22 05:26:51,Cancelled,Credit Card,4561.54
1047,965,15,2024-09-08 03:05:01,Pending,Credit Card,3027.39
1048,348,59,2025-12-26 12:02:17,Pending,Cash,2500.52
1049,690,82,2025-05-08 23:48:21,Cancelled,Debit Card,580.65
1050,277,29,2024-07-27 00:35:16,Cancelled,UPI,4102.57
1051,221,87,2026-04-27 16:13:21,Pending,Cash,4392.78
1052,112,58,2026-05-23 15:41:19,Returned,Cash,858.86
1053,253,27,2025-12-03 17:46:29,Returned,Debit Card,2471.43
1054,291,50,2025-04-19 00:21:22,Cancelled,Credit Card,4517.38
1055,328,62,2026-02-27 20:18:31,Returned,Debit Card,4615.58
1056,686,68,2024-07-19 06:46:33,Completed,Cash,2901.06
1057,553,27,2025-12-10 01:27:44,Cancelled,Cash,773.3
1058,2,38,2026-03-27 01:00:31,Returned,UPI,4633.23
1059,492,66,2024-12-13 10:35:50,Returned,Debit Card,1270.57
1060,29,91,2025-10-30 07:00:10,Cancelled,Cash,4277.55
1061,357,95,2025-01-12 18:21:04,Pending,Debit Card,3530.61
1062,684,34,2024-08-11 09:54:08,Returned,UPI,2484.57
1063,546,52,2025-06-08 03:53:22,Cancelled,Cash,3809.63
1064,182,12,2024-10-19 02:36:17,Pending,Cash,3739.52
1065,76,18,2025-08-29 23:42:53,Completed,Credit Card,340.57
1066,22,18,2025-04-20 22:16:16,Pending,Net Banking,3503.15
1067,730,78,2025-04-01 01:41:12,Returned,Cash,228.17
1068,902,20,2025-04-29 12:38:43,Pending,Net Banking,2106.28
1069,738,19,2024-09-16 21:57:57,Returned,Credit Card,2274.8
1070,254,39,2025-02-02 07:29:42,Pending,Debit Card,257.61
1071,674,65,2024-07-11 01:19:59,Returned,Cash,1497.0
1072,294,44,2025-12-01 21:44:55,Returned,Credit Card,4801.86
1073,891,23,2024-08-14 13:49:11,Completed,Net Banking,1417.79
1074,395,10,2024-10-28 08:03:08,Cancelled,Credit Card,538.77
1075,280,90,2025-04-15 06:30:21,Pending,Debit Card,4435.54
1076,952,63,2026-04-06 11:09:34,Returned,Credit Card,4713.49
1077,825,28,2026-03-31 11:37:12,Completed,Cash,3789.27
1078,593,1,2026-03-24 08:34:08,Cancelled,Net Banking,400.0
1079,813,82,2024-10-24 13:47:37,Cancelled,Debit Card,3374.16
1080,626,74,2025-06-12 00:33:55,Returned,Credit Card,683.45
1081,152,48,2025-05-24 22:35:39,Completed,UPI,2842.67
1082,46,17,2025-01-03 06:02:43,Cancelled,UPI,4383.09
1083,814,83,2024-06-13 15:31:58,Completed,Net Banking,4208.8
1084,314,67,2025-06-09 00:45:52,Cancelled,UPI,1060.9
1085,240,19,2025-04-03 06:33:28,Completed,Net Banking,239.1
1086,746,21,2025-01-30 12:31:30,Cancelled,Debit Card,399.14
1087,927,4,2025-02-28 15:12:50,Pending,UPI,1589.37
1088,679,35,2024-07-04 05:54:52,Pending,UPI,4499.54
1089,56,76,2025-06-20 03:17:15,Completed,UPI,1691.26
1090,483,33,2025-02-03 05:34:33,Cancelled,Net Banking,1861.24
1091,975,40,2026-01-17 02:18:46,Cancelled,UPI,1015.55
1092,582,25,2024-12-02 16:13:05,Cancelled,UPI,3642.31
1093,132,6,2025-10-28 03:06:16,Returned,Credit Card,674.92
1094,279,19,2024-11-02 05:14:16,Returned,Credit Card,23.76
1095,388,7,2025-11-28 04:19:35,Pending,Net Banking,453.46
1096,659,70,2025-04-21 02:41:29,Pending,Credit Card,894.59
1097,525,10,2025-04-07 20:50:37,Returned,Net Banking,460.36
1098,163,84,2026-04-25 02:23:18,Pending,Credit Card,1391.73
1099,686,31,2026-05-12 21:55:20,Cancelled,Credit Card,4782.18
1100,440,75,2024-10-08 02:48:18,Returned,UPI,1558.88
1101,908,34,2025-09-06 21:10:47,Cancelled,Debit Card,3493.25
1102,147,34,2025-06-19 23:37:27,Returned,Net Banking,439.04
1103,201,7,2024-06-19 01:52:49,Completed,Net Banking,4324.53
1104,240,72,2024-11-10 16:18:33,Cancelled,Credit Card,733.3
1105,112,58,2024-07-14 05:03:56,Cancelled,UPI,1825.09
1106,490,38,2026-02-18 11:26:02,Completed,Credit Card,97.9
1107,425,99,2024-11-11 18:34:23,Pending,Cash,2200.75
1108,888,92,2026-03-29 05:29:02,Cancelled,UPI,1588.46
1109,451,83,2024-11-17 17:15:23,Pending,Debit Card,1419.28
1110,127,72,2025-12-14 05:01:50,Cancelled,UPI,2292.72
1111,682,14,2025-01-20 10:57:46,Completed,UPI,3316.26
1112,30,41,2026-03-29 04:08:49,Completed,Cash,4999.46
1113,746,37,2025-07-19 01:08:00,Pending,Cash,389.26
1114,176,82,2024-11-27 14:16:48,Returned,UPI,2304.53
1115,96,40,2024-09-07 12:55:35,Pending,Credit Card,4950.83
1116,358,30,2025-05-04 02:37:20,Returned,Net Banking,598.19
1117,454,67,2026-02-14 22:22:30,Completed,Cash,2407.93
1118,339,91,2025-05-07 03:22:52,Returned,Cash,1620.61
1119,566,48,2025-06-09 17:06:19,Returned,UPI,4583.81
1120,942,77,2024-08-19 21:48:01,Returned,UPI,2647.59
1121,830,3,2026-01-23 08:55:28,Completed,Cash,4702.22
1122,269,73,2026-01-04 17:33:19,Returned,Debit Card,3899.29
1123,919,88,2025-11-08 07:26:50,Pending,Cash,3207.95
1124,877,7,2025-05-07 06:21:08,Completed,Net Banking,456.42
1125,714,45,2025-12-21 11:02:09,Completed,UPI,165.61
1126,598,97,2026-05-05 07:20:02,Cancelled,UPI,3217.65
1127,811,77,2026-01-28 02:42:01,Returned,UPI,914.81
1128,664,81,2024-08-31 17:21:07,Pending,UPI,727.51
1129,129,58,2026-02-16 01:35:04,Pending,Credit Card,35.14
1130,245,70,2024-10-05 21:30:36,Completed,UPI,2706.84
1131,232,24,2025-06-30 16:12:12,Pending,Net Banking,4918.31
1132,336,23,2026-02-05 07:35:34,Returned,UPI,2137.21
1133,250,78,2025-09-22 21:18:38,Pending,Debit Card,2335.38
1134,598,57,2024-11-29 06:46:14,Returned,Net Banking,4391.17
1135,804,59,2025-03-08 23:02:07,Cancelled,Credit Card,2405.22
1136,696,92,2025-07-12 17:10:58,Cancelled,Cash,4258.48
1137,951,11,2025-04-13 17:48:57,Cancelled,Credit Card,2489.64
1138,545,63,2026-02-02 05:33:18,Returned,UPI,3104.24
1139,240,90,2025-01-22 06:30:21,Pending,UPI,1047.02
1140,125,99,2025-10-02 02:09:01,Cancelled,Cash,728.9
1141,66,51,2025-12-16 09:35:51,Completed,Cash,755.83
1142,456,68,2026-01-29 19:36:05,Returned,UPI,594.33
1143,288,70,2024-10-27 16:38:33,Cancelled,Credit Card,3473.25
1144,761,11,2024-09-18 04:56:46,Completed,Cash,1987.08
1145,926,37,2025-03-28 17:03:47,Cancelled,UPI,3578.11
1146,280,9,2025-01-19 21:53:40,Returned,Credit Card,3330.62
1147,364,89,2025-07-29 08:16:56,Cancelled,Credit Card,2404.62
1148,399,85,2025-06-27 09:47:59,Completed,UPI,3056.96
1149,385,75,2025-03-11 18:52:37,Returned,Debit Card,59.85
1150,557,27,2024-07-17 23:08:19,Returned,Net Banking,1061.71
1151,43,71,2025-11-13 06:05:36,Returned,UPI,3770.96
1152,453,52,2026-03-03 10:14:26,Cancelled,UPI,4906.41
1153,522,85,2025-07-17 00:53:11,Pending,Credit Card,3471.08
1154,873,65,2024-09-13 18:30:46,Cancelled,UPI,1720.41
1155,411,100,2024-08-26 22:43:18,Pending,Cash,979.85
1156,899,45,2025-05-11 23:01:35,Pending,UPI,491.94
1157,225,64,2024-12-28 16:15:45,Cancelled,Debit Card,2765.24
1158,53,24,2024-07-17 02:35:25,Cancelled,Net Banking,1791.66
1159,791,79,2026-03-05 08:52:30,Pending,Credit Card,2163.35
1160,273,89,2026-01-13 00:57:02,Returned,Debit Card,3734.43
1161,393,92,2025-01-25 00:22:09,Cancelled,UPI,1202.58
1162,162,50,2024-11-12 10:12:27,Returned,UPI,951.78
1163,723,36,2026-04-29 08:59:27,Returned,Net Banking,2840.4
1164,831,84,2024-08-16 10:42:15,Cancelled,Credit Card,4908.14
1165,854,85,2024-10-24 12:49:08,Pending,Debit Card,1733.66
1166,863,23,2025-05-11 04:20:57,Pending,Debit Card,3250.6
1167,417,54,2025-11-27 06:35:46,Returned,Debit Card,4144.26
1168,440,42,2025-12-17 08:36:05,Pending,Cash,4739.24
1169,520,41,2024-09-25 22:26:20,Returned,UPI,3663.61
1170,670,92,2025-08-07 15:55:32,Pending,Debit Card,4395.54
1171,883,52,2026-01-25 04:57:24,Pending,UPI,813.47
1172,168,34,2025-01-05 06:21:08,Pending,UPI,1978.11
1173,319,49,2024-10-20 23:37:34,Cancelled,UPI,489.6
1174,882,94,2026-03-26 06:27:14,Cancelled,Cash,2084.73
1175,594,35,2024-10-02 13:12:28,Returned,Debit Card,4659.08
1176,411,75,2024-07-16 06:04:10,Returned,Credit Card,3458.76
1177,805,47,2025-06-03 18:46:32,Returned,Debit Card,2619.27
1178,82,2,2024-09-16 09:11:42,Returned,Credit Card,2528.07
1179,169,53,2026-03-07 07:47:26,Cancelled,Cash,1556.95
1180,432,12,2025-07-25 07:07:23,Completed,Debit Card,350.67
1181,174,39,2024-11-18 20:47:10,Completed,Cash,3422.18
1182,933,70,2024-06-03 14:53:51,Returned,UPI,27.18
1183,46,21,2026-01-14 16:22:40,Completed,Cash,2238.88
1184,281,13,2025-10-15 08:45:34,Returned,Debit Card,1556.22
1185,524,78,2026-02-28 14:49:47,Returned,Credit Card,1734.62
1186,175,84,2025-07-23 10:11:38,Returned,Debit Card,4599.5
1187,659,8,2024-11-18 21:47:13,Returned,Net Banking,94.62
1188,756,91,2026-03-29 17:42:29,Completed,UPI,2038.88
1189,834,90,2025-07-06 18:09:03,Returned,Cash,4922.77
1190,287,50,2026-03-15 05:45:30,Completed,UPI,34.25
1191,741,91,2026-02-26 11:52:12,Returned,UPI,166.65
1192,685,9,2026-05-13 21:35:15,Completed,UPI,4007.27
1193,632,61,2025-04-10 17:56:25,Pending,Net Banking,1961.49
1194,485,16,2025-10-14 09:03:17,Returned,Debit Card,4332.56
1195,292,22,2024-07-24 04:39:56,Cancelled,Net Banking,1640.25
1196,277,74,2026-02-01 10:45:07,Returned,Credit Card,1695.37
1197,588,27,2025-02-18 19:35:39,Cancelled,Credit Card,1874.17
1198,551,50,2025-12-24 17:52:18,Cancelled,Cash,1718.77
1199,995,79,2024-10-23 05:15:31,Pending,UPI,2154.96
1200,989,39,2025-05-13 15:00:07,Returned,Cash,2432.72
1201,744,80,2024-12-25 17:07:52,Pending,UPI,1046.86
1202,154,70,2026-01-26 01:14:56,Returned,UPI,3479.87
1203,939,28,2025-04-17 13:17:19,Returned,Credit Card,796.98
1204,997,81,2025-08-31 17:09:01,Pending,Credit Card,1767.68
1205,80,62,2025-12-12 23:14:19,Cancelled,Credit Card,2831.25
1206,220,57,2024-10-16 15:17:31,Cancelled,UPI,3296.19
1207,551,83,2025-08-03 13:15:20,Pending,UPI,4763.6
1208,115,85,2025-08-02 07:40:17,Pending,Debit Card,205.95
1209,433,51,2024-12-11 18:47:33,Cancelled,Net Banking,2111.94
1210,671,89,2026-02-07 10:01:58,Pending,UPI,3816.73
1211,618,9,2024-12-12 14:22:16,Pending,Net Banking,2492.62
1212,77,73,2025-02-19 16:47:56,Completed,Cash,3264.9
1213,802,4,2025-09-23 16:38:14,Cancelled,Net Banking,3072.61
1214,558,99,2025-02-27 10:21:59,Returned,Debit Card,3539.98
1215,398,56,2025-06-25 14:47:22,Cancelled,Credit Card,4927.57
1216,272,20,2025-12-15 17:46:17,Cancelled,UPI,539.73
1217,171,32,2026-02-16 13:02:02,Pending,UPI,4119.97
1218,323,29,2026-05-12 12:27:43,Completed,Credit Card,4164.91
1219,827,64,2025-09-05 22:57:59,Pending,Cash,1771.88
1220,839,93,2024-11-26 10:44:54,Returned,Net Banking,524.25
1221,688,30,2026-03-18 14:02:50,Returned,Credit Card,1722.91
1222,446,36,2025-05-20 01:50:30,Completed,Credit Card,2726.54
1223,109,62,2024-07-15 11:20:19,Cancelled,Debit Card,3318.37
1224,14,68,2025-06-17 17:01:41,Completed,Cash,2270.48
1225,814,40,2024-10-14 07:14:20,Cancelled,Cash,971.06
1226,933,83,2025-03-02 03:44:41,Pending,Cash,3439.34
1227,512,76,2025-02-26 18:33:28,Completed,Debit Card,3252.5
1228,990,79,2026-03-20 17:55:51,Pending,Debit Card,331.43
1229,65,17,2025-06-12 10:38:14,Cancelled,Credit Card,3379.14
1230,891,68,2026-04-21 21:09:17,Returned,Debit Card,3036.48
1231,182,7,2025-06-17 10:53:29,Returned,Net Banking,1736.82
1232,600,16,2025-09-28 07:08:22,Cancelled,Debit Card,1524.76
1233,555,74,2025-04-14 10:34:30,Returned,UPI,2913.78
1234,115,93,2024-11-22 00:42:32,Pending,Credit Card,627.61
1235,753,3,2026-01-17 16:04:34,Completed,Net Banking,1942.26
1236,155,21,2024-10-13 21:18:29,Returned,Cash,2369.52
1237,363,33,2026-05-17 06:26:38,Completed,Cash,791.81
1238,91,85,2025-03-10 08:48:54,Returned,Net Banking,719.41
1239,315,33,2025-09-17 19:30:07,Completed,UPI,185.48
1240,406,1,2024-06-26 19:08:23,Returned,Credit Card,1762.97
1241,821,71,2024-07-15 03:18:34,Pending,UPI,1730.06
1242,674,83,2024-09-14 20:37:31,Returned,Net Banking,3145.07
1243,925,53,2025-10-16 15:00:59,Returned,Net Banking,2089.24
1244,876,37,2025-05-05 13:59:25,Cancelled,Credit Card,4016.62
1245,631,65,2024-11-06 05:30:55,Cancelled,Credit Card,1185.75
1246,830,69,2025-07-09 02:38:00,Completed,Credit Card,2130.43
1247,13,4,2026-03-22 12:34:47,Pending,Cash,2434.96
1248,86,35,2025-01-12 08:46:51,Pending,Net Banking,3201.52
1249,527,54,2025-11-18 13:26:20,Returned,Debit Card,2993.72
1250,605,61,2024-06-04 10:52:24,Returned,Credit Card,2090.2
1251,224,99,2025-10-14 02:27:52,Returned,UPI,1440.91
1252,463,98,2024-08-03 12:55:27,Pending,Cash,4919.04
1253,652,63,2024-06-10 03:50:47,Pending,Net Banking,3675.42
1254,151,44,2025-07-30 02:49:45,Pending,Net Banking,3586.25
1255,102,94,2024-07-20 07:25:57,Completed,Credit Card,4643.51
1256,786,14,2024-12-11 09:34:30,Completed,UPI,4526.47
1257,914,66,2024-11-28 06:37:24,Completed,Cash,3701.89
1258,945,71,2024-12-24 06:53:52,Completed,Credit Card,4888.86
1259,600,62,2026-01-06 11:54:08,Cancelled,Debit Card,1966.88
1260,332,11,2024-06-04 08:23:43,Cancelled,UPI,1085.7
1261,779,89,2025-05-25 00:14:58,Pending,Cash,3938.11
1262,496,66,2024-12-23 16:19:24,Returned,Net Banking,3539.33
1263,195,46,2025-09-02 11:12:26,Pending,Net Banking,2963.07
1264,984,73,2025-02-21 05:36:43,Completed,Cash,3853.45
1265,355,49,2025-07-05 08:14:38,Pending,Credit Card,371.78
1266,963,46,2025-02-28 18:43:34,Returned,Credit Card,455.28
1267,786,34,2025-05-07 10:44:16,Cancelled,Debit Card,1869.98
1268,786,10,2024-08-14 11:53:47,Cancelled,Credit Card,1789.64
1269,946,75,2025-04-18 21:02:40,Cancelled,Credit Card,4450.56
1270,289,95,2025-05-31 00:43:24,Cancelled,Credit Card,4459.57
1271,438,34,2024-10-25 11:29:14,Returned,Cash,221.07
1272,829,57,2024-12-08 00:21:57,Cancelled,UPI,2081.66
1273,441,57,2025-12-20 12:11:58,Pending,UPI,4245.76
1274,310,51,2026-04-27 00:51:31,Returned,Net Banking,581.2
1275,379,45,2024-07-09 10:32:34,Pending,Debit Card,4169.68
1276,630,83,2025-03-30 06:40:08,Returned,UPI,2382.97
1277,12,40,2025-07-18 07:08:17,Completed,UPI,4412.53
1278,591,96,2026-04-21 09:56:01,Completed,Debit Card,1149.49
1279,169,79,2026-04-04 16:29:02,Pending,Debit Card,3811.43
1280,643,60,2026-04-14 01:07:05,Pending,Net Banking,1438.39
1281,484,21,2024-08-07 08:22:39,Completed,UPI,2991.2
1282,106,96,2024-08-04 13:01:00,Cancelled,Cash,105.2
1283,427,33,2025-01-27 15:42:56,Completed,Debit Card,3434.49
1284,397,48,2025-05-27 03:04:36,Completed,Credit Card,641.28
1285,149,21,2025-06-19 04:38:39,Pending,Cash,1098.07
1286,638,18,2025-01-10 13:54:29,Cancelled,Net Banking,4381.84
1287,924,17,2024-11-14 05:29:09,Completed,UPI,4686.41
1288,422,33,2025-11-28 11:00:14,Completed,UPI,1285.17
1289,826,24,2025-02-01 15:10:53,Completed,Cash,3350.19
1290,606,85,2025-12-03 23:10:46,Completed,Credit Card,2025.17
1291,283,52,2024-07-18 16:28:29,Returned,Cash,1177.17
1292,863,83,2025-03-14 04:03:11,Pending,Debit Card,3994.12
1293,384,51,2025-08-07 13:24:34,Returned,Debit Card,3566.64
1294,680,11,2026-05-04 22:52:36,Completed,Cash,1063.35
1295,6,33,2025-01-22 17:30:04,Completed,UPI,659.23
1296,584,85,2024-07-03 16:10:13,Completed,Net Banking,1938.52
1297,893,13,2025-09-17 16:07:36,Completed,Credit Card,1627.06
1298,542,9,2025-01-15 22:09:39,Pending,Credit Card,2186.17
1299,238,61,2026-05-26 03:53:42,Cancelled,Debit Card,747.78
1300,868,54,2026-04-21 22:35:20,Pending,Cash,232.62
1301,867,5,2026-03-11 20:05:45,Returned,Credit Card,987.61
1302,757,69,2026-01-21 11:01:05,Returned,Debit Card,1354.45
1303,71,8,2024-08-03 03:24:31,Cancelled,Cash,3413.35
1304,907,46,2024-12-05 09:05:39,Completed,Debit Card,4749.35
1305,274,45,2024-08-18 17:51:31,Cancelled,UPI,3378.79
1306,646,53,2024-12-26 22:05:48,Pending,Debit Card,1464.54
1307,865,19,2024-06-20 05:21:35,Completed,Debit Card,2112.18
1308,906,69,2025-07-17 10:53:02,Completed,Net Banking,4734.56
1309,228,13,2025-06-20 12:20:24,Returned,Debit Card,1984.18
1310,874,86,2026-01-18 05:29:32,Cancelled,UPI,4827.28
1311,458,1,2026-02-13 00:26:31,Pending,Net Banking,209.62
1312,806,45,2025-03-21 22:45:59,Cancelled,Debit Card,235.07
1313,301,18,2026-02-10 23:20:54,Cancelled,Debit Card,3538.1
1314,733,24,2025-12-18 00:01:42,Cancelled,Credit Card,1112.45
1315,45,46,2026-02-18 08:02:07,Cancelled,Cash,1912.49
1316,109,66,2025-05-24 22:12:14,Cancelled,UPI,2449.95
1317,881,39,2025-01-06 05:45:12,Completed,Cash,1309.66
1318,32,83,2024-06-26 22:49:51,Cancelled,Debit Card,4090.58
1319,548,57,2024-12-22 01:06:35,Pending,Credit Card,1541.88
1320,320,43,2026-03-08 13:13:18,Completed,Cash,2947.03
1321,49,5,2024-08-20 19:16:22,Pending,Credit Card,1531.38
1322,79,63,2025-08-29 00:47:59,Pending,Credit Card,1093.35
1323,514,4,2024-12-15 10:50:45,Cancelled,Cash,1142.91
1324,27,34,2025-08-15 19:51:21,Pending,Debit Card,325.43
1325,611,9,2026-01-05 12:53:06,Completed,UPI,245.74
1326,407,61,2024-11-02 02:05:42,Completed,Debit Card,2714.48
1327,453,92,2024-06-14 19:28:55,Completed,Cash,3069.58
1328,816,3,2025-12-02 23:43:25,Completed,UPI,3912.58
1329,296,73,2025-11-26 03:34:31,Returned,Credit Card,4490.99
1330,785,89,2026-03-25 18:22:37,Pending,Net Banking,1089.78
1331,234,83,2024-06-24 18:48:01,Returned,UPI,1199.47
1332,362,11,2025-11-12 06:34:39,Cancelled,Cash,520.84
1333,685,79,2025-07-31 04:08:17,Pending,Cash,290.83
1334,809,14,2025-05-05 04:49:12,Completed,UPI,4976.74
1335,312,16,2024-05-26 08:20:07,Completed,Credit Card,4985.81
1336,970,74,2026-02-05 12:30:10,Cancelled,UPI,1050.59
1337,914,55,2026-01-11 01:20:15,Returned,Credit Card,4693.38
1338,856,5,2024-09-04 03:25:13,Pending,Net Banking,3174.19
1339,393,67,2025-12-28 23:16:40,Returned,UPI,3317.92
1340,264,62,2025-11-27 19:01:39,Pending,Cash,3937.78
1341,78,75,2025-03-02 19:59:25,Pending,Cash,29.49
1342,97,90,2026-02-11 11:10:42,Cancelled,Debit Card,3902.0
1343,877,23,2026-01-05 12:06:32,Cancelled,Net Banking,4560.33
1344,7,97,2025-10-21 06:54:48,Cancelled,Credit Card,2958.68
1345,621,26,2025-01-14 18:25:54,Completed,Net Banking,3617.41
1346,630,12,2025-09-25 17:29:06,Returned,Net Banking,589.64
1347,74,4,2024-12-09 08:14:20,Cancelled,Debit Card,4571.5
1348,424,44,2025-05-28 10:47:19,Cancelled,Net Banking,112.48
1349,686,16,2024-06-26 18:28:30,Completed,UPI,1485.93
1350,706,26,2024-10-08 00:17:06,Pending,Cash,3087.9
1351,592,93,2025-11-16 20:30:29,Cancelled,Net Banking,2003.56
1352,620,53,2026-04-21 19:26:25,Pending,Debit Card,1147.03
1353,56,17,2024-12-31 20:43:35,Cancelled,Credit Card,961.9
1354,658,88,2025-07-21 20:46:34,Pending,Cash,186.08
1355,972,100,2026-05-15 12:45:15,Completed,Credit Card,3614.55
1356,112,10,2025-12-17 18:01:42,Cancelled,Debit Card,2549.72
1357,241,25,2025-03-05 00:13:15,Pending,Credit Card,2808.83
1358,962,49,2024-11-09 00:52:09,Cancelled,Debit Card,2114.53
1359,834,100,2026-03-23 11:59:22,Cancelled,Cash,1642.87
1360,244,47,2024-11-15 13:22:17,Cancelled,Debit Card,3913.72
1361,776,8,2025-07-10 13:00:30,Returned,Net Banking,1012.57
1362,481,75,2026-01-27 10:01:09,Cancelled,UPI,2878.57
1363,818,96,2024-10-14 02:11:31,Pending,Credit Card,3764.33
1364,365,56,2025-12-27 10:06:51,Cancelled,UPI,2221.11
1365,480,90,2026-02-28 12:01:28,Completed,Cash,3771.65
1366,62,89,2025-03-16 20:00:54,Pending,Debit Card,3470.38
1367,365,50,2025-07-01 06:13:33,Returned,Credit Card,3335.53
1368,112,84,2026-03-11 02:39:25,Cancelled,Credit Card,3506.14
1369,381,85,2025-11-21 11:00:45,Completed,Debit Card,283.86
1370,570,69,2026-01-08 02:44:19,Returned,UPI,1645.23
1371,356,94,2024-06-25 18:47:36,Completed,Cash,3228.35
1372,795,96,2024-10-16 06:37:22,Completed,Credit Card,1787.27
1373,38,16,2024-08-14 22:57:01,Completed,Debit Card,242.8
1374,928,98,2024-08-24 22:02:13,Cancelled,UPI,4158.61
1375,53,32,2025-05-09 01:20:59,Returned,Debit Card,2625.15
1376,545,69,2025-12-09 11:33:15,Completed,Net Banking,3259.0
1377,460,14,2026-03-23 15:52:19,Returned,Credit Card,1774.6
1378,157,5,2025-07-29 14:25:26,Cancelled,Net Banking,391.29
1379,914,10,2024-09-09 05:34:21,Completed,Cash,2656.02
1380,321,54,2026-04-14 04:00:24,Pending,Cash,2802.43
1381,845,99,2026-02-14 19:16:49,Pending,UPI,4258.21
1382,961,88,2025-09-27 09:40:25,Cancelled,UPI,4810.17
1383,344,1,2025-02-13 12:07:45,Pending,UPI,2288.9
1384,831,99,2026-05-14 19:34:03,Completed,Net Banking,2047.23
1385,529,43,2025-05-14 10:01:54,Pending,Debit Card,2749.63
1386,160,34,2025-09-02 17:11:20,Returned,Credit Card,2044.7
1387,394,97,2024-06-16 01:15:35,Completed,Credit Card,2474.69
1388,698,41,2025-07-20 01:11:11,Returned,Debit Card,1204.32
1389,878,86,2025-12-28 07:14:10,Pending,Net Banking,3125.76
1390,771,91,2024-11-08 18:36:24,Returned,UPI,815.61
1391,727,88,2025-11-14 05:24:57,Cancelled,Credit Card,4943.56
1392,773,2,2025-03-01 06:56:54,Returned,Credit Card,2370.04
1393,449,99,2025-08-22 02:07:14,Pending,Net Banking,3383.97
1394,603,45,2026-03-01 16:08:04,Cancelled,Credit Card,2093.7
1395,96,38,2025-07-30 01:32:55,Pending,Debit Card,1683.69
1396,738,85,2025-03-18 17:26:30,Cancelled,Cash,4023.87
1397,821,92,2025-08-27 23:21:42,Pending,Cash,3332.5
1398,46,30,2026-04-19 20:57:12,Returned,Cash,2320.14
1399,536,27,2024-06-22 22:38:34,Returned,Net Banking,2443.29
1400,884,33,2024-08-09 17:27:47,Returned,Net Banking,2470.78
1401,432,55,2025-11-29 01:49:59,Cancelled,Debit Card,2967.46
1402,405,62,2026-04-05 08:41:40,Pending,Debit Card,4845.16
1403,962,13,2025-02-27 17:23:58,Cancelled,Cash,917.38
1404,668,22,2024-10-30 07:56:15,Returned,Debit Card,1859.2
1405,850,60,2024-06-15 22:59:44,Pending,Debit Card,4676.83
1406,878,4,2026-03-24 17:16:01,Completed,Debit Card,2582.85
1407,956,13,2024-09-16 11:58:58,Returned,Credit Card,4754.09
1408,867,83,2025-07-01 08:33:32,Returned,UPI,2778.53
1409,555,54,2025-01-19 06:16:37,Pending,Net Banking,1603.3
1410,242,83,2024-09-27 02:21:24,Cancelled,Debit Card,2408.36
1411,779,91,2024-10-11 14:36:37,Completed,UPI,2597.26
1412,433,16,2026-03-05 08:35:24,Returned,Credit Card,443.76
1413,632,55,2026-02-03 05:16:33,Cancelled,UPI,1947.2
1414,844,68,2026-01-03 01:37:37,Returned,Credit Card,3152.44
1415,547,36,2025-06-23 20:45:01,Returned,Net Banking,3519.62
1416,394,37,2025-08-17 18:46:13,Cancelled,Debit Card,3065.71
1417,117,81,2024-06-13 08:14:33,Completed,Debit Card,163.96
1418,584,78,2024-07-09 06:54:18,Cancelled,Credit Card,84.55
1419,120,53,2025-08-21 01:36:11,Cancelled,Credit Card,735.79
1420,465,83,2026-04-18 19:20:32,Returned,Credit Card,2064.92
1421,326,73,2025-01-05 07:35:46,Cancelled,Credit Card,424.4
1422,920,37,2025-05-30 08:45:38,Returned,UPI,3940.4
1423,112,7,2026-03-23 03:17:00,Pending,UPI,3706.84
1424,279,99,2025-12-29 08:08:19,Cancelled,Debit Card,1889.58
1425,50,75,2025-03-02 18:25:59,Cancelled,Net Banking,2807.75
1426,668,100,2025-04-15 22:15:38,Pending,Debit Card,1770.01
1427,276,14,2026-02-08 04:35:04,Returned,Credit Card,1975.01
1428,87,85,2024-07-01 17:33:41,Returned,Net Banking,2699.11
1429,733,93,2025-12-09 09:41:00,Cancelled,Debit Card,3637.46
1430,584,68,2026-01-23 18:08:52,Cancelled,Debit Card,3521.0
1431,115,42,2024-07-15 09:50:58,Returned,Debit Card,1941.77
1432,239,78,2025-08-28 21:07:44,Completed,Cash,4325.29
1433,949,8,2025-08-22 06:29:03,Cancelled,Cash,4522.04
1434,859,62,2025-08-31 03:44:48,Pending,Debit Card,279.99
1435,669,93,2025-05-20 17:41:15,Pending,Net Banking,2811.08
1436,399,58,2025-05-14 03:21:19,Cancelled,Net Banking,798.11
1437,537,7,2025-04-05 10:10:00,Cancelled,UPI,2539.22
1438,424,24,2025-05-15 11:11:34,Cancelled,Debit Card,2032.11
1439,79,10,2025-03-18 17:48:12,Pending,Credit Card,2293.29
1440,335,5,2025-06-06 01:45:54,Completed,Cash,316.71
1441,438,69,2025-09-22 22:29:14,Pending,Net Banking,1475.81
1442,702,36,2026-04-19 18:51:06,Pending,UPI,925.74
1443,840,33,2025-04-19 02:21:15,Returned,Credit Card,1785.66
1444,323,93,2024-12-30 11:33:58,Pending,Credit Card,2935.31
1445,74,57,2025-10-01 11:04:39,Completed,Cash,2578.39
1446,35,14,2026-03-01 12:19:41,Returned,Net Banking,2061.85
1447,349,93,2024-08-01 08:18:35,Pending,Debit Card,3860.32
1448,816,64,2026-01-24 23:22:00,Cancelled,Debit Card,1069.38
1449,934,9,2024-07-08 20:53:16,Cancelled,Net Banking,4250.75
1450,937,63,2024-10-10 07:22:34,Returned,UPI,3173.9
1451,572,37,2026-01-10 19:52:07,Cancelled,Cash,3411.19
1452,242,33,2026-04-01 02:03:44,Pending,UPI,198.11
1453,573,41,2025-03-10 01:38:20,Cancelled,Net Banking,2060.34
1454,545,42,2026-03-05 19:29:55,Returned,Credit Card,2061.8
1455,574,26,2026-04-24 10:58:57,Pending,Debit Card,3958.52
1456,392,42,2024-07-02 05:29:59,Pending,Debit Card,1342.76
1457,142,75,2025-01-20 04:31:26,Cancelled,Net Banking,3643.02
1458,534,12,2024-08-21 10:44:40,Completed,UPI,1618.09
1459,251,43,2025-05-07 20:24:34,Pending,Cash,650.59
1460,730,36,2024-06-18 05:02:25,Pending,Debit Card,1435.02
1461,105,42,2025-07-26 01:57:04,Completed,UPI,2825.1
1462,780,3,2024-08-01 05:41:17,Cancelled,Cash,1293.6
1463,947,43,2025-11-30 22:54:57,Returned,UPI,1345.85
1464,889,72,2025-10-26 19:17:57,Returned,Debit Card,2972.18
1465,180,51,2024-12-12 19:43:08,Completed,Cash,3238.03
1466,499,95,2025-07-07 18:32:02,Cancelled,Net Banking,752.46
1467,389,64,2025-03-24 14:08:23,Cancelled,Debit Card,799.42
1468,346,72,2025-06-13 12:21:51,Completed,Cash,732.66
1469,291,100,2024-10-22 15:12:15,Cancelled,Cash,165.82
1470,843,100,2024-08-09 16:15:55,Pending,Net Banking,516.88
1471,291,39,2024-07-23 17:56:39,Completed,UPI,4502.78
1472,814,26,2025-04-10 15:58:00,Cancelled,Net Banking,3480.81
1473,150,23,2025-09-17 10:37:06,Cancelled,Net Banking,1498.73
1474,511,94,2025-07-11 15:10:04,Returned,Credit Card,2198.04
1475,121,85,2025-12-16 11:49:54,Returned,UPI,415.24
1476,912,8,2026-04-10 16:53:52,Cancelled,Debit Card,2293.29
1477,308,40,2025-11-03 00:31:26,Returned,Debit Card,645.18
1478,656,99,2025-08-23 17:49:37,Cancelled,Net Banking,2324.98
1479,429,83,2024-07-30 23:13:09,Pending,Cash,4874.32
1480,621,87,2025-03-25 18:14:21,Pending,UPI,2120.0
1481,994,60,2024-10-06 02:57:54,Completed,Net Banking,2894.88
1482,820,13,2025-10-05 15:32:39,Cancelled,Net Banking,1852.41
1483,939,87,2025-08-21 07:02:35,Pending,Debit Card,4969.92
1484,326,55,2024-12-31 15:05:56,Pending,Cash,2478.66
1485,105,2,2025-09-26 04:00:27,Completed,UPI,2681.48
1486,962,56,2024-06-30 02:11:33,Cancelled,Credit Card,1085.45
1487,45,15,2025-07-10 21:24:02,Cancelled,Credit Card,2395.89
1488,43,6,2024-08-30 18:51:41,Pending,Credit Card,1540.97
1489,761,96,2024-09-09 12:15:40,Cancelled,Cash,2150.28
1490,101,66,2025-11-21 19:28:31,Pending,Cash,2679.58
1491,434,26,2024-11-21 19:34:18,Returned,Net Banking,2037.0
1492,631,75,2025-09-21 16:40:00,Completed,Credit Card,1047.03
1493,687,45,2025-07-18 22:17:53,Pending,UPI,2786.06
1494,584,79,2024-06-30 13:58:18,Returned,Credit Card,2750.41
1495,16,51,2026-04-04 19:37:02,Completed,Debit Card,1518.95
1496,572,58,2026-04-10 02:32:25,Completed,Net Banking,562.21
1497,399,76,2024-10-11 15:28:56,Completed,Credit Card,569.49
1498,8,28,2026-02-01 02:30:00,Returned,Debit Card,2672.64
1499,816,55,2025-08-22 11:13:01,Cancelled,Credit Card,513.1
1500,855,71,2025-09-22 03:24:55,Pending,UPI,3663.82
1501,207,3,2026-04-21 01:59:28,Pending,Debit Card,4694.59
1502,998,16,2025-08-19 12:17:35,Pending,Credit Card,494.5
1503,649,11,2024-12-21 16:08:07,Completed,Credit Card,1529.55
1504,884,55,2025-11-30 16:50:23,Cancelled,Cash,3451.53
1505,910,88,2024-06-06 18:56:13,Returned,Net Banking,3581.95
1506,400,72,2025-01-21 08:42:51,Returned,Net Banking,3013.22
1507,516,29,2024-10-15 07:04:46,Pending,UPI,3792.57
1508,483,76,2025-04-20 20:18:06,Returned,Cash,307.07
1509,916,46,2026-04-13 09:34:36,Completed,Debit Card,731.16
1510,983,1,2025-10-10 10:21:53,Pending,Cash,2325.52
1511,19,74,2025-08-18 09:02:43,Returned,Debit Card,965.77
1512,986,46,2026-04-22 02:25:36,Completed,Net Banking,2635.92
1513,524,56,2025-05-16 23:43:38,Cancelled,UPI,563.42
1514,847,46,2024-09-14 00:12:31,Cancelled,Net Banking,2189.04
1515,248,16,2024-09-08 13:18:38,Cancelled,Credit Card,484.58
1516,620,98,2024-07-18 12:12:07,Returned,Debit Card,1869.47
1517,450,61,2024-10-03 17:32:27,Pending,Net Banking,2203.3
1518,81,39,2024-06-02 23:54:21,Cancelled,Cash,3440.11
1519,888,63,2025-02-13 20:32:59,Completed,Credit Card,1358.35
1520,682,56,2024-09-19 01:32:54,Completed,Net Banking,952.06
1521,716,69,2024-09-01 04:20:00,Pending,Cash,2096.87
1522,568,25,2026-01-10 09:52:49,Cancelled,Credit Card,2281.75
1523,659,73,2025-01-10 23:31:09,Completed,Cash,1191.97
1524,296,34,2025-11-18 01:51:51,Returned,Credit Card,3003.45
1525,539,3,2026-05-15 06:42:23,Returned,Cash,1668.55
1526,335,38,2024-08-14 07:23:05,Returned,Net Banking,2781.97
1527,928,25,2025-01-09 23:47:43,Cancelled,Credit Card,4663.97
1528,792,11,2025-03-11 06:15:42,Completed,UPI,3330.58
1529,340,8,2024-11-30 14:05:20,Cancelled,Cash,4174.57
1530,510,48,2026-02-02 23:08:51,Cancelled,UPI,1172.98
1531,365,71,2025-12-02 05:51:25,Completed,Cash,4891.26
1532,229,28,2024-07-05 19:16:37,Cancelled,UPI,1860.0
1533,757,6,2025-06-29 21:21:09,Returned,Credit Card,276.34
1534,59,43,2026-02-19 23:21:06,Pending,UPI,3907.23
1535,501,86,2025-12-08 20:53:03,Returned,UPI,4167.87
1536,933,91,2024-06-08 03:42:03,Completed,Debit Card,3816.56
1537,166,33,2026-03-30 05:19:04,Cancelled,UPI,2446.58
1538,808,40,2025-07-19 04:49:59,Cancelled,Debit Card,4794.52
1539,841,31,2025-01-01 14:06:18,Returned,Debit Card,2366.86
1540,258,94,2024-09-20 11:34:00,Completed,Cash,997.45
1541,827,47,2026-05-26 08:57:06,Completed,Net Banking,2285.99
1542,45,69,2025-05-03 00:38:27,Pending,Debit Card,2624.56
1543,59,21,2024-12-19 17:57:16,Returned,UPI,2564.47
1544,546,94,2026-04-16 17:00:26,Pending,Credit Card,3011.12
1545,327,58,2024-06-24 16:04:58,Returned,Credit Card,648.78
1546,894,32,2025-06-28 05:29:37,Cancelled,Net Banking,759.88
1547,243,19,2024-12-31 11:20:37,Cancelled,Credit Card,114.71
1548,855,99,2026-05-24 01:34:25,Pending,Net Banking,3052.11
1549,867,68,2025-08-28 00:34:35,Pending,Net Banking,3446.38
1550,187,3,2025-07-26 17:42:45,Returned,Credit Card,599.51
1551,469,94,2024-09-10 17:37:47,Pending,UPI,3424.59
1552,429,40,2024-08-17 08:53:45,Completed,Cash,2799.44
1553,916,92,2024-08-02 23:28:08,Pending,Cash,4627.82
1554,238,9,2025-12-27 20:46:31,Returned,Cash,821.71
1555,971,44,2025-11-28 07:32:50,Returned,Cash,4990.54
1556,551,90,2025-04-25 10:20:00,Cancelled,UPI,815.31
1557,126,27,2024-07-19 20:45:38,Returned,Debit Card,1449.63
1558,909,4,2026-01-26 23:22:52,Completed,Cash,2595.49
1559,933,40,2025-02-14 16:06:36,Cancelled,Net Banking,1898.91
1560,719,62,2024-08-07 23:11:31,Completed,Net Banking,4861.85
1561,943,25,2025-12-21 08:00:37,Cancelled,Debit Card,4590.16
1562,430,98,2025-10-06 17:01:31,Completed,Credit Card,3278.9
1563,278,64,2024-12-02 17:35:19,Cancelled,UPI,824.64
1564,153,42,2026-05-19 02:47:27,Cancelled,UPI,3966.12
1565,85,94,2024-12-16 01:28:49,Pending,UPI,171.58
1566,777,9,2025-02-05 00:22:13,Cancelled,Debit Card,2226.41
1567,544,79,2024-11-01 21:06:29,Completed,UPI,89.76
1568,991,89,2026-02-05 22:25:57,Pending,Credit Card,777.52
1569,249,51,2025-04-24 22:43:04,Pending,Debit Card,3722.77
1570,27,92,2025-03-28 03:19:12,Cancelled,Debit Card,887.21
1571,35,78,2025-07-01 15:56:14,Cancelled,Cash,3673.54
1572,500,51,2026-04-15 12:48:13,Returned,UPI,4353.78
1573,370,83,2025-09-25 09:02:51,Returned,Net Banking,1408.86
1574,857,63,2025-03-02 02:38:43,Pending,Cash,3535.6
1575,649,81,2024-11-19 10:29:35,Completed,UPI,4100.19
1576,666,62,2024-12-23 22:29:39,Cancelled,Cash,2230.88
1577,167,11,2025-11-16 11:07:21,Returned,Debit Card,1517.09
1578,801,100,2025-07-21 19:40:34,Cancelled,Credit Card,3142.03
1579,107,70,2025-03-04 16:31:39,Cancelled,UPI,2515.74
1580,652,76,2025-01-25 13:22:57,Cancelled,Cash,70.17
1581,941,6,2024-10-08 14:19:13,Returned,Credit Card,1467.12
1582,113,88,2024-07-17 12:33:51,Pending,UPI,304.47
1583,705,50,2025-04-02 00:38:20,Pending,Net Banking,4079.8
1584,589,69,2024-08-18 09:18:13,Returned,Debit Card,58.5
1585,568,40,2025-12-04 07:27:54,Pending,Net Banking,1334.55
1586,186,67,2024-11-18 03:59:07,Cancelled,Credit Card,1996.0
1587,354,89,2026-03-03 18:24:55,Completed,Cash,1725.81
1588,902,24,2025-02-02 09:38:53,Completed,Cash,2683.47
1589,220,78,2025-08-18 00:54:36,Cancelled,Net Banking,988.28
1590,846,21,2024-08-09 07:30:37,Returned,Debit Card,2237.12
1591,957,9,2025-02-12 20:44:16,Returned,Cash,2438.47
1592,213,19,2026-02-23 11:01:40,Pending,Net Banking,1629.69
1593,133,49,2024-12-28 23:39:32,Cancelled,Debit Card,4680.94
1594,590,51,2024-08-02 01:28:25,Completed,Debit Card,1684.97
1595,848,86,2025-02-07 11:12:05,Completed,UPI,1391.32
1596,989,6,2024-12-20 06:00:51,Returned,Debit Card,4232.02
1597,389,29,2024-08-04 10:06:01,Returned,Credit Card,3959.58
1598,342,56,2024-12-10 10:47:58,Returned,Net Banking,996.8
1599,301,54,2025-10-10 18:55:19,Returned,Cash,2845.21
1600,386,85,2026-03-07 12:02:22,Returned,UPI,1698.8
1601,434,66,2025-03-20 16:49:03,Completed,Cash,4295.13
1602,789,36,2025-02-24 22:40:56,Cancelled,Debit Card,1540.83
1603,28,63,2026-05-01 00:09:31,Cancelled,Credit Card,3097.93
1604,884,67,2025-10-07 04:09:02,Pending,Cash,3480.49
1605,170,71,2025-11-20 02:20:48,Cancelled,Debit Card,4416.04
1606,774,26,2025-04-08 20:00:08,Pending,UPI,3092.2
1607,474,53,2025-09-25 22:17:09,Completed,Credit Card,4210.31
1608,681,76,2025-03-11 20:10:31,Pending,Cash,1409.51
1609,516,19,2025-11-04 22:03:31,Returned,Credit Card,49.87
1610,539,59,2026-01-30 10:57:43,Cancelled,Credit Card,1846.42
1611,525,4,2026-03-23 04:50:07,Completed,Credit Card,2674.12
1612,175,2,2025-12-18 15:49:27,Completed,Net Banking,3156.56
1613,670,40,2025-12-11 15:14:27,Completed,Cash,209.22
1614,31,22,2024-09-28 23:30:18,Cancelled,UPI,3756.39
1615,370,22,2025-08-14 05:24:10,Returned,Cash,4653.7
1616,374,55,2025-06-21 16:02:34,Cancelled,Cash,1231.96
1617,82,57,2024-12-23 01:41:48,Cancelled,Credit Card,1020.11
1618,714,75,2026-05-04 03:34:53,Cancelled,Debit Card,3561.74
1619,474,34,2025-08-12 14:10:35,Completed,Debit Card,4525.21
1620,69,2,2024-09-04 12:24:57,Pending,Credit Card,102.36
1621,499,93,2026-05-25 09:18:40,Cancelled,Debit Card,117.66
1622,49,6,2025-03-21 13:16:09,Completed,Debit Card,701.17
1623,585,20,2024-08-21 10:00:58,Pending,UPI,1050.9
1624,99,88,2026-02-04 02:01:56,Returned,UPI,2752.53
1625,88,57,2024-07-09 00:34:52,Pending,Debit Card,3455.04
1626,293,22,2026-03-22 03:11:49,Pending,UPI,3177.57
1627,400,99,2024-12-23 13:14:07,Returned,Cash,1697.53
1628,435,10,2025-04-02 19:04:20,Returned,Net Banking,458.05
1629,509,85,2024-06-19 23:38:30,Pending,Debit Card,145.53
1630,315,30,2026-01-08 16:30:13,Pending,Credit Card,3610.71
1631,365,12,2024-06-28 17:52:09,Pending,Debit Card,1366.35
1632,712,7,2024-09-18 05:16:32,Cancelled,Credit Card,4683.45
1633,938,14,2025-04-04 17:17:59,Returned,Net Banking,3343.89
1634,166,67,2024-12-31 00:50:39,Completed,Cash,100.3
1635,368,50,2025-05-09 02:19:06,Cancelled,Net Banking,1706.81
1636,420,65,2026-01-15 03:05:16,Returned,UPI,2961.42
1637,671,74,2025-02-06 23:35:31,Returned,Credit Card,663.63
1638,703,70,2026-04-25 06:52:12,Returned,Debit Card,3830.73
1639,508,12,2024-05-31 20:03:13,Returned,Debit Card,4990.68
1640,425,83,2026-01-03 02:36:20,Cancelled,Debit Card,3373.28
1641,943,72,2025-10-17 07:31:32,Returned,UPI,3135.08
1642,154,73,2025-12-08 06:19:41,Pending,UPI,745.74
1643,436,12,2024-11-27 08:42:12,Returned,Debit Card,81.09
1644,492,55,2025-09-10 15:58:43,Cancelled,Cash,1008.44
1645,222,22,2026-01-15 03:31:09,Completed,Credit Card,3359.49
1646,732,52,2025-09-03 10:42:18,Cancelled,Cash,169.89
1647,331,24,2025-04-24 14:12:11,Completed,UPI,1455.06
1648,467,40,2025-02-18 11:10:02,Cancelled,Credit Card,3956.58
1649,448,16,2026-01-20 08:07:43,Pending,Debit Card,238.56
1650,54,58,2025-02-07 10:09:10,Returned,Net Banking,922.26
1651,357,46,2026-01-29 07:37:46,Completed,Cash,367.66
1652,294,8,2025-12-09 12:41:53,Pending,Credit Card,4107.02
1653,678,57,2026-02-16 14:15:35,Pending,Cash,1653.71
1654,753,94,2026-01-18 14:17:19,Completed,Net Banking,2053.9
1655,926,86,2025-07-28 19:32:43,Returned,Cash,3510.87
1656,416,38,2024-05-28 05:40:36,Completed,Cash,3042.05
1657,56,1,2025-01-24 18:42:30,Cancelled,Cash,2884.42
1658,802,30,2025-09-20 00:36:47,Cancelled,Net Banking,1158.54
1659,159,70,2025-06-07 17:57:14,Completed,UPI,870.46
1660,944,53,2024-10-14 08:17:40,Completed,Cash,2753.49
1661,257,7,2026-02-03 18:51:51,Completed,Credit Card,1644.32
1662,515,58,2025-09-11 07:38:39,Returned,Net Banking,3762.67
1663,721,67,2024-06-09 00:16:29,Cancelled,Credit Card,3731.93
1664,538,82,2024-10-16 04:37:02,Cancelled,Cash,2356.03
1665,117,98,2025-08-24 08:10:15,Cancelled,Cash,1935.8
1666,380,91,2026-05-20 17:56:18,Pending,Debit Card,1095.05
1667,898,6,2024-10-06 16:43:17,Completed,Cash,3665.94
1668,695,90,2024-08-02 17:04:57,Pending,Net Banking,4782.55
1669,373,45,2025-02-04 01:16:06,Returned,Cash,4324.86
1670,384,35,2026-03-11 16:17:26,Cancelled,Credit Card,3663.6
1671,331,6,2026-03-29 22:17:18,Completed,Debit Card,4400.63
1672,791,38,2025-04-03 18:34:52,Returned,Debit Card,1122.36
1673,535,75,2024-10-30 18:11:16,Completed,Credit Card,3983.66
1674,979,96,2026-03-25 14:42:39,Pending,Credit Card,531.82
1675,768,39,2025-08-08 15:50:05,Pending,Net Banking,3237.64
1676,992,24,2024-08-10 00:41:54,Cancelled,Net Banking,1413.77
1677,325,8,2024-09-26 02:54:51,Completed,Cash,3586.49
1678,831,37,2024-10-05 03:24:15,Returned,Cash,1126.79
1679,529,26,2025-07-02 06:36:31,Completed,UPI,2840.79
1680,93,31,2025-12-20 07:08:56,Cancelled,Credit Card,2684.87
1681,770,34,2026-01-11 03:16:12,Cancelled,UPI,1212.35
1682,436,100,2025-06-07 01:51:13,Returned,Net Banking,1028.5
1683,508,38,2026-03-06 08:54:15,Returned,Credit Card,4485.62
1684,589,77,2024-12-31 06:26:22,Cancelled,Cash,288.99
1685,957,48,2025-01-04 22:54:05,Completed,Debit Card,2583.68
1686,958,93,2025-02-09 13:42:19,Cancelled,Net Banking,2609.62
1687,315,2,2025-05-03 17:30:01,Cancelled,Net Banking,4723.92
1688,765,44,2024-12-19 12:29:58,Completed,UPI,1416.1
1689,289,77,2025-05-09 02:48:47,Cancelled,UPI,4473.72
1690,745,37,2025-08-17 04:29:07,Completed,Debit Card,2007.41
1691,354,71,2025-07-09 00:06:00,Returned,Cash,399.85
1692,55,25,2024-06-28 22:23:45,Cancelled,UPI,2576.13
1693,826,8,2025-02-12 15:32:12,Returned,Cash,357.12
1694,559,92,2024-08-17 18:59:59,Completed,Net Banking,2169.04
1695,135,2,2024-10-23 02:52:04,Completed,Cash,2677.85
1696,542,53,2025-03-09 03:40:53,Completed,Debit Card,2901.38
1697,682,72,2024-06-22 21:40:37,Returned,Debit Card,4227.36
1698,745,87,2025-06-11 09:09:57,Cancelled,Net Banking,2974.36
1699,274,45,2025-02-24 11:29:52,Completed,Debit Card,3156.28
1700,785,39,2025-09-11 03:35:15,Completed,Net Banking,4009.26
1701,995,10,2025-08-13 21:49:53,Completed,Credit Card,3146.84
1702,584,49,2024-09-10 16:36:51,Completed,Credit Card,1011.74
1703,521,64,2026-04-21 21:36:00,Returned,UPI,4984.21
1704,387,14,2025-04-16 19:17:27,Cancelled,Debit Card,3224.63
1705,299,43,2024-11-17 21:46:05,Cancelled,Debit Card,542.18
1706,504,18,2024-12-10 06:10:32,Cancelled,Credit Card,2248.3
1707,339,93,2025-10-21 18:43:52,Cancelled,Credit Card,3562.38
1708,267,33,2024-10-11 12:30:24,Pending,Net Banking,3081.82
1709,90,96,2024-08-14 20:48:02,Completed,Debit Card,3554.37
1710,768,39,2025-10-02 07:20:48,Pending,UPI,3201.62
1711,186,6,2025-12-09 02:12:09,Cancelled,Net Banking,2484.93
1712,916,86,2026-02-25 01:06:11,Returned,UPI,1993.79
1713,716,85,2025-12-31 06:24:21,Completed,Debit Card,2035.7
1714,877,84,2026-01-23 21:23:43,Pending,UPI,1718.05
1715,949,85,2025-07-27 20:42:41,Pending,Credit Card,1700.89
1716,915,74,2024-06-21 21:20:55,Completed,Credit Card,3282.92
1717,32,80,2026-05-07 21:17:10,Cancelled,Debit Card,4640.26
1718,247,25,2025-11-15 18:19:06,Returned,Net Banking,1376.81
1719,316,73,2024-12-22 20:51:21,Completed,Net Banking,402.09
1720,120,84,2025-11-01 12:29:03,Cancelled,Cash,4508.29
1721,255,96,2025-03-19 13:43:27,Completed,Net Banking,381.07
1722,237,56,2024-11-06 12:56:19,Completed,Debit Card,1030.03
1723,229,54,2024-08-14 02:18:38,Returned,Credit Card,2893.98
1724,891,85,2026-05-02 17:56:21,Cancelled,Net Banking,838.1
1725,107,32,2024-06-05 06:17:51,Cancelled,Cash,3758.7
1726,563,59,2025-03-17 16:03:38,Returned,Debit Card,210.0
1727,969,50,2026-04-27 18:01:13,Returned,Debit Card,2285.96
1728,191,50,2025-02-03 16:46:54,Pending,UPI,2305.73
1729,226,86,2025-03-24 03:01:58,Returned,Debit Card,2129.27
1730,888,8,2026-05-01 18:13:21,Returned,Net Banking,2816.53
1731,671,69,2026-03-18 05:45:48,Pending,Debit Card,2282.59
1732,400,63,2025-07-14 21:38:09,Cancelled,Net Banking,3997.48
1733,21,65,2024-12-16 22:34:39,Completed,Debit Card,400.16
1734,778,3,2024-11-26 10:24:52,Pending,UPI,4805.19
1735,828,53,2024-08-16 13:13:19,Returned,Net Banking,1109.47
1736,224,85,2025-12-25 07:21:08,Returned,Cash,1127.5
1737,134,78,2026-05-22 06:51:39,Pending,UPI,4535.41
1738,707,53,2024-09-20 22:00:34,Returned,Net Banking,51.07
1739,547,67,2025-02-14 10:59:36,Returned,Credit Card,968.56
1740,228,63,2024-05-31 10:34:50,Returned,UPI,4934.26
1741,255,30,2025-08-07 20:53:26,Pending,Net Banking,3628.9
1742,642,74,2025-11-11 03:21:22,Completed,Debit Card,2202.83
1743,106,90,2026-03-07 16:58:56,Pending,Net Banking,3441.61
1744,611,73,2026-04-05 13:04:55,Completed,Debit Card,4529.71
1745,769,9,2025-04-20 09:56:35,Pending,Net Banking,2660.48
1746,153,58,2026-01-19 02:33:08,Pending,Net Banking,1743.01
1747,796,6,2026-03-17 10:06:08,Cancelled,Cash,1446.37
1748,911,47,2024-06-03 06:26:23,Pending,Debit Card,1270.37
1749,611,93,2025-07-07 08:24:02,Cancelled,UPI,3250.88
1750,517,6,2024-08-14 04:33:01,Pending,Net Banking,2540.96
1751,740,75,2025-04-04 05:49:49,Returned,UPI,4137.05
1752,728,36,2024-10-21 00:45:21,Cancelled,Credit Card,1683.62
1753,274,98,2025-08-11 22:38:40,Completed,UPI,1398.02
1754,168,75,2024-10-05 13:53:34,Pending,Cash,2249.91
1755,47,92,2025-01-10 11:50:12,Cancelled,UPI,3227.56
1756,354,28,2025-09-18 09:16:13,Pending,Debit Card,4072.39
1757,995,42,2025-01-29 23:07:53,Pending,Net Banking,1501.08
1758,512,94,2025-11-03 02:29:19,Completed,Credit Card,1529.67
1759,106,77,2024-06-07 08:18:15,Returned,Credit Card,4827.71
1760,929,13,2026-02-10 23:55:11,Returned,Net Banking,4742.99
1761,891,36,2026-02-13 11:46:37,Pending,Debit Card,2902.07
1762,863,98,2026-02-17 18:53:36,Returned,Net Banking,3721.17
1763,203,27,2026-03-21 01:03:44,Completed,Debit Card,3143.29
1764,476,55,2025-06-14 19:27:48,Returned,Net Banking,3868.39
1765,280,52,2025-02-14 05:46:12,Cancelled,UPI,2170.79
1766,919,1,2026-01-16 16:07:23,Completed,Net Banking,1701.41
1767,576,15,2025-08-15 21:51:57,Returned,Credit Card,1106.72
1768,957,23,2024-12-03 17:15:22,Returned,Credit Card,3481.42
1769,731,6,2025-11-26 00:01:43,Completed,Cash,2338.04
1770,813,33,2025-05-16 07:18:29,Completed,Credit Card,2253.85
1771,597,15,2025-09-26 00:36:10,Pending,Net Banking,3521.39
1772,296,69,2025-05-08 11:06:28,Cancelled,Cash,1248.27
1773,932,8,2025-01-16 09:43:04,Pending,Net Banking,4458.95
1774,754,75,2025-08-28 21:17:20,Pending,Net Banking,3012.38
1775,882,57,2026-05-10 02:12:48,Completed,Debit Card,3389.2
1776,177,65,2026-05-03 05:56:40,Pending,Net Banking,4369.63
1777,232,98,2024-12-09 22:37:05,Returned,Net Banking,4146.75
1778,342,53,2025-05-24 23:17:51,Pending,UPI,4709.17
1779,362,62,2025-02-07 07:58:57,Returned,Cash,1557.05
1780,813,48,2024-07-05 08:30:05,Pending,Cash,447.87
1781,297,7,2026-01-18 11:50:09,Completed,Net Banking,923.32
1782,982,18,2025-05-17 12:17:52,Cancelled,Net Banking,1460.59
1783,477,4,2024-08-08 22:24:39,Pending,UPI,4459.59
1784,429,35,2025-06-21 07:35:58,Pending,Cash,2637.58
1785,851,66,2025-07-21 13:51:55,Returned,Cash,2338.17
1786,146,31,2024-08-28 15:29:37,Cancelled,Debit Card,1438.91
1787,161,55,2025-07-28 15:05:09,Completed,Debit Card,2959.25
1788,956,87,2025-04-07 04:28:07,Cancelled,UPI,3125.95
1789,558,75,2024-06-03 05:15:50,Returned,Credit Card,1624.41
1790,957,4,2025-12-01 06:23:32,Cancelled,Debit Card,4579.42
1791,403,61,2025-06-17 10:21:08,Returned,Credit Card,729.27
1792,733,90,2025-02-18 16:55:04,Completed,Debit Card,1584.76
1793,252,90,2024-11-04 00:51:45,Completed,Cash,1712.79
1794,788,71,2024-11-02 02:15:01,Completed,Credit Card,1142.54
1795,284,58,2025-07-24 21:04:26,Returned,Cash,1910.57
1796,881,9,2025-01-01 08:15:31,Cancelled,Credit Card,156.08
1797,436,60,2026-04-12 21:03:13,Pending,Credit Card,858.27
1798,175,68,2025-07-06 03:43:26,Returned,UPI,3901.78
1799,782,93,2025-09-06 18:42:41,Returned,Debit Card,1974.89
1800,322,99,2024-12-19 10:05:48,Completed,UPI,3903.66
1801,17,46,2024-08-10 02:30:38,Completed,Net Banking,3804.34
1802,810,41,2025-01-27 12:47:11,Completed,Net Banking,3984.85
1803,41,26,2024-06-11 09:52:55,Pending,Cash,4961.82
1804,61,74,2025-11-29 01:25:20,Pending,Debit Card,1089.13
1805,653,24,2025-12-14 17:21:20,Cancelled,Credit Card,3393.19
1806,884,83,2025-12-24 00:03:08,Returned,Cash,3524.62
1807,461,2,2025-06-29 19:48:53,Returned,Debit Card,964.05
1808,997,50,2024-11-04 14:02:26,Returned,Debit Card,2082.32
1809,742,30,2025-09-19 06:39:24,Returned,Credit Card,2686.27
1810,316,67,2025-03-14 16:42:29,Completed,Debit Card,4412.77
1811,574,38,2026-02-12 10:30:21,Pending,Credit Card,777.78
1812,936,11,2025-07-08 01:48:44,Returned,Credit Card,3008.76
1813,908,54,2025-10-25 13:19:46,Returned,UPI,1628.47
1814,126,93,2026-02-14 12:20:01,Cancelled,Cash,4875.66
1815,371,81,2024-09-09 03:29:22,Returned,Credit Card,931.8
1816,173,8,2025-08-17 08:11:24,Completed,Cash,2787.59
1817,386,76,2025-07-23 19:17:18,Returned,UPI,4682.16
1818,12,10,2025-02-18 21:57:29,Returned,Net Banking,471.46
1819,459,47,2025-04-22 05:40:20,Cancelled,Net Banking,3159.39
1820,496,81,2024-08-10 08:54:04,Cancelled,Debit Card,4153.58
1821,420,93,2026-05-12 13:18:40,Returned,Credit Card,1106.13
1822,853,68,2025-08-13 02:03:55,Cancelled,Net Banking,1897.33
1823,823,13,2025-08-31 14:12:11,Pending,Cash,2429.4
1824,745,28,2025-12-17 21:12:47,Completed,Net Banking,4912.1
1825,982,90,2026-02-28 15:29:05,Returned,Debit Card,470.19
1826,906,64,2025-05-19 13:53:03,Returned,UPI,572.19
1827,998,23,2024-10-09 19:28:21,Pending,Net Banking,4580.0
1828,632,61,2024-12-23 19:11:39,Returned,Cash,2721.59
1829,660,29,2024-08-20 00:18:41,Cancelled,Net Banking,373.56
1830,30,58,2026-05-06 07:16:35,Cancelled,Credit Card,2026.8
1831,667,24,2024-06-01 18:29:16,Pending,Debit Card,1225.27
1832,277,57,2025-01-31 10:05:39,Cancelled,Net Banking,1190.61
1833,438,53,2025-05-04 06:45:03,Pending,Cash,4957.65
1834,670,25,2024-12-12 06:51:19,Pending,Net Banking,4171.74
1835,118,84,2025-07-01 13:23:27,Completed,Debit Card,2149.79
1836,499,7,2025-08-25 10:44:09,Pending,Cash,3550.07
1837,92,59,2025-02-12 01:07:01,Cancelled,Net Banking,1388.87
1838,988,93,2025-12-10 01:57:38,Returned,UPI,2145.53
1839,326,54,2025-09-25 02:17:20,Cancelled,Debit Card,4111.97
1840,68,50,2025-05-09 15:56:00,Completed,UPI,4498.16
1841,376,95,2026-03-06 07:36:10,Cancelled,Net Banking,2973.78
1842,433,88,2024-07-16 04:45:05,Cancelled,Credit Card,2296.21
1843,296,60,2025-11-11 19:35:56,Returned,UPI,1652.28
1844,978,68,2026-05-23 09:59:50,Completed,Credit Card,1502.41
1845,920,55,2024-08-22 18:45:32,Pending,Net Banking,4929.73
1846,167,39,2025-06-13 17:08:15,Pending,UPI,918.57
1847,455,20,2026-01-06 20:14:41,Cancelled,Debit Card,3946.25
1848,26,64,2024-07-24 08:59:37,Cancelled,Debit Card,1751.55
1849,843,15,2025-03-01 02:39:41,Pending,Cash,3344.5
1850,105,21,2025-10-14 05:39:28,Pending,Net Banking,686.43
1851,623,7,2024-11-23 18:33:42,Completed,UPI,4387.22
1852,363,5,2025-03-20 12:42:05,Cancelled,Cash,1163.81
1853,993,20,2025-06-17 00:05:48,Pending,UPI,3511.1
1854,189,83,2025-06-25 01:57:03,Completed,Net Banking,2932.31
1855,641,43,2025-11-29 19:14:31,Pending,Cash,3918.77
1856,308,13,2025-07-20 04:27:08,Returned,Net Banking,3153.1
1857,667,36,2024-07-13 02:22:05,Pending,Debit Card,4357.46
1858,656,72,2025-08-28 15:12:02,Pending,UPI,3044.08
1859,233,44,2025-04-25 00:10:35,Cancelled,UPI,4676.6
1860,792,60,2025-12-10 14:50:07,Pending,Credit Card,3482.81
1861,974,58,2025-01-21 14:02:23,Pending,Net Banking,4404.84
1862,154,49,2024-10-27 00:53:27,Cancelled,Net Banking,2561.36
1863,772,41,2024-11-21 14:46:22,Pending,Credit Card,1972.53
1864,310,10,2024-06-09 16:11:43,Returned,Debit Card,3331.35
1865,274,9,2024-07-21 23:02:40,Returned,Debit Card,1761.24
1866,932,90,2026-01-13 17:49:58,Completed,Credit Card,3442.75
1867,10,41,2025-07-20 20:57:46,Cancelled,Debit Card,2332.4
1868,611,56,2025-12-21 09:21:25,Cancelled,Debit Card,77.62
1869,836,64,2024-09-16 00:07:22,Cancelled,Debit Card,223.12
1870,490,86,2026-01-04 18:57:39,Cancelled,Debit Card,3595.78
1871,105,5,2026-05-24 23:18:03,Completed,UPI,4805.12
1872,311,48,2025-02-07 08:24:24,Pending,Credit Card,695.48
1873,839,61,2025-07-09 21:18:41,Returned,Credit Card,3042.68
1874,586,61,2025-05-15 17:19:24,Cancelled,UPI,3660.74
1875,147,25,2025-05-20 23:46:16,Returned,Credit Card,4004.22
1876,112,81,2024-06-15 08:58:10,Pending,Net Banking,4028.72
1877,368,91,2026-01-03 06:22:17,Pending,Credit Card,273.27
1878,201,14,2026-03-27 10:46:11,Returned,Cash,3871.09
1879,193,42,2025-01-01 12:11:51,Pending,Credit Card,3542.39
1880,362,34,2025-09-08 18:23:20,Pending,Cash,1649.48
1881,202,1,2026-05-02 13:20:24,Completed,Net Banking,1931.76
1882,217,49,2025-12-26 07:19:30,Returned,Credit Card,2494.51
1883,400,42,2025-09-17 10:51:00,Returned,Net Banking,2484.14
1884,147,89,2024-11-28 05:04:50,Cancelled,Net Banking,3091.21
1885,202,1,2026-05-08 03:36:34,Pending,Cash,979.31
1886,680,33,2025-03-21 18:32:17,Completed,Debit Card,3597.53
1887,316,87,2025-05-12 06:59:28,Returned,Net Banking,3809.56
1888,816,63,2024-08-07 20:33:42,Pending,Credit Card,1136.91
1889,884,80,2025-07-05 09:12:41,Completed,Debit Card,2721.43
1890,618,73,2024-09-17 00:32:17,Pending,Cash,2275.68
1891,65,65,2024-12-19 08:55:24,Completed,Cash,2446.43
1892,550,36,2024-12-24 22:12:57,Cancelled,UPI,1875.26
1893,499,92,2024-12-18 18:56:19,Pending,UPI,3023.65
1894,375,80,2026-01-08 16:11:21,Completed,Cash,4527.72
1895,75,42,2025-04-26 01:39:43,Cancelled,Credit Card,4550.87
1896,121,85,2026-04-19 17:57:36,Pending,Credit Card,2435.11
1897,11,97,2025-12-22 04:39:41,Completed,Credit Card,2914.72
1898,518,12,2026-05-25 01:53:51,Pending,UPI,4039.55
1899,705,57,2025-12-01 02:33:05,Completed,Cash,1506.08
1900,443,37,2025-06-29 09:04:35,Returned,Debit Card,3844.1
1901,602,48,2026-03-25 06:08:18,Completed,Credit Card,1101.61
1902,745,61,2025-07-13 14:54:39,Cancelled,UPI,3630.57
1903,654,45,2025-04-08 14:38:42,Pending,Debit Card,900.1
1904,413,45,2025-01-11 23:12:19,Completed,Net Banking,4973.87
1905,314,48,2026-04-29 11:48:33,Returned,Debit Card,4216.28
1906,59,91,2025-05-26 07:28:21,Cancelled,Net Banking,1455.61
1907,348,28,2024-10-31 13:13:16,Completed,Cash,1520.17
1908,113,10,2024-09-21 19:07:50,Pending,UPI,1142.78
1909,25,7,2025-11-12 04:12:17,Returned,Cash,1182.79
1910,867,87,2024-05-28 05:30:48,Returned,Credit Card,3371.96
1911,601,35,2025-03-09 02:14:21,Returned,Credit Card,2777.85
1912,181,85,2026-02-23 11:50:25,Returned,UPI,2774.41
1913,25,98,2025-05-21 07:49:15,Completed,Net Banking,3553.64
1914,723,76,2025-07-21 06:18:55,Cancelled,Debit Card,3007.45
1915,852,91,2025-03-20 21:19:02,Cancelled,Debit Card,2832.64
1916,718,41,2025-12-07 13:38:37,Completed,Net Banking,2448.99
1917,549,23,2025-08-01 22:22:58,Completed,Debit Card,1809.54
1918,616,20,2024-08-06 08:50:47,Pending,Net Banking,4617.71
1919,139,45,2025-10-09 19:48:44,Completed,Credit Card,2829.3
1920,728,99,2024-09-07 15:55:36,Returned,Cash,4483.44
1921,363,40,2025-02-03 21:44:16,Pending,Cash,722.73
1922,475,53,2025-01-07 18:14:11,Returned,Net Banking,3426.75
1923,118,20,2024-10-06 18:41:40,Completed,UPI,1987.43
1924,569,26,2026-05-02 05:05:36,Cancelled,Cash,224.54
1925,592,57,2025-02-01 09:44:14,Completed,Debit Card,2238.25
1926,638,10,2026-05-11 05:17:23,Returned,Cash,1853.43
1927,644,33,2024-08-30 01:30:50,Returned,Cash,2133.33
1928,60,69,2025-07-16 04:51:14,Pending,Cash,4629.7
1929,342,6,2026-01-29 06:23:10,Cancelled,Debit Card,2717.0
1930,469,29,2024-12-17 23:06:29,Pending,Cash,2135.72
1931,876,51,2024-12-29 11:00:27,Returned,Debit Card,4113.5
1932,882,61,2025-10-19 17:41:24,Cancelled,Cash,1240.28
1933,367,78,2026-05-09 07:03:57,Completed,Cash,3234.95
1934,338,44,2025-12-29 20:58:18,Pending,Debit Card,4344.08
1935,153,21,2024-09-24 12:01:07,Cancelled,UPI,1990.01
1936,491,21,2025-06-07 21:57:39,Completed,UPI,1356.55
1937,250,41,2025-02-11 19:29:58,Returned,Credit Card,2471.75
1938,382,15,2026-01-17 14:22:28,Cancelled,Cash,419.83
1939,780,7,2026-04-26 03:47:10,Completed,Debit Card,2848.68
1940,691,22,2024-10-12 15:56:30,Returned,Debit Card,2612.19
1941,464,91,2025-12-10 05:24:07,Cancelled,Debit Card,2196.85
1942,763,13,2025-08-04 04:08:49,Returned,Credit Card,308.53
1943,328,74,2025-07-08 08:48:17,Returned,UPI,1549.65
1944,681,98,2025-04-26 01:42:58,Completed,Debit Card,2520.0
1945,16,39,2025-07-21 21:53:10,Returned,Cash,1753.63
1946,988,89,2025-10-09 10:34:48,Pending,Cash,128.82
1947,450,1,2025-05-18 07:39:17,Cancelled,Cash,2561.1
1948,738,45,2025-02-19 21:46:15,Pending,Credit Card,3150.67
1949,357,12,2026-02-11 16:52:39,Returned,UPI,3093.76
1950,104,5,2025-08-11 20:28:15,Cancelled,Debit Card,1904.16
1951,755,83,2025-12-30 11:55:11,Completed,Net Banking,355.94
1952,742,12,2026-03-06 11:44:30,Pending,Cash,2115.55
1953,30,54,2024-11-03 15:34:26,Completed,Net Banking,3226.71
1954,859,31,2024-06-16 08:45:25,Completed,Debit Card,531.47
1955,386,10,2026-01-08 18:02:09,Completed,Credit Card,4480.46
1956,1,49,2024-05-29 13:23:29,Cancelled,Cash,908.91
1957,468,90,2025-08-06 12:43:04,Completed,Credit Card,637.37
1958,117,55,2025-05-04 11:36:35,Completed,Net Banking,1515.01
1959,764,66,2026-02-28 22:51:34,Returned,Cash,1070.05
1960,351,20,2025-08-10 21:53:48,Pending,Debit Card,4589.18
1961,331,2,2025-07-14 08:37:23,Returned,Credit Card,366.94
1962,21,13,2025-08-30 15:38:21,Cancelled,Debit Card,2712.44
1963,396,44,2025-06-11 05:19:59,Cancelled,Cash,4991.43
1964,252,87,2025-08-27 11:29:53,Completed,Credit Card,1101.78
1965,184,3,2025-12-18 11:37:56,Cancelled,Cash,866.77
1966,153,63,2024-10-15 11:23:04,Cancelled,Credit Card,4513.85
1967,253,79,2025-10-17 15:21:08,Completed,Net Banking,3835.69
1968,948,31,2026-03-23 15:59:52,Returned,Cash,1715.01
1969,241,20,2024-09-16 13:09:09,Completed,Net Banking,4868.21
1970,733,17,2024-07-19 09:35:32,Pending,UPI,4735.0
1971,128,84,2025-02-12 19:25:33,Completed,Debit Card,3231.48
1972,646,77,2025-05-02 10:07:25,Pending,Cash,1178.5
1973,964,9,2025-03-10 07:54:30,Cancelled,Debit Card,480.53
1974,217,32,2024-09-05 07:33:55,Cancelled,Cash,1324.07
1975,830,11,2025-02-02 01:48:13,Cancelled,Debit Card,950.35
1976,766,98,2025-12-17 10:34:21,Cancelled,Debit Card,501.32
1977,497,16,2025-03-02 20:34:14,Returned,Credit Card,2629.47
1978,709,17,2024-07-16 18:36:07,Cancelled,Cash,374.5
1979,751,3,2025-12-25 12:54:28,Pending,Cash,3592.47
1980,18,8,2025-12-25 20:31:20,Cancelled,Cash,4217.4
1981,795,27,2026-02-21 15:15:53,Pending,Net Banking,4096.98
1982,679,71,2025-08-17 21:56:54,Completed,Cash,3859.68
1983,669,95,2024-06-05 18:00:22,Pending,UPI,2760.03
1984,888,94,2026-04-24 12:26:47,Returned,Debit Card,206.72
1985,773,33,2025-07-15 21:08:24,Completed,Cash,2473.86
1986,195,42,2024-12-25 08:52:05,Completed,Net Banking,1074.34
1987,829,55,2024-07-08 13:41:26,Pending,Cash,3681.29
1988,62,25,2026-02-24 06:04:44,Cancelled,Cash,348.12
1989,620,6,2025-02-03 07:09:04,Returned,Credit Card,2764.21
1990,814,50,2026-02-02 17:16:58,Cancelled,Cash,2284.02
1991,192,46,2026-01-02 23:05:01,Returned,Cash,2059.74
1992,1,55,2025-04-02 07:45:26,Pending,Debit Card,1226.77
1993,773,65,2025-06-15 00:57:49,Cancelled,Debit Card,4779.23
1994,145,19,2024-11-12 12:32:24,Pending,Credit Card,1978.66
1995,297,92,2024-07-25 05:36:37,Cancelled,Debit Card,3464.29
1996,204,50,2025-03-23 08:27:36,Returned,Debit Card,4499.5
1997,187,45,2025-03-10 00:29:10,Pending,Cash,4638.45
1998,380,45,2026-01-22 03:50:33,Returned,Net Banking,1831.42
1999,959,33,2025-01-08 21:48:26,Completed,Debit Card,2227.05
2000,786,17,2024-06-04 14:05:20,Returned,Credit Card,706.81
2001,422,24,2025-10-10 22:18:44,Cancelled,UPI,3876.33
2002,52,94,2024-12-05 19:23:31,Returned,Cash,895.88
2003,452,66,2025-01-06 05:13:50,Cancelled,Net Banking,527.4
2004,427,14,2025-09-19 07:20:30,Cancelled,Cash,2690.7
2005,123,14,2025-11-10 23:38:13,Cancelled,UPI,4722.03
2006,463,14,2026-04-18 14:11:33,Pending,Debit Card,590.31
2007,912,64,2025-10-26 04:04:13,Cancelled,UPI,3390.36
2008,664,44,2025-07-19 05:59:27,Completed,Credit Card,2347.49
2009,997,49,2025-03-25 02:52:37,Returned,UPI,756.82
2010,540,47,2024-12-04 16:43:24,Cancelled,Cash,2560.74
2011,401,21,2025-06-22 12:16:56,Returned,Net Banking,1416.06
2012,803,81,2024-11-22 11:15:23,Pending,Debit Card,527.58
2013,454,75,2025-11-07 02:30:02,Completed,Net Banking,1143.16
2014,15,74,2026-01-01 18:35:32,Cancelled,Cash,957.34
2015,430,78,2025-03-06 07:53:41,Completed,Credit Card,4747.38
2016,374,56,2026-02-10 07:59:23,Pending,Cash,4982.15
2017,692,45,2025-01-25 19:00:06,Returned,UPI,2570.85
2018,188,47,2024-09-10 05:53:53,Completed,Cash,4846.56
2019,938,65,2024-11-24 16:21:44,Cancelled,UPI,3366.04
2020,377,58,2025-03-21 07:38:32,Pending,Net Banking,2409.13
2021,934,64,2025-09-13 08:21:54,Returned,Cash,3641.1
2022,690,93,2026-01-31 13:41:27,Cancelled,Credit Card,3481.83
2023,690,72,2025-11-15 02:15:51,Pending,Credit Card,278.82
2024,56,52,2025-10-11 06:43:13,Pending,Net Banking,3046.72
2025,31,99,2026-02-18 08:41:30,Pending,Credit Card,3528.86
2026,965,24,2026-03-02 12:10:25,Cancelled,UPI,3248.85
2027,492,82,2025-10-31 10:50:43,Completed,Cash,2328.93
2028,234,73,2024-06-22 00:29:14,Completed,Credit Card,4182.61
2029,433,76,2024-11-19 08:57:26,Completed,Cash,2685.26
2030,134,80,2025-06-24 09:06:57,Returned,Cash,3457.63
2031,27,97,2025-05-07 08:26:58,Cancelled,UPI,3665.88
2032,493,1,2025-10-29 15:39:18,Completed,Debit Card,789.29
2033,729,70,2025-02-11 01:55:24,Returned,UPI,3200.66
2034,315,87,2025-10-06 07:56:53,Returned,Debit Card,340.33
2035,598,33,2024-11-01 07:11:30,Pending,Credit Card,2553.31
2036,442,27,2025-09-20 22:24:57,Pending,Credit Card,2245.42
2037,926,45,2025-04-16 23:59:51,Completed,Net Banking,3436.66
2038,489,74,2025-06-15 14:43:49,Pending,Debit Card,3210.45
2039,428,44,2025-04-09 01:28:34,Returned,Cash,1348.03
2040,785,86,2025-02-22 07:53:55,Cancelled,Cash,1959.21
2041,846,75,2025-02-13 16:16:58,Returned,Net Banking,662.98
2042,774,69,2025-08-24 07:48:50,Pending,UPI,494.92
2043,767,46,2025-03-31 17:19:12,Cancelled,Cash,1145.12
2044,193,68,2025-04-12 09:48:19,Cancelled,Debit Card,3410.75
2045,335,19,2025-09-21 10:47:13,Pending,Net Banking,1462.85
2046,774,4,2025-01-05 09:07:30,Cancelled,UPI,3587.86
2047,13,97,2026-01-06 20:13:30,Pending,Credit Card,808.01
2048,710,75,2025-12-17 07:01:24,Pending,Debit Card,432.36
2049,223,59,2024-09-23 13:15:38,Completed,Credit Card,4253.95
2050,230,12,2024-07-12 22:36:45,Pending,Debit Card,3323.18
2051,529,91,2026-02-27 04:28:07,Returned,UPI,1992.81
2052,377,69,2025-04-24 10:25:13,Completed,UPI,2150.12
2053,922,92,2024-11-20 19:21:00,Pending,Cash,2448.72
2054,957,95,2026-03-02 10:25:20,Cancelled,Credit Card,3730.43
2055,323,57,2024-08-22 13:43:53,Completed,UPI,4086.84
2056,146,88,2024-10-14 16:18:31,Returned,Debit Card,3561.05
2057,25,39,2024-10-05 02:08:24,Completed,UPI,1649.84
2058,694,50,2026-03-14 22:55:37,Cancelled,Debit Card,4564.11
2059,286,76,2024-07-29 19:43:47,Returned,Credit Card,1334.49
2060,424,67,2024-08-26 23:37:32,Pending,UPI,925.56
2061,871,37,2025-02-26 08:40:21,Cancelled,UPI,3597.85
2062,200,48,2026-02-15 00:19:35,Pending,Credit Card,1354.42
2063,846,72,2025-05-07 05:36:39,Pending,Cash,4946.08
2064,380,54,2025-06-06 16:32:00,Returned,Cash,3094.24
2065,134,29,2024-08-05 06:19:04,Completed,UPI,761.84
2066,59,72,2024-11-16 06:29:54,Returned,UPI,1456.22
2067,632,41,2026-02-21 10:38:52,Returned,Credit Card,1565.25
2068,193,66,2025-04-26 16:26:33,Pending,Debit Card,1911.24
2069,802,17,2025-11-23 18:49:11,Cancelled,Net Banking,4431.05
2070,36,69,2026-05-25 00:02:50,Cancelled,Net Banking,4633.64
2071,815,99,2025-01-04 10:38:35,Returned,Debit Card,4374.84
2072,134,91,2026-01-27 20:29:36,Cancelled,Credit Card,2218.69
2073,652,99,2026-01-24 05:58:08,Completed,Credit Card,2332.87
2074,804,80,2025-08-08 12:16:49,Pending,Credit Card,499.62
2075,678,38,2024-11-13 19:43:32,Completed,Cash,2000.65
2076,467,28,2026-01-11 04:48:10,Cancelled,UPI,4078.1
2077,193,80,2024-11-24 05:50:27,Completed,Cash,4986.39
2078,839,24,2025-05-02 03:25:20,Pending,Cash,1084.97
2079,587,1,2025-05-07 12:39:19,Cancelled,Debit Card,808.57
2080,56,70,2025-06-06 14:14:06,Cancelled,Net Banking,4801.27
2081,613,15,2025-10-20 21:54:41,Completed,Net Banking,1781.39
2082,618,55,2026-05-01 08:37:54,Returned,Credit Card,935.8
2083,188,26,2024-07-07 17:10:26,Completed,Credit Card,1385.38
2084,202,97,2025-02-11 17:40:45,Pending,UPI,1758.05
2085,3,34,2024-09-09 09:17:14,Cancelled,Cash,4506.25
2086,288,94,2026-04-22 06:49:46,Returned,Credit Card,2578.2
2087,629,17,2024-10-27 15:14:18,Completed,Net Banking,1849.56
2088,647,93,2025-12-15 08:46:58,Cancelled,Cash,285.79
2089,116,65,2026-01-17 10:03:49,Pending,Net Banking,1731.94
2090,274,4,2025-06-29 18:16:11,Returned,Debit Card,4931.05
2091,90,56,2024-11-02 21:26:03,Cancelled,Credit Card,941.25
2092,827,42,2025-01-01 01:17:25,Completed,Net Banking,3616.71
2093,871,97,2026-03-23 20:25:28,Returned,Net Banking,2191.39
2094,785,91,2025-04-10 02:33:45,Completed,Debit Card,3028.18
2095,917,76,2025-02-04 05:28:24,Completed,UPI,2285.24
2096,958,28,2024-12-01 17:47:54,Pending,Cash,1781.22
2097,44,55,2024-10-02 14:51:14,Returned,Net Banking,4936.82
2098,875,95,2025-06-21 17:56:30,Returned,Net Banking,1953.06
2099,539,72,2025-11-12 17:42:48,Completed,Cash,4465.41
2100,685,39,2024-10-14 03:27:58,Returned,Credit Card,697.19
2101,910,38,2024-07-23 02:24:00,Completed,UPI,353.96
2102,934,46,2025-11-21 15:32:21,Cancelled,UPI,971.25
2103,806,33,2026-03-22 08:13:54,Cancelled,Net Banking,554.07
2104,669,21,2024-11-18 14:07:27,Completed,UPI,912.24
2105,655,81,2025-04-14 00:43:32,Completed,Credit Card,284.52
2106,365,42,2024-06-04 04:07:43,Completed,UPI,2304.49
2107,144,71,2025-08-11 02:16:11,Pending,Credit Card,2365.27
2108,415,5,2025-11-10 05:37:00,Completed,UPI,1368.93
2109,62,92,2025-12-28 13:12:55,Cancelled,Cash,2339.64
2110,496,63,2026-02-22 01:35:59,Pending,Cash,645.11
2111,453,49,2024-10-09 21:00:47,Completed,Debit Card,4557.21
2112,203,74,2024-07-23 13:32:32,Cancelled,UPI,3816.45
2113,767,62,2026-01-03 12:24:22,Cancelled,UPI,3596.05
2114,71,96,2025-07-16 15:02:41,Returned,UPI,1083.7
2115,729,54,2026-01-20 10:51:39,Pending,Net Banking,751.38
2116,897,68,2024-12-03 10:53:14,Cancelled,Credit Card,2054.59
2117,866,79,2024-09-07 19:28:10,Cancelled,Cash,3962.6
2118,419,85,2025-11-28 13:56:28,Pending,Credit Card,3277.39
2119,979,2,2026-02-19 21:38:20,Completed,Cash,3929.73
2120,74,2,2025-12-28 22:01:06,Completed,Net Banking,2691.92
2121,996,78,2025-10-15 16:35:01,Cancelled,Net Banking,3765.27
2122,198,89,2025-04-07 06:35:00,Returned,UPI,555.31
2123,836,26,2024-12-09 05:19:56,Cancelled,UPI,4467.1
2124,872,51,2026-04-10 19:07:08,Completed,UPI,4983.23
2125,824,58,2025-04-09 13:23:40,Returned,Net Banking,2963.36
2126,467,18,2025-02-02 15:47:24,Cancelled,Credit Card,2758.23
2127,653,87,2024-11-15 18:47:26,Completed,Cash,4459.44
2128,297,48,2025-04-01 19:44:59,Pending,UPI,2213.35
2129,479,1,2026-04-30 13:58:26,Pending,Debit Card,1838.07
2130,920,64,2025-11-02 02:15:19,Cancelled,Cash,4489.05
2131,735,93,2025-01-21 20:25:00,Pending,Net Banking,2695.02
2132,621,62,2024-12-14 17:45:34,Pending,UPI,1577.73
2133,779,42,2026-01-16 15:09:40,Returned,UPI,3195.38
2134,792,20,2024-07-31 08:55:00,Cancelled,Credit Card,562.11
2135,952,74,2024-09-06 21:05:04,Cancelled,Cash,4223.44
2136,802,19,2025-11-17 14:40:11,Returned,Debit Card,4597.15
2137,663,13,2024-09-10 14:45:42,Returned,Credit Card,3060.89
2138,970,61,2025-12-07 11:41:00,Completed,Cash,606.41
2139,221,8,2025-10-19 16:29:53,Pending,Credit Card,628.84
2140,421,70,2025-05-27 02:19:25,Pending,Cash,3771.38
2141,506,80,2024-07-07 09:35:07,Pending,Credit Card,4291.75
2142,228,65,2024-11-30 05:43:18,Completed,Credit Card,701.72
2143,862,75,2024-06-19 05:06:29,Pending,UPI,4960.88
2144,296,29,2024-11-30 22:14:25,Returned,UPI,2006.82
2145,342,22,2025-11-22 15:24:35,Cancelled,Debit Card,4370.0
2146,357,44,2025-03-11 22:25:07,Pending,Credit Card,3255.23
2147,168,78,2026-01-13 23:13:13,Pending,Cash,3268.94
2148,405,3,2025-03-12 05:33:37,Cancelled,UPI,416.98
2149,895,84,2024-12-24 05:00:00,Cancelled,Credit Card,2822.42
2150,693,29,2025-10-17 09:12:45,Completed,Credit Card,1787.16
2151,604,1,2024-11-17 17:49:04,Pending,UPI,1502.81
2152,487,5,2025-04-28 02:14:46,Completed,Net Banking,4534.37
2153,968,45,2026-05-25 21:44:45,Returned,Cash,1099.75
2154,880,79,2025-08-30 01:42:55,Cancelled,Cash,3942.46
2155,288,16,2025-10-01 01:27:24,Cancelled,Net Banking,776.08
2156,825,39,2026-04-10 09:15:58,Cancelled,Cash,2609.13
2157,674,87,2025-06-12 16:34:09,Returned,Cash,3811.67
2158,778,85,2025-01-16 11:15:00,Returned,UPI,4982.78
2159,630,38,2026-05-10 16:22:52,Pending,Credit Card,4276.85
2160,328,19,2024-12-15 13:37:28,Completed,Debit Card,4025.92
2161,451,23,2025-12-08 01:49:26,Completed,Credit Card,770.66
2162,761,2,2025-08-23 02:44:31,Completed,Cash,4568.12
2163,940,36,2024-08-26 19:24:10,Completed,Credit Card,498.32
2164,74,28,2025-09-15 21:37:23,Returned,Net Banking,3840.72
2165,803,72,2025-08-29 12:46:49,Pending,Credit Card,2845.51
2166,854,70,2025-12-02 12:55:20,Cancelled,Cash,1951.35
2167,546,32,2025-02-07 21:59:15,Cancelled,Credit Card,122.95
2168,374,91,2025-11-25 05:40:12,Pending,Credit Card,4206.56
2169,650,44,2024-10-25 22:40:37,Cancelled,Cash,3230.93
2170,387,10,2025-07-04 00:05:43,Returned,Cash,3478.63
2171,501,81,2025-09-02 11:03:37,Completed,Net Banking,4260.69
2172,499,10,2025-02-05 01:00:55,Pending,Credit Card,2621.63
2173,474,69,2024-06-13 08:20:05,Completed,Debit Card,1432.49
2174,188,49,2025-09-27 19:18:16,Completed,Debit Card,2235.21
2175,645,79,2026-03-08 21:51:49,Cancelled,Cash,4506.29
2176,448,9,2026-03-06 00:56:50,Pending,Net Banking,2906.7
2177,289,35,2026-03-07 03:58:47,Completed,Debit Card,3790.97
2178,196,65,2025-02-02 22:10:59,Completed,Net Banking,1508.59
2179,96,81,2025-07-27 10:04:59,Completed,Cash,4146.4
2180,653,8,2025-12-20 08:21:30,Completed,Debit Card,2222.93
2181,375,36,2025-10-23 05:23:41,Pending,Net Banking,4640.45
2182,122,42,2025-08-31 20:34:27,Returned,Cash,3096.81
2183,606,88,2026-05-02 05:13:25,Completed,Net Banking,1905.36
2184,377,8,2025-01-06 23:27:23,Pending,Debit Card,1056.1
2185,834,81,2026-02-03 10:22:37,Cancelled,Cash,1601.18
2186,153,57,2026-02-08 02:47:47,Completed,Debit Card,3955.07
2187,91,64,2025-01-27 05:32:32,Returned,Credit Card,1987.25
2188,176,56,2026-04-11 06:37:35,Returned,Debit Card,3424.54
2189,133,87,2025-05-27 09:30:40,Returned,Net Banking,334.73
2190,883,42,2025-03-20 22:59:31,Pending,Debit Card,1810.83
2191,190,3,2026-04-01 18:53:54,Completed,UPI,1839.69
2192,297,51,2025-09-03 02:25:17,Returned,Debit Card,1072.78
2193,15,4,2026-02-11 11:39:07,Pending,Credit Card,22.69
2194,767,72,2025-05-10 15:05:37,Pending,Cash,4133.99
2195,564,90,2025-11-15 00:29:35,Completed,UPI,4835.37
2196,871,66,2025-10-07 22:39:09,Returned,Credit Card,2870.44
2197,489,95,2024-05-31 11:36:04,Returned,Net Banking,4236.87
2198,511,21,2026-04-11 09:20:15,Pending,UPI,1344.19
2199,790,27,2024-12-18 07:33:45,Cancelled,Credit Card,3990.15
2200,639,52,2025-03-29 08:50:43,Returned,Cash,4864.76
2201,613,26,2024-07-12 22:24:59,Returned,UPI,3780.38
2202,322,1,2025-01-07 00:45:25,Pending,Cash,851.34
2203,843,46,2025-04-28 03:37:14,Cancelled,Net Banking,572.87
2204,463,31,2025-03-24 08:25:11,Pending,Credit Card,2648.76
2205,590,84,2024-09-14 03:20:37,Pending,Net Banking,963.66
2206,525,18,2026-04-09 05:54:47,Cancelled,Debit Card,583.26
2207,300,94,2026-02-09 10:19:59,Cancelled,Net Banking,1425.15
2208,363,15,2026-04-17 10:54:41,Cancelled,Cash,4004.35
2209,72,68,2026-01-16 15:28:32,Cancelled,Debit Card,384.97
2210,626,7,2025-02-17 08:12:00,Pending,Net Banking,4924.0
2211,304,47,2024-07-04 18:48:51,Pending,UPI,2719.06
2212,499,55,2025-07-18 14:31:31,Pending,Net Banking,4384.24
2213,811,63,2024-07-02 17:55:05,Cancelled,UPI,3473.45
2214,8,76,2025-10-18 23:45:39,Completed,Debit Card,2749.46
2215,496,91,2025-09-05 21:20:57,Returned,Cash,1100.23
2216,614,17,2024-08-17 11:29:01,Pending,UPI,2389.83
2217,84,83,2025-06-19 06:51:17,Pending,Credit Card,2840.72
2218,290,97,2026-02-05 23:22:41,Returned,Debit Card,1687.78
2219,441,67,2025-02-08 18:19:55,Pending,Cash,4400.15
2220,662,33,2024-08-23 19:22:04,Pending,UPI,1563.3
2221,529,24,2025-12-04 01:23:39,Pending,Cash,4967.17
2222,213,100,2024-12-31 23:52:59,Pending,Debit Card,450.33
2223,365,58,2025-12-14 13:35:08,Pending,Credit Card,4760.51
2224,169,21,2025-09-27 07:04:42,Pending,Net Banking,3621.7
2225,883,51,2025-05-31 15:45:16,Cancelled,Cash,1737.48
2226,827,24,2024-08-08 03:42:01,Pending,Debit Card,4261.11
2227,139,57,2024-08-11 01:46:58,Returned,Net Banking,3335.86
2228,178,97,2024-09-17 07:32:55,Pending,Net Banking,3906.14
2229,83,31,2025-03-17 20:55:44,Pending,UPI,2267.4
2230,120,88,2025-12-14 03:21:45,Pending,Net Banking,2413.49
2231,522,74,2024-06-20 05:00:02,Returned,Debit Card,2612.0
2232,812,30,2026-01-11 11:55:27,Completed,Credit Card,3608.22
2233,578,41,2025-04-28 16:43:16,Returned,Debit Card,87.5
2234,491,88,2024-11-22 14:37:11,Completed,Cash,2501.82
2235,733,21,2026-05-05 14:00:07,Returned,Credit Card,2397.09
2236,393,46,2025-05-30 10:28:11,Completed,Debit Card,1221.38
2237,815,47,2025-03-22 08:41:13,Pending,Debit Card,4340.7
2238,170,67,2026-04-01 14:56:28,Pending,Debit Card,4330.21
2239,956,57,2024-12-13 14:03:14,Cancelled,UPI,3696.6
2240,806,89,2024-06-29 09:45:57,Pending,Debit Card,2868.3
2241,499,27,2025-09-29 01:24:47,Cancelled,Net Banking,2822.88
2242,678,68,2025-12-26 05:37:19,Returned,Cash,3028.74
2243,517,22,2026-02-01 19:34:58,Completed,Credit Card,4201.83
2244,279,26,2025-02-22 21:35:10,Cancelled,UPI,122.7
2245,85,22,2025-12-01 11:51:22,Pending,Cash,4428.14
2246,73,18,2025-12-14 00:46:08,Returned,Cash,1181.79
2247,955,67,2025-11-19 09:17:16,Pending,Credit Card,2581.34
2248,256,67,2026-04-09 15:56:47,Returned,Credit Card,1721.94
2249,414,55,2025-10-27 10:39:56,Returned,Debit Card,3074.67
2250,333,14,2025-07-27 22:39:55,Returned,Credit Card,855.89
2251,705,89,2025-12-08 06:39:32,Returned,UPI,4502.61
2252,117,44,2025-06-06 01:30:47,Returned,Net Banking,758.4
2253,460,56,2025-03-05 11:37:43,Returned,Credit Card,436.1
2254,35,78,2026-05-16 12:33:09,Returned,Net Banking,4696.2
2255,522,9,2024-05-29 18:50:53,Completed,Credit Card,3728.23
2256,511,60,2024-07-17 20:21:32,Completed,UPI,640.99
2257,321,19,2025-11-27 06:34:40,Pending,Credit Card,1207.6
2258,314,45,2025-04-19 16:55:35,Completed,Net Banking,2100.13
2259,947,50,2025-07-28 00:36:11,Returned,Net Banking,3116.44
2260,658,45,2025-09-20 10:39:47,Completed,Debit Card,4845.26
2261,637,13,2024-11-07 06:48:38,Pending,Credit Card,199.42
2262,888,72,2025-10-22 19:10:09,Cancelled,Cash,2944.92
2263,230,55,2026-05-05 05:22:37,Cancelled,Credit Card,234.92
2264,776,46,2024-12-26 09:43:21,Cancelled,Credit Card,3515.8
2265,324,13,2026-01-24 15:55:09,Completed,Net Banking,4843.57
2266,88,4,2025-01-26 10:17:14,Cancelled,UPI,1519.03
2267,820,56,2026-01-22 11:40:46,Completed,Cash,943.3
2268,892,89,2026-05-07 11:19:10,Cancelled,UPI,2653.48
2269,141,25,2025-12-10 08:06:26,Returned,Credit Card,1202.4
2270,426,78,2024-06-08 23:02:10,Returned,Net Banking,890.68
2271,496,43,2025-07-21 05:37:22,Pending,Cash,2723.57
2272,910,67,2025-03-13 15:24:28,Completed,Cash,2054.53
2273,384,71,2024-07-05 17:03:29,Returned,Credit Card,1291.61
2274,746,92,2026-02-11 05:44:24,Completed,UPI,3805.33
2275,133,84,2025-10-24 06:37:06,Completed,Credit Card,1151.15
2276,104,37,2025-09-16 14:14:27,Cancelled,Credit Card,1921.57
2277,638,71,2026-05-19 07:26:50,Cancelled,Debit Card,2147.01
2278,727,50,2024-10-12 17:42:45,Cancelled,Debit Card,1875.99
2279,672,94,2024-08-20 08:09:07,Cancelled,Cash,1781.42
2280,986,24,2024-12-04 15:42:51,Returned,Net Banking,2601.9
2281,280,46,2024-11-21 07:02:25,Completed,Net Banking,2622.42
2282,125,79,2026-04-13 17:37:14,Cancelled,Cash,4110.69
2283,953,54,2025-01-08 02:03:27,Pending,Net Banking,893.54
2284,293,95,2024-12-18 01:31:48,Completed,Debit Card,912.94
2285,620,95,2025-02-23 12:28:36,Pending,Net Banking,1649.03
2286,151,28,2026-01-30 23:47:59,Cancelled,Credit Card,4447.39
2287,413,12,2024-07-29 12:54:31,Pending,Debit Card,1430.72
2288,834,5,2025-11-05 23:50:19,Cancelled,UPI,3820.88
2289,434,15,2025-03-01 13:01:46,Returned,UPI,645.19
2290,763,84,2024-06-22 01:56:40,Pending,Debit Card,3357.26
2291,742,45,2026-02-11 01:36:33,Pending,Debit Card,1999.95
2292,355,63,2025-05-08 17:54:49,Cancelled,Cash,3461.36
2293,809,87,2025-12-25 09:31:09,Completed,UPI,4986.26
2294,795,57,2024-09-23 23:02:50,Pending,Cash,2961.79
2295,953,87,2026-04-08 18:17:09,Cancelled,UPI,1636.47
2296,106,88,2025-11-12 12:53:46,Cancelled,UPI,1370.68
2297,481,11,2026-04-02 19:06:43,Completed,Debit Card,385.15
2298,211,73,2025-07-12 12:32:17,Returned,Credit Card,1244.85
2299,327,49,2025-05-31 04:25:34,Returned,UPI,2729.19
2300,668,69,2025-04-16 20:51:33,Pending,UPI,4389.8
2301,727,22,2026-02-21 06:48:20,Pending,Debit Card,4976.39
2302,609,40,2024-08-17 07:48:17,Cancelled,Net Banking,2075.01
2303,30,38,2025-11-15 13:59:33,Returned,Debit Card,2091.24
2304,881,15,2025-10-21 06:58:57,Pending,Net Banking,1050.82
2305,878,55,2024-12-04 13:41:35,Pending,Debit Card,2765.34
2306,420,4,2026-04-06 07:31:37,Returned,Cash,3199.14
2307,182,36,2025-04-16 07:42:19,Pending,Credit Card,3253.93
2308,450,99,2025-07-30 15:47:13,Pending,Cash,413.4
2309,976,78,2026-01-27 06:39:24,Returned,Credit Card,988.11
2310,962,83,2025-08-03 16:09:56,Pending,Debit Card,3933.02
2311,143,19,2025-04-18 21:11:59,Completed,Cash,4895.27
2312,532,81,2024-07-18 15:39:34,Completed,Credit Card,977.1
2313,687,61,2025-01-30 10:31:43,Returned,Net Banking,3921.61
2314,697,21,2025-03-20 00:35:17,Completed,Net Banking,424.26
2315,477,85,2025-04-08 08:25:24,Cancelled,Net Banking,1409.88
2316,565,28,2025-09-14 02:28:08,Completed,Debit Card,3321.47
2317,914,83,2026-04-12 09:12:21,Returned,Net Banking,392.27
2318,622,27,2025-06-10 14:15:13,Completed,UPI,1186.07
2319,813,26,2025-08-11 11:31:47,Cancelled,Cash,1813.82
2320,804,12,2026-04-19 07:21:32,Pending,Debit Card,4426.63
2321,741,35,2024-09-29 01:37:19,Pending,Debit Card,1893.45
2322,62,86,2024-11-11 12:05:32,Completed,Cash,4848.22
2323,829,56,2026-03-13 19:25:21,Cancelled,Net Banking,2546.79
2324,198,1,2026-01-01 12:01:48,Pending,Debit Card,3512.0
2325,791,5,2024-06-01 08:09:44,Completed,Cash,729.54
2326,693,9,2025-02-07 23:12:28,Pending,Net Banking,4696.07
2327,769,31,2024-11-29 23:26:36,Cancelled,Cash,4348.43
2328,907,5,2025-02-08 01:02:06,Cancelled,Cash,4674.81
2329,651,69,2025-10-04 20:00:09,Pending,Cash,4744.68
2330,635,89,2024-06-29 11:42:51,Cancelled,Cash,1889.73
2331,388,15,2026-03-11 02:07:59,Pending,Debit Card,3203.57
2332,427,54,2025-04-23 19:13:50,Returned,Cash,723.55
2333,933,43,2025-09-13 00:11:02,Cancelled,Net Banking,2922.86
2334,563,8,2025-11-23 12:40:20,Completed,Credit Card,1053.82
2335,128,45,2024-11-04 08:29:48,Returned,Credit Card,149.15
2336,328,70,2025-09-08 21:57:07,Returned,Debit Card,3033.73
2337,888,87,2025-07-31 02:19:23,Cancelled,Debit Card,667.89
2338,676,78,2026-01-16 14:08:50,Pending,Credit Card,1324.24
2339,915,70,2024-10-08 01:39:35,Returned,Credit Card,434.19
2340,32,26,2025-08-13 19:24:42,Completed,Credit Card,1082.39
2341,309,6,2025-06-29 03:37:13,Pending,UPI,2970.97
2342,970,14,2024-07-24 02:37:43,Pending,UPI,3039.94
2343,942,91,2024-11-08 05:23:19,Returned,Debit Card,3747.7
2344,126,92,2024-07-21 12:39:50,Cancelled,UPI,2023.25
2345,415,67,2025-06-07 00:31:26,Returned,Debit Card,3776.58
2346,484,23,2026-04-21 06:59:55,Cancelled,Cash,3735.76
2347,281,73,2025-01-29 00:55:57,Pending,Credit Card,1536.07
2348,78,79,2026-02-24 05:33:53,Completed,Credit Card,3002.07
2349,522,90,2025-10-23 03:36:11,Returned,Net Banking,2045.8
2350,642,94,2024-10-15 02:45:14,Returned,Debit Card,2065.24
2351,131,3,2025-01-04 15:20:22,Completed,Debit Card,1221.75
2352,975,37,2025-06-03 11:44:08,Returned,Credit Card,4401.73
2353,411,99,2025-12-02 12:08:57,Returned,UPI,3682.13
2354,745,69,2026-04-01 06:36:10,Pending,UPI,2769.43
2355,822,96,2024-07-20 15:34:09,Returned,Cash,3126.64
2356,629,22,2026-04-02 21:07:05,Pending,Net Banking,2523.73
2357,854,5,2024-09-10 15:52:19,Cancelled,UPI,54.16
2358,660,21,2026-04-10 07:20:48,Cancelled,Debit Card,3967.64
2359,451,30,2024-11-13 10:53:05,Returned,Net Banking,323.04
2360,514,63,2024-11-29 09:26:36,Returned,Cash,3921.79
2361,951,86,2025-10-29 11:26:12,Completed,Debit Card,3156.84
2362,403,8,2024-11-21 06:45:47,Pending,Cash,4973.01
2363,114,34,2026-05-07 00:28:47,Cancelled,Net Banking,59.7
2364,383,70,2024-07-16 20:03:56,Completed,Credit Card,2593.55
2365,38,3,2025-01-26 19:52:28,Cancelled,Net Banking,924.39
2366,17,85,2026-03-04 11:08:33,Returned,Net Banking,292.99
2367,723,62,2025-05-01 18:25:32,Completed,UPI,198.55
2368,369,53,2024-11-11 10:54:57,Returned,Debit Card,4973.96
2369,78,52,2026-03-28 15:53:50,Returned,Cash,4677.22
2370,195,53,2026-03-25 16:40:52,Completed,Cash,3071.28
2371,127,8,2025-01-15 04:49:33,Cancelled,Cash,2574.69
2372,311,59,2026-05-22 04:52:47,Completed,Credit Card,2279.51
2373,440,51,2025-05-14 23:59:05,Pending,UPI,500.78
2374,530,96,2025-09-28 00:58:12,Cancelled,Net Banking,155.49
2375,267,18,2026-03-23 02:42:00,Pending,Debit Card,2941.45
2376,404,66,2025-11-22 18:44:36,Returned,Net Banking,1440.56
2377,166,95,2026-01-10 19:07:35,Returned,Cash,299.33
2378,60,76,2025-04-04 21:00:52,Returned,Debit Card,1390.82
2379,43,16,2025-09-15 18:40:46,Pending,Cash,1318.63
2380,581,52,2024-11-12 09:41:54,Pending,Cash,3198.03
2381,966,21,2025-02-08 04:03:44,Cancelled,Debit Card,1256.19
2382,682,99,2024-08-30 05:12:17,Cancelled,Net Banking,4112.96
2383,517,88,2025-06-02 19:17:17,Pending,Net Banking,3112.25
2384,615,22,2024-07-15 03:03:43,Cancelled,UPI,760.31
2385,157,35,2024-08-24 20:17:13,Pending,Net Banking,3106.13
2386,601,45,2025-10-07 03:32:49,Pending,Net Banking,4108.35
2387,445,59,2025-12-27 18:18:59,Cancelled,Net Banking,2511.97
2388,224,47,2024-06-06 13:13:26,Returned,Credit Card,1884.71
2389,929,48,2026-02-11 12:31:44,Pending,Net Banking,3209.85
2390,7,51,2024-10-07 19:58:05,Pending,Net Banking,565.61
2391,215,72,2025-01-23 10:33:52,Returned,Cash,709.1
2392,972,50,2025-12-14 22:48:10,Completed,Credit Card,4621.6
2393,428,32,2026-04-26 14:40:55,Cancelled,UPI,2543.17
2394,293,19,2026-05-24 07:01:54,Returned,Credit Card,4223.61
2395,98,12,2024-12-22 06:09:19,Completed,Debit Card,1731.15
2396,884,13,2025-02-17 04:52:35,Returned,UPI,3825.65
2397,148,96,2024-09-01 13:47:32,Returned,Cash,2297.26
2398,951,100,2025-07-31 01:14:08,Completed,Debit Card,3582.87
2399,527,69,2025-02-20 05:04:24,Pending,Net Banking,1065.16
2400,16,34,2025-09-27 21:51:58,Cancelled,Debit Card,2744.22
2401,757,86,2024-06-17 09:43:26,Returned,Net Banking,2831.44
2402,249,53,2025-05-08 22:43:04,Completed,Cash,4247.01
2403,785,15,2024-07-30 05:53:42,Cancelled,Cash,4191.64
2404,303,54,2025-08-16 23:56:29,Completed,Debit Card,563.55
2405,975,87,2025-03-02 03:41:07,Pending,Cash,3051.99
2406,389,9,2025-12-12 14:58:37,Pending,Cash,2923.46
2407,377,14,2026-05-03 05:15:49,Completed,UPI,3651.32
2408,59,14,2026-04-29 01:16:14,Returned,Net Banking,3764.58
2409,768,48,2026-04-22 08:25:14,Pending,Debit Card,911.86
2410,189,84,2025-10-27 14:24:20,Cancelled,Debit Card,4685.1
2411,902,29,2025-01-19 03:00:01,Pending,UPI,2080.23
2412,495,8,2026-05-18 01:33:49,Cancelled,UPI,1322.45
2413,411,95,2024-12-14 22:38:08,Pending,Cash,1600.96
2414,912,71,2025-08-26 16:59:31,Completed,Debit Card,1161.68
2415,991,35,2024-11-12 21:02:55,Returned,Debit Card,130.65
2416,250,56,2024-06-04 07:10:29,Cancelled,Net Banking,4742.32
2417,677,19,2025-03-30 13:17:54,Returned,Net Banking,4571.24
2418,562,25,2026-05-12 16:01:00,Pending,UPI,3207.47
2419,144,52,2026-04-04 15:00:14,Completed,Credit Card,4401.03
2420,757,41,2025-05-12 01:06:00,Cancelled,Net Banking,269.02
2421,708,99,2025-06-13 01:26:43,Cancelled,Credit Card,1967.13
2422,910,51,2024-07-27 09:25:41,Returned,Debit Card,958.13
2423,191,42,2025-12-15 18:32:02,Cancelled,Debit Card,1668.03
2424,132,68,2025-12-08 09:26:04,Pending,Cash,1746.78
2425,732,59,2025-11-14 10:29:47,Completed,Cash,4287.33
2426,4,89,2025-12-27 11:20:39,Completed,Credit Card,4725.88
2427,959,1,2024-07-19 09:07:31,Cancelled,UPI,2852.95
2428,708,33,2026-01-26 04:25:34,Completed,Net Banking,4814.34
2429,840,41,2024-08-01 13:13:44,Cancelled,UPI,438.15
2430,408,78,2026-01-25 14:05:20,Completed,Credit Card,2904.57
2431,43,16,2024-11-16 06:04:40,Cancelled,Credit Card,1937.43
2432,885,64,2025-11-20 11:38:39,Cancelled,Debit Card,4431.07
2433,165,59,2026-02-11 14:45:51,Returned,UPI,1481.09
2434,903,4,2025-09-12 03:18:08,Pending,Cash,4086.16
2435,550,83,2026-04-11 22:30:16,Returned,Net Banking,4159.98
2436,984,3,2024-11-08 00:58:03,Returned,Cash,2479.17
2437,456,32,2025-02-02 13:51:01,Pending,Debit Card,3850.07
2438,243,20,2025-02-16 18:02:58,Returned,Net Banking,4078.39
2439,132,93,2025-01-22 10:28:24,Returned,Net Banking,4212.92
2440,74,76,2024-06-05 17:38:40,Cancelled,Cash,3938.08
2441,29,86,2025-12-01 23:16:07,Cancelled,Credit Card,1794.65
2442,707,22,2024-05-29 12:58:34,Pending,UPI,4103.1
2443,567,61,2024-07-29 04:34:15,Pending,Debit Card,1150.57
2444,888,33,2025-11-16 17:29:22,Returned,Debit Card,3567.78
2445,500,82,2025-01-08 04:19:15,Returned,Credit Card,2417.61
2446,125,48,2026-01-07 09:45:12,Completed,Debit Card,3454.41
2447,484,84,2025-02-11 17:07:30,Returned,Debit Card,2843.65
2448,487,64,2025-12-05 16:57:14,Pending,Credit Card,2159.03
2449,675,86,2024-08-24 18:44:23,Returned,Debit Card,3818.31
2450,24,62,2025-01-03 12:31:31,Cancelled,Net Banking,4778.88
2451,607,23,2026-01-13 04:46:00,Completed,Debit Card,1639.48
2452,316,17,2025-02-17 09:57:01,Pending,Debit Card,301.07
2453,9,65,2025-08-14 21:55:57,Pending,Cash,4219.43
2454,708,42,2025-10-09 14:39:03,Returned,Credit Card,584.96
2455,561,49,2025-07-18 03:10:59,Returned,Cash,4123.17
2456,388,56,2025-09-14 09:18:57,Pending,Credit Card,2044.29
2457,226,59,2025-12-09 04:53:44,Pending,Debit Card,2845.82
2458,663,89,2024-06-09 00:52:24,Cancelled,Debit Card,2233.28
2459,667,25,2025-07-12 19:21:49,Cancelled,Debit Card,1853.54
2460,348,92,2026-02-08 12:23:50,Cancelled,Credit Card,2903.29
2461,808,37,2026-05-24 21:19:14,Cancelled,UPI,2404.54
2462,399,62,2024-10-31 15:00:43,Pending,Cash,3051.4
2463,657,34,2024-08-24 10:12:57,Pending,Cash,1012.97
2464,337,66,2026-01-19 01:32:00,Returned,Net Banking,3914.57
2465,256,53,2025-11-04 20:42:04,Cancelled,UPI,2068.5
2466,533,37,2025-06-20 19:36:25,Completed,Credit Card,3744.15
2467,193,79,2025-11-14 03:09:15,Returned,Cash,3646.79
2468,985,58,2025-08-15 09:28:12,Completed,Net Banking,3529.46
2469,14,56,2025-06-13 08:37:32,Completed,Credit Card,915.67
2470,407,83,2024-11-01 11:14:33,Pending,Cash,517.64
2471,234,100,2026-02-20 01:59:52,Returned,Cash,2033.84
2472,458,97,2025-08-14 12:06:40,Pending,Credit Card,786.0
2473,34,29,2024-10-25 16:50:58,Returned,Credit Card,4010.48
2474,247,7,2024-09-01 02:45:56,Pending,UPI,2119.2
2475,974,31,2025-08-09 23:34:59,Returned,Net Banking,67.58
2476,966,91,2024-07-01 15:07:20,Cancelled,UPI,4170.04
2477,143,34,2024-12-14 04:46:46,Cancelled,Cash,445.82
2478,368,61,2024-06-23 19:32:59,Completed,Credit Card,3710.7
2479,599,1,2024-10-10 09:03:52,Pending,Net Banking,1038.04
2480,815,23,2025-08-17 16:17:51,Cancelled,UPI,1330.32
2481,996,86,2025-08-14 02:16:05,Returned,Cash,400.41
2482,68,68,2024-11-26 11:35:25,Returned,Cash,997.15
2483,703,45,2024-10-21 03:07:42,Cancelled,Net Banking,2776.05
2484,406,65,2025-12-18 04:24:44,Returned,Cash,1660.8
2485,965,28,2026-05-07 10:08:19,Completed,UPI,1834.76
2486,800,61,2024-11-22 14:15:33,Pending,Net Banking,311.36
2487,548,48,2025-11-19 10:48:46,Completed,Cash,1756.52
2488,451,36,2025-10-15 12:39:40,Completed,Debit Card,3318.75
2489,829,9,2025-11-07 23:25:46,Returned,Cash,2762.58
2490,211,2,2026-01-04 05:36:46,Completed,UPI,284.7
2491,532,84,2025-11-02 17:20:05,Completed,Net Banking,3470.61
2492,132,45,2025-08-26 19:33:07,Pending,Cash,1085.2
2493,89,30,2025-06-06 09:06:10,Completed,Net Banking,4667.97
2494,563,36,2024-11-23 10:38:02,Cancelled,UPI,300.7
2495,165,90,2025-08-25 17:09:42,Returned,Net Banking,1741.47
2496,411,13,2025-06-01 12:48:06,Pending,Credit Card,3512.99
2497,657,62,2026-03-21 19:27:07,Cancelled,Credit Card,4681.8
2498,529,36,2026-03-28 02:05:49,Completed,Credit Card,2324.46
2499,48,21,2026-02-23 15:00:46,Pending,UPI,988.22
2500,818,12,2026-02-14 00:04:06,Returned,Debit Card,3842.89
2501,980,1,2025-06-07 11:05:20,Returned,Net Banking,4043.22
2502,629,59,2026-02-12 05:42:11,Completed,Credit Card,4880.04
2503,983,43,2026-04-17 14:40:08,Returned,Credit Card,2787.03
2504,559,80,2024-07-17 05:42:42,Pending,Debit Card,3495.28
2505,811,29,2024-06-02 23:59:23,Cancelled,Net Banking,1987.4
2506,157,76,2024-06-08 04:42:54,Completed,Cash,3591.89
2507,495,69,2026-01-14 17:57:29,Pending,Credit Card,800.75
2508,558,89,2025-12-15 10:45:23,Returned,Net Banking,607.2
2509,425,93,2024-10-22 13:18:43,Cancelled,UPI,622.86
2510,196,84,2025-10-02 04:05:12,Returned,Cash,2593.9
2511,666,41,2025-10-15 20:38:45,Completed,Debit Card,4519.39
2512,327,14,2025-06-19 17:43:58,Pending,Debit Card,2463.44
2513,980,99,2026-03-01 11:08:47,Cancelled,Debit Card,4396.29
2514,434,40,2026-02-24 23:10:22,Pending,Credit Card,285.96
2515,47,27,2024-10-19 10:39:02,Pending,Debit Card,1787.16
2516,684,46,2025-06-03 16:22:53,Pending,Net Banking,4532.54
2517,685,27,2025-01-09 23:31:48,Cancelled,Credit Card,3190.31
2518,296,24,2025-12-20 02:44:02,Cancelled,Cash,4567.26
2519,707,10,2026-01-28 02:18:26,Completed,UPI,574.18
2520,807,73,2024-08-16 21:58:08,Pending,Cash,1627.66
2521,225,44,2026-02-16 08:09:08,Cancelled,Cash,3016.89
2522,7,37,2025-12-13 15:04:15,Completed,Net Banking,2304.46
2523,883,9,2025-01-12 04:51:31,Completed,Net Banking,2552.06
2524,207,28,2025-05-29 03:43:21,Cancelled,UPI,3886.52
2525,66,62,2025-04-08 17:16:50,Cancelled,Cash,4675.05
2526,164,55,2025-02-27 17:53:44,Completed,Cash,339.91
2527,344,75,2026-02-26 19:07:48,Cancelled,UPI,327.66
2528,601,100,2024-11-11 21:06:48,Completed,Net Banking,469.57
2529,992,73,2025-04-10 17:19:09,Pending,UPI,3992.03
2530,164,35,2024-06-01 18:33:28,Returned,Debit Card,2700.53
2531,19,18,2025-02-20 06:14:00,Returned,Cash,4674.18
2532,541,59,2026-05-08 19:51:14,Completed,Net Banking,4222.74
2533,574,76,2025-07-20 12:07:36,Cancelled,Cash,3348.76
2534,832,43,2025-04-14 14:50:02,Pending,Cash,3650.59
2535,983,25,2026-04-20 18:27:46,Completed,UPI,1061.57
2536,992,48,2025-06-23 06:21:59,Returned,UPI,2689.57
2537,116,47,2025-10-08 15:32:09,Completed,Credit Card,1761.69
2538,411,70,2025-08-19 19:20:52,Pending,Net Banking,1764.17
2539,282,33,2025-10-25 23:01:22,Pending,Net Banking,1536.31
2540,198,58,2026-04-27 11:39:04,Cancelled,UPI,1174.43
2541,790,83,2025-09-14 20:06:33,Cancelled,Debit Card,4536.41
2542,612,79,2024-09-26 17:20:06,Completed,Credit Card,3966.93
2543,418,71,2026-03-08 04:48:23,Completed,Credit Card,3395.38
2544,293,83,2024-08-04 06:53:32,Cancelled,Net Banking,326.89
2545,965,48,2025-03-07 09:25:13,Returned,Debit Card,4906.58
2546,849,5,2024-12-01 01:32:22,Pending,Net Banking,2397.04
2547,182,61,2025-11-03 04:16:49,Cancelled,Cash,2244.24
2548,302,31,2024-07-03 01:25:37,Cancelled,Debit Card,305.79
2549,833,66,2026-03-10 08:00:18,Pending,Net Banking,781.31
2550,640,51,2024-09-07 15:51:07,Completed,Net Banking,3826.08
2551,667,85,2024-10-08 11:03:17,Returned,Cash,2315.33
2552,399,10,2025-10-18 00:38:30,Completed,Debit Card,971.85
2553,919,4,2025-10-16 10:53:26,Pending,Credit Card,230.96
2554,28,98,2025-06-30 23:53:04,Cancelled,Cash,4489.52
2555,844,28,2025-08-18 02:26:19,Pending,Credit Card,3522.7
2556,926,10,2024-09-03 10:53:48,Cancelled,Debit Card,4130.08
2557,22,94,2025-05-06 14:40:10,Completed,Cash,2002.28
2558,602,71,2025-08-26 04:38:06,Returned,Cash,4841.24
2559,928,43,2025-10-30 19:27:06,Returned,Net Banking,3352.57
2560,733,30,2025-07-01 06:48:36,Cancelled,Net Banking,4812.69
2561,925,45,2025-03-11 13:30:34,Pending,UPI,1786.33
2562,171,92,2025-04-15 10:39:13,Cancelled,Credit Card,4043.37
2563,546,19,2025-10-03 05:29:44,Cancelled,Cash,3331.62
2564,855,35,2024-10-04 15:44:13,Pending,Net Banking,423.45
2565,265,100,2026-02-27 12:56:19,Cancelled,Cash,2761.92
2566,522,34,2026-02-09 01:46:52,Returned,Credit Card,1693.76
2567,797,48,2024-08-23 00:10:40,Completed,Credit Card,3826.17
2568,824,22,2025-11-17 09:25:58,Cancelled,UPI,159.98
2569,844,49,2024-10-02 01:59:19,Completed,Credit Card,2126.81
2570,577,51,2025-08-01 13:19:32,Cancelled,UPI,1217.57
2571,336,46,2025-02-13 09:00:12,Returned,Credit Card,4048.24
2572,578,21,2025-09-29 00:42:40,Completed,UPI,4226.52
2573,45,45,2025-02-01 21:26:23,Completed,Credit Card,4642.78
2574,436,92,2025-09-05 12:11:51,Completed,Debit Card,1596.96
2575,957,68,2026-01-26 01:07:17,Completed,UPI,4965.1
2576,812,71,2026-01-02 21:41:13,Pending,Net Banking,3005.89
2577,700,94,2025-08-10 20:57:35,Pending,UPI,3084.79
2578,720,3,2025-11-08 19:23:42,Cancelled,UPI,3191.82
2579,177,41,2025-05-25 12:37:07,Pending,Debit Card,2032.17
2580,274,52,2026-01-10 16:15:10,Returned,UPI,816.23
2581,751,93,2024-06-01 13:35:33,Returned,Credit Card,2162.59
2582,86,84,2025-01-31 05:25:16,Cancelled,UPI,3434.55
2583,74,14,2025-08-11 01:54:46,Cancelled,Cash,2540.75
2584,726,8,2026-04-15 08:48:39,Pending,Debit Card,45.87
2585,664,52,2026-03-31 17:39:34,Completed,UPI,687.89
2586,850,83,2025-05-11 21:55:01,Completed,Cash,3000.49
2587,244,16,2025-01-20 13:13:42,Completed,UPI,4170.57
2588,416,73,2026-03-07 03:59:38,Returned,Credit Card,4563.74
2589,689,23,2025-05-29 02:23:47,Returned,Debit Card,4286.99
2590,87,77,2025-06-21 08:59:47,Cancelled,Debit Card,3341.86
2591,77,90,2026-05-02 02:37:58,Completed,Net Banking,1184.21
2592,330,95,2026-03-15 13:08:59,Completed,Net Banking,1539.56
2593,264,97,2024-10-07 07:04:21,Completed,Net Banking,784.75
2594,187,6,2025-07-06 12:05:13,Cancelled,Debit Card,1169.76
2595,505,37,2026-03-02 17:30:15,Returned,Credit Card,2508.27
2596,914,54,2025-02-27 04:01:17,Completed,UPI,498.47
2597,380,37,2025-02-24 22:42:24,Pending,Credit Card,1157.54
2598,426,88,2024-12-31 13:40:08,Cancelled,Cash,3947.29
2599,211,71,2025-01-17 02:01:09,Completed,Debit Card,1690.56
2600,67,14,2026-02-20 10:35:07,Pending,Cash,3354.92
2601,380,79,2025-11-28 09:44:00,Completed,Debit Card,1903.69
2602,897,48,2025-11-03 16:13:50,Completed,Credit Card,3054.54
2603,500,93,2025-05-24 12:47:47,Returned,Credit Card,4011.96
2604,446,9,2025-01-31 06:15:38,Cancelled,Debit Card,1021.66
2605,982,56,2026-05-15 06:07:07,Returned,Debit Card,3199.74
2606,594,46,2024-10-01 04:14:02,Pending,Cash,2681.24
2607,780,98,2026-03-06 11:23:55,Returned,Debit Card,3639.13
2608,385,97,2026-01-03 04:36:23,Completed,Net Banking,1618.28
2609,931,75,2024-08-05 03:18:05,Pending,Cash,2885.54
2610,249,6,2025-06-07 04:55:08,Returned,Credit Card,861.08
2611,868,41,2026-05-11 10:00:54,Pending,Cash,315.89
2612,945,87,2025-10-14 08:41:49,Completed,Net Banking,3064.61
2613,110,61,2025-08-11 13:17:45,Completed,Cash,4750.5
2614,971,24,2025-01-24 09:43:29,Cancelled,UPI,3120.42
2615,576,99,2025-02-03 07:10:43,Completed,Cash,3134.97
2616,631,23,2024-06-08 09:28:16,Pending,Net Banking,1804.3
2617,827,82,2024-07-25 00:24:48,Completed,UPI,112.64
2618,730,49,2024-05-28 22:21:13,Pending,UPI,2536.94
2619,349,86,2024-10-19 23:51:00,Cancelled,Cash,3334.72
2620,253,40,2024-10-05 07:04:58,Pending,UPI,173.87
2621,903,49,2025-05-29 23:51:05,Completed,UPI,1810.05
2622,283,30,2024-07-28 03:26:00,Pending,Debit Card,4308.46
2623,146,95,2024-11-17 22:33:30,Completed,UPI,264.07
2624,753,17,2024-11-05 05:52:37,Pending,Credit Card,4861.28
2625,766,92,2024-09-22 05:04:04,Cancelled,Credit Card,429.58
2626,696,80,2026-01-24 07:19:15,Returned,Credit Card,4093.7
2627,68,97,2024-10-21 04:50:23,Pending,Net Banking,3863.43
2628,228,54,2025-05-20 01:06:41,Returned,UPI,396.28
2629,732,70,2024-06-07 21:53:42,Completed,Cash,4837.72
2630,77,34,2024-08-25 11:58:38,Pending,Cash,2707.5
2631,187,72,2025-05-02 06:14:32,Returned,Net Banking,4708.58
2632,227,89,2026-03-06 00:00:16,Pending,UPI,1603.08
2633,327,96,2024-10-08 13:36:25,Returned,Credit Card,3591.91
2634,307,88,2025-01-14 08:26:08,Cancelled,UPI,2905.66
2635,543,60,2024-10-01 08:21:34,Cancelled,Cash,3857.45
2636,579,25,2025-03-30 09:54:08,Pending,Net Banking,3371.37
2637,10,4,2024-08-08 17:36:17,Completed,Net Banking,845.97
2638,543,38,2026-02-26 15:41:30,Returned,Net Banking,3487.64
2639,849,8,2024-05-30 06:56:28,Completed,Debit Card,4643.74
2640,578,54,2025-05-22 09:16:07,Completed,Credit Card,2986.07
2641,650,89,2025-07-27 16:07:50,Cancelled,Cash,1488.72
2642,655,41,2024-08-10 11:25:24,Returned,Cash,2033.21
2643,59,40,2025-11-06 08:33:20,Returned,Credit Card,3941.16
2644,81,63,2025-07-10 07:06:36,Returned,Net Banking,814.26
2645,610,29,2026-05-16 13:32:18,Returned,Credit Card,2257.19
2646,580,1,2025-11-30 01:16:26,Completed,Cash,4404.84
2647,326,52,2025-12-30 23:26:21,Pending,Debit Card,4901.58
2648,526,36,2024-11-05 20:55:48,Cancelled,Credit Card,3417.4
2649,342,69,2025-07-25 18:12:47,Returned,Credit Card,745.2
2650,232,49,2024-06-03 02:22:17,Pending,Debit Card,1484.44
2651,953,45,2025-03-23 00:29:34,Pending,Credit Card,3615.25
2652,496,37,2026-05-26 01:06:45,Cancelled,Net Banking,2390.07
2653,519,76,2025-08-20 13:45:29,Returned,Cash,72.18
2654,877,68,2024-11-16 19:27:38,Returned,Cash,3262.18
2655,519,81,2025-09-17 07:06:37,Pending,Cash,4059.22
2656,495,12,2025-01-15 11:16:03,Cancelled,Credit Card,3752.65
2657,44,12,2025-09-07 21:30:47,Completed,Credit Card,752.6
2658,926,94,2025-01-21 08:10:35,Pending,UPI,3788.37
2659,881,26,2025-06-21 11:45:09,Pending,UPI,4421.68
2660,277,80,2025-06-08 03:04:57,Completed,UPI,2623.33
2661,569,37,2024-12-21 11:35:22,Completed,Debit Card,2635.98
2662,5,1,2025-07-03 06:42:48,Pending,Debit Card,818.65
2663,525,52,2024-10-16 17:15:29,Completed,Net Banking,428.46
2664,617,61,2024-09-25 22:52:38,Returned,Cash,606.3
2665,902,56,2025-04-10 13:32:04,Returned,UPI,4170.41
2666,246,96,2024-11-12 05:46:58,Cancelled,Net Banking,4632.1
2667,985,99,2024-08-07 04:21:01,Returned,Cash,4020.69
2668,577,62,2026-01-23 04:47:07,Pending,UPI,3730.05
2669,576,37,2024-09-07 15:33:51,Cancelled,Cash,1939.23
2670,167,23,2025-06-17 09:05:16,Pending,Debit Card,2098.0
2671,423,96,2025-11-28 04:38:18,Cancelled,Credit Card,423.37
2672,783,19,2025-09-28 19:02:39,Completed,Net Banking,1743.91
2673,467,96,2025-09-18 17:41:34,Returned,Cash,3401.18
2674,718,79,2025-11-25 21:57:35,Pending,Net Banking,384.87
2675,162,13,2025-07-28 00:24:21,Pending,Credit Card,1410.93
2676,118,33,2025-06-20 12:18:48,Pending,UPI,390.89
2677,803,97,2026-04-27 14:55:33,Pending,UPI,4298.39
2678,561,94,2024-07-15 10:19:41,Completed,Debit Card,1389.71
2679,139,57,2025-01-16 20:43:43,Completed,UPI,2852.3
2680,745,33,2025-08-26 04:21:43,Completed,Cash,2561.53
2681,787,76,2025-08-13 08:38:19,Pending,Cash,1838.85
2682,152,10,2025-05-24 14:15:17,Returned,Net Banking,1369.87
2683,900,20,2026-05-26 17:10:31,Returned,Cash,2312.59
2684,492,96,2025-12-30 01:24:25,Returned,UPI,4591.57
2685,885,57,2024-11-08 12:11:10,Cancelled,Cash,2215.15
2686,435,69,2025-04-17 22:47:43,Returned,Credit Card,3662.99
2687,809,78,2025-07-16 17:20:30,Cancelled,UPI,4457.21
2688,994,88,2024-11-08 03:18:33,Cancelled,Credit Card,53.1
2689,332,54,2026-02-09 16:27:44,Returned,Debit Card,766.67
2690,360,49,2025-05-12 19:38:31,Returned,Credit Card,3223.03
2691,164,16,2026-01-26 15:36:12,Completed,Credit Card,1964.33
2692,380,57,2024-09-06 02:53:08,Completed,Net Banking,3011.41
2693,775,26,2025-09-14 19:41:06,Cancelled,Net Banking,1063.46
2694,65,95,2025-01-07 04:06:58,Pending,Net Banking,1640.69
2695,290,58,2025-05-03 04:26:09,Completed,Net Banking,3371.32
2696,742,37,2025-06-16 19:10:18,Completed,Credit Card,3582.28
2697,766,96,2025-01-20 10:03:38,Pending,Cash,2692.25
2698,363,65,2025-09-07 19:02:45,Cancelled,Debit Card,3070.11
2699,724,62,2024-05-31 05:50:50,Pending,UPI,2361.02
2700,325,31,2025-10-25 01:15:12,Pending,UPI,2963.52
2701,882,96,2026-03-23 01:30:44,Completed,UPI,1955.03
2702,479,63,2024-10-30 20:19:46,Pending,Credit Card,3600.65
2703,919,40,2026-04-08 21:19:23,Cancelled,Net Banking,2567.12
2704,543,80,2024-11-09 09:14:34,Pending,UPI,732.48
2705,650,72,2025-05-28 14:46:40,Returned,Cash,3044.78
2706,743,34,2024-10-13 23:00:22,Cancelled,Net Banking,1138.73
2707,297,65,2024-06-29 20:17:03,Pending,Cash,155.12
2708,225,65,2025-05-14 07:53:44,Completed,UPI,3474.45
2709,855,48,2024-10-27 09:46:16,Cancelled,Net Banking,117.07
2710,56,85,2025-05-31 15:11:09,Cancelled,Credit Card,646.91
2711,64,60,2024-08-19 15:12:25,Returned,Net Banking,3001.7
2712,17,46,2025-12-02 00:51:27,Returned,Cash,454.52
2713,621,25,2026-03-05 15:07:57,Pending,Credit Card,1589.43
2714,511,38,2026-04-19 10:05:45,Returned,UPI,4485.65
2715,39,4,2024-12-15 01:09:29,Pending,Credit Card,1040.48
2716,798,61,2025-06-26 21:32:49,Cancelled,UPI,2668.94
2717,52,65,2025-01-02 10:16:35,Cancelled,UPI,1473.33
2718,507,29,2026-04-05 01:41:09,Cancelled,Debit Card,3709.22
2719,567,15,2024-06-14 10:59:30,Pending,Debit Card,753.17
2720,373,34,2024-08-28 03:10:03,Pending,UPI,4709.51
2721,396,16,2025-01-21 22:20:32,Pending,Net Banking,3131.67
2722,783,32,2026-04-17 05:03:09,Completed,Net Banking,2679.72
2723,26,65,2024-07-20 20:46:16,Completed,Credit Card,3439.36
2724,917,16,2026-04-30 21:27:06,Pending,Cash,2521.09
2725,477,21,2024-07-21 02:18:35,Returned,Debit Card,3006.46
2726,726,56,2026-02-27 15:05:32,Cancelled,Net Banking,1120.1
2727,973,75,2026-01-10 08:31:38,Pending,UPI,4482.87
2728,347,78,2025-10-28 07:45:34,Cancelled,UPI,3065.38
2729,702,91,2024-07-24 04:30:50,Completed,Cash,2882.15
2730,792,62,2025-04-17 22:00:05,Returned,Debit Card,3584.49
2731,648,17,2025-09-28 15:10:20,Pending,UPI,2498.86
2732,651,97,2025-06-01 05:19:28,Cancelled,Debit Card,987.39
2733,988,26,2024-09-14 18:47:48,Returned,UPI,883.4
2734,958,23,2025-12-06 21:26:15,Cancelled,Cash,975.91
2735,725,36,2025-02-19 21:05:14,Cancelled,Net Banking,3652.88
2736,362,92,2025-01-15 10:50:55,Returned,Debit Card,1696.28
2737,496,3,2024-12-05 03:11:08,Returned,UPI,1159.5
2738,990,23,2025-04-23 15:33:39,Returned,Debit Card,3671.07
2739,411,82,2026-04-07 15:36:28,Cancelled,Credit Card,171.21
2740,626,39,2024-08-01 05:34:23,Completed,Net Banking,1062.51
2741,848,32,2025-09-30 17:03:20,Pending,Debit Card,801.81
2742,865,80,2024-10-27 11:28:32,Completed,UPI,3644.1
2743,405,88,2025-11-28 15:09:16,Pending,Net Banking,3515.28
2744,486,59,2025-09-14 10:31:19,Pending,Debit Card,1765.74
2745,576,66,2026-04-19 00:08:06,Completed,UPI,842.54
2746,702,3,2026-05-13 12:01:14,Pending,Debit Card,3687.28
2747,463,89,2024-12-26 06:28:00,Pending,Net Banking,214.18
2748,939,72,2025-05-21 12:41:33,Pending,Net Banking,3786.43
2749,758,43,2025-02-16 09:20:50,Pending,Debit Card,250.66
2750,339,62,2024-11-27 05:11:43,Cancelled,UPI,4988.2
2751,421,46,2025-02-10 00:17:52,Cancelled,UPI,2339.72
2752,964,44,2024-07-17 13:07:28,Completed,Credit Card,599.91
2753,899,7,2025-05-06 15:37:29,Returned,Debit Card,3265.81
2754,315,39,2024-12-01 23:32:47,Completed,Net Banking,2924.37
2755,289,73,2025-06-29 09:45:49,Cancelled,UPI,107.58
2756,268,15,2025-06-16 03:23:49,Returned,Credit Card,4490.89
2757,328,65,2026-02-09 05:24:28,Completed,UPI,536.89
2758,541,72,2025-01-07 06:25:23,Cancelled,Credit Card,2061.98
2759,983,86,2026-02-09 11:49:24,Pending,Cash,2744.34
2760,445,52,2024-09-08 17:56:29,Completed,Net Banking,1461.96
2761,539,73,2025-11-15 04:06:37,Pending,Cash,1855.93
2762,415,14,2025-02-18 02:17:42,Cancelled,Net Banking,3502.35
2763,410,14,2025-04-10 22:34:26,Cancelled,Cash,555.97
2764,743,36,2026-05-22 21:53:04,Pending,Net Banking,248.94
2765,919,41,2024-11-23 16:32:29,Returned,Credit Card,3474.72
2766,265,72,2026-04-18 05:59:23,Cancelled,Cash,1129.87
2767,605,55,2026-02-12 00:10:24,Returned,Credit Card,4988.92
2768,425,3,2025-10-24 14:33:52,Returned,Debit Card,4583.01
2769,535,11,2025-07-20 05:49:12,Returned,Cash,4875.43
2770,444,85,2025-06-19 12:59:07,Returned,UPI,474.39
2771,230,34,2025-01-21 04:39:14,Returned,Cash,1120.76
2772,11,67,2026-04-22 02:39:00,Completed,Credit Card,4490.33
2773,951,17,2025-10-22 18:53:03,Completed,UPI,1198.74
2774,75,54,2025-08-19 18:08:10,Pending,Cash,738.17
2775,627,76,2024-05-30 17:56:57,Pending,UPI,4031.0
2776,345,41,2026-04-07 21:00:33,Cancelled,Cash,3344.71
2777,106,7,2026-05-04 09:34:54,Cancelled,Net Banking,4991.24
2778,172,89,2026-04-13 11:40:44,Cancelled,UPI,564.82
2779,198,58,2024-07-01 04:55:15,Pending,Cash,1393.91
2780,49,3,2025-06-24 08:53:25,Returned,Net Banking,3179.1
2781,436,29,2026-01-21 20:10:09,Returned,Credit Card,997.03
2782,889,38,2025-12-15 13:12:54,Pending,UPI,2247.04
2783,820,97,2025-01-19 06:36:31,Pending,Credit Card,2880.56
2784,704,20,2026-05-17 05:18:35,Pending,Debit Card,4110.98
2785,259,9,2026-05-02 01:49:42,Completed,Debit Card,936.26
2786,984,38,2025-08-02 17:12:05,Cancelled,Credit Card,987.27
2787,244,88,2025-02-10 03:54:20,Pending,Debit Card,3218.54
2788,865,63,2025-11-02 05:36:55,Completed,Credit Card,4207.32
2789,607,81,2025-06-11 13:54:47,Cancelled,Cash,1273.35
2790,46,83,2024-12-28 06:14:01,Completed,Cash,590.04
2791,756,74,2026-01-26 04:59:42,Pending,Cash,1240.02
2792,597,76,2024-07-01 08:51:39,Returned,Net Banking,4654.23
2793,716,30,2025-06-04 12:44:15,Returned,UPI,1823.02
2794,841,30,2024-12-16 17:51:43,Completed,Net Banking,663.52
2795,749,44,2026-02-22 05:07:07,Completed,Net Banking,2608.18
2796,879,61,2024-06-07 08:24:36,Completed,UPI,4817.44
2797,490,69,2026-04-02 03:30:43,Returned,Net Banking,2785.04
2798,927,96,2024-08-28 09:41:21,Returned,Net Banking,2383.52
2799,761,66,2025-10-08 12:21:24,Cancelled,UPI,3668.04
2800,824,14,2024-06-13 12:29:57,Cancelled,UPI,4524.61
2801,768,72,2025-10-26 04:34:59,Completed,Cash,3316.41
2802,242,33,2025-05-11 14:46:32,Cancelled,Credit Card,1466.74
2803,107,85,2025-11-22 17:04:28,Cancelled,Cash,2132.32
2804,871,28,2026-04-01 02:28:04,Pending,Debit Card,615.71
2805,48,80,2024-10-14 15:25:44,Pending,UPI,3943.35
2806,667,54,2026-05-22 19:04:33,Cancelled,UPI,2743.83
2807,803,79,2024-06-25 08:41:07,Returned,Credit Card,3255.09
2808,899,89,2025-10-28 14:35:48,Returned,UPI,1428.51
2809,838,69,2025-03-27 18:19:16,Completed,Debit Card,225.63
2810,978,56,2024-09-27 07:28:02,Returned,Cash,514.29
2811,778,27,2025-02-17 09:21:39,Cancelled,Debit Card,2993.5
2812,47,5,2024-10-26 11:16:39,Returned,Credit Card,998.09
2813,865,99,2024-12-26 04:58:30,Cancelled,UPI,2794.52
2814,176,6,2024-11-06 17:35:01,Returned,Cash,954.02
2815,61,20,2026-05-12 08:42:11,Completed,Cash,4792.8
2816,755,30,2026-04-28 18:28:22,Cancelled,Debit Card,315.55
2817,593,1,2026-02-19 15:14:58,Cancelled,Credit Card,3348.95
2818,483,59,2025-08-17 14:43:41,Returned,Credit Card,2513.76
2819,99,56,2025-09-20 07:51:27,Pending,Net Banking,1703.94
2820,978,15,2025-10-12 23:23:36,Completed,Credit Card,2861.21
2821,870,47,2025-08-13 03:41:59,Completed,Net Banking,507.01
2822,327,43,2026-01-28 02:50:44,Returned,Net Banking,441.53
2823,64,5,2025-04-25 19:31:08,Returned,Net Banking,3203.03
2824,535,88,2026-03-30 20:30:50,Returned,Debit Card,1157.42
2825,654,72,2026-05-11 00:04:32,Completed,Cash,4256.23
2826,952,1,2025-09-02 17:27:48,Returned,Net Banking,319.06
2827,44,27,2024-10-22 23:56:39,Cancelled,Cash,2053.07
2828,654,58,2026-04-24 20:59:07,Completed,Cash,2285.92
2829,325,42,2026-01-12 19:13:43,Returned,Credit Card,962.56
2830,78,69,2024-08-26 03:06:39,Pending,Credit Card,4876.13
2831,119,93,2025-10-05 16:45:52,Completed,Net Banking,3838.26
2832,533,12,2024-11-02 16:28:40,Pending,UPI,535.05
2833,923,84,2025-03-09 23:19:40,Completed,Net Banking,1674.98
2834,92,22,2026-04-15 11:50:07,Returned,Debit Card,4453.95
2835,314,79,2025-05-31 23:35:06,Cancelled,Net Banking,2660.66
2836,30,11,2025-04-14 03:03:48,Completed,Net Banking,3680.89
2837,938,95,2025-01-24 03:24:37,Pending,Cash,3721.74
2838,491,63,2024-12-05 17:43:23,Pending,Debit Card,2461.98
2839,209,1,2025-09-22 15:35:27,Completed,UPI,1606.79
2840,807,66,2024-11-04 02:03:08,Cancelled,UPI,3734.66
2841,122,2,2026-02-10 05:14:31,Cancelled,Debit Card,1419.61
2842,576,84,2026-05-24 09:36:37,Pending,Debit Card,4109.07
2843,611,37,2025-04-15 01:41:51,Completed,UPI,2228.22
2844,28,76,2024-10-25 23:54:00,Returned,Net Banking,1302.09
2845,545,6,2025-12-29 13:00:42,Returned,Credit Card,4986.95
2846,253,82,2025-08-08 22:34:42,Cancelled,UPI,1387.56
2847,630,88,2025-08-13 23:17:09,Pending,UPI,4008.95
2848,738,47,2026-03-05 16:45:21,Returned,Debit Card,4289.94
2849,283,48,2024-10-24 06:37:46,Cancelled,Cash,2472.66
2850,701,92,2025-08-19 18:43:04,Pending,Net Banking,2205.45
2851,716,98,2025-03-06 22:23:29,Cancelled,Cash,826.09
2852,217,80,2024-08-01 04:37:30,Pending,Credit Card,2835.51
2853,959,36,2025-02-04 18:26:13,Returned,Cash,779.72
2854,251,74,2026-03-29 14:46:27,Completed,Net Banking,603.51
2855,210,52,2025-11-04 23:35:32,Returned,Cash,1949.99
2856,857,89,2024-06-20 21:39:25,Returned,Debit Card,749.59
2857,718,24,2026-02-01 17:35:32,Completed,Debit Card,4441.34
2858,800,41,2025-12-13 01:24:16,Returned,Debit Card,1914.52
2859,25,95,2025-10-16 16:56:57,Cancelled,Cash,1170.97
2860,790,19,2026-04-29 06:59:26,Pending,UPI,619.21
2861,908,72,2024-05-30 16:38:13,Returned,Cash,2441.61
2862,282,90,2026-04-25 06:33:23,Returned,Cash,1914.12
2863,977,90,2025-02-02 03:05:16,Cancelled,UPI,2840.64
2864,321,23,2025-04-03 13:00:38,Cancelled,UPI,3449.15
2865,836,72,2025-02-26 13:33:46,Pending,Credit Card,4030.36
2866,272,98,2024-06-04 04:09:04,Completed,Debit Card,4963.25
2867,193,93,2025-07-01 06:21:05,Cancelled,UPI,2451.81
2868,24,27,2025-12-01 07:03:44,Completed,Credit Card,615.21
2869,111,19,2025-03-25 00:07:42,Completed,Cash,2429.62
2870,994,74,2025-10-25 06:32:43,Completed,Net Banking,2941.02
2871,886,80,2025-04-01 17:38:28,Returned,Cash,4300.81
2872,84,58,2025-12-28 16:20:11,Returned,UPI,4489.06
2873,551,37,2025-07-01 07:01:36,Pending,Credit Card,60.34
2874,45,51,2025-01-15 10:38:32,Completed,Debit Card,2526.19
2875,118,79,2025-12-20 15:48:28,Completed,UPI,2896.17
2876,582,2,2026-05-11 18:55:58,Completed,Credit Card,435.05
2877,918,82,2026-04-03 15:32:24,Completed,Credit Card,4005.72
2878,248,63,2025-12-15 08:35:57,Cancelled,Debit Card,1182.64
2879,646,9,2026-04-19 22:41:33,Completed,Net Banking,2374.3
2880,871,5,2025-11-07 17:43:31,Returned,UPI,4674.37
2881,734,21,2024-11-24 13:33:27,Completed,Debit Card,4170.64
2882,671,1,2024-08-29 08:59:01,Cancelled,Net Banking,2176.09
2883,744,11,2025-11-09 10:15:01,Pending,UPI,916.19
2884,108,94,2025-08-27 16:31:49,Cancelled,Credit Card,3746.91
2885,779,28,2026-02-06 11:16:32,Pending,Cash,4914.01
2886,379,7,2024-11-02 13:43:30,Cancelled,UPI,3275.9
2887,398,65,2025-11-23 08:33:03,Completed,Net Banking,1640.47
2888,582,7,2025-10-03 11:00:47,Cancelled,Cash,1666.5
2889,388,14,2025-07-05 22:18:28,Completed,UPI,2266.02
2890,782,69,2025-06-20 01:42:31,Returned,Debit Card,3511.78
2891,203,85,2026-03-30 01:46:34,Cancelled,Debit Card,1476.81
2892,868,95,2025-10-25 21:34:04,Returned,Debit Card,4369.25
2893,616,87,2024-12-28 17:36:32,Returned,Net Banking,1412.83
2894,101,32,2025-02-15 06:23:08,Returned,Cash,2163.01
2895,458,21,2024-12-26 21:24:46,Completed,UPI,4336.73
2896,860,2,2024-09-02 18:37:30,Cancelled,Cash,541.36
2897,981,71,2025-10-29 21:00:43,Pending,Credit Card,613.5
2898,775,69,2024-11-02 08:43:33,Cancelled,UPI,1836.06
2899,21,11,2024-09-25 21:27:50,Returned,Cash,4829.7
2900,648,15,2026-05-06 03:29:10,Pending,UPI,888.13
2901,656,40,2025-06-12 01:48:11,Cancelled,Debit Card,4848.74
2902,940,37,2025-07-09 07:15:07,Completed,Net Banking,3972.0
2903,850,36,2025-05-07 00:48:28,Completed,Credit Card,3935.31
2904,483,87,2024-10-23 04:22:03,Returned,UPI,2258.49
2905,826,63,2025-10-01 09:57:32,Cancelled,UPI,4402.28
2906,255,55,2024-11-11 14:03:37,Returned,UPI,1944.66
2907,114,64,2025-08-04 17:50:47,Cancelled,Cash,50.61
2908,260,83,2024-10-26 04:05:21,Pending,Debit Card,3083.11
2909,774,11,2024-09-04 11:47:54,Pending,Net Banking,2969.67
2910,189,18,2025-12-17 19:35:29,Completed,UPI,4407.34
2911,423,73,2024-09-30 21:22:06,Pending,Credit Card,3871.57
2912,988,77,2024-11-10 12:58:46,Cancelled,Debit Card,1724.33
2913,710,39,2025-01-13 14:05:48,Returned,Debit Card,1994.62
2914,791,83,2025-11-30 16:09:03,Returned,Net Banking,879.54
2915,592,70,2024-10-28 15:29:48,Completed,Credit Card,4598.58
2916,313,77,2024-06-22 14:39:47,Returned,UPI,87.63
2917,240,99,2024-05-27 23:37:27,Completed,Debit Card,4440.73
2918,117,64,2025-08-29 19:06:04,Returned,Credit Card,1150.44
2919,11,2,2024-09-14 00:13:18,Completed,Cash,77.11
2920,949,50,2025-03-01 04:27:01,Pending,Cash,2459.99
2921,712,32,2025-04-27 20:52:48,Completed,Debit Card,1486.28
2922,609,33,2026-04-24 00:00:28,Cancelled,UPI,3553.67
2923,355,10,2025-11-17 06:52:54,Cancelled,Cash,121.55
2924,906,19,2026-04-04 09:47:48,Returned,Net Banking,4351.25
2925,861,74,2025-04-11 17:31:34,Pending,Net Banking,1337.96
2926,846,36,2025-04-22 04:46:46,Returned,Cash,1168.19
2927,161,55,2025-08-25 13:14:38,Completed,Cash,2119.86
2928,607,91,2024-12-04 03:27:09,Pending,Cash,529.23
2929,320,59,2026-04-03 15:38:05,Completed,Debit Card,854.96
2930,488,60,2025-12-08 05:36:08,Cancelled,Debit Card,3102.88
2931,614,83,2024-07-21 23:02:12,Cancelled,UPI,3093.04
2932,388,78,2024-07-12 17:50:00,Completed,Debit Card,4445.75
2933,316,67,2026-02-18 16:28:47,Returned,Cash,3301.33
2934,115,96,2024-09-11 13:58:47,Pending,UPI,2361.45
2935,628,90,2025-11-19 13:13:19,Cancelled,Debit Card,2017.69
2936,774,35,2025-04-02 07:50:07,Cancelled,Credit Card,4102.73
2937,305,28,2025-04-01 11:43:52,Pending,Net Banking,819.62
2938,286,79,2026-02-17 19:24:45,Cancelled,Cash,3156.82
2939,689,34,2025-08-03 12:32:55,Completed,UPI,2359.33
2940,636,95,2025-03-28 18:29:51,Completed,Credit Card,2898.7
2941,492,39,2025-07-05 08:00:53,Cancelled,Credit Card,4369.62
2942,67,98,2025-04-27 16:50:12,Returned,Credit Card,53.69
2943,913,13,2024-08-29 14:05:24,Pending,Net Banking,928.88
2944,994,66,2024-07-02 23:15:25,Completed,Credit Card,3974.16
2945,401,31,2024-07-06 09:09:09,Returned,UPI,3853.88
2946,67,65,2024-09-26 13:38:42,Pending,UPI,3571.67
2947,770,26,2025-01-27 20:13:05,Completed,Net Banking,3922.07
2948,828,86,2026-04-26 09:30:58,Completed,Net Banking,1280.47
2949,866,15,2026-03-15 15:21:58,Completed,Credit Card,1493.26
2950,25,56,2024-08-27 07:08:18,Returned,Credit Card,573.84
2951,356,2,2025-02-02 12:51:32,Completed,UPI,3762.4
2952,783,56,2025-02-20 14:39:51,Returned,Net Banking,173.78
2953,917,63,2026-01-13 10:50:02,Completed,Debit Card,751.9
2954,503,43,2024-12-07 02:20:25,Completed,UPI,1594.28
2955,476,20,2026-05-16 01:10:43,Completed,UPI,2874.61
2956,785,76,2024-06-18 20:17:20,Cancelled,Cash,3715.89
2957,437,34,2024-10-02 10:06:39,Returned,UPI,4355.25
2958,989,57,2025-08-11 08:22:53,Completed,UPI,617.34
2959,646,54,2025-09-10 21:31:25,Returned,UPI,1075.46
2960,36,83,2024-11-17 17:02:57,Cancelled,Cash,2353.18
2961,176,70,2025-04-09 14:56:39,Cancelled,Credit Card,4706.69
2962,241,72,2024-11-30 22:44:02,Pending,UPI,2603.93
2963,577,92,2024-08-22 16:39:54,Pending,Cash,2243.33
2964,336,53,2024-12-06 21:49:30,Returned,Credit Card,2627.58
2965,189,23,2025-12-29 06:58:30,Completed,Debit Card,1990.01
2966,31,91,2025-01-06 21:51:13,Completed,UPI,4839.25
2967,956,45,2026-02-26 07:52:32,Returned,UPI,1422.73
2968,745,3,2025-03-11 11:41:22,Cancelled,Debit Card,3098.15
2969,331,100,2024-07-11 20:20:53,Cancelled,Cash,3321.0
2970,198,77,2025-12-14 12:44:18,Pending,UPI,3686.2
2971,753,34,2025-11-28 17:02:21,Cancelled,Credit Card,2996.07
2972,282,85,2024-11-16 01:53:12,Completed,Debit Card,702.51
2973,664,23,2025-03-22 21:52:36,Pending,Cash,4373.29
2974,745,67,2025-12-10 20:37:06,Pending,UPI,3386.27
2975,729,51,2025-06-17 05:52:08,Cancelled,Cash,1942.21
2976,638,70,2025-10-09 11:46:34,Returned,Cash,789.1
2977,283,79,2024-12-14 09:03:11,Pending,Net Banking,4671.42
2978,612,92,2025-05-11 17:22:09,Completed,Debit Card,2527.87
2979,502,71,2025-09-24 18:10:00,Completed,UPI,2208.27
2980,54,67,2024-10-02 15:23:35,Pending,Cash,1792.86
2981,913,40,2024-10-27 15:25:00,Returned,UPI,3581.53
2982,648,62,2024-08-19 17:32:31,Pending,UPI,4651.47
2983,57,56,2025-02-10 10:40:54,Returned,Cash,1035.13
2984,959,69,2025-12-21 11:11:30,Cancelled,Cash,774.12
2985,182,36,2025-06-22 23:51:06,Cancelled,Debit Card,2602.76
2986,474,76,2024-06-22 03:19:48,Completed,Net Banking,2776.87
2987,82,64,2026-04-13 23:17:14,Returned,Debit Card,356.73
2988,706,35,2024-11-19 22:46:31,Pending,Net Banking,3232.79
2989,355,43,2024-12-12 03:00:45,Returned,Credit Card,347.42
2990,529,35,2025-08-30 20:33:15,Pending,Cash,1513.62
2991,323,20,2024-12-04 20:05:35,Pending,Net Banking,357.48
2992,255,96,2025-08-30 18:34:16,Cancelled,Net Banking,637.69
2993,5,54,2024-08-09 21:24:49,Completed,Credit Card,3185.72
2994,464,83,2026-01-14 14:27:20,Pending,Credit Card,3908.05
2995,156,41,2025-01-27 12:32:23,Completed,Debit Card,179.19
2996,479,41,2025-02-21 00:13:18,Pending,Debit Card,2442.4
2997,918,80,2024-11-16 03:48:33,Completed,Cash,1056.23
2998,931,58,2024-08-09 17:55:15,Completed,Debit Card,3943.4
2999,595,7,2025-10-28 05:40:25,Cancelled,UPI,3723.46
3000,254,32,2024-09-14 00:18:13,Cancelled,Net Banking,288.49
3001,296,53,2026-03-31 06:23:28,Pending,Cash,3751.88
3002,103,67,2025-02-12 01:32:35,Pending,Net Banking,1748.33
3003,353,36,2025-03-22 15:47:11,Completed,Net Banking,925.44
3004,290,85,2025-11-10 02:57:20,Pending,Net Banking,1891.82
3005,301,16,2024-08-25 16:59:53,Cancelled,Net Banking,1427.26
3006,743,45,2024-11-08 23:01:28,Pending,Net Banking,737.42
3007,468,11,2024-09-24 11:49:04,Completed,UPI,3800.08
3008,537,47,2025-02-04 17:59:50,Returned,Debit Card,1248.98
3009,671,16,2025-10-21 18:04:10,Returned,Credit Card,4574.82
3010,307,94,2026-05-03 18:43:18,Returned,Debit Card,3751.44
3011,545,6,2024-10-23 03:26:22,Pending,Net Banking,4156.29
3012,920,100,2024-09-13 15:53:58,Returned,Debit Card,1323.75
3013,748,37,2024-09-11 19:19:15,Returned,Debit Card,261.23
3014,606,43,2026-02-28 17:13:57,Pending,Net Banking,2088.22
3015,877,89,2025-03-26 06:46:03,Pending,Credit Card,1423.07
3016,714,51,2025-02-26 11:02:23,Cancelled,Debit Card,3004.1
3017,330,71,2024-06-28 19:43:20,Pending,Credit Card,933.11
3018,87,27,2026-02-02 20:29:01,Pending,Cash,3206.87
3019,736,76,2024-10-14 01:11:04,Completed,UPI,3551.24
3020,318,93,2025-02-09 09:05:56,Returned,Debit Card,1996.23
3021,196,56,2024-09-09 23:36:22,Cancelled,Debit Card,3314.75
3022,158,87,2024-11-19 12:26:42,Returned,Debit Card,2602.18
3023,872,72,2024-12-28 16:11:18,Cancelled,UPI,1569.13
3024,603,23,2026-02-19 02:17:03,Completed,UPI,889.45
3025,511,28,2025-01-14 23:06:36,Cancelled,UPI,1732.63
3026,516,59,2025-10-12 16:36:40,Returned,Credit Card,4570.86
3027,130,65,2026-04-04 04:07:31,Completed,Credit Card,520.38
3028,598,19,2026-03-24 07:16:29,Cancelled,Credit Card,3323.47
3029,37,84,2025-01-13 15:13:15,Completed,Cash,338.82
3030,809,73,2024-08-16 18:33:54,Cancelled,Cash,3280.22
3031,344,21,2025-06-26 12:57:20,Pending,Net Banking,210.89
3032,784,41,2025-05-30 21:37:44,Completed,Debit Card,2825.29
3033,943,9,2026-04-16 16:58:10,Returned,Debit Card,3056.99
3034,18,85,2024-08-06 21:16:28,Pending,Debit Card,3525.31
3035,688,13,2024-11-17 10:47:54,Cancelled,Cash,4401.1
3036,275,24,2025-05-18 21:46:12,Returned,Net Banking,2411.29
3037,768,93,2024-11-22 17:38:23,Returned,Debit Card,3764.75
3038,852,40,2025-10-15 03:15:09,Cancelled,Cash,2769.78
3039,843,18,2026-01-20 04:36:20,Pending,Net Banking,2389.44
3040,877,50,2025-11-22 23:37:41,Pending,Cash,3618.47
3041,769,75,2025-01-20 06:11:17,Pending,UPI,53.32
3042,788,89,2025-05-13 06:09:05,Returned,Net Banking,4498.28
3043,448,34,2024-09-26 17:14:47,Pending,Debit Card,1467.27
3044,840,83,2026-05-11 09:38:58,Cancelled,Net Banking,2167.77
3045,411,42,2026-02-07 12:44:30,Returned,Net Banking,4147.17
3046,976,97,2025-11-16 16:32:17,Returned,Net Banking,2545.25
3047,477,62,2024-09-07 16:41:37,Pending,Net Banking,3053.99
3048,586,11,2025-03-02 01:05:56,Completed,UPI,4468.99
3049,659,11,2025-08-08 00:54:39,Pending,UPI,1698.04
3050,617,13,2026-05-21 22:50:45,Completed,Cash,4217.1
3051,705,4,2026-04-30 02:50:43,Pending,Credit Card,89.62
3052,862,34,2025-09-08 11:21:31,Completed,UPI,4409.86
3053,664,54,2024-10-12 15:33:33,Returned,Debit Card,4317.31
3054,746,89,2025-03-21 21:50:25,Returned,Cash,75.76
3055,458,68,2025-03-07 00:22:27,Returned,UPI,2595.77
3056,756,31,2024-08-13 13:42:30,Returned,Debit Card,4319.65
3057,22,95,2024-05-30 15:20:57,Returned,Net Banking,1156.99
3058,603,4,2025-11-11 11:21:49,Completed,Cash,1100.47
3059,759,66,2025-08-02 13:44:21,Completed,Debit Card,791.15
3060,70,84,2025-06-02 07:55:19,Cancelled,Debit Card,3473.36
3061,951,67,2025-11-27 18:54:50,Completed,Net Banking,3065.96
3062,4,59,2025-07-16 14:15:48,Completed,Net Banking,3999.23
3063,74,3,2025-06-01 10:12:43,Completed,Debit Card,3081.13
3064,897,12,2024-12-07 13:36:58,Returned,Debit Card,1755.31
3065,257,97,2025-07-26 13:33:32,Pending,Debit Card,2226.71
3066,140,38,2024-12-12 10:10:42,Cancelled,UPI,784.73
3067,432,98,2024-06-03 13:49:48,Completed,Credit Card,343.58
3068,259,15,2025-03-13 07:31:03,Returned,Cash,715.82
3069,799,90,2025-07-06 03:11:23,Completed,Debit Card,2159.79
3070,400,64,2024-07-09 09:21:08,Returned,Credit Card,3074.74
3071,627,24,2025-11-29 18:59:10,Cancelled,UPI,3503.85
3072,719,49,2024-09-21 15:40:51,Cancelled,UPI,4720.32
3073,850,94,2025-02-15 13:25:03,Completed,UPI,1663.36
3074,585,59,2025-05-28 18:21:58,Returned,Credit Card,2371.95
3075,304,21,2026-01-31 00:28:32,Cancelled,Debit Card,985.07
3076,822,7,2024-12-19 01:04:00,Cancelled,Net Banking,4908.12
3077,589,10,2025-06-24 22:52:50,Cancelled,Credit Card,1617.08
3078,580,6,2025-01-13 17:11:34,Pending,Net Banking,3386.86
3079,772,65,2025-08-30 19:36:47,Completed,Debit Card,439.34
3080,389,43,2025-05-14 01:07:46,Cancelled,UPI,3379.04
3081,623,29,2025-10-29 06:30:41,Completed,UPI,1299.92
3082,682,4,2025-02-01 17:51:31,Pending,Cash,1726.47
3083,478,27,2026-05-11 16:36:31,Returned,Credit Card,3441.18
3084,522,43,2026-04-20 17:44:26,Pending,Credit Card,1546.79
3085,466,33,2026-05-13 20:01:03,Completed,Credit Card,1382.84
3086,226,85,2025-09-30 23:46:47,Returned,Net Banking,331.7
3087,453,16,2025-06-05 01:25:09,Completed,UPI,4874.7
3088,378,25,2024-06-05 16:31:39,Pending,Net Banking,2939.01
3089,232,23,2024-10-22 11:17:56,Returned,Credit Card,1650.39
3090,332,3,2024-10-29 18:31:47,Pending,Cash,3913.72
3091,16,100,2024-11-19 14:06:11,Cancelled,Net Banking,1832.02
3092,732,3,2025-12-11 08:05:24,Cancelled,Net Banking,874.76
3093,365,57,2025-07-29 05:18:13,Returned,Cash,574.86
3094,245,64,2026-05-18 18:00:45,Pending,Debit Card,3223.94
3095,405,89,2025-07-14 09:41:54,Pending,Net Banking,2096.01
3096,247,53,2024-08-23 20:46:54,Pending,Net Banking,2032.3
3097,847,25,2026-01-08 17:23:21,Cancelled,UPI,3800.26
3098,880,43,2026-04-20 03:34:25,Returned,Credit Card,1954.36
3099,93,13,2024-12-09 13:42:46,Returned,Cash,4978.55
3100,610,41,2025-07-22 01:59:32,Completed,Credit Card,4078.02
3101,688,1,2025-07-24 03:39:20,Completed,Debit Card,146.12
3102,267,54,2026-04-08 13:48:35,Pending,Credit Card,4223.38
3103,340,3,2026-03-29 04:41:52,Pending,UPI,65.23
3104,339,1,2025-12-08 17:07:00,Pending,Debit Card,2761.02
3105,218,21,2026-01-21 18:32:39,Pending,Credit Card,332.9
3106,123,20,2024-12-21 05:27:33,Cancelled,Net Banking,3125.36
3107,867,78,2025-03-07 00:29:42,Pending,Net Banking,1366.2
3108,73,98,2025-12-11 16:40:58,Pending,UPI,3190.18
3109,570,56,2025-08-29 05:01:31,Returned,Cash,4367.42
3110,205,11,2025-08-17 06:45:41,Returned,Debit Card,3014.66
3111,807,49,2024-09-02 12:02:55,Completed,UPI,4358.05
3112,588,70,2024-07-17 13:46:32,Completed,Net Banking,527.86
3113,234,98,2024-08-12 13:28:46,Returned,Credit Card,4672.78
3114,887,95,2025-11-21 09:40:34,Returned,UPI,2264.91
3115,867,27,2024-08-29 03:36:15,Cancelled,Cash,3184.08
3116,987,95,2026-03-15 16:06:20,Returned,Debit Card,2563.17
3117,271,59,2025-01-24 12:31:49,Cancelled,Debit Card,2388.42
3118,344,75,2026-05-18 12:14:03,Pending,Credit Card,4872.99
3119,603,47,2025-09-14 17:24:24,Pending,UPI,1447.29
3120,826,38,2026-05-01 02:20:57,Cancelled,UPI,4498.27
3121,946,37,2026-01-17 10:13:53,Pending,Credit Card,1714.14
3122,559,67,2025-11-12 15:24:20,Returned,UPI,568.71
3123,283,6,2024-12-05 07:47:35,Pending,Net Banking,600.47
3124,862,63,2024-08-22 14:56:31,Cancelled,Cash,2207.65
3125,479,97,2025-09-08 15:08:11,Cancelled,Debit Card,3956.08
3126,148,70,2026-03-05 04:18:43,Cancelled,Debit Card,3971.12
3127,52,92,2025-07-28 15:38:10,Pending,Debit Card,1688.64
3128,759,54,2025-02-26 12:56:46,Returned,UPI,4428.71
3129,918,32,2025-07-01 16:23:57,Returned,Cash,1668.08
3130,317,12,2026-02-01 19:54:23,Cancelled,Net Banking,2314.68
3131,367,80,2025-04-23 13:40:18,Cancelled,Cash,2559.85
3132,977,43,2025-12-19 05:58:43,Returned,Cash,2902.32
3133,663,56,2025-06-09 11:55:25,Cancelled,Cash,2076.47
3134,165,40,2025-02-04 10:21:25,Returned,UPI,2332.31
3135,985,35,2024-06-30 20:54:32,Completed,UPI,1332.73
3136,47,27,2026-05-20 13:28:06,Returned,Debit Card,1448.28
3137,992,32,2025-12-03 12:56:55,Cancelled,Credit Card,512.23
3138,780,100,2026-01-07 00:04:10,Returned,UPI,2935.61
3139,780,85,2025-06-18 04:22:29,Returned,Debit Card,177.11
3140,127,84,2024-08-02 17:43:29,Pending,Cash,230.25
3141,189,14,2024-06-23 08:46:38,Returned,UPI,129.67
3142,181,45,2025-04-30 17:56:57,Pending,Debit Card,4814.65
3143,393,78,2024-12-08 17:46:26,Returned,Debit Card,1364.55
3144,547,47,2024-12-17 18:44:24,Returned,Net Banking,2720.13
3145,93,10,2024-06-21 21:13:08,Cancelled,Cash,4027.99
3146,691,91,2025-06-01 11:47:53,Returned,Net Banking,3330.75
3147,42,95,2026-03-24 13:35:17,Pending,Credit Card,472.44
3148,112,37,2026-01-10 16:38:50,Returned,Credit Card,3517.78
3149,393,47,2025-04-14 10:27:02,Pending,Debit Card,1554.42
3150,596,32,2025-10-23 14:41:42,Cancelled,Credit Card,3785.87
3151,914,74,2026-01-30 08:15:57,Completed,Net Banking,3037.17
3152,958,82,2024-06-15 06:51:23,Pending,Debit Card,1831.46
3153,683,100,2024-10-07 00:53:25,Cancelled,Cash,4346.0
3154,326,38,2026-05-02 22:13:39,Pending,UPI,1019.46
3155,935,32,2026-03-19 12:56:26,Cancelled,Net Banking,813.85
3156,893,42,2024-05-26 13:01:46,Returned,UPI,3279.21
3157,930,48,2024-09-10 13:05:05,Cancelled,Debit Card,3169.05
3158,82,97,2024-11-04 04:54:17,Completed,Credit Card,2591.92
3159,973,100,2025-07-11 02:37:26,Returned,Debit Card,3293.17
3160,423,70,2024-12-04 10:35:31,Returned,Credit Card,4985.57
3161,293,43,2025-09-25 15:30:53,Pending,UPI,4649.57
3162,356,85,2025-09-04 01:40:47,Cancelled,Net Banking,295.35
3163,701,22,2024-05-29 09:42:53,Pending,Debit Card,2190.87
3164,314,80,2025-03-31 22:47:23,Returned,UPI,3421.34
3165,531,28,2024-10-07 18:11:18,Completed,Cash,4402.7
3166,893,16,2024-10-25 09:23:14,Completed,Debit Card,643.45
3167,827,85,2025-11-07 02:24:03,Returned,UPI,2360.69
3168,97,24,2026-03-27 09:33:48,Returned,UPI,2643.35
3169,556,51,2025-01-22 10:56:53,Returned,Net Banking,2235.4
3170,368,39,2025-10-15 14:01:43,Cancelled,Net Banking,466.95
3171,619,57,2024-05-26 21:24:36,Pending,Credit Card,4598.45
3172,236,100,2025-12-07 12:23:11,Completed,Credit Card,3539.83
3173,492,70,2024-06-24 12:20:13,Returned,Cash,4287.05
3174,206,65,2025-11-29 05:07:09,Cancelled,Net Banking,1783.21
3175,713,50,2025-10-24 22:20:32,Cancelled,Net Banking,1098.87
3176,103,9,2026-02-19 22:13:06,Pending,UPI,2414.18
3177,332,66,2024-05-31 18:06:23,Returned,Credit Card,564.99
3178,749,17,2025-01-29 16:45:47,Returned,Net Banking,2283.42
3179,808,71,2025-06-11 20:11:28,Cancelled,Credit Card,2524.71
3180,545,61,2026-03-18 10:52:52,Completed,Net Banking,2027.4
3181,391,85,2024-12-06 04:10:08,Cancelled,Net Banking,583.59
3182,169,41,2024-06-01 06:03:34,Cancelled,Credit Card,3030.7
3183,781,82,2025-11-07 20:22:15,Completed,Net Banking,4716.66
3184,601,6,2026-03-16 20:28:50,Cancelled,Net Banking,4396.58
3185,134,25,2025-12-18 12:55:13,Pending,Net Banking,3143.85
3186,904,73,2024-05-26 16:18:42,Pending,Net Banking,1086.82
3187,927,79,2025-04-29 09:37:57,Cancelled,Cash,2429.33
3188,893,61,2025-02-05 03:02:47,Cancelled,Debit Card,1147.07
3189,713,40,2024-11-10 13:02:46,Pending,Net Banking,1692.88
3190,172,30,2026-02-25 22:26:04,Completed,UPI,473.21
3191,711,33,2025-07-28 12:20:19,Completed,Net Banking,748.36
3192,578,1,2025-01-16 01:12:41,Cancelled,UPI,1846.54
3193,795,78,2026-04-24 20:38:20,Completed,Cash,1156.67
3194,682,31,2025-05-22 13:37:55,Cancelled,Credit Card,4480.56
3195,287,95,2026-04-21 22:12:25,Returned,Debit Card,729.84
3196,5,50,2025-05-11 06:31:32,Cancelled,Net Banking,4706.93
3197,776,80,2024-12-14 04:31:47,Cancelled,Debit Card,1493.84
3198,81,47,2025-08-09 20:17:28,Pending,Cash,2203.56
3199,78,55,2024-06-15 05:05:35,Pending,UPI,2031.66
3200,941,82,2025-04-09 23:34:56,Pending,Debit Card,2678.93
3201,726,33,2025-01-09 15:37:47,Returned,Cash,4265.99
3202,35,100,2025-09-14 14:47:46,Pending,Debit Card,4685.02
3203,119,68,2025-08-29 02:01:58,Returned,Cash,528.93
3204,163,42,2025-08-10 10:04:59,Pending,UPI,1059.93
3205,751,75,2024-10-23 06:15:33,Completed,Debit Card,2593.04
3206,262,69,2024-10-13 05:14:54,Pending,Net Banking,1656.81
3207,663,85,2024-07-04 15:13:09,Cancelled,UPI,2780.77
3208,654,59,2025-10-23 19:12:40,Returned,Cash,1920.68
3209,685,4,2025-03-01 21:19:28,Pending,Credit Card,4580.49
3210,650,50,2025-01-22 03:30:26,Cancelled,Net Banking,1373.01
3211,918,81,2025-08-13 10:14:54,Returned,UPI,4450.68
3212,858,86,2026-03-31 03:11:02,Pending,Credit Card,4988.53
3213,144,89,2025-03-26 16:55:55,Completed,Debit Card,1012.22
3214,971,27,2026-04-19 06:48:21,Pending,Debit Card,3685.72
3215,266,35,2025-01-16 00:38:05,Pending,Net Banking,955.3
3216,19,67,2025-03-09 16:09:27,Returned,Credit Card,4906.9
3217,640,99,2025-07-20 10:58:54,Pending,Debit Card,3199.79
3218,952,18,2025-06-04 14:40:39,Returned,Cash,4883.45
3219,359,91,2025-09-26 11:23:56,Completed,Credit Card,4908.31
3220,83,41,2026-02-11 04:57:51,Returned,Cash,2433.03
3221,438,100,2024-10-05 07:43:10,Returned,Cash,694.27
3222,40,75,2024-07-18 18:15:00,Returned,Credit Card,3884.95
3223,661,23,2025-11-03 19:54:44,Returned,Cash,4449.59
3224,506,85,2024-06-29 16:54:18,Cancelled,UPI,2032.11
3225,985,63,2026-04-06 06:44:49,Cancelled,Credit Card,4231.09
3226,331,10,2026-02-14 12:43:03,Returned,Net Banking,1052.12
3227,389,35,2025-07-03 09:07:12,Completed,Cash,2027.36
3228,164,8,2025-10-24 18:58:44,Returned,Debit Card,4726.62
3229,239,59,2025-07-30 03:33:06,Completed,Credit Card,4770.69
3230,793,2,2024-07-01 23:02:16,Cancelled,UPI,3144.86
3231,146,47,2026-04-29 18:40:49,Cancelled,Cash,1431.29
3232,927,75,2025-04-25 05:54:05,Cancelled,Net Banking,3787.27
3233,593,18,2025-06-28 07:47:00,Completed,Debit Card,1878.07
3234,655,87,2025-06-16 22:44:22,Cancelled,Debit Card,3312.33
3235,940,25,2024-06-02 13:10:32,Returned,UPI,1208.24
3236,398,12,2025-02-06 14:00:43,Returned,Net Banking,1057.52
3237,330,100,2025-01-03 18:20:51,Returned,UPI,1116.93
3238,498,57,2025-08-13 07:20:46,Pending,Net Banking,1546.58
3239,158,88,2024-09-16 17:19:59,Pending,Net Banking,4606.55
3240,183,94,2024-07-20 06:46:19,Cancelled,Credit Card,2924.42
3241,779,19,2026-05-12 01:28:06,Cancelled,Debit Card,367.18
3242,897,89,2025-05-28 07:01:49,Pending,Credit Card,3247.21
3243,713,19,2024-12-04 00:11:24,Completed,UPI,3144.16
3244,238,43,2025-09-30 02:53:03,Pending,Net Banking,3580.52
3245,759,76,2025-06-22 15:25:34,Pending,Net Banking,3305.93
3246,326,100,2024-10-19 02:02:32,Cancelled,Credit Card,4539.22
3247,517,5,2025-08-24 03:36:46,Completed,Net Banking,365.64
3248,945,53,2025-11-21 08:45:18,Pending,Net Banking,4971.13
3249,272,70,2025-07-27 18:37:36,Returned,Cash,4366.54
3250,400,44,2024-11-24 23:12:24,Returned,Debit Card,4375.16
3251,493,78,2025-01-30 15:27:19,Returned,Cash,3950.3
3252,531,28,2024-07-17 10:30:35,Returned,UPI,1341.64
3253,284,97,2025-03-25 04:35:03,Returned,Credit Card,374.9
3254,766,82,2025-09-17 09:29:30,Returned,Cash,1549.03
3255,617,90,2025-03-12 07:09:07,Cancelled,Cash,4324.64
3256,98,23,2025-07-08 18:47:25,Completed,Debit Card,3696.19
3257,874,96,2024-07-05 17:41:51,Pending,Net Banking,4350.6
3258,188,58,2026-05-04 17:02:18,Pending,Net Banking,1528.82
3259,749,57,2025-09-23 02:15:44,Cancelled,Cash,565.29
3260,386,3,2025-12-14 09:45:02,Completed,Debit Card,40.3
3261,599,44,2026-03-02 00:54:46,Completed,UPI,2872.89
3262,163,75,2025-04-16 00:25:54,Pending,UPI,487.97
3263,859,96,2025-05-24 15:26:26,Returned,Cash,2224.41
3264,86,100,2025-03-17 08:00:30,Completed,Debit Card,3048.37
3265,585,44,2025-05-28 16:30:05,Pending,Credit Card,1133.04
3266,257,43,2025-01-02 11:14:27,Pending,Debit Card,2728.84
3267,927,55,2026-01-18 02:28:00,Completed,Debit Card,4816.82
3268,736,74,2025-04-04 00:03:08,Pending,Credit Card,2699.69
3269,659,48,2025-10-08 21:16:42,Pending,Cash,217.03
3270,636,99,2024-12-23 06:20:46,Pending,Debit Card,44.69
3271,155,92,2024-08-24 03:36:12,Completed,Credit Card,225.63
3272,739,95,2025-10-15 11:42:56,Returned,Debit Card,1603.59
3273,249,61,2024-05-28 06:56:26,Completed,Net Banking,1034.21
3274,292,11,2024-06-16 03:10:38,Pending,Cash,4589.82
3275,579,20,2025-02-02 22:48:35,Completed,Net Banking,4480.81
3276,211,53,2025-09-08 14:36:41,Pending,Debit Card,3595.4
3277,920,52,2024-10-05 13:44:46,Completed,Credit Card,4865.3
3278,657,65,2025-01-27 13:45:44,Returned,Debit Card,2969.77
3279,725,87,2025-11-08 02:17:52,Returned,Credit Card,2260.6
3280,172,94,2025-08-10 14:23:40,Pending,UPI,3205.85
3281,192,41,2026-03-14 11:58:52,Completed,Cash,2976.87
3282,847,91,2025-08-12 15:31:19,Cancelled,Debit Card,1292.93
3283,700,22,2024-11-20 14:06:54,Cancelled,UPI,4383.11
3284,816,62,2025-04-29 16:52:38,Completed,Cash,3585.11
3285,546,90,2025-05-24 20:41:27,Cancelled,Cash,815.69
3286,559,62,2026-03-27 18:22:23,Completed,UPI,4405.51
3287,559,79,2025-04-23 22:34:53,Cancelled,Credit Card,2951.29
3288,330,55,2025-05-21 09:10:53,Returned,Net Banking,3525.3
3289,750,41,2026-01-18 12:21:50,Completed,Debit Card,2501.71
3290,125,10,2025-07-10 13:44:14,Completed,Debit Card,672.44
3291,733,49,2024-09-02 12:39:35,Cancelled,Cash,790.92
3292,455,51,2025-12-17 04:44:50,Completed,Cash,4616.36
3293,917,21,2025-05-22 10:35:28,Returned,Net Banking,3016.01
3294,209,66,2024-07-20 05:23:31,Returned,UPI,1834.92
3295,858,1,2026-03-16 22:17:20,Returned,Net Banking,2247.4
3296,397,87,2025-09-10 08:03:54,Returned,Net Banking,1358.65
3297,762,33,2025-06-18 00:54:07,Cancelled,Net Banking,2087.49
3298,535,15,2026-03-19 19:18:51,Cancelled,Cash,4565.96
3299,634,81,2025-06-03 04:04:46,Completed,Cash,3492.7
3300,369,49,2025-07-18 12:30:32,Pending,Debit Card,2108.18
3301,795,67,2025-12-12 14:40:27,Completed,UPI,537.42
3302,421,65,2025-06-09 15:38:19,Returned,Debit Card,2234.22
3303,218,91,2025-12-08 22:56:00,Cancelled,Debit Card,1041.38
3304,10,77,2026-02-09 03:55:15,Cancelled,Credit Card,2625.85
3305,351,83,2025-12-25 07:35:07,Pending,Cash,4813.35
3306,732,47,2025-06-24 20:49:00,Completed,Cash,4165.6
3307,168,43,2025-09-24 01:25:00,Returned,Debit Card,3166.74
3308,541,21,2026-05-10 21:13:26,Returned,Debit Card,451.74
3309,997,72,2025-09-24 11:18:22,Returned,Credit Card,4299.42
3310,705,29,2025-11-14 02:40:40,Pending,Net Banking,549.09
3311,323,67,2025-05-22 06:45:11,Cancelled,UPI,2521.33
3312,806,95,2025-12-06 11:40:13,Cancelled,UPI,470.31
3313,769,46,2026-02-10 07:54:42,Cancelled,Net Banking,2911.91
3314,599,56,2025-12-13 12:40:48,Pending,Debit Card,2444.82
3315,749,80,2025-06-10 00:50:39,Returned,Credit Card,200.35
3316,975,44,2025-07-11 21:05:49,Cancelled,Credit Card,1552.89
3317,652,18,2025-04-30 03:00:02,Returned,Net Banking,4426.65
3318,122,88,2025-10-29 10:42:46,Pending,Cash,2882.86
3319,896,18,2025-07-17 17:44:19,Pending,Credit Card,2607.65
3320,191,86,2026-04-29 07:09:09,Cancelled,UPI,2600.59
3321,3,80,2026-01-15 03:37:18,Cancelled,Cash,3872.35
3322,411,41,2026-03-11 16:03:29,Returned,Debit Card,1686.96
3323,361,56,2025-11-07 15:14:08,Completed,Debit Card,3166.19
3324,675,65,2025-07-06 08:26:31,Pending,UPI,3337.49
3325,192,71,2024-11-01 10:18:23,Completed,UPI,3361.16
3326,517,71,2025-01-12 14:04:04,Cancelled,Credit Card,1841.62
3327,726,12,2025-07-12 19:54:09,Returned,Net Banking,2601.58
3328,346,34,2025-04-13 23:36:32,Completed,UPI,1961.86
3329,34,63,2025-10-08 01:21:49,Pending,Net Banking,1004.58
3330,158,42,2024-06-24 06:10:54,Pending,Cash,4821.57
3331,409,91,2024-07-31 17:27:49,Pending,Net Banking,4191.17
3332,424,9,2025-10-20 05:53:22,Completed,Cash,4767.58
3333,168,44,2025-04-16 11:50:58,Cancelled,Debit Card,4054.95
3334,987,49,2025-01-23 04:17:32,Returned,UPI,1503.24
3335,427,38,2024-11-25 10:27:24,Returned,UPI,98.88
3336,902,38,2025-03-18 06:37:31,Returned,Debit Card,1117.97
3337,47,17,2025-03-25 15:37:56,Pending,Cash,1348.65
3338,25,97,2024-09-13 10:10:02,Completed,Cash,2749.2
3339,309,54,2026-03-06 00:36:45,Pending,Debit Card,4579.75
3340,879,83,2025-05-12 22:11:34,Cancelled,Cash,154.14
3341,9,45,2025-07-19 14:04:33,Completed,UPI,3351.88
3342,658,64,2025-06-08 13:46:06,Pending,Net Banking,3108.37
3343,235,5,2024-08-10 02:27:11,Pending,Cash,464.26
3344,488,75,2026-01-14 01:02:59,Returned,Cash,2134.59
3345,476,71,2026-03-28 00:24:06,Completed,UPI,3298.92
3346,70,78,2025-11-20 15:48:15,Returned,Cash,92.41
3347,927,53,2025-07-21 23:36:17,Pending,Credit Card,1401.96
3348,850,24,2025-12-31 00:44:33,Pending,Debit Card,4798.62
3349,747,24,2024-07-14 20:39:51,Completed,UPI,2287.72
3350,312,100,2025-07-05 07:04:31,Returned,Debit Card,3372.91
3351,749,92,2025-12-21 17:20:28,Returned,Cash,4573.82
3352,876,61,2025-02-26 21:30:58,Returned,Cash,4427.57
3353,850,61,2026-05-25 12:58:39,Cancelled,Debit Card,4733.16
3354,255,45,2025-02-23 02:19:30,Pending,Debit Card,3155.61
3355,376,30,2024-09-26 01:41:54,Returned,Debit Card,4197.54
3356,775,42,2024-08-29 18:48:49,Completed,Cash,3810.66
3357,487,50,2025-07-11 04:34:18,Pending,Debit Card,1652.53
3358,333,72,2025-04-14 05:01:59,Pending,Debit Card,1164.38
3359,153,77,2025-12-28 13:36:04,Completed,Credit Card,3116.84
3360,561,1,2025-08-26 04:55:48,Pending,UPI,2127.83
3361,250,45,2025-09-20 01:21:16,Pending,Debit Card,3708.73
3362,563,32,2026-01-28 14:36:20,Returned,Cash,2882.71
3363,983,60,2025-09-04 07:33:48,Cancelled,UPI,2799.02
3364,201,29,2024-06-23 20:33:28,Returned,Net Banking,3636.11
3365,557,26,2025-03-29 09:39:31,Returned,UPI,4411.95
3366,327,19,2024-12-03 06:01:12,Returned,Net Banking,4195.58
3367,776,64,2025-08-21 22:28:44,Pending,Cash,4183.22
3368,518,44,2025-02-03 08:30:48,Completed,UPI,3003.78
3369,787,68,2025-03-09 00:44:49,Cancelled,Net Banking,4508.11
3370,41,3,2024-12-19 05:36:01,Completed,Credit Card,4113.59
3371,827,68,2025-03-01 11:46:07,Pending,UPI,277.4
3372,891,54,2026-05-14 04:24:08,Pending,Debit Card,1025.57
3373,461,44,2026-04-12 06:53:53,Completed,Credit Card,1704.3
3374,339,47,2025-12-16 11:13:04,Cancelled,Credit Card,4716.52
3375,143,58,2024-06-08 22:12:17,Pending,Net Banking,3655.04
3376,500,40,2025-10-04 07:18:44,Completed,Cash,3837.21
3377,961,56,2025-04-20 22:48:53,Returned,UPI,2679.88
3378,373,82,2024-11-30 08:56:13,Returned,Cash,4422.18
3379,427,41,2024-11-05 04:18:13,Pending,Cash,4627.14
3380,663,94,2026-01-04 07:17:33,Returned,Credit Card,4918.01
3381,711,47,2025-10-19 23:16:55,Pending,UPI,4524.32
3382,757,58,2024-06-01 22:40:13,Pending,UPI,4678.81
3383,495,14,2025-08-20 07:24:14,Pending,Net Banking,1399.37
3384,645,39,2025-10-24 18:05:50,Pending,Debit Card,2386.56
3385,490,42,2026-01-12 07:25:14,Completed,Cash,4972.22
3386,68,2,2025-04-24 01:33:01,Pending,Cash,614.01
3387,775,17,2026-04-07 00:29:11,Completed,Net Banking,284.77
3388,585,72,2025-06-09 16:58:14,Pending,Debit Card,2479.66
3389,267,6,2025-08-10 04:21:56,Returned,Net Banking,706.63
3390,548,49,2025-11-25 19:52:01,Completed,Debit Card,3104.54
3391,157,26,2024-12-24 00:37:03,Completed,UPI,4069.73
3392,759,78,2025-08-25 06:04:53,Cancelled,Cash,4096.85
3393,154,11,2025-05-17 00:01:57,Returned,UPI,2936.97
3394,425,87,2025-11-14 20:28:03,Cancelled,Debit Card,1503.88
3395,22,52,2025-10-10 04:36:13,Completed,Credit Card,2080.03
3396,544,34,2026-05-25 01:20:27,Completed,Net Banking,4192.47
3397,235,1,2024-08-16 07:00:26,Pending,UPI,3255.1
3398,79,85,2025-10-30 10:17:54,Completed,UPI,1373.36
3399,830,70,2025-04-11 23:48:20,Completed,Credit Card,4854.62
3400,124,61,2026-03-21 13:54:29,Pending,Debit Card,3465.05
3401,653,40,2025-09-30 14:01:21,Cancelled,Debit Card,382.0
3402,881,42,2025-04-20 09:56:41,Returned,Net Banking,2652.71
3403,962,2,2024-08-31 00:19:31,Completed,UPI,689.3
3404,633,64,2025-06-17 16:00:59,Pending,Debit Card,446.4
3405,145,89,2026-01-22 13:06:56,Cancelled,Credit Card,3134.87
3406,961,40,2024-08-06 13:33:28,Completed,Cash,4016.08
3407,113,100,2024-08-11 06:31:33,Returned,Cash,2840.64
3408,101,47,2026-05-19 22:16:41,Completed,Credit Card,3788.4
3409,26,73,2025-04-30 04:53:29,Cancelled,Net Banking,2593.48
3410,717,53,2026-05-21 19:37:25,Pending,UPI,3194.73
3411,675,30,2025-05-12 03:15:35,Pending,Net Banking,1872.4
3412,816,69,2025-08-28 23:37:06,Cancelled,Credit Card,2879.49
3413,531,47,2024-10-25 20:57:12,Completed,UPI,4703.45
3414,341,27,2024-07-18 05:22:27,Completed,Debit Card,4697.12
3415,251,94,2025-11-01 23:59:52,Pending,Credit Card,3420.85
3416,880,97,2025-05-10 07:10:16,Pending,Cash,321.96
3417,87,5,2025-06-28 05:41:04,Pending,Credit Card,3733.19
3418,146,90,2026-03-15 11:35:02,Pending,Debit Card,3721.73
3419,995,14,2026-02-15 02:09:03,Completed,Debit Card,580.58
3420,169,70,2025-06-20 10:01:55,Cancelled,UPI,1812.36
3421,411,36,2025-01-28 18:36:59,Completed,UPI,3754.64
3422,479,95,2024-10-09 12:01:19,Returned,Cash,4692.21
3423,133,20,2024-05-26 15:16:27,Completed,Net Banking,4036.44
3424,661,96,2024-05-27 18:53:11,Returned,UPI,1303.11
3425,776,40,2024-12-03 16:44:20,Completed,Net Banking,4115.6
3426,39,72,2025-11-15 09:48:05,Returned,UPI,1763.46
3427,328,85,2024-07-21 18:39:55,Completed,Net Banking,1805.75
3428,902,99,2025-06-07 08:46:22,Completed,Cash,317.99
3429,835,6,2025-11-05 08:36:04,Returned,Net Banking,2272.68
3430,985,83,2025-12-11 02:11:34,Completed,Net Banking,914.08
3431,931,36,2025-06-15 19:06:40,Returned,Net Banking,3563.89
3432,454,12,2025-02-27 07:15:00,Returned,Credit Card,2269.33
3433,456,37,2024-09-01 21:13:07,Cancelled,Cash,995.58
3434,343,93,2024-09-04 05:23:23,Returned,Credit Card,1429.46
3435,305,47,2026-01-05 16:12:01,Returned,Cash,2333.73
3436,975,45,2024-11-21 14:21:01,Completed,UPI,495.24
3437,773,37,2024-08-09 23:07:19,Cancelled,Cash,1610.38
3438,989,54,2025-05-16 15:43:43,Pending,Credit Card,4823.43
3439,951,75,2025-09-03 00:16:02,Returned,Cash,1418.83
3440,794,42,2026-04-08 22:56:08,Pending,Cash,2161.18
3441,857,18,2025-05-04 09:17:53,Cancelled,Credit Card,588.03
3442,497,48,2025-01-09 05:39:53,Completed,Net Banking,2460.12
3443,368,15,2026-04-05 11:57:29,Completed,Credit Card,2881.75
3444,57,97,2024-08-17 12:57:23,Pending,Debit Card,3116.33
3445,633,59,2024-08-30 09:54:50,Cancelled,Debit Card,2773.44
3446,968,39,2025-09-24 13:01:54,Returned,UPI,3554.77
3447,46,18,2025-12-09 17:05:55,Cancelled,Net Banking,4023.68
3448,903,3,2025-10-17 08:51:07,Cancelled,Credit Card,3675.69
3449,465,40,2024-07-27 03:59:25,Completed,UPI,587.06
3450,749,85,2024-11-21 06:09:48,Pending,UPI,1011.35
3451,300,48,2025-03-12 13:39:53,Returned,Credit Card,318.36
3452,49,43,2024-08-04 19:58:58,Completed,Credit Card,3748.99
3453,906,69,2024-12-21 11:43:00,Cancelled,Credit Card,1091.83
3454,114,75,2026-01-12 01:18:51,Returned,UPI,91.36
3455,371,59,2026-02-21 08:02:43,Cancelled,UPI,259.97
3456,25,55,2025-11-30 18:30:08,Pending,Net Banking,3388.43
3457,282,13,2026-05-08 00:33:28,Pending,Net Banking,4826.57
3458,403,53,2025-05-07 19:58:56,Cancelled,UPI,3848.77
3459,849,99,2024-12-05 18:31:25,Returned,UPI,4014.16
3460,339,65,2025-10-01 17:23:12,Returned,UPI,572.77
3461,534,5,2025-10-31 22:05:55,Completed,Cash,177.23
3462,900,5,2024-12-08 17:23:59,Completed,Debit Card,2314.88
3463,484,76,2025-01-03 23:11:44,Pending,Credit Card,4697.2
3464,514,14,2024-06-03 01:17:40,Pending,Net Banking,3444.38
3465,846,18,2024-12-04 22:26:50,Completed,Cash,1009.05
3466,639,66,2024-11-26 12:19:40,Returned,UPI,1746.8
3467,945,58,2024-10-04 12:51:11,Completed,Credit Card,322.96
3468,713,54,2026-05-14 10:54:54,Returned,Cash,3114.33
3469,194,19,2026-03-14 19:44:07,Pending,Credit Card,2067.58
3470,382,64,2025-09-29 05:18:08,Returned,Credit Card,3856.36
3471,371,65,2026-01-05 06:29:06,Returned,Cash,1455.64
3472,411,29,2024-10-29 07:06:26,Completed,Credit Card,608.78
3473,446,23,2024-08-04 00:57:43,Pending,Net Banking,3435.62
3474,74,81,2025-05-28 16:09:49,Completed,Cash,2524.93
3475,674,77,2025-02-19 21:02:19,Completed,Net Banking,3092.19
3476,387,68,2024-09-13 11:12:56,Completed,Debit Card,3241.7
3477,134,69,2025-12-27 00:17:14,Pending,Credit Card,3929.58
3478,821,70,2025-05-29 14:52:39,Cancelled,Debit Card,1637.57
3479,522,78,2024-11-28 08:42:07,Cancelled,Net Banking,2202.58
3480,385,23,2024-09-29 14:21:38,Completed,Debit Card,3735.8
3481,306,56,2024-12-06 10:28:54,Cancelled,Net Banking,3180.87
3482,506,80,2025-04-02 11:50:15,Pending,Net Banking,3483.01
3483,793,68,2024-08-25 19:50:30,Pending,UPI,3271.84
3484,212,69,2024-12-23 10:56:58,Returned,UPI,2592.51
3485,127,63,2025-12-27 00:45:51,Completed,UPI,187.84
3486,501,24,2025-12-05 17:23:38,Returned,UPI,634.74
3487,888,27,2025-07-25 18:05:27,Cancelled,Cash,4201.63
3488,866,86,2025-05-28 05:30:50,Returned,UPI,1656.11
3489,929,54,2025-09-20 20:14:25,Completed,Cash,1102.38
3490,117,20,2025-01-26 08:40:08,Completed,UPI,1398.75
3491,431,19,2024-07-31 03:06:48,Returned,Cash,2592.38
3492,509,42,2026-05-24 15:22:18,Cancelled,Debit Card,2465.33
3493,192,17,2025-07-17 19:55:41,Completed,Net Banking,980.16
3494,492,91,2024-11-02 20:12:13,Pending,Cash,3188.23
3495,89,64,2026-04-09 21:36:12,Pending,Debit Card,2274.41
3496,416,20,2024-10-14 01:09:48,Completed,Credit Card,2641.44
3497,378,3,2025-08-15 22:33:43,Completed,Debit Card,3354.51
3498,193,29,2025-12-12 21:55:03,Cancelled,UPI,518.57
3499,432,38,2025-04-28 09:15:30,Pending,Cash,575.2
3500,68,67,2025-09-19 06:57:04,Returned,Debit Card,150.94
3501,255,60,2024-06-25 08:23:52,Returned,Net Banking,2110.72
3502,568,85,2024-12-05 14:39:01,Pending,Credit Card,3281.06
3503,903,61,2025-05-29 19:05:19,Pending,Cash,2923.72
3504,679,14,2025-02-10 19:53:04,Returned,Net Banking,773.42
3505,636,66,2024-06-20 21:18:27,Pending,UPI,3276.46
3506,449,66,2026-04-18 00:11:20,Cancelled,Credit Card,1108.75
3507,42,86,2025-06-19 20:14:33,Cancelled,Credit Card,3527.47
3508,901,20,2025-10-16 14:34:25,Pending,UPI,2815.29
3509,428,68,2026-04-30 14:51:19,Completed,Credit Card,1186.2
3510,563,38,2024-10-20 15:54:24,Cancelled,Cash,998.72
3511,781,4,2024-11-18 23:16:20,Completed,Credit Card,463.9
3512,789,75,2025-12-16 02:09:05,Pending,Net Banking,4853.13
3513,894,64,2024-12-22 18:43:38,Cancelled,Debit Card,4910.92
3514,337,69,2024-07-28 19:44:47,Returned,Cash,1875.93
3515,188,97,2026-05-23 14:03:50,Pending,Credit Card,4548.42
3516,999,13,2025-04-30 15:37:51,Cancelled,Cash,2007.62
3517,297,61,2026-02-08 12:10:47,Returned,Net Banking,1854.47
3518,29,42,2024-10-23 04:21:14,Pending,UPI,904.8
3519,920,53,2025-03-18 19:24:53,Returned,Credit Card,864.81
3520,805,19,2025-02-14 06:36:47,Completed,UPI,2985.28
3521,115,83,2024-07-17 10:52:38,Returned,Debit Card,4831.72
3522,432,27,2026-05-24 08:07:56,Cancelled,UPI,1798.16
3523,211,83,2026-03-22 00:54:35,Completed,Credit Card,2599.57
3524,777,25,2025-08-18 10:04:35,Completed,Debit Card,1062.82
3525,874,60,2024-06-16 11:30:54,Pending,Cash,3106.48
3526,315,25,2025-05-07 02:40:56,Pending,UPI,2425.68
3527,608,47,2024-06-16 09:31:33,Pending,UPI,2136.67
3528,760,70,2024-05-27 14:01:17,Cancelled,UPI,1585.23
3529,738,51,2024-10-19 06:48:14,Completed,Debit Card,4565.91
3530,611,94,2025-10-22 12:39:51,Cancelled,Cash,4381.42
3531,612,80,2024-09-30 01:50:04,Completed,Net Banking,2918.79
3532,134,8,2026-04-24 14:23:11,Pending,Cash,1445.91
3533,447,96,2024-09-27 22:34:17,Cancelled,Debit Card,1248.93
3534,182,33,2024-07-21 23:05:37,Pending,Net Banking,507.66
3535,52,87,2024-09-11 17:53:50,Cancelled,Net Banking,1078.28
3536,533,45,2025-10-30 01:25:51,Completed,Cash,2790.72
3537,898,69,2025-09-02 10:09:44,Pending,Credit Card,3189.26
3538,31,15,2024-08-27 20:40:14,Completed,Credit Card,4708.87
3539,948,8,2024-09-13 01:10:42,Cancelled,Net Banking,2203.84
3540,948,12,2024-09-23 20:36:14,Pending,Debit Card,3389.27
3541,954,100,2024-12-04 22:32:17,Completed,Credit Card,836.05
3542,51,59,2026-01-18 08:17:00,Cancelled,Credit Card,2865.73
3543,894,88,2025-06-06 15:21:11,Pending,UPI,1133.22
3544,682,84,2026-05-17 10:51:25,Cancelled,Credit Card,1805.02
3545,739,45,2024-10-23 04:02:38,Pending,UPI,2267.84
3546,661,96,2024-08-05 22:04:38,Pending,UPI,4232.29
3547,818,41,2025-05-06 18:19:57,Pending,Net Banking,1700.88
3548,310,80,2025-09-29 07:38:57,Returned,Credit Card,2495.4
3549,472,25,2024-08-20 21:37:32,Pending,Cash,3139.21
3550,467,62,2024-12-21 12:55:20,Completed,Credit Card,1965.34
3551,729,64,2025-03-24 20:33:17,Completed,Cash,4057.09
3552,821,8,2025-02-16 12:32:02,Pending,Credit Card,1694.15
3553,315,46,2025-11-09 12:13:52,Returned,Credit Card,2851.46
3554,892,40,2026-01-23 10:08:01,Completed,UPI,3964.88
3555,579,87,2025-05-27 08:02:02,Pending,Credit Card,2753.18
3556,274,31,2024-08-18 06:06:35,Cancelled,Cash,2019.13
3557,610,69,2026-01-19 12:01:17,Pending,Cash,2999.86
3558,504,7,2025-09-08 10:15:27,Cancelled,Credit Card,2906.63
3559,463,86,2025-05-05 10:19:10,Pending,Cash,4221.25
3560,274,43,2025-03-10 00:05:38,Pending,Credit Card,4025.3
3561,807,13,2026-03-07 08:46:52,Pending,Debit Card,1616.69
3562,166,15,2026-04-16 21:56:54,Cancelled,Debit Card,1432.24
3563,442,19,2024-09-26 21:28:34,Cancelled,UPI,3017.63
3564,126,48,2024-08-22 20:18:05,Returned,UPI,977.29
3565,208,84,2025-02-09 21:51:14,Completed,Credit Card,31.75
3566,5,46,2025-12-19 20:10:15,Returned,UPI,3344.04
3567,655,44,2026-04-23 02:08:42,Cancelled,Cash,3068.53
3568,36,22,2025-07-27 03:39:37,Completed,UPI,1643.08
3569,789,12,2024-11-14 19:29:17,Pending,Credit Card,1862.37
3570,992,35,2025-11-27 09:23:12,Returned,Debit Card,2139.85
3571,843,97,2024-07-26 07:16:26,Returned,UPI,1123.94
3572,627,85,2024-09-22 04:54:03,Pending,Credit Card,2061.11
3573,225,2,2024-07-07 06:43:32,Completed,Credit Card,4111.97
3574,553,94,2026-01-29 09:53:23,Completed,Debit Card,4029.4
3575,780,62,2025-07-03 05:59:19,Completed,Credit Card,1949.06
3576,937,77,2025-11-22 01:02:59,Returned,Debit Card,2347.83
3577,818,42,2024-10-28 17:19:28,Completed,Credit Card,1224.7
3578,911,48,2025-05-29 06:13:11,Completed,Debit Card,4416.37
3579,269,82,2026-01-06 11:50:07,Completed,UPI,4424.41
3580,947,59,2024-07-11 19:36:31,Pending,Debit Card,3039.08
3581,359,85,2025-09-24 08:49:32,Returned,Cash,1369.21
3582,908,53,2025-06-15 01:01:03,Completed,Credit Card,1807.03
3583,96,53,2025-06-20 13:14:17,Pending,Debit Card,1780.43
3584,880,99,2025-05-25 12:36:33,Completed,Cash,4024.99
3585,933,62,2026-02-27 11:44:39,Returned,UPI,2443.68
3586,902,63,2026-04-07 17:02:28,Pending,Credit Card,1008.05
3587,781,57,2025-07-28 07:33:57,Cancelled,UPI,1387.42
3588,676,58,2026-03-24 19:28:17,Cancelled,Cash,3672.97
3589,241,58,2025-12-16 06:35:29,Returned,Net Banking,3172.87
3590,961,38,2024-11-18 19:11:31,Completed,Credit Card,3456.21
3591,309,56,2025-04-21 23:10:12,Returned,Net Banking,1329.35
3592,958,76,2024-08-18 08:45:51,Returned,Debit Card,220.4
3593,236,25,2025-04-10 22:51:08,Completed,Net Banking,4544.52
3594,569,85,2025-12-22 01:39:08,Returned,Net Banking,1329.29
3595,754,62,2024-06-16 09:53:58,Completed,Debit Card,1156.88
3596,414,33,2025-12-21 05:22:00,Returned,Cash,2383.83
3597,66,90,2024-07-02 13:45:36,Cancelled,Net Banking,923.91
3598,890,94,2025-05-18 03:34:44,Pending,Credit Card,1053.37
3599,608,92,2025-09-23 15:13:59,Pending,Credit Card,4087.04
3600,438,45,2024-08-16 08:20:08,Cancelled,Cash,3397.11
3601,15,40,2025-03-30 23:27:16,Returned,UPI,4512.35
3602,293,1,2025-08-24 21:25:52,Returned,Credit Card,297.18
3603,496,53,2025-09-09 06:58:04,Returned,Credit Card,1568.8
3604,132,30,2025-03-10 16:18:43,Completed,Net Banking,3859.15
3605,794,69,2024-09-06 22:10:50,Pending,Net Banking,1135.33
3606,657,88,2025-12-16 04:36:04,Pending,Net Banking,131.67
3607,972,71,2026-02-22 18:41:06,Pending,Net Banking,958.76
3608,632,92,2025-08-14 00:25:27,Completed,UPI,1169.79
3609,640,17,2025-05-15 06:01:06,Cancelled,Debit Card,169.36
3610,129,39,2024-08-24 22:52:55,Pending,Cash,1044.07
3611,802,91,2025-10-15 23:46:03,Pending,Net Banking,1517.27
3612,688,54,2026-04-17 12:52:52,Returned,Debit Card,3385.9
3613,332,81,2025-05-17 06:26:26,Returned,UPI,2321.49
3614,359,28,2025-05-04 12:02:05,Returned,Credit Card,4400.73
3615,350,80,2024-08-29 06:19:04,Completed,Credit Card,738.81
3616,263,72,2026-04-30 03:06:35,Cancelled,Debit Card,4611.7
3617,68,68,2025-02-19 11:18:15,Cancelled,Net Banking,4717.82
3618,48,6,2025-12-30 17:49:27,Cancelled,UPI,3034.09
3619,27,83,2024-12-25 19:25:25,Completed,Cash,4664.78
3620,393,29,2026-03-20 03:42:21,Cancelled,UPI,3481.28
3621,194,93,2026-04-28 09:25:52,Returned,Cash,3331.06
3622,52,48,2025-01-31 07:45:51,Cancelled,Debit Card,1670.69
3623,1000,11,2024-11-01 06:40:17,Completed,Cash,1803.47
3624,720,48,2024-09-05 19:03:49,Returned,Net Banking,4178.72
3625,763,13,2025-08-07 18:40:26,Cancelled,Debit Card,1518.21
3626,332,93,2026-01-06 21:14:26,Returned,Credit Card,3212.17
3627,181,17,2025-06-27 11:32:08,Cancelled,Net Banking,1298.35
3628,750,89,2024-12-20 03:18:37,Cancelled,Cash,3830.52
3629,379,14,2025-09-18 15:46:04,Completed,Credit Card,3287.28
3630,400,49,2026-04-27 12:26:32,Pending,Debit Card,1853.83
3631,461,1,2025-12-14 03:05:55,Completed,Debit Card,2360.86
3632,781,96,2024-11-05 22:43:23,Pending,Credit Card,1276.18
3633,503,84,2026-05-05 01:59:29,Completed,UPI,191.58
3634,618,60,2025-01-23 23:40:10,Returned,Credit Card,167.18
3635,354,84,2025-12-27 18:49:43,Returned,UPI,1226.99
3636,390,9,2025-08-10 19:42:46,Pending,UPI,3954.87
3637,269,13,2026-04-02 03:28:59,Cancelled,UPI,28.28
3638,673,40,2024-06-15 05:44:25,Pending,Net Banking,1336.74
3639,417,37,2025-05-29 04:53:12,Pending,Cash,2193.06
3640,348,1,2025-10-05 03:23:08,Returned,Net Banking,557.99
3641,982,98,2026-02-04 11:30:14,Cancelled,UPI,1947.04
3642,997,50,2025-10-08 07:48:01,Cancelled,Net Banking,755.64
3643,791,84,2026-04-24 11:48:25,Returned,Cash,2557.4
3644,846,37,2025-10-16 03:21:35,Pending,Credit Card,4639.76
3645,426,91,2026-03-07 06:02:13,Completed,Debit Card,3292.35
3646,517,26,2025-02-20 01:16:00,Cancelled,Cash,3872.01
3647,219,98,2024-08-31 03:46:36,Returned,Debit Card,501.74
3648,275,3,2026-01-17 21:49:18,Cancelled,UPI,1947.74
3649,957,41,2026-02-14 13:51:27,Returned,Debit Card,2696.93
3650,250,15,2026-05-06 03:41:30,Completed,Net Banking,3676.33
3651,347,51,2025-04-17 03:50:21,Pending,UPI,431.77
3652,717,35,2025-11-17 05:59:45,Returned,Net Banking,4604.8
3653,79,50,2026-02-09 17:33:17,Cancelled,Credit Card,1010.94
3654,881,76,2024-06-12 08:06:52,Cancelled,Net Banking,4861.69
3655,427,86,2025-07-25 05:26:42,Cancelled,Net Banking,1459.13
3656,105,98,2025-01-10 07:08:03,Returned,Debit Card,412.21
3657,227,37,2024-09-02 21:48:25,Returned,Net Banking,1337.92
3658,412,78,2024-08-17 14:02:34,Returned,Credit Card,801.95
3659,275,61,2024-06-28 00:42:49,Pending,Cash,2293.22
3660,117,50,2024-10-20 05:10:53,Completed,Net Banking,151.6
3661,774,17,2024-11-04 18:23:15,Pending,UPI,2891.95
3662,760,66,2025-11-29 11:38:12,Cancelled,Net Banking,942.35
3663,894,7,2024-11-27 00:48:03,Returned,UPI,4262.74
3664,958,36,2024-12-10 07:53:08,Completed,UPI,2974.24
3665,392,79,2024-12-21 10:24:01,Completed,Credit Card,578.88
3666,14,66,2025-05-31 13:06:32,Returned,UPI,1589.07
3667,925,30,2025-02-11 18:32:25,Completed,Credit Card,2006.59
3668,756,39,2024-07-10 07:32:27,Cancelled,UPI,977.28
3669,150,86,2024-11-18 11:57:48,Pending,Cash,3120.25
3670,237,9,2025-12-07 11:32:26,Pending,Credit Card,149.32
3671,246,1,2024-06-23 13:54:02,Returned,UPI,909.13
3672,104,22,2025-09-23 17:30:24,Completed,Credit Card,2127.11
3673,97,6,2024-07-17 12:39:58,Cancelled,Credit Card,4207.37
3674,5,29,2026-03-30 07:14:23,Pending,Net Banking,3894.9
3675,293,13,2025-04-11 10:07:10,Pending,Debit Card,4671.38
3676,558,62,2024-12-19 19:12:50,Returned,Cash,2664.07
3677,684,91,2024-11-16 09:52:16,Completed,Credit Card,41.0
3678,568,46,2024-10-26 17:38:55,Returned,Credit Card,3800.05
3679,747,98,2024-06-22 22:45:35,Pending,Cash,4000.52
3680,659,33,2024-06-12 21:14:25,Returned,Net Banking,3086.88
3681,587,25,2025-09-21 02:54:31,Completed,Credit Card,1582.58
3682,955,17,2024-06-08 05:53:03,Cancelled,Debit Card,766.32
3683,741,51,2026-03-06 13:49:32,Completed,Credit Card,1039.88
3684,143,74,2024-09-10 23:20:33,Returned,Cash,1024.6
3685,204,40,2026-04-20 12:35:35,Returned,Debit Card,2634.24
3686,665,64,2025-02-03 00:20:36,Cancelled,Debit Card,4366.4
3687,488,22,2024-11-02 07:23:37,Returned,Credit Card,3603.6
3688,462,39,2025-11-25 22:59:30,Cancelled,Debit Card,4461.95
3689,559,57,2024-12-06 21:30:01,Cancelled,Debit Card,2268.29
3690,281,30,2024-07-19 08:56:38,Cancelled,Debit Card,4672.32
3691,387,28,2024-12-05 05:34:35,Cancelled,Credit Card,3029.16
3692,860,71,2024-07-08 12:48:47,Returned,UPI,2175.19
3693,916,19,2025-01-22 19:21:36,Completed,Debit Card,4982.39
3694,731,62,2025-12-17 19:46:03,Cancelled,Net Banking,1397.3
3695,379,7,2025-11-10 00:50:00,Completed,Cash,489.55
3696,290,26,2025-01-12 05:56:35,Pending,Net Banking,3128.18
3697,300,39,2025-05-07 02:54:02,Completed,Cash,2120.95
3698,843,70,2026-01-16 04:50:30,Pending,Net Banking,1769.73
3699,44,8,2024-12-06 21:54:13,Cancelled,Cash,4303.26
3700,836,37,2025-12-24 20:11:11,Completed,UPI,2954.51
3701,135,22,2025-03-28 09:06:19,Cancelled,Net Banking,2900.57
3702,805,18,2025-08-10 13:44:22,Returned,Credit Card,4569.69
3703,443,7,2025-03-24 18:04:53,Completed,UPI,491.12
3704,929,84,2026-05-17 18:24:56,Pending,UPI,3140.91
3705,44,17,2024-09-27 13:07:01,Returned,Net Banking,1466.17
3706,237,3,2026-03-25 03:23:53,Cancelled,Debit Card,3510.56
3707,312,10,2024-08-02 02:52:02,Returned,Net Banking,3897.02
3708,339,7,2025-04-19 16:35:05,Completed,Credit Card,2613.12
3709,35,51,2024-11-01 13:32:56,Returned,Cash,556.88
3710,237,31,2025-09-18 11:47:05,Pending,UPI,1794.68
3711,34,33,2026-05-09 14:02:43,Returned,Net Banking,1456.8
3712,303,32,2025-08-07 05:25:02,Completed,Cash,4306.58
3713,799,92,2025-05-27 20:48:56,Returned,Credit Card,2113.49
3714,613,26,2026-03-17 19:29:12,Pending,Debit Card,2050.06
3715,109,17,2025-07-30 09:17:22,Pending,Debit Card,3964.2
3716,206,30,2026-01-06 20:02:41,Cancelled,Cash,4201.39
3717,300,47,2025-07-03 18:56:00,Pending,Net Banking,1174.02
3718,825,46,2024-10-01 06:15:08,Completed,Cash,4865.58
3719,7,87,2025-02-21 18:54:03,Returned,Cash,4247.65
3720,730,26,2024-07-10 01:33:11,Cancelled,UPI,1542.95
3721,203,75,2026-02-18 03:13:57,Pending,Net Banking,1698.79
3722,284,28,2025-10-18 03:44:06,Cancelled,Credit Card,3464.43
3723,278,48,2024-05-30 05:54:56,Returned,Cash,1471.39
3724,441,37,2026-05-25 03:52:03,Returned,Cash,1846.91
3725,999,96,2024-08-28 05:17:06,Pending,Net Banking,792.64
3726,482,17,2025-06-19 08:30:05,Completed,Cash,4648.52
3727,985,90,2025-11-19 18:23:01,Returned,Credit Card,2181.47
3728,805,95,2026-04-13 17:16:42,Returned,Cash,2039.03
3729,728,30,2025-07-14 15:42:41,Returned,UPI,2708.18
3730,77,47,2026-01-29 01:25:01,Returned,Credit Card,2816.71
3731,915,67,2025-07-21 17:43:58,Completed,Debit Card,3466.85
3732,383,39,2024-11-27 12:24:53,Returned,Net Banking,3428.93
3733,355,77,2024-12-28 13:19:33,Completed,Cash,4153.72
3734,633,86,2025-02-07 22:26:26,Completed,Credit Card,1329.19
3735,509,72,2025-08-18 10:22:48,Cancelled,Net Banking,4832.66
3736,572,17,2024-06-23 03:15:28,Pending,Credit Card,757.43
3737,672,44,2025-01-19 11:57:05,Completed,UPI,396.39
3738,768,59,2025-04-29 12:46:29,Cancelled,Credit Card,2914.97
3739,249,40,2024-09-12 13:59:39,Completed,Net Banking,4002.59
3740,321,95,2024-11-11 12:22:39,Completed,Cash,3608.22
3741,743,46,2024-08-20 07:14:16,Completed,Credit Card,3678.19
3742,435,100,2025-06-07 06:41:05,Returned,Debit Card,3126.01
3743,244,15,2024-12-30 09:38:38,Returned,Cash,3857.36
3744,308,87,2025-12-09 12:54:54,Returned,Cash,2667.49
3745,510,37,2024-09-10 22:07:08,Cancelled,UPI,3047.32
3746,959,69,2024-06-09 05:14:03,Completed,UPI,3631.58
3747,16,97,2025-12-20 03:26:25,Returned,UPI,2004.87
3748,270,84,2025-05-29 14:10:43,Returned,Debit Card,3237.64
3749,863,79,2025-01-22 03:02:13,Returned,Debit Card,2629.71
3750,252,97,2024-06-02 16:27:57,Pending,Cash,393.05
3751,753,28,2026-05-08 15:12:29,Completed,UPI,2207.24
3752,195,74,2025-07-02 08:36:45,Cancelled,Debit Card,413.42
3753,470,81,2024-08-07 02:27:30,Cancelled,Debit Card,345.69
3754,1000,28,2025-02-19 04:16:31,Returned,Debit Card,1930.72
3755,88,69,2024-07-17 10:07:29,Cancelled,Net Banking,3137.25
3756,688,17,2026-01-31 04:39:09,Completed,Credit Card,3074.09
3757,799,20,2026-04-19 19:07:44,Completed,Cash,320.26
3758,688,7,2026-05-22 22:50:32,Cancelled,Debit Card,610.46
3759,120,53,2025-05-26 05:52:18,Returned,Credit Card,4863.59
3760,443,49,2025-07-15 22:31:25,Returned,Net Banking,1979.79
3761,677,9,2026-05-10 06:09:20,Pending,Credit Card,4346.58
3762,463,86,2025-04-13 15:33:21,Pending,Debit Card,2778.8
3763,707,44,2025-10-24 20:13:24,Pending,Cash,4044.46
3764,745,63,2025-12-28 01:12:17,Completed,UPI,3948.73
3765,433,64,2024-07-22 00:59:12,Completed,UPI,457.26
3766,107,32,2025-03-27 05:43:47,Cancelled,UPI,284.88
3767,292,97,2026-03-05 11:57:20,Cancelled,Debit Card,1225.76
3768,261,96,2025-09-27 21:40:09,Pending,Debit Card,331.61
3769,33,77,2024-09-09 01:57:55,Completed,Cash,2642.58
3770,170,53,2025-09-29 07:06:21,Cancelled,Debit Card,1365.58
3771,784,77,2026-01-06 21:41:30,Pending,Debit Card,3484.14
3772,654,78,2025-12-25 09:20:10,Returned,Cash,4248.63
3773,790,63,2024-09-28 04:07:45,Returned,Credit Card,4687.03
3774,778,75,2024-08-28 12:51:46,Completed,Debit Card,3362.48
3775,87,90,2024-12-31 11:44:51,Pending,Debit Card,4169.77
3776,965,90,2025-10-27 16:23:09,Completed,Credit Card,383.12
3777,434,69,2025-11-20 00:16:03,Pending,Net Banking,1040.82
3778,210,69,2025-03-30 20:44:55,Returned,Net Banking,3292.29
3779,540,43,2026-05-18 02:42:29,Completed,Credit Card,2545.38
3780,494,91,2025-12-04 13:18:22,Pending,Net Banking,2959.67
3781,754,20,2026-01-27 21:22:27,Completed,Credit Card,4790.99
3782,668,11,2025-09-12 10:11:30,Cancelled,Net Banking,384.84
3783,989,53,2025-11-22 05:59:27,Pending,UPI,3438.99
3784,469,64,2026-05-25 06:42:22,Completed,UPI,1038.97
3785,636,29,2025-01-28 12:26:46,Pending,UPI,1984.43
3786,553,75,2025-08-22 11:15:29,Cancelled,Net Banking,4664.88
3787,645,54,2025-10-19 09:18:29,Cancelled,UPI,3795.07
3788,770,84,2026-01-10 20:29:11,Returned,UPI,2071.32
3789,152,42,2024-07-23 07:06:50,Cancelled,Credit Card,3409.45
3790,300,62,2025-08-04 22:23:56,Pending,Debit Card,4896.99
3791,174,14,2024-06-10 07:38:38,Returned,Credit Card,3239.55
3792,996,93,2026-03-28 01:06:49,Returned,Credit Card,4338.8
3793,576,2,2026-02-11 04:42:58,Cancelled,Net Banking,969.36
3794,797,18,2026-01-19 15:18:30,Returned,UPI,2849.04
3795,414,31,2025-02-06 09:39:20,Pending,Debit Card,3884.73
3796,307,100,2024-06-26 02:26:30,Returned,Net Banking,3226.11
3797,579,12,2024-09-08 07:18:33,Cancelled,Credit Card,4792.06
3798,833,55,2024-10-09 20:23:58,Cancelled,Cash,895.2
3799,796,32,2026-04-02 15:13:18,Pending,Credit Card,2300.79
3800,512,81,2025-04-14 23:06:52,Pending,Cash,4587.03
3801,915,13,2024-11-13 08:49:18,Pending,UPI,3916.05
3802,257,85,2025-12-16 01:53:57,Cancelled,Cash,2193.36
3803,609,50,2025-01-09 22:39:16,Completed,Cash,1295.05
3804,508,48,2025-06-28 02:59:28,Returned,Cash,1762.68
3805,106,10,2024-11-10 05:53:42,Pending,Net Banking,2995.83
3806,204,54,2025-03-16 20:32:39,Completed,Credit Card,3366.55
3807,836,35,2025-01-08 00:14:37,Returned,UPI,3256.7
3808,544,22,2025-02-25 00:06:08,Returned,Net Banking,3196.41
3809,600,24,2025-01-07 11:09:46,Pending,UPI,4916.8
3810,673,30,2026-01-04 22:43:40,Pending,UPI,1906.41
3811,67,6,2024-10-15 22:44:59,Pending,UPI,3200.72
3812,854,79,2025-04-13 14:20:11,Pending,UPI,4969.78
3813,709,7,2024-12-06 13:23:59,Pending,UPI,749.95
3814,443,19,2025-10-28 01:37:52,Pending,Credit Card,3735.18
3815,490,49,2026-05-24 21:33:23,Pending,Net Banking,956.0
3816,299,63,2024-10-03 09:37:47,Returned,Cash,1159.71
3817,694,36,2026-03-27 16:11:49,Pending,Credit Card,2999.34
3818,992,15,2025-12-17 16:01:05,Cancelled,Credit Card,1178.76
3819,225,37,2026-05-03 10:37:55,Completed,Net Banking,3569.8
3820,521,13,2025-03-09 08:25:44,Cancelled,Credit Card,279.02
3821,805,53,2026-04-17 22:56:46,Completed,Cash,2365.28
3822,494,7,2024-11-17 21:19:49,Pending,Credit Card,1650.01
3823,922,94,2024-06-29 14:05:36,Completed,Net Banking,4541.28
3824,759,6,2025-01-18 19:08:48,Returned,Cash,936.04
3825,179,65,2025-04-04 19:55:13,Cancelled,Net Banking,4749.69
3826,89,91,2025-06-23 03:05:00,Completed,Debit Card,305.68
3827,898,80,2025-12-12 07:28:34,Completed,Credit Card,3804.54
3828,879,48,2026-05-09 22:47:03,Pending,Debit Card,878.1
3829,155,61,2026-05-23 16:22:26,Pending,Cash,4568.15
3830,577,29,2025-12-23 04:21:53,Completed,Net Banking,2198.04
3831,373,34,2025-03-03 19:57:25,Completed,Net Banking,2034.33
3832,845,10,2026-03-22 21:54:08,Pending,Cash,3580.15
3833,442,93,2024-07-14 18:19:18,Pending,UPI,4866.5
3834,268,98,2024-11-18 03:01:29,Completed,Credit Card,3145.53
3835,787,75,2026-01-19 00:21:31,Returned,Debit Card,3232.13
3836,162,34,2025-01-05 13:30:45,Cancelled,Cash,4619.32
3837,927,14,2025-10-08 06:27:56,Returned,Debit Card,3736.64
3838,525,56,2025-01-12 14:17:03,Pending,Credit Card,4309.22
3839,530,80,2025-01-09 15:46:08,Cancelled,Debit Card,23.28
3840,266,94,2025-05-02 00:50:29,Returned,UPI,1135.13
3841,278,80,2025-07-08 13:06:26,Completed,Cash,2071.42
3842,884,16,2024-10-08 20:02:25,Pending,Cash,2438.85
3843,612,51,2025-10-13 07:23:52,Returned,UPI,1594.49
3844,324,46,2025-04-28 19:13:45,Completed,UPI,765.95
3845,530,87,2024-09-02 06:49:40,Pending,UPI,3918.6
3846,242,37,2025-11-12 02:05:50,Returned,Debit Card,2586.22
3847,344,52,2025-02-24 13:56:34,Pending,Debit Card,3776.02
3848,592,2,2024-05-28 12:28:34,Pending,Net Banking,1805.57
3849,883,86,2026-01-24 10:33:06,Cancelled,Net Banking,2964.1
3850,425,9,2025-04-09 17:58:24,Cancelled,UPI,3791.01
3851,927,47,2026-02-22 03:33:58,Cancelled,Net Banking,752.72
3852,460,75,2026-04-28 02:52:44,Returned,Debit Card,2684.01
3853,116,62,2026-05-14 05:05:18,Returned,Debit Card,3025.96
3854,622,33,2024-10-26 08:40:33,Cancelled,Net Banking,1009.11
3855,290,83,2026-05-12 03:09:24,Pending,Cash,2021.68
3856,486,57,2026-03-11 12:32:01,Returned,Cash,3668.13
3857,832,69,2025-04-07 17:34:53,Pending,Credit Card,1663.97
3858,116,58,2024-10-26 20:27:13,Completed,Credit Card,953.8
3859,363,82,2025-11-12 16:45:28,Cancelled,Debit Card,3583.52
3860,82,34,2025-12-04 00:25:51,Pending,Debit Card,3748.09
3861,594,55,2024-08-12 05:23:58,Pending,UPI,1263.44
3862,125,99,2026-03-29 06:53:07,Pending,Net Banking,2754.99
3863,54,77,2024-12-24 02:26:33,Pending,Cash,705.55
3864,674,39,2024-12-27 07:17:32,Pending,Credit Card,876.5
3865,808,49,2025-03-29 06:28:40,Pending,Credit Card,3534.4
3866,288,68,2025-11-21 10:54:42,Completed,Credit Card,4820.03
3867,217,92,2025-07-03 07:45:45,Pending,Debit Card,3882.98
3868,500,21,2024-11-07 14:05:55,Pending,Net Banking,3873.39
3869,425,74,2025-11-05 02:07:42,Pending,Net Banking,1722.14
3870,881,63,2025-07-29 19:07:37,Cancelled,Debit Card,3750.52
3871,688,6,2025-03-04 07:28:24,Pending,Credit Card,4404.05
3872,766,4,2024-06-13 10:22:05,Pending,Cash,2640.89
3873,444,49,2026-03-23 00:19:41,Returned,Net Banking,4385.58
3874,489,45,2026-05-07 14:34:55,Cancelled,Debit Card,2250.27
3875,259,2,2025-05-13 04:25:41,Returned,UPI,3064.15
3876,659,47,2025-02-09 13:30:15,Pending,Credit Card,718.09
3877,902,9,2024-09-03 06:34:03,Returned,Net Banking,3441.21
3878,73,92,2025-10-26 16:34:15,Completed,Cash,4319.83
3879,505,84,2025-02-18 04:24:49,Completed,Credit Card,1977.68
3880,934,96,2025-11-05 20:55:37,Cancelled,Credit Card,4748.98
3881,194,84,2026-02-10 11:30:44,Returned,Net Banking,2475.15
3882,44,70,2024-10-30 16:00:02,Completed,Debit Card,2178.98
3883,145,39,2025-10-19 02:25:47,Pending,Cash,4940.72
3884,922,95,2025-12-01 14:31:37,Pending,Credit Card,4979.03
3885,320,5,2024-07-18 13:54:25,Completed,Cash,900.2
3886,218,19,2026-03-26 08:43:49,Completed,Credit Card,771.89
3887,702,82,2025-09-20 01:28:46,Cancelled,Debit Card,2039.38
3888,940,31,2025-02-22 09:45:24,Completed,UPI,4371.14
3889,430,17,2025-11-04 01:38:04,Completed,Net Banking,929.24
3890,439,76,2025-07-16 20:31:43,Completed,Debit Card,2734.84
3891,883,65,2025-10-23 03:40:36,Cancelled,Debit Card,4001.2
3892,888,11,2024-09-23 20:28:08,Returned,UPI,3176.52
3893,793,3,2025-04-25 19:41:23,Pending,UPI,4920.97
3894,84,97,2025-12-09 14:41:50,Completed,Net Banking,701.65
3895,895,25,2024-08-08 02:37:03,Cancelled,Net Banking,1263.1
3896,791,32,2025-01-25 17:52:11,Completed,Credit Card,3458.21
3897,443,50,2025-04-28 02:29:49,Pending,Cash,4319.9
3898,673,51,2025-10-25 18:53:33,Completed,Credit Card,1898.96
3899,471,10,2026-04-22 10:40:08,Completed,UPI,2473.59
3900,430,4,2026-03-25 13:21:13,Cancelled,Credit Card,4791.44
3901,289,92,2025-06-26 10:49:50,Completed,Credit Card,702.03
3902,941,18,2024-08-03 03:45:50,Returned,Net Banking,4665.99
3903,158,63,2026-01-24 11:23:51,Pending,Net Banking,1468.72
3904,49,84,2025-07-07 00:53:04,Pending,Credit Card,1136.0
3905,131,89,2026-03-14 11:00:02,Pending,Cash,1114.01
3906,43,35,2024-11-11 13:59:45,Pending,UPI,1181.8
3907,919,94,2024-12-30 02:24:13,Completed,Credit Card,1881.42
3908,524,3,2024-09-15 05:02:27,Returned,Net Banking,2423.89
3909,26,46,2024-12-14 00:15:49,Returned,Debit Card,373.07
3910,391,17,2025-05-04 21:40:16,Returned,Debit Card,393.18
3911,787,10,2026-04-25 13:25:51,Completed,Net Banking,2314.82
3912,853,95,2026-04-20 01:24:21,Completed,Debit Card,3195.61
3913,645,20,2024-06-30 12:32:10,Cancelled,Cash,3450.1
3914,346,60,2026-02-17 01:03:48,Cancelled,Credit Card,1200.86
3915,663,73,2025-10-13 14:57:54,Cancelled,Debit Card,1852.84
3916,605,58,2025-01-08 08:49:38,Pending,Cash,1703.68
3917,658,93,2024-11-11 02:20:47,Returned,UPI,659.42
3918,935,17,2024-06-28 06:06:21,Cancelled,UPI,270.72
3919,406,17,2025-08-31 17:29:56,Completed,Debit Card,4082.08
3920,107,78,2025-04-22 03:37:09,Completed,Credit Card,2533.1
3921,710,86,2025-03-24 01:32:36,Pending,Cash,998.02
3922,194,53,2026-05-19 06:51:04,Returned,Credit Card,1105.47
3923,544,40,2024-11-15 13:56:08,Cancelled,Debit Card,4217.7
3924,685,29,2025-12-07 16:04:25,Cancelled,Debit Card,4821.67
3925,993,11,2026-03-15 00:21:26,Completed,UPI,4372.74
3926,997,63,2025-09-16 02:19:09,Completed,Cash,3235.67
3927,978,93,2025-11-01 14:44:47,Cancelled,Debit Card,191.68
3928,172,6,2025-08-14 12:56:39,Pending,Debit Card,414.73
3929,14,78,2025-04-19 22:37:25,Cancelled,Cash,542.96
3930,821,50,2026-02-21 22:46:47,Completed,Net Banking,3162.13
3931,952,37,2026-03-12 16:08:46,Cancelled,Net Banking,1357.03
3932,413,5,2026-05-26 17:04:27,Completed,Net Banking,3473.39
3933,879,57,2025-10-01 05:30:55,Returned,Debit Card,1683.96
3934,170,62,2026-01-27 23:37:35,Pending,UPI,3299.68
3935,944,46,2026-05-01 04:18:04,Cancelled,Net Banking,901.9
3936,898,99,2025-04-08 17:17:33,Completed,Debit Card,2125.75
3937,845,90,2025-03-07 11:28:41,Completed,UPI,4721.24
3938,590,94,2026-03-10 03:44:05,Pending,Debit Card,1518.86
3939,569,88,2024-09-22 15:36:20,Completed,Cash,4587.68
3940,251,45,2025-12-07 10:09:08,Completed,Credit Card,2517.17
3941,65,62,2025-10-16 09:12:19,Completed,Net Banking,1402.28
3942,144,23,2025-05-23 21:03:30,Returned,Cash,3367.65
3943,679,54,2024-11-02 12:16:38,Returned,Debit Card,1026.76
3944,891,15,2026-05-25 00:29:09,Returned,Cash,4633.07
3945,27,21,2024-06-25 03:22:17,Pending,Debit Card,3814.72
3946,358,78,2024-12-11 09:33:47,Cancelled,Credit Card,1965.64
3947,864,14,2025-02-01 23:31:01,Returned,Net Banking,3202.86
3948,818,35,2026-03-17 00:54:34,Returned,Debit Card,2504.96
3949,768,75,2025-07-11 20:21:27,Cancelled,Net Banking,4875.59
3950,680,6,2025-06-01 07:50:46,Completed,Net Banking,4596.29
3951,629,16,2026-04-21 23:30:36,Completed,Net Banking,1069.5
3952,505,10,2024-11-18 15:31:46,Returned,Net Banking,1910.91
3953,218,91,2024-08-22 19:34:28,Pending,Cash,464.48
3954,315,70,2026-01-22 07:52:38,Pending,Cash,183.62
3955,483,19,2024-08-22 00:03:44,Completed,Debit Card,2788.24
3956,372,73,2026-01-14 19:35:27,Cancelled,UPI,922.13
3957,15,86,2025-02-07 23:17:18,Completed,UPI,1832.52
3958,856,9,2024-09-16 21:05:34,Pending,Debit Card,3035.42
3959,429,49,2024-07-31 13:25:47,Returned,Cash,907.55
3960,89,6,2024-08-06 23:31:12,Returned,Credit Card,3395.26
3961,255,18,2026-04-23 00:44:07,Cancelled,Cash,3334.05
3962,480,79,2025-03-28 01:07:36,Returned,Debit Card,3170.03
3963,548,75,2025-10-05 01:12:51,Pending,Cash,4868.22
3964,173,56,2025-06-20 14:04:38,Returned,Debit Card,4470.95
3965,518,68,2026-04-10 12:51:28,Completed,Debit Card,1817.0
3966,908,49,2025-12-19 07:41:34,Pending,Debit Card,3891.61
3967,736,71,2025-06-29 10:30:10,Returned,Debit Card,2633.56
3968,381,93,2025-07-21 10:01:42,Returned,Credit Card,2705.29
3969,561,92,2025-02-26 22:15:10,Returned,Cash,3087.52
3970,2,80,2025-02-05 12:20:32,Returned,Cash,3662.9
3971,784,10,2025-03-06 17:06:36,Completed,Cash,2462.45
3972,702,44,2025-06-20 12:40:36,Completed,Net Banking,789.77
3973,135,69,2025-01-13 12:14:16,Pending,Debit Card,141.12
3974,233,81,2025-05-17 06:56:31,Cancelled,Credit Card,425.18
3975,672,98,2024-06-22 05:04:37,Completed,Cash,3177.7
3976,942,83,2024-06-20 07:22:55,Completed,Credit Card,2167.48
3977,54,24,2025-09-09 08:22:47,Completed,Debit Card,773.15
3978,185,91,2026-03-07 04:29:36,Completed,Net Banking,4243.11
3979,415,29,2024-12-09 23:52:09,Returned,UPI,4844.64
3980,292,61,2025-02-14 10:35:47,Pending,Net Banking,2591.51
3981,856,67,2025-12-03 21:23:37,Pending,Net Banking,2878.65
3982,499,11,2024-10-24 17:17:45,Cancelled,Cash,4308.77
3983,663,68,2025-01-09 07:32:45,Pending,Debit Card,1211.37
3984,925,55,2025-04-12 04:45:35,Returned,UPI,4052.85
3985,980,59,2025-03-23 07:01:27,Completed,UPI,4620.06
3986,574,26,2025-11-02 08:42:13,Returned,Credit Card,4957.64
3987,772,11,2024-08-06 20:38:52,Pending,UPI,2773.58
3988,771,5,2025-10-23 13:26:03,Returned,Net Banking,3715.73
3989,142,38,2024-09-07 13:32:25,Returned,Cash,2280.36
3990,341,20,2024-07-01 01:15:42,Returned,Net Banking,4419.04
3991,628,81,2025-11-09 18:51:54,Cancelled,Net Banking,4458.07
3992,178,21,2025-01-12 20:00:26,Completed,Net Banking,3217.62
3993,73,20,2024-10-13 02:29:42,Completed,Debit Card,4713.31
3994,502,75,2024-11-27 16:21:58,Returned,Credit Card,1422.46
3995,513,52,2025-09-06 05:47:19,Cancelled,UPI,2824.15
3996,581,10,2024-09-24 09:44:53,Returned,Cash,2192.48
3997,317,53,2024-11-26 12:25:39,Cancelled,UPI,899.58
3998,200,67,2025-05-31 10:58:04,Completed,UPI,3886.25
3999,783,25,2025-02-26 08:11:57,Completed,Cash,1009.63
4000,173,81,2025-04-19 08:57:39,Pending,UPI,2686.35
4001,479,63,2025-09-19 07:40:18,Pending,UPI,3039.39
4002,398,28,2026-05-18 08:17:56,Cancelled,Cash,1602.45
4003,796,81,2025-11-20 19:16:04,Cancelled,Cash,364.15
4004,393,5,2026-04-06 16:50:14,Pending,UPI,1073.94
4005,230,79,2026-05-07 13:30:48,Returned,UPI,477.73
4006,893,64,2025-09-09 00:27:25,Returned,UPI,1370.98
4007,749,58,2025-01-29 07:02:56,Pending,UPI,2526.97
4008,172,52,2024-10-25 15:21:54,Cancelled,Cash,4835.29
4009,662,44,2025-07-11 01:21:14,Completed,Net Banking,2047.77
4010,692,42,2024-06-09 00:49:06,Pending,Cash,1730.25
4011,682,86,2026-01-02 19:58:12,Returned,Debit Card,3080.76
4012,400,38,2025-10-18 07:55:09,Pending,Debit Card,1000.64
4013,259,47,2025-05-03 05:31:56,Pending,UPI,2808.12
4014,973,26,2024-07-29 19:37:20,Cancelled,Credit Card,2253.09
4015,907,61,2024-09-26 14:27:53,Cancelled,Cash,1930.19
4016,560,83,2025-03-29 21:26:20,Returned,Cash,727.96
4017,95,16,2025-03-04 12:11:03,Pending,UPI,3334.89
4018,1000,38,2024-11-20 13:51:02,Pending,Cash,2264.55
4019,643,27,2025-09-09 18:37:35,Pending,Cash,1521.56
4020,328,87,2026-01-15 13:03:01,Cancelled,Cash,3031.98
4021,344,16,2025-06-11 12:46:25,Pending,UPI,1023.71
4022,882,89,2024-10-11 11:04:40,Completed,Debit Card,1742.08
4023,257,76,2024-09-12 11:45:04,Returned,Net Banking,4513.64
4024,375,44,2025-06-19 23:26:20,Cancelled,Debit Card,250.43
4025,769,1,2024-07-13 03:20:54,Cancelled,Cash,2801.57
4026,974,99,2026-03-27 18:23:30,Returned,UPI,2534.51
4027,645,76,2024-11-21 12:13:09,Completed,Net Banking,4510.78
4028,69,56,2025-11-07 13:05:33,Completed,Cash,3353.97
4029,153,9,2025-11-23 02:35:03,Pending,Cash,1892.7
4030,227,98,2026-05-04 12:37:53,Completed,Cash,888.07
4031,123,49,2025-12-01 03:41:14,Completed,UPI,357.44
4032,17,30,2024-08-20 13:03:17,Completed,Credit Card,3890.87
4033,520,44,2024-07-10 01:13:06,Cancelled,Credit Card,4083.41
4034,543,67,2025-10-22 14:07:42,Pending,Cash,1875.02
4035,701,84,2025-10-28 18:28:25,Returned,Net Banking,1199.11
4036,906,21,2024-12-11 02:56:16,Cancelled,Debit Card,3451.0
4037,718,55,2024-10-25 02:46:16,Pending,UPI,4443.61
4038,465,55,2025-03-18 01:43:17,Completed,Cash,4276.0
4039,14,80,2025-01-18 22:55:59,Returned,Debit Card,625.44
4040,148,21,2026-02-04 11:11:56,Returned,Net Banking,2254.42
4041,183,5,2025-01-01 00:38:32,Cancelled,Net Banking,1900.23
4042,356,79,2024-11-29 19:24:35,Returned,Net Banking,571.59
4043,872,72,2025-06-01 02:30:00,Completed,Debit Card,169.93
4044,597,84,2024-08-24 17:02:58,Pending,UPI,1081.72
4045,16,60,2024-11-22 22:12:42,Pending,Net Banking,1350.11
4046,65,94,2025-08-10 12:50:00,Returned,UPI,4956.86
4047,174,26,2026-04-23 23:45:49,Completed,Net Banking,2204.38
4048,727,89,2026-03-15 05:27:44,Pending,Debit Card,2526.91
4049,605,2,2024-08-16 14:31:53,Returned,Net Banking,3403.41
4050,504,76,2025-01-29 06:59:09,Completed,UPI,2970.68
4051,616,60,2024-07-04 13:06:56,Pending,UPI,1547.19
4052,246,55,2025-02-01 10:48:45,Returned,Credit Card,1407.84
4053,560,70,2025-02-18 23:16:35,Completed,Net Banking,2904.99
4054,129,90,2024-08-17 03:17:11,Pending,Net Banking,1452.98
4055,701,86,2025-08-07 23:55:56,Completed,Credit Card,4805.21
4056,504,37,2024-08-01 11:20:13,Cancelled,Cash,1860.93
4057,639,72,2024-06-08 08:41:25,Completed,Credit Card,3249.87
4058,834,2,2025-10-09 05:24:36,Cancelled,Debit Card,541.93
4059,766,16,2025-12-30 10:28:02,Pending,Net Banking,3430.42
4060,633,67,2025-07-15 01:22:44,Pending,UPI,1944.15
4061,402,89,2025-06-29 09:35:17,Cancelled,Cash,4395.21
4062,647,85,2025-05-01 09:32:28,Completed,Net Banking,2732.99
4063,568,24,2024-06-07 22:02:32,Completed,UPI,4788.62
4064,625,11,2025-10-28 09:37:28,Completed,Debit Card,178.49
4065,978,35,2024-07-04 12:02:09,Cancelled,Net Banking,2240.72
4066,597,41,2024-11-18 05:13:49,Cancelled,Debit Card,672.56
4067,798,83,2026-04-14 11:35:42,Returned,Debit Card,570.34
4068,182,18,2025-09-18 21:23:36,Returned,Debit Card,2318.99
4069,181,97,2026-01-28 13:34:25,Cancelled,Credit Card,4156.7
4070,244,54,2025-09-30 08:50:04,Completed,Net Banking,3801.89
4071,106,77,2025-01-07 00:18:42,Returned,Debit Card,2194.42
4072,413,41,2025-06-18 23:55:22,Cancelled,Credit Card,3698.74
4073,439,72,2025-01-23 23:15:45,Cancelled,Net Banking,2529.56
4074,492,30,2024-08-10 13:21:37,Pending,Net Banking,46.14
4075,291,34,2026-03-06 19:09:18,Pending,Credit Card,928.07
4076,404,60,2024-10-29 19:52:05,Returned,Credit Card,2501.18
4077,800,20,2026-05-03 11:44:28,Returned,Credit Card,4844.16
4078,624,88,2025-07-30 11:00:29,Pending,Net Banking,1464.54
4079,316,100,2024-12-19 05:28:42,Pending,Net Banking,4682.64
4080,229,80,2025-05-29 02:54:49,Cancelled,Cash,282.63
4081,72,72,2026-01-20 05:55:27,Returned,Debit Card,3249.48
4082,490,10,2025-03-18 04:07:26,Returned,Net Banking,2497.07
4083,187,4,2025-09-08 13:50:17,Pending,Credit Card,4205.69
4084,167,15,2024-06-08 07:24:09,Cancelled,Debit Card,2311.97
4085,655,20,2024-06-05 02:18:28,Completed,Debit Card,1665.59
4086,665,83,2025-11-23 12:49:28,Pending,UPI,4051.77
4087,735,38,2025-07-01 14:17:42,Returned,Debit Card,1577.13
4088,122,76,2025-05-31 06:18:57,Pending,Cash,4397.76
4089,94,32,2025-05-06 10:16:13,Completed,UPI,2146.76
4090,868,69,2024-07-24 05:28:48,Completed,Cash,1552.08
4091,102,94,2024-12-20 20:12:23,Completed,Debit Card,2989.41
4092,716,65,2025-08-18 08:41:54,Pending,Debit Card,1891.08
4093,265,88,2026-02-07 10:12:58,Completed,Debit Card,4248.1
4094,159,89,2024-07-11 11:32:20,Cancelled,Credit Card,3263.37
4095,153,36,2024-09-04 07:32:28,Completed,UPI,577.07
4096,880,33,2025-06-18 23:40:52,Completed,Cash,1389.96
4097,219,82,2025-06-21 21:02:53,Pending,Cash,2623.39
4098,737,73,2025-06-16 11:14:56,Pending,Net Banking,4123.14
4099,906,100,2026-04-15 07:40:02,Cancelled,UPI,1981.23
4100,867,10,2025-02-01 00:27:04,Completed,Credit Card,4111.59
4101,466,94,2025-05-02 17:19:10,Returned,Debit Card,2280.77
4102,50,34,2025-04-14 05:45:29,Returned,Net Banking,2317.14
4103,584,32,2025-01-09 12:57:14,Pending,Net Banking,3275.61
4104,532,18,2025-04-21 18:21:45,Cancelled,Net Banking,4676.63
4105,503,59,2025-03-03 02:58:54,Completed,Net Banking,4793.55
4106,168,23,2024-08-03 06:17:32,Cancelled,Credit Card,2122.12
4107,813,23,2026-01-23 09:46:05,Pending,Debit Card,2186.97
4108,767,62,2025-04-17 13:50:46,Returned,Net Banking,4355.89
4109,402,43,2024-08-13 07:47:42,Completed,Cash,4998.71
4110,978,82,2025-10-04 10:38:58,Cancelled,UPI,2263.2
4111,245,58,2026-04-29 20:07:29,Cancelled,Credit Card,2755.48
4112,347,75,2025-09-22 20:53:11,Completed,Cash,731.07
4113,588,85,2026-03-01 11:51:09,Pending,Debit Card,3671.77
4114,722,17,2025-03-19 15:47:14,Completed,Net Banking,2524.55
4115,982,99,2024-07-15 15:07:24,Completed,Debit Card,1510.29
4116,776,14,2025-03-03 20:57:36,Pending,Cash,3227.33
4117,465,62,2024-07-05 04:17:30,Completed,UPI,2602.55
4118,153,33,2026-05-01 19:23:01,Completed,UPI,3226.92
4119,844,39,2024-06-06 12:28:46,Completed,Cash,570.97
4120,697,13,2025-10-13 08:28:09,Completed,UPI,2302.42
4121,883,100,2025-07-26 13:08:34,Returned,Cash,1630.7
4122,587,14,2025-08-20 08:10:28,Cancelled,Net Banking,4601.74
4123,300,46,2024-12-17 13:52:43,Cancelled,Debit Card,2484.43
4124,466,53,2024-06-12 02:16:51,Pending,Credit Card,4576.47
4125,942,96,2025-12-03 21:34:05,Pending,Cash,1176.85
4126,873,74,2024-11-18 08:57:18,Completed,Cash,4754.84
4127,3,52,2024-12-28 01:12:41,Completed,Debit Card,2735.18
4128,793,29,2025-08-04 06:09:48,Pending,Cash,807.94
4129,545,8,2026-03-17 22:48:25,Returned,UPI,1968.83
4130,834,41,2025-08-08 04:28:55,Returned,Net Banking,1637.2
4131,257,71,2024-07-10 06:09:26,Cancelled,UPI,1777.65
4132,551,52,2024-08-12 02:59:22,Returned,Cash,3336.86
4133,270,1,2024-09-25 19:05:59,Completed,UPI,2355.73
4134,266,93,2025-09-27 08:09:56,Completed,Debit Card,3637.46
4135,722,86,2025-05-14 13:52:51,Cancelled,UPI,3969.24
4136,910,75,2025-11-19 01:01:18,Cancelled,Credit Card,3205.04
4137,958,23,2025-11-22 01:07:24,Returned,Net Banking,2998.24
4138,166,35,2025-08-19 20:04:06,Completed,Net Banking,2868.07
4139,442,74,2025-03-01 08:55:53,Returned,Credit Card,2726.29
4140,492,35,2025-03-23 17:51:53,Completed,Credit Card,2258.76
4141,441,15,2025-07-17 09:50:00,Cancelled,Cash,3733.34
4142,700,100,2025-04-05 12:06:26,Pending,Credit Card,1967.15
4143,177,89,2026-05-09 11:50:49,Cancelled,Debit Card,1417.8
4144,369,80,2024-12-28 05:09:37,Returned,Credit Card,1912.52
4145,565,98,2026-02-13 09:53:46,Pending,Debit Card,3871.28
4146,216,11,2025-12-17 16:06:20,Returned,Cash,1713.14
4147,127,9,2024-06-05 07:39:04,Pending,Credit Card,2838.08
4148,866,43,2025-06-24 06:38:00,Returned,Cash,1878.14
4149,928,69,2024-08-21 05:40:32,Pending,Credit Card,4474.46
4150,559,96,2026-01-03 12:19:16,Returned,Net Banking,2439.32
4151,882,36,2025-10-06 18:08:07,Pending,Cash,2424.23
4152,945,20,2025-07-04 12:24:40,Completed,UPI,4116.19
4153,157,87,2025-06-05 02:26:51,Returned,Debit Card,4860.92
4154,645,54,2024-12-26 14:13:32,Cancelled,Credit Card,3195.95
4155,146,17,2024-10-26 15:25:40,Completed,Net Banking,2910.19
4156,947,42,2025-06-07 07:53:57,Pending,Credit Card,3972.52
4157,517,77,2026-05-04 23:12:09,Completed,UPI,2254.28
4158,833,46,2025-06-13 10:24:42,Pending,Debit Card,2467.51
4159,127,26,2024-07-21 20:54:50,Pending,Credit Card,914.59
4160,995,27,2025-03-11 05:24:13,Cancelled,UPI,2964.04
4161,133,45,2024-11-28 04:22:15,Cancelled,Net Banking,4339.38
4162,605,32,2025-05-31 14:46:47,Pending,Debit Card,2970.32
4163,816,76,2025-08-19 20:01:24,Pending,Net Banking,3786.35
4164,548,70,2025-07-16 18:44:46,Returned,Net Banking,4008.78
4165,640,62,2026-01-07 09:26:04,Pending,Debit Card,1968.44
4166,87,91,2025-04-19 22:17:19,Pending,Net Banking,1149.23
4167,278,16,2025-08-28 10:21:07,Returned,Cash,944.32
4168,673,94,2025-03-16 01:27:06,Returned,UPI,2559.1
4169,227,49,2025-05-30 07:10:01,Pending,Debit Card,2699.12
4170,15,88,2025-02-19 19:17:20,Returned,UPI,2129.26
4171,884,86,2024-11-28 08:56:37,Completed,Cash,2672.65
4172,146,91,2025-06-22 15:52:55,Completed,Debit Card,3547.74
4173,12,92,2026-03-07 01:49:41,Completed,Cash,2104.46
4174,664,44,2024-06-01 07:20:17,Returned,Net Banking,3812.45
4175,674,84,2024-08-07 21:19:26,Returned,Debit Card,3164.66
4176,644,97,2025-05-05 07:53:48,Completed,Credit Card,2942.81
4177,895,74,2025-03-11 10:46:30,Cancelled,Net Banking,3161.21
4178,934,69,2025-10-27 22:12:47,Cancelled,Cash,1135.39
4179,387,54,2025-08-27 19:23:42,Completed,Credit Card,4675.78
4180,268,40,2025-09-09 01:07:20,Returned,Credit Card,433.57
4181,400,42,2024-12-14 11:07:36,Pending,Net Banking,615.51
4182,836,14,2024-11-23 01:31:04,Returned,Cash,4708.27
4183,856,4,2024-08-23 11:06:00,Cancelled,Credit Card,1548.49
4184,674,12,2025-05-14 19:55:41,Returned,Cash,3859.65
4185,214,44,2025-03-13 16:00:44,Pending,Credit Card,3802.59
4186,563,73,2025-12-17 08:49:34,Returned,UPI,4098.5
4187,410,19,2026-03-13 08:41:31,Returned,Net Banking,2046.79
4188,155,79,2026-03-23 15:29:32,Returned,Cash,2619.12
4189,907,42,2025-07-17 21:11:04,Returned,Debit Card,3486.35
4190,516,82,2025-04-22 15:14:44,Completed,Cash,183.84
4191,868,41,2024-11-14 10:24:58,Pending,Credit Card,2736.77
4192,101,8,2025-09-17 00:00:34,Completed,Net Banking,2846.58
4193,65,28,2024-07-26 08:54:08,Pending,Credit Card,766.26
4194,804,100,2025-07-11 18:45:15,Completed,Net Banking,4353.55
4195,262,76,2026-05-25 07:30:10,Returned,Cash,4898.25
4196,431,19,2025-02-03 14:37:09,Cancelled,Credit Card,3038.39
4197,668,26,2024-12-19 09:42:55,Cancelled,Debit Card,1485.8
4198,320,76,2026-02-24 03:01:07,Cancelled,Cash,3809.07
4199,307,52,2025-04-30 02:32:19,Cancelled,Credit Card,4135.56
4200,417,56,2025-12-04 16:55:39,Returned,Debit Card,3301.67
4201,312,11,2025-03-13 18:14:15,Pending,Debit Card,199.35
4202,690,63,2025-02-09 12:40:07,Pending,Debit Card,1634.93
4203,227,40,2024-10-05 07:05:51,Completed,Net Banking,2393.49
4204,925,92,2024-08-06 07:48:53,Cancelled,UPI,3124.25
4205,462,86,2025-08-28 15:54:22,Cancelled,Credit Card,635.52
4206,258,66,2025-01-30 08:42:49,Pending,UPI,1776.99
4207,762,97,2025-09-11 02:00:18,Returned,UPI,1016.14
4208,839,3,2024-08-07 09:44:14,Returned,UPI,1137.69
4209,631,22,2026-02-18 08:10:09,Pending,Cash,4471.3
4210,209,3,2024-07-19 14:21:50,Returned,Net Banking,670.74
4211,629,44,2025-03-12 16:19:49,Pending,Cash,811.34
4212,769,17,2025-02-28 22:08:18,Completed,UPI,3029.4
4213,685,66,2026-04-29 23:53:33,Pending,Cash,1072.5
4214,723,13,2025-09-19 15:12:03,Returned,Credit Card,3449.15
4215,610,40,2025-08-10 20:47:02,Returned,Debit Card,649.5
4216,519,31,2025-01-23 17:37:33,Pending,Net Banking,4341.73
4217,465,7,2026-03-16 03:13:35,Pending,Debit Card,1451.06
4218,206,55,2025-12-12 17:59:17,Pending,Net Banking,3794.52
4219,467,78,2024-12-31 04:46:07,Pending,Debit Card,3161.21
4220,329,46,2024-10-27 02:13:48,Returned,Debit Card,1177.19
4221,688,70,2024-06-03 19:23:04,Completed,Credit Card,835.99
4222,488,53,2025-02-08 04:48:00,Pending,Debit Card,4815.62
4223,411,92,2024-06-14 12:53:13,Completed,Cash,340.26
4224,974,65,2024-11-02 02:16:36,Pending,Credit Card,3851.72
4225,471,40,2026-05-17 19:47:29,Cancelled,Cash,764.91
4226,889,64,2024-10-31 16:08:11,Cancelled,Cash,2577.31
4227,82,39,2026-04-14 04:10:51,Completed,Net Banking,4275.48
4228,558,14,2025-02-13 11:36:17,Completed,Debit Card,3431.85
4229,866,48,2024-12-20 01:52:59,Returned,UPI,1176.76
4230,422,71,2025-09-24 15:10:11,Cancelled,UPI,4493.61
4231,479,52,2025-09-15 01:18:05,Pending,UPI,4756.96
4232,539,54,2024-09-23 16:28:37,Pending,Debit Card,2852.46
4233,685,85,2026-04-16 11:50:18,Cancelled,Net Banking,2823.94
4234,231,28,2024-06-30 06:17:39,Cancelled,Cash,3446.37
4235,379,14,2025-03-07 15:24:42,Completed,UPI,118.49
4236,652,16,2025-01-22 08:21:05,Pending,Net Banking,4498.78
4237,463,2,2025-08-23 17:56:58,Cancelled,Credit Card,1926.02
4238,31,4,2026-04-25 06:18:44,Cancelled,UPI,1089.35
4239,258,60,2025-05-23 22:50:11,Completed,Cash,4631.0
4240,531,3,2025-11-17 02:41:27,Cancelled,Cash,4252.91
4241,756,46,2026-02-11 13:18:03,Completed,Debit Card,1302.5
4242,981,94,2025-11-22 08:19:05,Pending,Cash,2538.44
4243,525,6,2024-10-23 09:30:44,Pending,Debit Card,1175.98
4244,845,9,2024-10-24 01:51:02,Returned,Debit Card,1795.2
4245,902,58,2025-08-30 14:52:58,Completed,Cash,1615.19
4246,641,40,2024-12-28 15:02:00,Pending,Credit Card,4316.02
4247,551,63,2025-12-07 07:26:39,Pending,Credit Card,4733.96
4248,810,28,2025-05-15 10:49:31,Completed,Cash,3197.63
4249,448,37,2024-06-27 02:24:04,Completed,Cash,3645.73
4250,717,49,2025-11-13 02:33:00,Pending,Net Banking,3236.77
4251,530,9,2025-03-12 18:48:38,Completed,Net Banking,2613.15
4252,375,62,2025-07-06 19:56:51,Cancelled,Debit Card,223.0
4253,212,5,2026-03-20 12:58:06,Cancelled,Debit Card,1492.11
4254,745,37,2025-03-31 18:29:10,Cancelled,UPI,2840.06
4255,365,5,2024-11-01 19:48:24,Returned,Net Banking,1757.14
4256,794,35,2025-07-29 05:05:24,Pending,Debit Card,1351.45
4257,612,36,2025-06-24 02:22:57,Completed,Debit Card,1239.92
4258,354,38,2025-01-30 01:00:35,Pending,Net Banking,4397.49
4259,303,87,2025-03-07 14:06:44,Pending,UPI,1732.57
4260,262,66,2025-03-07 19:38:56,Cancelled,Net Banking,4126.42
4261,888,67,2024-07-07 04:28:43,Pending,Net Banking,1535.84
4262,160,38,2025-01-06 07:54:56,Returned,Debit Card,620.13
4263,347,27,2026-05-12 05:16:46,Cancelled,Debit Card,970.35
4264,293,38,2025-03-31 00:35:52,Returned,Cash,3007.56
4265,896,18,2025-12-09 10:56:24,Pending,UPI,3957.73
4266,781,30,2025-01-15 05:57:23,Returned,Cash,2341.68
4267,529,76,2024-07-14 21:47:12,Cancelled,UPI,4193.37
4268,168,79,2025-03-19 12:22:49,Cancelled,UPI,1090.71
4269,744,40,2025-06-10 12:42:32,Cancelled,Net Banking,871.05
4270,430,36,2026-01-02 11:57:39,Cancelled,UPI,2447.1
4271,847,98,2025-04-16 09:23:21,Cancelled,Cash,1084.17
4272,45,80,2024-12-22 01:56:34,Returned,UPI,3986.43
4273,365,33,2025-02-17 07:52:04,Completed,Debit Card,1572.51
4274,936,56,2024-09-17 01:06:25,Completed,Credit Card,4560.7
4275,379,55,2025-11-20 05:39:21,Cancelled,Credit Card,3763.48
4276,19,24,2024-12-28 21:01:10,Cancelled,Net Banking,4022.14
4277,749,94,2025-02-13 14:50:01,Pending,Credit Card,996.41
4278,321,50,2024-08-06 18:02:55,Cancelled,UPI,4239.03
4279,344,52,2024-07-19 14:09:28,Completed,Cash,2662.83
4280,47,29,2024-11-18 02:56:51,Pending,Credit Card,2703.46
4281,400,50,2025-05-14 07:54:32,Completed,Credit Card,4037.81
4282,222,25,2026-02-21 02:25:58,Completed,Net Banking,3337.57
4283,405,39,2026-02-09 19:43:18,Pending,UPI,1808.68
4284,194,33,2024-11-29 09:01:30,Cancelled,Credit Card,206.67
4285,324,94,2025-08-11 00:50:58,Completed,Credit Card,1587.84
4286,279,37,2024-12-25 07:51:02,Pending,Net Banking,2553.38
4287,534,89,2024-07-09 12:39:45,Cancelled,Debit Card,444.33
4288,656,37,2024-06-14 12:39:00,Returned,Credit Card,1240.73
4289,770,51,2025-06-08 11:40:31,Returned,UPI,4045.51
4290,417,6,2025-02-05 10:44:04,Completed,UPI,3738.4
4291,270,4,2024-09-23 10:50:49,Cancelled,Debit Card,1077.83
4292,278,97,2026-04-01 08:46:56,Cancelled,Debit Card,3647.0
4293,223,54,2024-10-21 00:14:50,Completed,UPI,1044.67
4294,322,82,2024-09-15 17:51:29,Completed,Debit Card,4682.66
4295,901,47,2025-10-26 11:42:10,Returned,Cash,1077.39
4296,992,12,2025-08-11 12:40:31,Cancelled,Debit Card,1897.39
4297,757,17,2025-05-09 17:37:42,Returned,Debit Card,2381.41
4298,395,60,2025-12-27 20:07:27,Cancelled,UPI,4545.6
4299,136,85,2025-09-16 07:22:00,Pending,Net Banking,4065.85
4300,446,7,2025-09-14 07:03:14,Pending,Debit Card,841.35
4301,939,44,2025-01-08 01:56:59,Cancelled,Cash,2976.85
4302,589,66,2025-08-23 12:18:13,Pending,Debit Card,905.75
4303,3,6,2024-12-09 14:44:43,Pending,Cash,2677.58
4304,194,59,2024-05-28 07:31:46,Pending,Credit Card,3363.34
4305,918,28,2025-12-20 01:24:59,Cancelled,Net Banking,458.85
4306,864,68,2025-03-22 12:29:56,Cancelled,UPI,1844.75
4307,941,88,2025-03-26 13:31:00,Cancelled,Credit Card,2471.98
4308,80,60,2025-03-30 23:50:25,Returned,Credit Card,1040.08
4309,843,30,2025-10-04 19:51:51,Completed,UPI,2232.86
4310,300,18,2024-07-22 10:22:12,Pending,Net Banking,2140.7
4311,209,70,2024-07-16 10:51:46,Completed,UPI,3610.74
4312,84,75,2024-06-03 05:40:11,Pending,Cash,3748.8
4313,826,38,2025-11-14 01:28:42,Returned,UPI,2022.66
4314,583,45,2025-07-09 20:47:16,Returned,Cash,2979.87
4315,714,20,2025-11-01 05:58:47,Returned,Cash,3939.22
4316,250,19,2025-10-11 19:52:54,Returned,Net Banking,339.82
4317,235,88,2026-01-27 18:11:55,Pending,Credit Card,986.28
4318,196,23,2025-01-27 20:06:12,Returned,Net Banking,1904.43
4319,95,14,2025-07-23 07:11:59,Returned,UPI,297.32
4320,640,77,2024-11-18 03:34:37,Pending,Credit Card,433.33
4321,17,85,2025-08-25 06:56:34,Cancelled,UPI,4803.55
4322,972,89,2025-08-01 15:20:19,Cancelled,UPI,4335.77
4323,302,42,2024-08-25 20:22:13,Pending,UPI,2811.88
4324,315,44,2025-11-06 04:55:04,Cancelled,Net Banking,309.07
4325,808,33,2026-04-28 09:45:47,Cancelled,Debit Card,3161.11
4326,135,64,2025-03-05 08:40:24,Pending,UPI,2425.93
4327,148,7,2026-02-17 11:30:28,Pending,Net Banking,1822.66
4328,311,34,2026-02-15 04:12:13,Returned,Debit Card,4681.92
4329,37,73,2026-05-02 00:28:17,Cancelled,Cash,2254.16
4330,752,73,2025-04-21 00:11:13,Pending,Net Banking,2923.34
4331,871,56,2024-11-06 23:35:04,Completed,Net Banking,375.26
4332,994,17,2026-02-24 00:14:14,Returned,Credit Card,2937.61
4333,729,86,2025-04-23 22:07:59,Cancelled,Net Banking,3691.88
4334,673,22,2025-05-22 18:42:41,Completed,Credit Card,2747.79
4335,340,94,2025-05-18 21:19:24,Completed,Net Banking,2471.09
4336,890,55,2025-04-10 13:11:01,Cancelled,UPI,2912.41
4337,855,60,2025-05-18 23:29:32,Cancelled,Debit Card,2049.11
4338,259,21,2025-05-12 12:43:34,Pending,Net Banking,2113.49
4339,297,58,2025-02-17 23:40:58,Cancelled,Net Banking,3572.67
4340,168,38,2024-10-13 11:34:05,Pending,Debit Card,3237.88
4341,223,64,2024-06-03 12:12:20,Cancelled,Cash,4224.63
4342,209,11,2024-06-28 08:57:40,Completed,Cash,996.44
4343,594,68,2025-10-19 11:59:32,Returned,Cash,2605.92
4344,594,63,2024-08-09 01:05:07,Cancelled,Net Banking,2141.16
4345,316,71,2024-09-12 21:15:05,Pending,Credit Card,2956.12
4346,737,89,2026-01-22 01:31:01,Completed,Credit Card,3085.36
4347,789,32,2025-12-22 14:06:33,Cancelled,Cash,533.49
4348,915,80,2026-02-11 15:27:56,Pending,Net Banking,3881.73
4349,190,42,2024-06-06 05:36:20,Returned,Debit Card,443.27
4350,194,28,2025-06-15 01:02:46,Cancelled,Net Banking,3842.09
4351,635,2,2025-08-18 12:12:00,Returned,Net Banking,71.21
4352,115,16,2025-07-10 08:49:52,Pending,Net Banking,1651.35
4353,972,97,2024-08-26 11:21:23,Completed,Cash,108.32
4354,568,43,2025-08-07 15:28:46,Returned,Debit Card,3145.7
4355,720,15,2024-09-25 23:44:27,Returned,Cash,3738.79
4356,114,18,2024-11-02 20:17:52,Cancelled,UPI,102.2
4357,610,5,2025-09-10 13:30:43,Returned,Debit Card,4812.25
4358,933,21,2025-07-26 11:37:23,Completed,Net Banking,1994.77
4359,850,52,2025-01-12 09:08:56,Pending,Net Banking,1077.64
4360,463,27,2025-09-06 13:18:49,Returned,UPI,4206.85
4361,911,40,2024-09-26 10:09:06,Cancelled,Net Banking,2098.08
4362,976,98,2026-04-12 09:54:06,Returned,Net Banking,3681.47
4363,290,10,2024-12-19 18:41:14,Pending,Cash,2948.49
4364,558,1,2025-11-27 05:19:11,Cancelled,Debit Card,3269.27
4365,735,57,2026-04-08 21:25:23,Cancelled,Net Banking,1874.89
4366,928,45,2026-01-04 16:02:34,Completed,Net Banking,1688.25
4367,807,47,2025-12-10 23:47:08,Returned,Credit Card,1483.47
4368,673,2,2026-01-25 07:01:34,Returned,Credit Card,403.54
4369,22,15,2024-10-31 04:58:46,Returned,UPI,4150.65
4370,983,57,2024-08-10 15:31:29,Pending,Credit Card,2274.16
4371,390,36,2025-11-26 23:26:54,Pending,Cash,2473.87
4372,867,68,2025-08-22 18:40:45,Pending,Net Banking,2375.57
4373,538,67,2025-04-09 08:53:32,Pending,UPI,3031.26
4374,4,28,2024-12-08 20:43:23,Cancelled,Net Banking,4078.58
4375,115,20,2026-01-02 03:46:53,Cancelled,UPI,3501.26
4376,584,69,2024-10-23 06:23:39,Completed,Net Banking,793.15
4377,269,19,2024-09-16 15:02:29,Pending,Net Banking,3944.33
4378,773,29,2024-11-30 04:35:51,Cancelled,Debit Card,4340.98
4379,447,82,2025-10-19 03:18:14,Completed,Net Banking,4483.87
4380,451,96,2025-12-13 19:33:02,Cancelled,UPI,223.04
4381,773,53,2025-05-08 00:00:34,Completed,UPI,91.33
4382,275,16,2025-05-21 01:48:00,Pending,Credit Card,3311.92
4383,432,85,2025-12-12 17:09:19,Pending,UPI,291.61
4384,782,88,2025-03-31 02:22:25,Cancelled,Cash,4866.9
4385,998,19,2026-03-18 22:11:46,Pending,Credit Card,2753.11
4386,346,39,2025-04-08 16:04:12,Pending,Net Banking,3265.7
4387,745,88,2025-04-28 01:25:06,Returned,Debit Card,2412.02
4388,848,40,2026-03-06 11:05:36,Cancelled,Credit Card,2010.04
4389,753,69,2025-02-28 03:12:07,Pending,Debit Card,3111.36
4390,312,39,2024-12-21 16:59:02,Cancelled,Credit Card,2536.19
4391,663,25,2024-08-06 09:31:50,Completed,Net Banking,2735.6
4392,406,16,2025-06-28 01:31:57,Completed,Cash,1805.76
4393,817,26,2026-03-15 00:58:54,Completed,Cash,986.64
4394,618,5,2025-02-13 01:16:48,Cancelled,Credit Card,2999.1
4395,18,40,2024-12-10 10:57:40,Pending,Credit Card,4070.1
4396,837,50,2024-12-31 04:54:07,Returned,Credit Card,277.44
4397,769,95,2025-12-22 08:36:11,Returned,Debit Card,3499.1
4398,238,63,2024-11-01 19:12:47,Cancelled,Debit Card,4833.71
4399,169,15,2025-03-03 15:00:35,Pending,Net Banking,908.74
4400,664,61,2025-05-05 08:51:34,Pending,Cash,4260.28
4401,891,21,2025-02-09 20:08:36,Cancelled,Credit Card,800.75
4402,966,81,2026-03-01 07:25:49,Returned,Cash,2398.97
4403,522,92,2026-03-23 20:21:18,Returned,Net Banking,3972.58
4404,133,28,2024-07-22 13:55:36,Pending,Credit Card,2540.84
4405,247,59,2025-01-14 13:06:52,Completed,Net Banking,2970.42
4406,450,30,2025-04-24 18:11:26,Cancelled,Credit Card,3020.57
4407,484,88,2025-07-24 05:48:44,Returned,Net Banking,1449.8
4408,771,69,2025-05-31 02:17:29,Returned,Credit Card,4018.84
4409,190,28,2024-08-22 10:23:41,Cancelled,Net Banking,1168.93
4410,383,78,2025-12-06 01:00:41,Cancelled,Debit Card,3093.54
4411,639,77,2025-04-30 14:31:12,Returned,Net Banking,4620.09
4412,695,9,2024-09-22 15:25:06,Pending,UPI,2242.83
4413,63,28,2026-05-20 02:43:29,Cancelled,Credit Card,71.91
4414,274,87,2025-04-04 22:24:52,Pending,Cash,1527.21
4415,868,69,2026-05-06 00:05:14,Cancelled,Cash,1665.95
4416,57,87,2024-06-07 08:47:20,Returned,Net Banking,701.79
4417,461,40,2026-05-19 08:27:26,Pending,Cash,905.74
4418,208,72,2024-08-21 00:23:17,Returned,Debit Card,4755.99
4419,901,76,2025-08-06 03:07:46,Pending,Debit Card,1200.83
4420,769,29,2024-11-26 20:30:45,Cancelled,Debit Card,3388.32
4421,298,31,2025-10-20 11:42:56,Completed,Credit Card,1701.26
4422,33,28,2025-01-29 04:12:03,Completed,UPI,1046.11
4423,702,39,2025-05-18 23:48:10,Completed,UPI,2110.84
4424,125,80,2025-10-29 19:46:09,Completed,Cash,2826.15
4425,9,28,2026-04-03 22:07:29,Pending,UPI,3724.48
4426,927,44,2024-06-23 10:19:23,Returned,Debit Card,3663.36
4427,64,3,2025-01-17 10:14:34,Pending,Net Banking,413.03
4428,592,38,2026-03-31 19:17:48,Pending,Debit Card,3474.34
4429,1,14,2025-09-12 14:47:50,Returned,Debit Card,2769.82
4430,662,89,2024-09-30 17:37:23,Returned,Cash,4915.41
4431,803,6,2024-07-17 02:00:05,Pending,UPI,3715.22
4432,381,41,2025-10-10 03:53:45,Completed,UPI,4733.42
4433,424,54,2024-12-28 01:31:06,Completed,Cash,2572.19
4434,492,25,2024-12-29 22:22:50,Returned,Credit Card,4656.76
4435,187,80,2024-06-23 23:55:45,Pending,UPI,190.01
4436,938,30,2025-04-24 01:38:11,Pending,Cash,4413.16
4437,157,22,2026-02-26 19:12:40,Returned,UPI,4134.91
4438,239,66,2026-01-10 09:55:40,Returned,Debit Card,4334.45
4439,455,74,2025-12-08 15:48:15,Returned,Debit Card,2598.51
4440,855,5,2025-10-17 10:44:37,Cancelled,Debit Card,392.72
4441,113,20,2024-11-16 19:19:02,Cancelled,Debit Card,3917.81
4442,141,93,2024-08-16 15:44:58,Cancelled,Debit Card,577.25
4443,111,78,2025-07-25 12:34:39,Returned,Net Banking,2896.54
4444,94,59,2024-07-22 17:42:57,Cancelled,Credit Card,3806.54
4445,993,93,2024-10-19 07:06:23,Completed,Net Banking,3893.43
4446,557,3,2024-09-17 22:10:24,Pending,UPI,987.15
4447,253,7,2024-08-06 12:33:37,Pending,UPI,3354.35
4448,848,37,2024-10-30 12:32:56,Pending,Credit Card,2781.67
4449,481,73,2025-10-09 20:20:57,Cancelled,Cash,4772.96
4450,607,94,2024-06-18 10:45:17,Completed,Net Banking,780.27
4451,997,5,2025-03-05 07:33:55,Cancelled,UPI,361.47
4452,316,50,2025-11-04 07:47:06,Completed,Debit Card,1993.39
4453,298,70,2025-11-16 02:53:10,Returned,Credit Card,906.19
4454,351,100,2024-10-06 08:35:48,Pending,Credit Card,4628.02
4455,454,6,2025-11-16 20:53:43,Returned,Credit Card,3760.41
4456,760,24,2024-05-29 12:19:24,Completed,Cash,1480.92
4457,764,31,2024-07-25 08:46:37,Returned,Debit Card,4027.4
4458,773,11,2025-06-18 02:12:44,Completed,Net Banking,2544.95
4459,263,32,2025-02-01 07:20:19,Returned,Debit Card,1524.61
4460,429,31,2025-06-10 08:47:51,Cancelled,Net Banking,1006.1
4461,812,18,2025-07-11 09:26:17,Completed,Credit Card,3356.24
4462,245,22,2025-03-03 05:16:54,Completed,Debit Card,1241.26
4463,322,19,2025-07-19 16:19:30,Cancelled,Credit Card,3417.69
4464,332,70,2024-10-24 04:19:50,Returned,UPI,904.96
4465,96,97,2025-01-13 22:27:15,Completed,Credit Card,1532.72
4466,962,78,2025-02-13 09:57:11,Pending,Net Banking,3828.73
4467,644,69,2024-08-28 12:19:39,Pending,Debit Card,3281.69
4468,68,26,2025-04-17 13:15:07,Cancelled,Debit Card,926.52
4469,47,100,2025-11-10 17:48:15,Pending,UPI,3732.76
4470,37,17,2026-03-28 19:47:14,Returned,Credit Card,3688.07
4471,736,87,2025-07-18 22:47:31,Returned,Debit Card,1344.87
4472,105,49,2024-10-29 16:38:52,Completed,Cash,3203.77
4473,551,46,2025-04-01 14:43:19,Completed,Debit Card,1492.56
4474,840,81,2024-06-13 05:50:40,Cancelled,Cash,4855.13
4475,120,78,2024-12-17 11:55:03,Pending,Debit Card,4110.21
4476,19,21,2025-09-25 12:00:52,Pending,Cash,2085.59
4477,967,29,2025-11-07 14:23:37,Cancelled,Credit Card,4888.46
4478,40,9,2024-10-23 17:05:12,Returned,Net Banking,2682.04
4479,172,57,2024-12-05 18:53:24,Cancelled,Net Banking,1433.31
4480,117,9,2026-03-26 13:49:38,Completed,Debit Card,2080.27
4481,479,85,2025-12-15 07:28:24,Cancelled,Net Banking,2310.95
4482,984,75,2024-12-21 19:44:59,Cancelled,UPI,1905.25
4483,762,23,2025-12-11 01:22:37,Completed,UPI,2832.48
4484,248,54,2025-05-22 10:56:09,Pending,Debit Card,4996.42
4485,710,66,2024-08-20 18:06:31,Completed,Cash,3521.47
4486,412,36,2025-01-18 12:01:48,Returned,Cash,698.9
4487,97,23,2024-11-06 02:42:16,Pending,Cash,3531.11
4488,864,91,2024-12-16 20:30:20,Cancelled,Cash,4893.17
4489,929,63,2024-10-13 23:45:38,Returned,Net Banking,1361.57
4490,783,70,2024-10-15 05:25:54,Cancelled,Credit Card,2178.29
4491,646,54,2026-02-13 03:55:56,Pending,Cash,1856.48
4492,696,71,2025-08-12 16:12:37,Returned,Cash,2899.96
4493,11,33,2024-12-24 02:07:52,Returned,Credit Card,1049.2
4494,123,93,2025-10-08 19:51:31,Pending,Cash,2712.41
4495,113,82,2025-08-19 08:44:50,Cancelled,UPI,1859.09
4496,234,16,2024-11-28 21:36:53,Returned,Debit Card,3562.91
4497,50,33,2025-03-21 01:52:21,Cancelled,Cash,4153.49
4498,822,96,2025-12-19 06:03:07,Cancelled,Debit Card,1229.35
4499,844,20,2024-12-20 14:19:30,Completed,Debit Card,1769.98
4500,948,85,2025-02-18 19:49:34,Pending,Net Banking,2112.01
4501,688,61,2026-03-04 07:00:11,Cancelled,Credit Card,4809.24
4502,955,96,2025-01-22 22:16:58,Pending,Net Banking,3401.02
4503,227,62,2026-05-09 07:31:38,Completed,Debit Card,4528.29
4504,903,24,2024-09-29 20:32:38,Returned,Credit Card,499.7
4505,544,52,2025-04-23 18:46:07,Completed,UPI,1468.62
4506,783,35,2026-03-07 17:57:52,Completed,Debit Card,4055.17
4507,728,99,2024-11-14 16:50:16,Cancelled,Cash,4769.88
4508,357,87,2024-06-24 12:55:40,Cancelled,Credit Card,3750.31
4509,3,74,2025-06-21 07:52:39,Cancelled,Debit Card,929.02
4510,956,24,2026-04-02 15:34:48,Pending,Debit Card,1348.68
4511,584,35,2025-03-11 18:29:40,Pending,Debit Card,2334.06
4512,258,51,2024-07-26 04:34:31,Cancelled,Debit Card,674.41
4513,515,70,2025-11-01 19:52:28,Cancelled,Debit Card,4017.87
4514,167,59,2025-11-25 04:50:42,Pending,Net Banking,4401.86
4515,421,10,2026-01-12 09:43:16,Pending,Debit Card,4942.76
4516,189,23,2025-09-17 15:21:24,Cancelled,Credit Card,920.89
4517,750,55,2025-01-06 10:48:48,Pending,Debit Card,1693.45
4518,535,36,2025-11-06 18:02:09,Cancelled,Net Banking,3104.1
4519,958,58,2025-03-16 21:34:37,Pending,UPI,2640.33
4520,498,84,2024-08-19 02:12:09,Pending,Credit Card,4771.89
4521,122,1,2024-09-21 10:34:49,Cancelled,Credit Card,4835.48
4522,113,32,2026-02-10 19:36:12,Completed,Debit Card,3419.76
4523,228,97,2025-03-02 08:33:11,Completed,Credit Card,1622.66
4524,39,27,2025-01-30 14:26:13,Cancelled,Net Banking,2063.51
4525,768,93,2025-11-24 11:15:17,Cancelled,Debit Card,1010.13
4526,430,9,2026-02-17 22:39:24,Cancelled,Credit Card,2624.6
4527,763,30,2025-10-22 10:13:26,Cancelled,Credit Card,2910.56
4528,147,77,2025-09-27 19:38:04,Returned,Credit Card,1706.35
4529,930,21,2025-03-21 19:14:28,Pending,Cash,911.46
4530,786,92,2024-10-02 15:12:27,Completed,Net Banking,3236.1
4531,442,90,2025-04-17 04:11:47,Completed,Credit Card,4176.63
4532,624,72,2024-07-31 14:09:19,Cancelled,UPI,2041.86
4533,682,4,2024-12-14 03:03:47,Returned,Credit Card,4973.26
4534,96,26,2025-09-21 03:26:53,Cancelled,Net Banking,2208.89
4535,832,27,2024-10-22 19:19:45,Completed,UPI,1839.98
4536,83,92,2024-10-07 13:38:07,Returned,Net Banking,137.42
4537,718,57,2024-05-30 14:03:53,Completed,Credit Card,3589.72
4538,206,7,2024-08-01 10:55:02,Cancelled,Debit Card,1632.11
4539,251,49,2025-09-04 12:56:37,Cancelled,Credit Card,4423.14
4540,159,10,2026-05-18 01:13:00,Completed,Net Banking,1272.02
4541,560,71,2025-10-19 13:11:40,Completed,UPI,1799.72
4542,277,86,2025-07-19 05:22:12,Pending,Net Banking,1587.41
4543,214,31,2025-07-01 13:48:26,Completed,Net Banking,3482.29
4544,693,37,2025-08-25 14:29:48,Returned,Credit Card,1280.31
4545,355,67,2024-09-25 06:03:36,Pending,Net Banking,1460.97
4546,655,80,2026-01-28 07:48:40,Pending,Debit Card,1963.3
4547,900,3,2024-12-22 15:26:14,Pending,Net Banking,3533.92
4548,686,6,2025-10-14 21:52:45,Cancelled,Credit Card,3397.63
4549,547,38,2025-03-08 21:41:28,Completed,Cash,2617.2
4550,339,73,2025-05-22 23:15:41,Completed,Credit Card,468.6
4551,805,1,2026-02-17 20:15:18,Returned,Net Banking,178.84
4552,963,88,2024-06-07 16:00:43,Pending,Cash,4067.5
4553,978,9,2025-10-06 09:14:16,Completed,Net Banking,3655.94
4554,522,85,2025-12-13 10:20:01,Pending,Cash,410.76
4555,808,6,2024-10-08 20:57:09,Cancelled,Cash,2294.82
4556,752,96,2025-09-11 17:00:08,Cancelled,Debit Card,3025.21
4557,364,79,2024-06-28 07:10:16,Pending,Net Banking,2921.32
4558,45,90,2025-09-01 16:48:47,Pending,Credit Card,3618.85
4559,924,11,2024-12-27 02:09:02,Pending,Credit Card,1420.43
4560,762,45,2025-06-26 08:35:01,Pending,Cash,378.77
4561,111,22,2026-04-30 22:29:11,Pending,UPI,4796.03
4562,523,70,2024-09-20 19:42:19,Returned,UPI,2724.84
4563,859,57,2025-07-26 22:18:34,Returned,Net Banking,3164.64
4564,125,40,2025-06-02 04:09:55,Pending,Cash,3716.88
4565,592,45,2025-04-24 16:26:00,Completed,Debit Card,4283.71
4566,396,73,2024-11-12 02:06:39,Returned,Cash,4683.57
4567,955,68,2025-10-06 13:29:18,Completed,Net Banking,1227.74
4568,82,40,2025-10-29 23:03:39,Returned,Cash,4618.77
4569,481,27,2026-03-19 03:24:49,Returned,Credit Card,1099.85
4570,314,64,2025-01-17 06:04:02,Pending,Credit Card,1944.39
4571,827,12,2024-09-15 23:30:38,Completed,Debit Card,4837.26
4572,99,73,2025-03-28 15:33:35,Cancelled,Net Banking,2877.69
4573,112,96,2025-10-14 01:43:17,Returned,Cash,4869.49
4574,557,4,2025-09-30 10:46:55,Returned,UPI,2935.39
4575,426,55,2025-06-24 17:42:34,Cancelled,Net Banking,3061.67
4576,568,38,2025-01-02 04:41:37,Pending,Cash,1232.16
4577,100,27,2025-07-25 07:25:56,Pending,UPI,1063.36
4578,571,91,2026-04-05 16:23:57,Returned,Cash,3646.63
4579,984,17,2025-03-10 11:02:30,Completed,Net Banking,3356.8
4580,895,49,2024-10-17 06:31:47,Completed,Net Banking,3201.05
4581,210,83,2026-03-26 06:54:54,Cancelled,Debit Card,4161.89
4582,251,45,2024-11-07 13:14:37,Pending,Debit Card,1642.99
4583,129,94,2025-03-11 19:51:03,Pending,Cash,2145.89
4584,360,29,2026-01-24 10:56:22,Cancelled,UPI,1701.85
4585,732,22,2026-05-08 04:50:52,Returned,UPI,1521.81
4586,58,74,2024-06-06 14:57:46,Cancelled,Credit Card,1397.0
4587,287,34,2025-02-02 09:47:39,Pending,UPI,4190.93
4588,670,49,2024-11-22 16:42:27,Completed,Credit Card,562.82
4589,970,67,2024-07-21 05:31:23,Completed,Credit Card,274.38
4590,105,38,2025-10-09 23:29:06,Cancelled,Debit Card,1723.47
4591,868,99,2026-04-06 08:54:30,Cancelled,Net Banking,905.65
4592,176,66,2024-10-06 09:13:45,Returned,Credit Card,4139.82
4593,561,46,2026-01-24 05:55:03,Pending,Debit Card,1203.7
4594,807,59,2025-02-21 19:42:13,Pending,Credit Card,4615.68
4595,928,81,2025-11-10 11:51:32,Returned,Credit Card,47.32
4596,993,47,2024-06-04 14:16:37,Returned,Net Banking,4150.06
4597,212,6,2026-01-16 08:43:50,Cancelled,Credit Card,466.23
4598,276,29,2026-04-22 08:49:05,Pending,Cash,889.23
4599,719,66,2025-07-04 22:00:41,Cancelled,Credit Card,4066.39
4600,574,100,2025-10-31 09:13:42,Completed,UPI,623.28
4601,584,20,2025-08-25 17:47:46,Cancelled,Debit Card,4635.4
4602,566,92,2026-02-15 00:13:24,Cancelled,Cash,4561.97
4603,204,98,2026-02-14 10:58:29,Completed,Credit Card,3440.49
4604,311,12,2026-04-27 06:23:17,Pending,Debit Card,657.0
4605,686,97,2026-03-19 11:13:36,Cancelled,Debit Card,2528.1
4606,510,34,2024-09-05 01:52:16,Returned,Cash,2668.16
4607,120,38,2026-03-31 15:39:58,Completed,Cash,3416.91
4608,860,26,2024-12-22 14:27:44,Completed,Debit Card,3997.86
4609,147,19,2026-02-27 14:01:01,Returned,UPI,369.63
4610,735,46,2026-01-15 08:17:26,Pending,UPI,224.28
4611,417,8,2026-04-04 06:04:44,Cancelled,UPI,909.57
4612,114,57,2025-01-17 03:12:20,Returned,Cash,3470.46
4613,82,53,2024-06-02 16:03:40,Pending,Credit Card,538.78
4614,817,58,2025-08-06 11:36:19,Pending,UPI,2495.95
4615,865,24,2025-02-03 20:50:04,Completed,Debit Card,671.87
4616,918,36,2026-03-24 12:09:48,Pending,Credit Card,839.88
4617,149,93,2025-10-31 17:49:28,Completed,Debit Card,2118.12
4618,882,17,2024-12-05 21:14:45,Cancelled,Net Banking,733.87
4619,820,71,2025-01-11 04:54:10,Pending,Debit Card,242.2
4620,363,34,2025-03-02 18:59:51,Completed,UPI,4519.85
4621,673,21,2025-02-26 09:28:12,Returned,Debit Card,1831.64
4622,495,51,2025-11-28 15:32:10,Completed,UPI,322.93
4623,119,14,2025-01-17 01:12:33,Pending,Debit Card,4751.04
4624,664,39,2025-03-11 10:57:25,Pending,UPI,4406.73
4625,177,41,2026-04-03 21:39:25,Cancelled,Credit Card,4694.23
4626,256,92,2025-09-24 13:44:03,Completed,Credit Card,1256.41
4627,860,70,2024-10-28 15:57:05,Cancelled,Debit Card,3015.98
4628,125,35,2024-08-26 00:48:03,Cancelled,Debit Card,3699.8
4629,932,22,2024-08-23 14:13:08,Completed,Debit Card,719.88
4630,993,70,2025-07-29 04:26:46,Cancelled,Debit Card,4965.91
4631,749,6,2025-09-12 23:20:26,Completed,Net Banking,4483.52
4632,889,55,2025-11-26 20:19:54,Pending,Debit Card,507.66
4633,215,30,2024-06-30 12:29:39,Pending,Credit Card,1645.89
4634,73,70,2026-04-01 20:42:08,Returned,UPI,2444.33
4635,701,58,2026-05-19 02:58:50,Cancelled,Net Banking,1659.35
4636,258,51,2024-11-26 19:52:48,Returned,Cash,2724.08
4637,370,38,2024-08-14 14:31:12,Completed,UPI,101.48
4638,262,63,2026-02-20 05:38:14,Cancelled,Net Banking,918.16
4639,535,74,2026-01-22 19:50:07,Cancelled,Credit Card,223.19
4640,747,13,2025-11-15 11:55:59,Pending,Credit Card,3949.29
4641,316,69,2025-05-07 19:00:39,Returned,Debit Card,2676.99
4642,145,87,2024-12-17 16:02:01,Returned,Net Banking,437.38
4643,942,59,2025-08-22 05:19:26,Pending,Debit Card,955.72
4644,754,73,2026-02-15 18:50:25,Pending,Net Banking,2818.18
4645,686,44,2025-12-14 11:43:25,Returned,Cash,2711.2
4646,688,1,2025-08-12 04:24:11,Pending,Cash,1614.63
4647,560,70,2024-08-31 09:56:27,Cancelled,UPI,1164.82
4648,17,1,2024-08-13 03:26:35,Completed,Net Banking,1247.5
4649,732,49,2024-11-07 23:52:43,Completed,Cash,532.7
4650,899,64,2025-02-12 04:42:27,Returned,Debit Card,1610.92
4651,397,49,2025-06-04 12:04:10,Completed,Credit Card,2238.11
4652,247,44,2026-02-28 06:43:04,Cancelled,Credit Card,3923.01
4653,394,39,2026-03-30 15:52:02,Cancelled,Cash,3125.82
4654,505,29,2025-11-19 02:38:19,Pending,Credit Card,90.4
4655,635,72,2024-08-08 03:09:33,Completed,Cash,275.61
4656,558,21,2025-12-19 19:24:23,Completed,Cash,4193.0
4657,792,86,2025-07-25 01:50:41,Returned,Debit Card,3061.0
4658,610,29,2025-04-14 12:49:43,Cancelled,Net Banking,4703.28
4659,284,69,2024-09-17 06:58:59,Returned,Credit Card,4904.5
4660,82,15,2025-03-20 06:27:08,Pending,Net Banking,2508.58
4661,797,8,2024-11-07 11:00:30,Pending,Debit Card,586.62
4662,665,92,2025-03-03 12:38:24,Returned,Debit Card,2729.02
4663,655,8,2025-11-21 03:31:57,Returned,Credit Card,4927.88
4664,339,56,2025-08-12 10:53:53,Returned,Cash,4461.18
4665,389,94,2024-11-27 09:07:18,Cancelled,UPI,4792.84
4666,734,13,2024-11-26 17:59:04,Pending,UPI,4180.74
4667,936,89,2026-03-24 16:25:24,Pending,Net Banking,1733.04
4668,645,24,2025-03-13 13:36:54,Cancelled,Cash,3815.17
4669,182,97,2026-02-10 07:21:55,Completed,Credit Card,2224.06
4670,389,52,2026-03-06 05:45:45,Cancelled,Debit Card,2496.99
4671,153,66,2026-02-26 16:20:10,Cancelled,Debit Card,2496.22
4672,142,94,2026-02-20 03:15:30,Completed,Net Banking,4685.62
4673,200,20,2024-05-27 19:32:49,Pending,Net Banking,2974.67
4674,12,16,2026-05-05 12:03:50,Completed,UPI,4077.38
4675,686,43,2025-06-20 01:08:15,Cancelled,UPI,898.26
4676,584,23,2025-11-10 07:46:35,Returned,UPI,3214.01
4677,170,20,2026-02-11 10:43:23,Pending,Debit Card,2280.17
4678,795,78,2025-07-27 01:15:55,Pending,UPI,1570.75
4679,7,3,2025-05-07 00:49:29,Returned,Net Banking,806.35
4680,988,75,2024-10-05 22:25:51,Cancelled,Cash,2421.21
4681,271,31,2026-04-19 20:12:05,Returned,Cash,2900.81
4682,332,21,2025-08-09 11:08:26,Pending,UPI,4507.44
4683,836,38,2025-09-03 22:01:43,Cancelled,UPI,72.9
4684,525,87,2024-10-21 06:17:38,Returned,Debit Card,4115.72
4685,904,96,2025-06-19 07:07:14,Returned,Credit Card,1696.15
4686,152,23,2026-02-16 18:05:51,Completed,Credit Card,3848.5
4687,551,74,2026-03-08 08:33:51,Completed,UPI,1638.63
4688,845,62,2024-10-25 07:30:49,Returned,Credit Card,3160.3
4689,365,83,2025-04-30 20:42:37,Cancelled,Cash,3206.95
4690,603,24,2026-04-11 02:07:49,Completed,Credit Card,2280.11
4691,87,61,2024-07-31 02:27:18,Completed,Debit Card,4092.3
4692,682,43,2024-06-26 23:23:39,Cancelled,Net Banking,2475.66
4693,520,96,2024-10-25 07:14:17,Returned,Cash,1346.8
4694,77,57,2024-06-19 11:01:29,Cancelled,Credit Card,3550.73
4695,862,53,2025-01-14 13:15:02,Pending,Cash,876.15
4696,215,70,2026-05-16 12:42:32,Completed,UPI,3841.06
4697,106,12,2025-12-20 10:01:11,Returned,Debit Card,3543.18
4698,579,86,2026-04-19 15:37:35,Pending,Cash,2785.09
4699,299,23,2024-08-23 15:24:51,Cancelled,Cash,1961.68
4700,363,12,2025-04-08 14:55:54,Cancelled,UPI,2981.08
4701,383,12,2024-09-11 10:51:47,Completed,Net Banking,3814.02
4702,80,83,2024-09-25 05:58:50,Pending,Debit Card,394.27
4703,203,84,2025-07-09 00:56:41,Returned,Debit Card,2927.81
4704,324,71,2025-12-30 07:47:22,Completed,Debit Card,3579.23
4705,244,45,2024-09-18 04:13:31,Completed,UPI,3731.58
4706,825,5,2025-04-04 21:13:30,Completed,UPI,417.77
4707,736,92,2025-08-03 08:36:51,Pending,UPI,1000.71
4708,334,12,2024-10-14 20:46:24,Pending,Cash,2617.04
4709,259,7,2025-09-13 21:15:39,Cancelled,Credit Card,220.44
4710,476,24,2025-01-07 17:25:36,Pending,Cash,543.39
4711,780,92,2024-11-22 22:54:36,Pending,Cash,3596.17
4712,33,78,2024-10-03 17:39:54,Cancelled,Credit Card,2092.15
4713,638,49,2024-09-27 14:29:03,Returned,Cash,1736.72
4714,663,3,2024-06-04 13:36:49,Returned,UPI,141.59
4715,777,16,2024-12-12 17:15:52,Pending,Credit Card,1966.25
4716,552,51,2025-03-11 03:38:13,Returned,UPI,1036.02
4717,812,1,2025-06-12 04:52:57,Returned,Credit Card,4876.35
4718,400,21,2025-06-20 02:33:46,Returned,Cash,396.12
4719,406,75,2024-09-17 09:15:26,Returned,Credit Card,513.55
4720,676,69,2025-03-26 08:56:21,Completed,Cash,3921.91
4721,880,7,2026-01-22 00:25:05,Returned,Credit Card,781.77
4722,135,72,2026-01-29 05:48:41,Pending,Cash,2365.13
4723,15,31,2026-03-02 20:46:12,Pending,UPI,4168.11
4724,250,25,2025-06-20 11:14:42,Pending,UPI,2050.84
4725,673,17,2025-06-19 10:41:19,Returned,UPI,3967.63
4726,514,59,2026-03-04 05:21:18,Returned,Net Banking,4139.56
4727,712,12,2026-04-06 16:03:44,Returned,Net Banking,803.42
4728,640,71,2026-01-29 18:56:00,Pending,Credit Card,956.75
4729,63,17,2024-09-28 20:25:33,Returned,Net Banking,445.24
4730,856,66,2024-08-11 13:30:27,Returned,Credit Card,2832.21
4731,100,60,2024-08-02 07:43:03,Pending,Debit Card,1929.07
4732,457,83,2026-04-18 03:54:24,Cancelled,Net Banking,2131.42
4733,605,19,2026-04-21 13:09:06,Pending,UPI,2108.08
4734,293,7,2025-11-09 20:12:55,Pending,Net Banking,2490.32
4735,967,98,2026-03-19 00:43:21,Cancelled,Credit Card,279.7
4736,604,50,2026-02-27 15:24:33,Pending,Debit Card,1581.17
4737,288,31,2026-02-28 09:01:23,Completed,UPI,4848.73
4738,275,58,2025-08-30 01:15:54,Completed,Credit Card,2032.49
4739,894,20,2025-03-16 15:19:47,Pending,Debit Card,1782.64
4740,682,51,2026-01-04 20:57:00,Pending,UPI,4599.31
4741,490,33,2025-10-22 13:19:19,Completed,Credit Card,2614.61
4742,208,16,2025-05-24 15:30:52,Returned,Debit Card,2130.04
4743,937,53,2024-06-16 15:17:30,Completed,Net Banking,2017.43
4744,446,92,2025-02-01 12:42:26,Completed,Cash,2227.05
4745,522,41,2025-12-27 05:46:22,Returned,Net Banking,1642.93
4746,560,47,2025-05-01 02:11:10,Returned,Credit Card,1150.85
4747,199,94,2024-06-29 17:39:25,Returned,Cash,4047.68
4748,451,71,2024-05-31 07:31:55,Cancelled,Net Banking,2465.58
4749,224,68,2026-02-27 19:39:44,Completed,Cash,786.64
4750,141,25,2025-08-11 07:21:30,Cancelled,Debit Card,4555.75
4751,100,71,2025-03-22 10:14:55,Returned,UPI,1779.52
4752,42,68,2024-10-18 18:35:29,Pending,Debit Card,2608.8
4753,691,62,2024-11-01 22:22:02,Completed,Debit Card,3017.43
4754,991,25,2025-04-15 17:00:20,Cancelled,Net Banking,1078.94
4755,870,17,2025-12-14 09:48:03,Completed,Debit Card,4760.15
4756,977,87,2025-11-21 19:34:33,Returned,UPI,1982.95
4757,764,8,2026-01-24 17:02:56,Pending,Credit Card,843.12
4758,664,2,2024-12-18 09:43:56,Cancelled,Credit Card,1593.02
4759,326,38,2024-10-24 09:49:21,Pending,Debit Card,4266.26
4760,60,78,2026-03-07 12:04:19,Returned,Net Banking,4774.37
4761,612,51,2025-03-13 16:45:21,Returned,UPI,1028.21
4762,303,73,2025-11-27 06:59:04,Pending,UPI,812.04
4763,724,47,2025-06-23 22:48:21,Returned,Debit Card,3798.69
4764,855,69,2025-10-08 19:30:19,Pending,Debit Card,138.62
4765,984,44,2026-01-15 15:40:52,Completed,Debit Card,4626.39
4766,402,42,2025-07-09 03:06:49,Returned,Credit Card,1081.3
4767,588,57,2025-06-21 00:11:29,Cancelled,UPI,305.18
4768,415,65,2025-10-16 13:49:00,Returned,UPI,1180.97
4769,224,92,2025-05-26 22:58:35,Pending,Debit Card,717.44
4770,245,36,2025-11-15 16:45:41,Pending,UPI,3639.13
4771,139,19,2024-11-28 20:45:19,Returned,UPI,4853.14
4772,683,66,2026-01-27 19:59:08,Cancelled,Cash,4024.04
4773,721,36,2026-05-04 04:20:36,Cancelled,UPI,2425.86
4774,930,90,2024-07-09 02:35:03,Completed,Debit Card,2000.12
4775,794,13,2024-11-02 18:09:09,Returned,Debit Card,915.74
4776,172,66,2025-07-12 19:02:09,Cancelled,Cash,3148.34
4777,46,77,2024-12-07 14:12:32,Completed,Cash,4466.16
4778,476,91,2024-10-12 19:19:07,Returned,Debit Card,3217.27
4779,780,60,2025-03-07 14:49:46,Completed,Cash,367.48
4780,138,1,2024-11-25 02:52:41,Completed,Credit Card,217.93
4781,564,15,2026-02-27 12:15:01,Completed,Debit Card,3030.85
4782,528,16,2024-10-06 10:16:56,Pending,Debit Card,1983.6
4783,997,16,2025-06-30 09:30:42,Completed,Cash,4702.03
4784,817,55,2025-04-11 15:18:31,Cancelled,Debit Card,3334.03
4785,905,4,2025-12-21 15:27:50,Pending,Cash,3314.02
4786,902,26,2024-10-20 18:21:20,Returned,Net Banking,4309.72
4787,791,73,2024-05-31 07:25:16,Pending,Debit Card,319.59
4788,201,41,2025-12-05 03:49:46,Cancelled,UPI,3052.33
4789,228,96,2025-09-22 19:16:40,Pending,Cash,1761.77
4790,270,28,2025-06-11 12:08:04,Returned,Net Banking,2976.66
4791,793,67,2024-07-10 20:29:05,Completed,Credit Card,3969.85
4792,769,32,2025-11-03 22:46:02,Pending,Net Banking,1363.69
4793,630,53,2024-05-28 09:42:16,Cancelled,UPI,191.16
4794,425,7,2025-12-01 20:20:19,Completed,Net Banking,4358.05
4795,199,83,2024-08-23 04:45:18,Returned,Credit Card,2618.66
4796,283,99,2024-09-13 09:48:29,Cancelled,Cash,232.53
4797,138,81,2025-05-14 10:49:01,Pending,Net Banking,1111.03
4798,635,42,2025-11-17 19:11:22,Completed,Credit Card,4349.99
4799,740,76,2025-01-05 01:07:59,Completed,Cash,2637.77
4800,714,5,2025-02-05 02:34:49,Completed,Net Banking,1237.15
4801,754,28,2024-11-12 03:18:21,Cancelled,UPI,3150.84
4802,431,6,2024-07-18 21:11:01,Cancelled,UPI,2177.38
4803,856,63,2024-08-22 07:25:28,Returned,Net Banking,1228.63
4804,290,35,2026-05-15 20:04:23,Pending,Credit Card,1696.13
4805,501,12,2024-09-11 11:11:23,Completed,Credit Card,2336.87
4806,211,45,2025-11-19 12:03:31,Cancelled,Cash,915.44
4807,858,14,2025-05-20 15:52:48,Completed,Cash,3037.56
4808,808,69,2024-10-03 16:27:08,Pending,Net Banking,3632.23
4809,809,64,2026-03-11 19:47:00,Completed,Cash,680.31
4810,976,17,2025-08-25 00:15:31,Returned,Debit Card,143.84
4811,312,41,2026-02-04 03:25:23,Returned,Cash,2066.3
4812,526,89,2025-12-06 12:32:01,Pending,Credit Card,3860.63
4813,139,49,2025-10-28 22:21:54,Returned,UPI,1516.56
4814,865,57,2026-05-11 05:16:10,Returned,Debit Card,4981.08
4815,563,45,2025-05-04 11:52:29,Completed,Cash,3113.53
4816,389,27,2024-07-11 09:19:33,Returned,Cash,2244.83
4817,888,43,2026-02-10 21:19:54,Cancelled,Credit Card,894.31
4818,451,41,2025-02-11 02:14:33,Completed,Net Banking,153.36
4819,587,31,2025-12-09 22:45:39,Cancelled,UPI,4249.7
4820,489,32,2024-07-07 18:25:43,Returned,Cash,1793.7
4821,433,12,2025-07-06 11:56:38,Completed,Credit Card,4771.98
4822,519,7,2025-04-04 15:16:39,Returned,UPI,4406.34
4823,420,97,2026-04-12 11:42:05,Returned,Credit Card,3556.04
4824,475,79,2024-07-28 10:30:18,Pending,Debit Card,1400.87
4825,88,53,2026-05-07 04:08:47,Returned,Cash,605.95
4826,788,41,2024-12-17 02:42:31,Cancelled,Credit Card,4594.92
4827,997,2,2026-01-03 06:41:17,Cancelled,UPI,1550.78
4828,439,96,2024-09-05 21:33:35,Returned,Cash,4140.29
4829,247,44,2026-03-23 01:52:52,Completed,UPI,241.77
4830,28,19,2024-12-20 04:41:42,Returned,Debit Card,3022.0
4831,443,88,2024-09-07 05:43:30,Pending,Cash,2864.16
4832,869,66,2025-06-14 14:47:00,Cancelled,UPI,4501.35
4833,889,92,2025-03-09 02:02:15,Completed,Cash,1766.72
4834,851,37,2024-07-06 19:04:41,Completed,Debit Card,2721.27
4835,835,92,2024-11-29 19:18:58,Returned,UPI,3049.12
4836,943,48,2025-02-16 19:00:35,Cancelled,Cash,473.95
4837,436,61,2024-12-02 23:49:52,Pending,Cash,2377.06
4838,297,33,2025-02-21 13:27:26,Returned,Credit Card,2165.48
4839,143,14,2025-01-17 19:58:10,Completed,UPI,3109.22
4840,628,83,2025-04-26 19:36:22,Completed,Credit Card,4419.09
4841,569,17,2025-10-10 12:39:41,Completed,Credit Card,1056.3
4842,552,2,2024-11-02 00:52:30,Pending,Net Banking,4546.79
4843,989,32,2026-04-04 16:54:43,Completed,Cash,3143.51
4844,611,74,2025-12-01 19:50:13,Returned,UPI,1333.29
4845,775,4,2025-01-13 14:57:51,Cancelled,Debit Card,432.43
4846,394,54,2025-05-30 18:54:51,Returned,Debit Card,442.58
4847,918,17,2025-06-20 07:42:27,Pending,UPI,4505.88
4848,750,99,2026-05-10 16:00:18,Returned,UPI,697.04
4849,658,30,2024-12-07 03:17:58,Pending,Net Banking,954.16
4850,698,15,2026-01-08 04:52:16,Pending,Net Banking,4712.37
4851,719,81,2026-04-24 07:52:14,Pending,Debit Card,1562.63
4852,402,42,2024-07-03 10:34:30,Returned,UPI,989.87
4853,946,25,2025-01-29 08:40:54,Cancelled,Credit Card,3567.83
4854,929,26,2024-10-19 19:54:06,Returned,Credit Card,4086.95
4855,304,30,2025-08-21 19:23:30,Pending,Net Banking,3011.24
4856,943,47,2025-12-05 01:58:06,Pending,Debit Card,1402.45
4857,104,83,2026-05-22 05:19:00,Completed,Net Banking,4842.86
4858,360,80,2026-05-02 12:45:32,Returned,Credit Card,2934.43
4859,237,26,2025-08-05 08:38:36,Returned,Cash,4058.75
4860,170,77,2025-11-30 05:18:11,Pending,Credit Card,3026.79
4861,433,79,2025-06-13 03:33:59,Cancelled,Debit Card,2675.26
4862,507,73,2024-08-04 04:57:33,Cancelled,Net Banking,734.76
4863,695,41,2025-06-10 01:17:11,Pending,Cash,1813.67
4864,503,5,2025-11-27 17:38:04,Completed,Credit Card,1625.91
4865,218,77,2025-02-05 19:38:21,Pending,Cash,3613.46
4866,272,6,2024-09-02 00:04:25,Cancelled,Cash,2044.98
4867,308,62,2025-04-21 15:01:33,Pending,UPI,1481.46
4868,2,22,2025-03-29 14:00:05,Pending,Cash,4280.95
4869,489,34,2024-05-29 10:48:44,Completed,UPI,4184.81
4870,436,42,2024-08-31 20:43:27,Cancelled,Debit Card,3428.61
4871,453,81,2025-06-05 23:37:31,Completed,Debit Card,3893.28
4872,797,76,2025-02-14 12:32:33,Pending,Cash,2976.19
4873,845,13,2026-02-06 13:25:33,Pending,Cash,476.32
4874,941,8,2025-08-11 10:11:55,Completed,Credit Card,3720.65
4875,195,9,2025-12-03 01:25:55,Completed,Net Banking,4887.03
4876,56,45,2025-10-02 02:23:13,Pending,Debit Card,2939.26
4877,572,69,2025-08-14 10:12:34,Returned,Net Banking,2713.73
4878,785,1,2026-04-19 07:45:46,Cancelled,Cash,105.15
4879,185,24,2025-12-22 17:15:02,Returned,Cash,2759.19
4880,695,3,2025-02-21 18:23:54,Pending,UPI,1400.78
4881,359,16,2024-12-16 23:38:48,Cancelled,Debit Card,3562.85
4882,138,80,2025-06-29 02:13:33,Cancelled,Cash,3029.17
4883,894,13,2026-04-02 23:45:16,Returned,Net Banking,1743.52
4884,710,86,2024-07-13 12:54:47,Pending,Debit Card,1046.03
4885,12,6,2025-03-13 15:30:55,Pending,UPI,2833.99
4886,178,72,2024-06-05 19:29:07,Completed,Cash,4065.15
4887,926,37,2026-02-10 11:11:12,Returned,Credit Card,1937.4
4888,638,11,2026-01-07 13:43:39,Pending,Debit Card,3913.21
4889,129,52,2024-09-23 07:57:48,Cancelled,Debit Card,2202.61
4890,631,90,2024-06-23 11:48:54,Completed,Cash,986.52
4891,838,68,2024-08-05 12:24:21,Returned,Cash,2612.46
4892,200,49,2024-06-13 23:40:15,Completed,Credit Card,2227.62
4893,606,73,2025-04-16 03:11:02,Returned,Debit Card,2850.78
4894,719,70,2025-11-08 11:48:08,Cancelled,Credit Card,4449.06
4895,844,83,2025-12-11 08:26:22,Returned,Net Banking,376.96
4896,131,100,2024-09-29 05:22:32,Cancelled,Debit Card,1668.95
4897,10,23,2025-06-26 12:56:36,Returned,Cash,3342.17
4898,476,7,2025-06-15 05:50:57,Completed,Debit Card,4886.58
4899,763,51,2025-10-19 20:02:51,Pending,UPI,2359.41
4900,156,65,2026-02-16 02:32:32,Returned,Net Banking,1060.77
4901,225,62,2025-05-19 05:13:17,Returned,Cash,3285.15
4902,956,53,2024-06-17 19:40:19,Completed,Credit Card,3489.84
4903,392,42,2025-08-17 02:50:47,Completed,Debit Card,1978.61
4904,631,25,2025-02-12 05:21:36,Completed,Credit Card,36.3
4905,10,60,2024-08-28 09:28:55,Completed,Cash,1671.77
4906,489,63,2025-11-21 06:21:52,Completed,Debit Card,4860.55
4907,715,45,2025-11-19 15:23:40,Returned,Net Banking,2539.12
4908,612,43,2024-10-27 04:42:19,Cancelled,Net Banking,2846.31
4909,113,30,2025-11-03 03:28:41,Returned,Credit Card,1429.38
4910,978,49,2025-08-12 12:41:06,Pending,Credit Card,4777.76
4911,908,65,2025-04-21 07:53:51,Pending,Credit Card,1605.04
4912,521,83,2025-07-30 15:00:19,Completed,Net Banking,1816.05
4913,96,94,2024-07-29 04:31:35,Returned,Net Banking,4335.72
4914,926,74,2025-08-06 19:13:40,Pending,Credit Card,3693.51
4915,477,40,2025-05-13 20:16:43,Pending,Net Banking,647.88
4916,140,84,2025-05-14 13:35:33,Cancelled,Debit Card,62.06
4917,883,74,2025-01-04 15:44:48,Returned,Credit Card,4780.21
4918,798,41,2025-09-16 07:14:22,Completed,Net Banking,4624.61
4919,907,19,2025-02-03 17:25:36,Completed,Credit Card,2901.68
4920,396,55,2026-01-15 15:59:50,Pending,Cash,1758.37
4921,677,67,2025-11-18 23:43:18,Completed,Cash,1987.21
4922,258,32,2025-12-18 02:48:28,Returned,Cash,601.34
4923,212,12,2026-02-12 13:21:14,Cancelled,UPI,2219.31
4924,793,56,2025-04-19 17:19:51,Returned,UPI,758.06
4925,420,13,2025-10-26 06:40:17,Cancelled,Cash,313.94
4926,263,66,2025-04-14 06:00:06,Returned,Credit Card,466.91
4927,184,6,2025-11-10 01:50:32,Returned,Net Banking,2070.62
4928,24,93,2025-02-14 02:05:35,Returned,Net Banking,1243.23
4929,253,72,2026-03-24 19:14:51,Cancelled,Debit Card,2219.18
4930,438,45,2024-12-01 20:52:31,Completed,Debit Card,3357.22
4931,456,85,2024-08-31 18:58:21,Returned,Net Banking,3666.62
4932,413,79,2025-10-25 20:05:34,Pending,Credit Card,4994.03
4933,486,19,2026-04-13 11:04:32,Returned,UPI,4260.63
4934,175,42,2025-05-26 07:11:38,Pending,Cash,1784.51
4935,606,76,2025-08-17 18:41:55,Cancelled,Cash,2926.77
4936,536,59,2026-03-22 15:59:29,Cancelled,UPI,4849.87
4937,330,1,2025-11-18 10:08:59,Completed,Net Banking,3532.07
4938,482,24,2025-05-25 17:59:44,Completed,Cash,3990.0
4939,398,66,2025-03-07 20:46:04,Returned,UPI,3928.41
4940,395,5,2025-06-22 01:28:21,Pending,UPI,2176.8
4941,162,38,2025-02-08 04:40:13,Pending,Debit Card,857.2
4942,919,27,2024-08-07 10:52:05,Returned,UPI,1673.32
4943,236,40,2025-03-16 03:20:12,Completed,Net Banking,4497.05
4944,326,54,2025-07-29 00:21:19,Pending,UPI,3047.19
4945,279,54,2026-03-27 00:09:05,Completed,Net Banking,3669.98
4946,346,91,2025-03-11 02:15:59,Completed,Cash,1553.56
4947,940,2,2025-09-29 23:21:59,Completed,Debit Card,940.88
4948,811,98,2024-12-21 20:43:53,Pending,UPI,453.15
4949,305,69,2025-10-09 14:36:52,Completed,Cash,2901.3
4950,310,43,2024-06-15 10:14:35,Completed,UPI,3833.35
4951,873,80,2024-11-23 22:47:15,Pending,Credit Card,3039.86
4952,610,41,2024-12-30 01:47:36,Cancelled,Debit Card,4722.09
4953,105,34,2025-11-05 00:21:32,Cancelled,Debit Card,3098.82
4954,653,40,2024-07-12 00:54:24,Cancelled,Credit Card,2400.64
4955,388,12,2025-03-22 06:00:03,Completed,Credit Card,1239.07
4956,456,14,2025-06-15 01:37:12,Completed,Net Banking,4412.96
4957,583,17,2026-03-08 14:47:24,Cancelled,UPI,898.11
4958,569,21,2025-06-28 07:47:54,Returned,Debit Card,4088.6
4959,545,34,2025-10-19 13:33:32,Completed,Credit Card,115.03
4960,270,56,2024-06-10 16:56:19,Completed,Credit Card,4100.17
4961,610,50,2025-12-19 21:19:30,Returned,Credit Card,2893.68
4962,523,84,2024-10-16 11:26:37,Completed,UPI,3137.63
4963,936,72,2025-12-25 10:54:48,Completed,Debit Card,4680.9
4964,729,92,2024-08-30 13:00:54,Pending,UPI,1243.85
4965,573,24,2025-02-20 04:42:53,Returned,UPI,380.62
4966,384,85,2025-12-05 08:15:24,Cancelled,Net Banking,1048.85
4967,918,48,2025-07-06 16:07:38,Completed,Credit Card,1146.43
4968,204,50,2025-03-23 01:45:27,Pending,Credit Card,502.89
4969,350,42,2024-11-25 14:28:07,Pending,Net Banking,2577.02
4970,386,93,2025-03-01 12:24:41,Returned,Cash,4710.58
4971,626,28,2024-12-21 06:59:59,Pending,Net Banking,263.21
4972,932,17,2024-10-07 14:09:24,Completed,Credit Card,2769.7
4973,394,8,2025-11-07 16:41:53,Cancelled,Net Banking,2287.03
4974,556,93,2025-05-09 04:09:04,Pending,Cash,4428.26
4975,174,72,2024-06-28 05:05:54,Pending,Debit Card,193.92
4976,197,94,2025-10-13 08:03:12,Completed,Debit Card,3352.04
4977,536,13,2024-12-01 22:07:34,Returned,Debit Card,559.19
4978,945,93,2026-02-16 11:03:58,Returned,Credit Card,2352.2
4979,980,23,2025-02-25 00:32:19,Cancelled,UPI,226.6
4980,896,93,2026-05-24 02:14:15,Completed,Credit Card,4607.62
4981,939,8,2026-03-20 07:02:59,Cancelled,Cash,761.2
4982,158,78,2025-09-20 21:18:16,Pending,Debit Card,4121.73
4983,392,80,2025-02-16 22:30:37,Pending,UPI,3121.38
4984,987,74,2025-01-15 15:42:52,Cancelled,Credit Card,3961.11
4985,310,60,2024-11-10 15:46:02,Completed,Debit Card,938.69
4986,560,41,2024-08-30 09:01:41,Cancelled,Credit Card,3010.38
4987,956,24,2025-01-09 22:46:48,Cancelled,Credit Card,3343.84
4988,818,7,2024-12-25 03:39:55,Returned,Net Banking,1739.06
4989,368,60,2025-12-30 18:28:21,Pending,Credit Card,4674.55
4990,180,34,2025-02-20 03:53:59,Returned,Debit Card,2140.88
4991,310,1,2026-01-10 18:36:46,Pending,Cash,1748.91
4992,241,27,2024-08-02 00:46:56,Returned,Credit Card,4046.91
4993,348,20,2025-02-21 01:35:15,Pending,Cash,1240.08
4994,177,56,2025-01-17 03:03:24,Returned,Net Banking,846.61
4995,722,78,2025-06-05 22:01:50,Returned,Cash,4418.37
4996,24,35,2026-05-01 08:39:31,Completed,Net Banking,1078.4
4997,388,93,2025-04-10 06:20:25,Pending,UPI,3089.03
4998,804,73,2024-10-07 20:01:12,Completed,Net Banking,2352.31
4999,110,21,2025-10-10 11:51:34,Returned,Debit Card,1651.84
5000,576,91,2025-08-18 19:37:08,Completed,Debit Card,2411.55
5001,917,59,2025-06-19 21:18:45,Returned,Debit Card,4163.98
5002,449,69,2024-09-26 05:50:03,Pending,Net Banking,1556.96
5003,783,61,2025-09-04 06:01:58,Completed,UPI,4948.91
5004,495,22,2025-12-31 12:13:08,Cancelled,Credit Card,53.05
5005,778,84,2026-01-01 19:40:55,Pending,Debit Card,4026.63
5006,41,12,2025-11-16 04:48:58,Cancelled,UPI,248.36
5007,336,97,2025-04-06 03:59:40,Pending,Credit Card,2705.53
5008,406,94,2024-09-26 07:02:47,Completed,UPI,1848.56
5009,899,15,2026-01-18 04:53:08,Completed,Cash,2060.88
5010,110,94,2025-01-25 16:06:37,Completed,Credit Card,2113.16
5011,495,56,2025-06-25 02:57:30,Completed,Cash,3809.22
5012,119,3,2025-06-23 04:22:36,Cancelled,Cash,3650.94
5013,96,27,2025-06-04 10:38:18,Returned,Net Banking,3091.66
5014,175,79,2024-07-20 06:53:22,Returned,Debit Card,4017.19
5015,146,35,2026-05-23 15:45:52,Completed,Net Banking,4333.47
5016,68,83,2025-01-17 21:46:19,Pending,Debit Card,326.44
5017,658,76,2025-07-05 12:30:12,Cancelled,Net Banking,2143.54
5018,897,26,2025-09-21 16:33:06,Pending,UPI,806.33
5019,501,49,2025-09-14 14:06:30,Pending,Cash,776.74
5020,984,99,2026-05-04 04:30:51,Cancelled,Cash,2497.39
5021,687,32,2025-11-28 09:26:14,Completed,Debit Card,4084.78
5022,402,71,2026-01-15 23:10:05,Pending,Credit Card,3073.57
5023,662,93,2026-05-16 10:24:37,Cancelled,Credit Card,2155.64
5024,855,90,2026-02-19 22:08:33,Completed,Credit Card,2180.39
5025,824,76,2024-08-13 06:05:53,Cancelled,Debit Card,2519.54
5026,931,90,2024-05-26 21:37:46,Returned,UPI,3747.33
5027,97,23,2025-07-31 08:20:08,Returned,Cash,73.13
5028,498,29,2024-08-15 00:50:40,Pending,Cash,4206.15
5029,526,2,2025-07-16 07:33:29,Completed,Cash,2105.0
5030,281,22,2024-11-23 14:20:37,Cancelled,UPI,535.0
5031,711,40,2026-03-11 00:46:06,Pending,Debit Card,4922.21
5032,98,81,2025-09-25 07:37:36,Completed,Cash,2345.49
5033,8,92,2025-04-03 08:24:25,Returned,Net Banking,240.5
5034,694,66,2024-12-31 19:46:57,Cancelled,Debit Card,187.81
5035,698,13,2026-01-06 05:28:16,Pending,Net Banking,4638.39
5036,479,42,2024-08-28 18:25:56,Completed,Debit Card,3530.06
5037,324,34,2025-09-08 15:52:29,Cancelled,UPI,4159.82
5038,916,100,2024-09-08 17:40:08,Pending,Credit Card,4067.13
5039,622,61,2024-11-23 00:05:41,Returned,UPI,4251.54
5040,986,2,2025-09-03 22:25:52,Completed,Credit Card,1664.55
5041,109,96,2025-10-31 09:21:34,Completed,Debit Card,3853.61
5042,449,10,2024-08-28 02:50:19,Cancelled,Net Banking,61.95
5043,795,16,2025-11-11 19:13:25,Completed,Debit Card,1615.17
5044,53,95,2024-09-09 00:46:37,Returned,UPI,3692.43
5045,70,77,2024-10-06 07:44:08,Completed,Cash,1342.81
5046,12,46,2025-12-20 14:05:09,Returned,Credit Card,1719.76
5047,470,99,2024-11-23 21:13:42,Completed,UPI,3627.97
5048,625,13,2024-09-19 17:52:49,Cancelled,Cash,4105.1
5049,651,82,2024-08-05 01:25:44,Cancelled,Net Banking,105.62
5050,491,76,2026-05-13 14:54:55,Completed,Cash,2757.32
5051,158,49,2025-12-28 16:47:56,Completed,Credit Card,3098.27
5052,752,33,2026-04-05 05:05:40,Pending,Credit Card,617.29
5053,612,48,2024-08-10 20:46:28,Returned,Credit Card,4001.15
5054,821,43,2025-06-12 10:11:12,Cancelled,UPI,2429.68
5055,62,78,2024-08-06 09:20:06,Completed,Credit Card,937.63
5056,539,43,2025-10-02 19:01:43,Cancelled,Debit Card,2998.92
5057,568,91,2025-03-29 18:05:50,Completed,Cash,4949.55
5058,94,57,2026-03-03 12:59:08,Cancelled,Debit Card,1119.22
5059,368,39,2026-01-07 05:51:41,Pending,Cash,4837.35
5060,824,90,2026-04-29 18:01:28,Completed,Net Banking,3395.34
5061,522,86,2025-09-18 14:51:20,Cancelled,UPI,1333.5
5062,424,88,2026-05-24 20:08:32,Returned,UPI,1735.04
5063,938,66,2026-01-10 02:29:45,Returned,UPI,4166.37
5064,924,9,2025-12-05 02:20:06,Returned,UPI,2550.64
5065,36,9,2026-01-17 22:11:31,Cancelled,Credit Card,1381.4
5066,873,88,2024-11-12 16:18:37,Completed,Debit Card,1414.54
5067,259,43,2025-05-18 01:23:22,Cancelled,Cash,3329.8
5068,694,31,2024-06-04 20:02:27,Returned,Net Banking,1165.04
5069,150,44,2024-12-05 02:34:39,Completed,Debit Card,3574.98
5070,583,91,2024-12-17 01:49:26,Pending,Net Banking,794.99
5071,153,8,2024-11-22 21:53:25,Returned,Net Banking,3219.46
5072,198,52,2024-11-14 01:00:06,Returned,Net Banking,2742.54
5073,749,82,2025-03-29 12:06:36,Returned,Credit Card,3370.28
5074,390,14,2025-03-26 14:35:08,Cancelled,Net Banking,2923.05
5075,456,93,2026-04-09 10:26:29,Returned,Net Banking,3162.62
5076,953,5,2025-12-06 06:10:36,Cancelled,Net Banking,2272.39
5077,594,84,2025-11-11 14:36:31,Pending,Net Banking,3316.79
5078,116,17,2025-05-12 17:53:22,Returned,Cash,614.71
5079,59,46,2024-10-27 15:32:25,Cancelled,Cash,2991.46
5080,699,86,2024-10-07 01:47:26,Completed,Debit Card,293.12
5081,73,74,2025-12-03 14:35:56,Returned,Cash,908.0
5082,241,40,2024-12-09 14:46:53,Cancelled,Debit Card,663.32
5083,934,78,2025-03-07 20:32:56,Returned,Net Banking,286.45
5084,119,74,2025-07-13 17:22:20,Completed,Net Banking,1325.38
5085,767,9,2026-01-24 12:02:14,Completed,Net Banking,2993.57
5086,727,51,2025-08-27 21:15:23,Pending,Debit Card,365.97
5087,363,28,2025-03-21 10:41:40,Pending,UPI,137.0
5088,588,63,2024-10-30 00:42:29,Returned,Net Banking,1210.77
5089,701,12,2025-01-02 19:32:03,Cancelled,Cash,4388.97
5090,412,42,2024-05-30 08:35:46,Returned,Debit Card,4798.8
5091,463,29,2026-04-22 04:27:45,Cancelled,Net Banking,1305.8
5092,299,27,2025-06-11 19:24:01,Returned,UPI,609.87
5093,86,59,2025-01-19 01:29:47,Pending,Net Banking,1384.44
5094,235,25,2025-12-30 23:32:26,Pending,Net Banking,4717.24
5095,303,19,2025-05-21 03:20:47,Cancelled,Net Banking,23.51
5096,835,3,2024-12-23 13:46:43,Returned,Credit Card,3243.81
5097,261,67,2025-09-11 00:39:28,Returned,UPI,2691.71
5098,649,30,2026-01-24 19:35:45,Returned,Net Banking,2599.39
5099,279,84,2025-10-07 01:33:00,Pending,Cash,4579.09
5100,486,62,2026-03-21 11:24:19,Cancelled,Credit Card,4975.3
5101,893,88,2026-01-27 11:08:46,Returned,UPI,287.33
5102,654,79,2025-07-28 00:53:27,Completed,Credit Card,192.87
5103,293,10,2024-11-30 19:26:06,Pending,Cash,3328.56
5104,120,54,2024-10-21 02:50:26,Cancelled,Credit Card,4200.48
5105,987,96,2024-05-27 01:54:22,Cancelled,Net Banking,4286.11
5106,84,53,2026-05-06 09:04:22,Returned,Credit Card,3026.21
5107,510,3,2025-02-13 12:33:13,Returned,Cash,4389.67
5108,566,9,2026-05-01 00:27:18,Completed,Credit Card,4655.97
5109,918,80,2025-12-07 09:30:49,Returned,Debit Card,2061.29
5110,726,87,2025-12-18 10:44:22,Cancelled,Cash,2918.04
5111,344,73,2024-06-26 09:35:16,Cancelled,Credit Card,4555.57
5112,870,16,2026-04-24 22:46:37,Returned,Net Banking,1206.96
5113,651,88,2024-10-22 20:57:45,Pending,Net Banking,1006.54
5114,271,67,2025-08-05 00:26:22,Cancelled,Credit Card,1860.74
5115,351,34,2025-02-13 06:44:30,Returned,Debit Card,4975.46
5116,114,59,2024-07-17 22:44:47,Returned,UPI,627.8
5117,611,15,2026-01-08 14:04:39,Pending,Cash,1516.78
5118,675,91,2025-12-29 23:22:13,Completed,Credit Card,4225.81
5119,24,71,2024-08-26 10:22:06,Completed,Net Banking,2585.45
5120,970,24,2025-08-25 15:26:35,Completed,UPI,2949.6
5121,715,93,2025-06-08 14:56:55,Pending,Net Banking,3559.56
5122,587,26,2024-12-14 22:42:37,Returned,UPI,4180.7
5123,881,10,2024-08-30 19:04:14,Returned,Credit Card,1685.48
5124,63,18,2025-05-14 15:23:14,Completed,Debit Card,490.67
5125,291,4,2024-10-17 20:51:20,Cancelled,Cash,2840.48
5126,95,26,2025-03-19 04:14:33,Cancelled,Credit Card,1913.22
5127,96,57,2024-11-02 21:34:39,Returned,Cash,3566.7
5128,807,22,2026-02-27 01:26:02,Returned,UPI,551.81
5129,51,10,2026-01-19 05:13:31,Completed,UPI,2651.91
5130,769,92,2024-10-26 18:40:01,Pending,UPI,472.4
5131,716,61,2026-05-07 06:27:54,Completed,Cash,3040.66
5132,651,6,2025-08-17 01:13:41,Pending,Cash,815.28
5133,556,59,2025-12-02 01:54:18,Cancelled,Credit Card,4435.27
5134,182,29,2025-07-31 15:02:29,Pending,Credit Card,799.96
5135,247,10,2025-10-17 13:25:56,Cancelled,Net Banking,4950.14
5136,470,40,2026-03-20 07:10:38,Pending,Credit Card,387.48
5137,459,1,2025-04-11 08:48:08,Completed,Net Banking,3102.62
5138,274,17,2025-06-14 00:20:17,Pending,Net Banking,3149.61
5139,197,46,2025-03-15 06:06:15,Cancelled,Net Banking,3299.65
5140,596,88,2024-10-28 22:50:52,Completed,UPI,4001.38
5141,46,50,2024-06-17 13:01:39,Returned,Credit Card,2810.3
5142,748,12,2025-12-11 02:51:39,Pending,Cash,2889.02
5143,699,2,2025-09-08 06:46:34,Completed,Cash,4439.8
5144,818,4,2024-05-27 09:23:23,Cancelled,Cash,1133.43
5145,559,9,2025-12-25 13:59:18,Completed,Debit Card,443.38
5146,428,73,2025-04-05 07:47:41,Completed,Cash,2530.93
5147,266,69,2025-07-13 00:02:57,Returned,Cash,3562.83
5148,695,26,2025-07-17 04:29:01,Returned,Cash,4167.69
5149,27,5,2024-11-22 11:34:26,Cancelled,UPI,3672.51
5150,548,18,2025-03-01 06:02:15,Cancelled,Cash,217.8
5151,918,99,2024-11-05 22:33:56,Returned,Debit Card,1782.95
5152,129,54,2024-07-05 03:47:14,Completed,Cash,807.16
5153,18,100,2025-05-29 18:36:52,Pending,UPI,3422.34
5154,918,25,2025-07-01 12:04:56,Returned,Credit Card,1926.86
5155,725,88,2025-07-21 20:15:10,Pending,Net Banking,3280.7
5156,97,100,2025-10-05 00:17:54,Completed,Net Banking,1624.94
5157,109,71,2025-09-13 14:17:00,Cancelled,UPI,3469.12
5158,542,41,2026-02-14 16:43:58,Completed,Debit Card,3379.75
5159,846,88,2025-10-10 20:29:36,Completed,Net Banking,2941.1
5160,175,46,2026-04-03 05:38:34,Returned,Net Banking,699.29
5161,938,70,2024-09-19 21:42:21,Returned,Cash,1439.65
5162,156,49,2026-03-23 08:34:43,Returned,Debit Card,695.58
5163,841,65,2025-08-25 18:48:35,Cancelled,Cash,3682.4
5164,43,19,2026-03-08 18:52:20,Returned,Net Banking,4096.28
5165,490,59,2026-05-17 17:46:30,Pending,Cash,4151.26
5166,792,98,2024-06-13 22:58:24,Cancelled,Credit Card,1759.65
5167,62,60,2025-09-07 20:45:36,Cancelled,Cash,1971.51
5168,78,63,2025-02-05 20:31:57,Completed,Credit Card,4393.28
5169,204,37,2024-09-08 06:01:18,Pending,Debit Card,4721.93
5170,287,62,2025-08-14 13:57:36,Completed,Debit Card,1783.89
5171,866,19,2025-07-15 08:06:33,Cancelled,Cash,930.86
5172,79,7,2025-08-29 16:47:54,Completed,Debit Card,4832.24
5173,726,70,2026-03-04 17:48:04,Pending,Cash,625.95
5174,765,4,2024-12-01 06:17:09,Completed,UPI,684.28
5175,736,30,2025-02-05 11:58:17,Completed,Cash,40.17
5176,231,5,2025-09-18 21:41:09,Completed,Debit Card,4358.26
5177,358,35,2026-03-16 05:40:24,Completed,Debit Card,4473.57
5178,858,11,2025-01-12 18:58:20,Pending,Debit Card,3943.05
5179,788,56,2024-10-16 17:58:13,Pending,Cash,2005.89
5180,797,67,2026-02-12 19:12:36,Cancelled,Cash,3025.38
5181,54,95,2024-12-31 13:14:02,Pending,Credit Card,2021.79
5182,183,60,2025-01-01 05:28:23,Pending,Debit Card,2614.89
5183,986,16,2024-09-06 14:43:40,Cancelled,Net Banking,530.88
5184,39,25,2026-02-07 06:10:53,Completed,Net Banking,403.1
5185,59,48,2025-02-15 20:08:24,Returned,Debit Card,2604.27
5186,356,82,2025-04-30 20:42:20,Returned,Debit Card,3611.88
5187,852,98,2025-01-23 21:33:05,Pending,Credit Card,2117.04
5188,150,16,2024-07-25 18:36:15,Cancelled,UPI,3022.96
5189,630,66,2025-05-03 09:34:14,Completed,Credit Card,4514.28
5190,643,86,2026-02-15 12:43:23,Completed,Credit Card,159.25
5191,800,42,2025-04-04 12:47:07,Completed,Net Banking,2929.41
5192,712,19,2024-06-11 13:20:52,Cancelled,Debit Card,2526.88
5193,895,22,2025-05-19 13:16:33,Completed,Debit Card,2696.2
5194,983,60,2025-10-11 07:18:56,Cancelled,Net Banking,4450.51
5195,390,48,2026-02-18 08:20:36,Cancelled,Debit Card,2038.14
5196,526,19,2024-10-12 02:05:41,Returned,Net Banking,2367.81
5197,642,31,2024-10-06 10:05:55,Completed,Net Banking,3593.59
5198,277,16,2025-04-17 17:45:05,Returned,Debit Card,925.88
5199,110,78,2025-08-12 13:15:10,Cancelled,Debit Card,2814.44
5200,601,88,2025-10-05 07:50:11,Cancelled,Net Banking,3621.59
5201,882,46,2025-11-02 10:58:00,Completed,UPI,4741.52
5202,806,78,2025-04-01 13:04:31,Pending,UPI,2109.12
5203,632,57,2025-07-25 11:15:27,Cancelled,Debit Card,825.01
5204,23,71,2025-11-27 19:59:18,Cancelled,Credit Card,4566.63
5205,667,40,2024-08-07 09:38:14,Completed,Net Banking,3229.31
5206,859,66,2025-08-16 06:17:59,Pending,Debit Card,3581.99
5207,877,78,2025-05-01 17:28:32,Returned,Net Banking,4373.15
5208,351,51,2026-05-25 12:35:03,Pending,Net Banking,4563.41
5209,70,92,2025-07-08 01:17:29,Completed,Credit Card,40.7
5210,508,74,2024-12-25 06:51:24,Cancelled,Cash,3929.96
5211,505,71,2026-03-29 14:04:58,Completed,Credit Card,1730.66
5212,336,25,2025-02-18 14:42:44,Completed,Cash,2057.46
5213,84,45,2026-03-13 23:13:50,Returned,Debit Card,846.07
5214,456,64,2026-01-28 07:48:49,Completed,Debit Card,3547.6
5215,100,36,2025-04-08 07:25:42,Pending,UPI,1710.17
5216,618,84,2025-05-29 07:26:39,Returned,Debit Card,767.05
5217,704,66,2024-10-15 22:22:39,Cancelled,Net Banking,1107.61
5218,929,96,2026-04-11 12:38:48,Cancelled,Debit Card,314.45
5219,278,88,2024-06-19 22:52:48,Pending,Cash,4921.28
5220,903,55,2025-07-13 21:47:40,Returned,Net Banking,3387.64
5221,833,22,2025-12-17 13:23:57,Cancelled,UPI,3726.63
5222,766,77,2024-08-09 09:22:09,Completed,Net Banking,3503.44
5223,5,69,2025-04-04 23:28:47,Pending,Debit Card,3464.92
5224,511,31,2026-04-29 22:58:28,Pending,Net Banking,623.42
5225,112,59,2025-09-29 20:35:55,Pending,Net Banking,2262.08
5226,227,14,2024-12-16 03:16:53,Completed,Net Banking,2060.43
5227,974,34,2024-09-08 16:06:09,Cancelled,Debit Card,3712.69
5228,230,95,2024-12-14 08:20:01,Returned,Credit Card,4299.14
5229,142,37,2025-10-31 02:07:47,Cancelled,UPI,2709.05
5230,313,69,2024-07-15 20:15:46,Completed,UPI,4345.04
5231,965,77,2024-10-18 09:59:20,Pending,Cash,4185.75
5232,10,26,2025-01-16 14:15:34,Completed,UPI,3114.52
5233,907,18,2025-03-21 05:17:49,Returned,Net Banking,4824.32
5234,553,17,2025-11-09 07:26:17,Completed,UPI,2358.05
5235,759,52,2025-07-26 02:12:42,Pending,Cash,441.39
5236,67,99,2026-01-30 04:08:45,Pending,Net Banking,477.65
5237,11,51,2024-09-13 00:54:29,Pending,Debit Card,710.9
5238,408,76,2024-09-14 14:01:19,Pending,Cash,1801.47
5239,805,75,2025-09-08 18:06:28,Pending,Debit Card,2832.0
5240,245,33,2025-04-25 08:27:33,Completed,Credit Card,1730.1
5241,10,59,2026-05-02 10:04:03,Pending,Credit Card,1285.01
5242,719,91,2025-09-02 15:05:53,Cancelled,Net Banking,2682.77
5243,699,28,2025-10-21 03:47:21,Returned,Net Banking,2985.64
5244,262,100,2024-10-08 02:45:12,Returned,Debit Card,687.08
5245,484,29,2025-03-03 00:51:50,Completed,Cash,3181.06
5246,70,5,2025-07-27 13:21:03,Completed,Debit Card,2325.05
5247,349,34,2025-08-27 08:29:55,Returned,Debit Card,4755.47
5248,1000,99,2025-07-28 10:39:44,Completed,Debit Card,1223.98
5249,178,15,2025-09-25 05:27:51,Pending,Net Banking,1874.75
5250,625,71,2026-01-21 23:31:52,Completed,Net Banking,2093.96
5251,46,85,2024-12-29 17:43:37,Completed,Credit Card,2072.61
5252,723,42,2025-12-15 16:56:40,Pending,Debit Card,1768.31
5253,971,83,2026-05-08 12:56:27,Pending,Cash,2415.04
5254,60,6,2026-02-04 20:22:02,Completed,Credit Card,4202.28
5255,441,52,2025-02-15 18:07:40,Returned,Cash,3980.43
5256,361,94,2025-09-15 20:42:49,Pending,Credit Card,3314.38
5257,828,84,2025-04-22 02:04:44,Returned,UPI,3257.9
5258,721,65,2025-04-14 12:10:49,Completed,Credit Card,710.57
5259,930,92,2025-07-25 18:13:42,Cancelled,Cash,4917.96
5260,686,56,2025-05-10 17:46:45,Completed,UPI,3748.05
5261,233,40,2024-09-15 22:07:37,Completed,Net Banking,1473.13
5262,680,38,2024-09-25 13:25:39,Cancelled,Debit Card,4055.36
5263,638,56,2025-03-01 06:05:22,Pending,UPI,3796.24
5264,462,89,2026-02-03 10:51:56,Pending,Net Banking,2046.35
5265,196,14,2024-12-04 07:48:30,Returned,UPI,3711.42
5266,428,6,2024-10-27 17:33:13,Cancelled,Debit Card,1743.04
5267,611,9,2024-06-03 11:20:07,Completed,Net Banking,2021.84
5268,568,72,2025-11-18 00:04:21,Completed,Debit Card,901.33
5269,33,15,2026-02-21 00:06:02,Completed,Credit Card,3510.82
5270,503,100,2024-09-11 12:18:51,Cancelled,Cash,640.36
5271,555,48,2024-11-24 06:57:32,Completed,Net Banking,3156.37
5272,877,78,2026-02-27 12:17:30,Completed,Credit Card,2553.35
5273,939,63,2026-04-22 08:13:35,Cancelled,Credit Card,4722.44
5274,184,78,2025-06-03 03:21:15,Completed,UPI,1626.37
5275,517,97,2026-05-03 02:00:41,Cancelled,UPI,1931.59
5276,556,54,2024-08-10 17:01:14,Returned,Cash,840.21
5277,689,26,2024-06-04 03:21:03,Completed,Credit Card,2265.2
5278,579,91,2025-10-20 11:15:49,Completed,Credit Card,4176.03
5279,953,15,2024-10-17 04:44:38,Cancelled,Credit Card,2347.78
5280,198,27,2024-06-08 17:23:21,Pending,Debit Card,3185.89
5281,360,42,2026-02-10 04:07:41,Returned,Cash,631.98
5282,588,68,2025-03-26 17:52:00,Pending,Net Banking,3298.77
5283,681,24,2025-08-03 17:06:14,Returned,Credit Card,824.24
5284,887,84,2024-07-05 17:16:11,Pending,Credit Card,4107.94
5285,18,9,2026-03-23 14:39:01,Returned,Credit Card,2865.03
5286,350,59,2025-06-24 16:06:56,Returned,UPI,2456.4
5287,531,50,2024-08-07 09:59:59,Pending,Credit Card,3502.36
5288,711,58,2024-06-22 14:49:19,Completed,Cash,2557.02
5289,920,4,2025-07-19 12:49:31,Returned,Net Banking,4558.19
5290,530,53,2025-06-14 15:00:16,Completed,Net Banking,2662.19
5291,902,32,2025-05-11 20:23:43,Completed,Debit Card,3875.64
5292,906,36,2025-03-12 19:27:19,Returned,Debit Card,3094.98
5293,683,73,2024-07-07 14:14:55,Completed,Net Banking,4323.52
5294,451,40,2025-01-16 05:26:26,Completed,Cash,3726.67
5295,146,93,2026-05-13 05:28:58,Pending,Credit Card,352.5
5296,971,47,2024-10-13 05:17:36,Cancelled,Net Banking,812.95
5297,626,38,2025-06-05 11:01:51,Pending,Net Banking,3045.0
5298,335,35,2025-06-08 07:16:26,Returned,UPI,3373.73
5299,64,24,2026-04-11 19:33:11,Returned,Cash,4801.75
5300,166,28,2025-11-12 00:59:21,Completed,Credit Card,1129.79
5301,795,61,2024-07-29 16:58:02,Cancelled,UPI,3168.25
5302,925,92,2024-06-13 08:14:43,Returned,Debit Card,2070.92
5303,767,53,2025-10-27 08:58:29,Returned,UPI,3840.69
5304,479,68,2026-02-11 01:46:30,Pending,Net Banking,3340.94
5305,997,7,2025-11-18 16:53:05,Returned,UPI,2970.79
5306,972,5,2025-12-24 18:39:43,Returned,Net Banking,612.51
5307,543,92,2024-07-09 23:43:32,Pending,Net Banking,2710.01
5308,362,41,2025-12-03 01:00:14,Pending,Net Banking,4414.47
5309,242,64,2025-06-28 09:35:15,Completed,Cash,4718.54
5310,42,100,2025-02-25 23:17:18,Returned,Debit Card,1762.01
5311,224,57,2024-12-25 21:12:32,Pending,Net Banking,1083.94
5312,754,97,2024-12-30 17:04:19,Returned,Credit Card,3869.38
5313,68,90,2025-11-12 18:02:25,Pending,UPI,2974.06
5314,893,53,2024-12-13 12:35:06,Cancelled,Debit Card,4354.48
5315,920,74,2026-04-21 05:04:55,Cancelled,Net Banking,1153.91
5316,933,83,2024-10-09 09:54:40,Cancelled,UPI,3514.91
5317,478,12,2026-03-20 23:16:43,Cancelled,Credit Card,3820.69
5318,401,13,2025-08-16 05:01:22,Cancelled,Net Banking,905.02
5319,201,8,2024-09-22 12:33:11,Completed,UPI,1600.59
5320,126,18,2025-01-07 22:10:18,Cancelled,UPI,3814.1
5321,719,79,2026-04-18 09:17:44,Returned,Debit Card,3977.71
5322,941,97,2025-12-22 06:53:16,Pending,Credit Card,1604.8
5323,366,32,2025-12-24 17:56:41,Cancelled,Net Banking,3961.13
5324,298,26,2024-09-08 20:55:50,Cancelled,UPI,4359.2
5325,173,16,2025-10-25 13:21:09,Returned,Net Banking,1617.4
5326,829,6,2025-07-02 18:29:03,Returned,UPI,2145.53
5327,385,42,2024-09-04 03:22:55,Returned,Cash,3622.14
5328,971,67,2025-12-14 22:08:41,Completed,Cash,1994.96
5329,39,36,2024-08-08 21:27:41,Pending,UPI,4643.76
5330,162,29,2025-12-27 02:06:20,Cancelled,UPI,4533.13
5331,349,85,2024-10-21 20:39:07,Cancelled,Credit Card,256.21
5332,250,41,2025-11-25 10:28:29,Completed,Debit Card,3337.99
5333,826,88,2026-05-04 07:02:56,Pending,Cash,4608.25
5334,229,58,2025-01-24 02:11:39,Cancelled,Net Banking,4165.47
5335,932,34,2025-11-28 19:33:57,Cancelled,Cash,1101.45
5336,371,92,2026-01-03 02:07:52,Cancelled,UPI,3140.85
5337,920,56,2025-01-24 21:04:06,Pending,Credit Card,2674.66
5338,199,27,2026-03-09 09:11:15,Cancelled,UPI,3591.24
5339,283,71,2026-04-24 23:47:35,Pending,Credit Card,2760.19
5340,197,26,2024-07-31 06:59:40,Pending,Debit Card,1488.38
5341,942,90,2026-04-26 13:20:01,Completed,UPI,4537.37
5342,1,33,2024-11-27 14:58:24,Completed,Credit Card,1282.53
5343,341,18,2026-03-28 00:52:04,Cancelled,Debit Card,3815.34
5344,146,53,2024-12-26 07:43:38,Cancelled,Debit Card,230.24
5345,758,8,2024-11-18 05:58:06,Cancelled,Net Banking,4883.82
5346,661,84,2026-02-23 19:43:37,Cancelled,Cash,3107.54
5347,534,76,2025-11-10 07:52:33,Cancelled,Net Banking,2092.91
5348,208,79,2024-06-05 07:09:13,Cancelled,UPI,4361.81
5349,198,34,2026-01-04 21:39:46,Pending,UPI,3755.27
5350,998,55,2024-09-29 04:58:31,Pending,Credit Card,2609.46
5351,434,81,2024-08-02 00:58:45,Returned,Credit Card,3813.02
5352,24,96,2026-02-27 13:03:00,Pending,Debit Card,2776.23
5353,27,69,2025-10-14 05:28:29,Returned,Credit Card,2343.87
5354,792,71,2026-02-04 14:04:22,Pending,Credit Card,4437.23
5355,765,56,2024-06-27 09:46:35,Completed,UPI,4339.3
5356,896,2,2025-12-31 22:26:31,Pending,Net Banking,2007.45
5357,650,82,2025-06-20 00:24:00,Completed,Cash,786.58
5358,843,63,2025-12-03 09:58:46,Cancelled,Cash,4271.93
5359,952,7,2025-01-04 20:50:27,Pending,Credit Card,272.54
5360,768,5,2024-09-07 04:16:28,Returned,Cash,3726.56
5361,587,62,2025-07-24 11:09:25,Returned,Cash,3281.79
5362,145,69,2025-04-08 16:58:30,Returned,Net Banking,3992.66
5363,59,15,2025-10-27 05:14:26,Pending,Debit Card,1200.38
5364,11,98,2025-01-17 14:24:24,Cancelled,Net Banking,4010.18
5365,886,99,2026-02-08 19:50:31,Returned,Cash,3825.98
5366,752,27,2024-06-14 08:08:51,Pending,Cash,159.85
5367,406,21,2024-12-18 04:47:50,Returned,Debit Card,2227.79
5368,646,76,2025-01-05 21:39:55,Pending,Debit Card,4793.25
5369,754,76,2025-09-14 07:04:34,Returned,Credit Card,804.52
5370,950,80,2024-07-12 00:51:26,Cancelled,Credit Card,716.02
5371,857,17,2026-01-23 11:38:51,Completed,Debit Card,1851.49
5372,316,4,2024-11-27 14:56:47,Cancelled,Net Banking,603.72
5373,937,22,2026-02-11 04:37:51,Pending,UPI,1683.15
5374,241,34,2026-03-25 11:07:32,Pending,Net Banking,731.36
5375,580,7,2024-12-10 07:58:04,Returned,Debit Card,2496.03
5376,912,45,2025-03-01 03:21:38,Pending,UPI,3661.16
5377,783,89,2026-01-25 19:47:51,Completed,Net Banking,4863.34
5378,375,29,2025-06-14 15:58:43,Pending,Debit Card,3732.62
5379,393,11,2024-12-10 06:43:52,Pending,UPI,2021.46
5380,608,53,2024-08-11 03:53:14,Pending,Debit Card,4303.11
5381,235,37,2026-04-21 03:24:49,Pending,Credit Card,3124.21
5382,705,18,2025-05-09 19:12:56,Cancelled,Net Banking,4839.68
5383,818,16,2025-03-13 22:19:07,Completed,Debit Card,3116.92
5384,985,89,2024-08-19 05:01:17,Returned,Cash,2992.16
5385,188,59,2025-02-26 23:40:33,Completed,Net Banking,77.27
5386,814,55,2024-09-20 08:35:33,Pending,Credit Card,1331.2
5387,375,24,2024-12-12 12:10:16,Returned,Credit Card,3329.78
5388,458,7,2025-02-07 22:07:08,Completed,Cash,2050.58
5389,804,20,2025-04-07 00:09:17,Pending,UPI,3730.89
5390,467,13,2025-03-26 21:29:11,Returned,UPI,3801.32
5391,393,88,2025-09-30 22:04:09,Completed,Cash,3066.97
5392,901,67,2026-02-24 05:16:52,Cancelled,UPI,4950.01
5393,705,74,2025-01-11 00:25:13,Pending,Debit Card,2590.21
5394,192,4,2026-04-23 01:11:26,Completed,UPI,1169.0
5395,421,26,2024-11-11 03:44:04,Completed,UPI,3063.92
5396,540,56,2025-10-01 10:55:49,Completed,UPI,461.49
5397,540,95,2025-08-21 19:19:59,Returned,UPI,299.29
5398,258,84,2024-08-13 18:30:42,Pending,Credit Card,613.71
5399,677,88,2025-07-05 06:46:45,Pending,Debit Card,3273.28
5400,522,5,2024-12-18 02:50:47,Completed,UPI,1906.33
5401,866,15,2025-05-21 02:35:54,Returned,Net Banking,3653.98
5402,347,52,2026-01-11 06:42:15,Returned,Debit Card,2480.55
5403,720,10,2025-11-03 09:27:34,Completed,UPI,690.08
5404,534,29,2025-06-12 22:14:30,Pending,Net Banking,4249.27
5405,667,28,2024-11-03 21:18:52,Pending,Net Banking,4059.6
5406,804,94,2025-04-17 09:29:04,Completed,Credit Card,1829.12
5407,802,34,2024-07-03 05:29:27,Returned,UPI,4852.08
5408,809,40,2025-10-02 12:28:25,Cancelled,Debit Card,2221.82
5409,148,5,2026-03-22 00:45:52,Cancelled,Debit Card,2286.25
5410,709,53,2024-10-22 13:17:01,Completed,Cash,2202.38
5411,410,92,2025-07-16 04:54:47,Pending,Net Banking,1513.27
5412,362,58,2025-12-15 21:22:49,Completed,Credit Card,2915.85
5413,856,86,2026-01-09 14:12:59,Completed,Net Banking,4463.1
5414,930,36,2025-12-25 05:09:40,Pending,UPI,2635.76
5415,55,62,2026-03-01 10:31:05,Completed,Cash,3162.52
5416,770,4,2026-01-27 20:53:44,Completed,Credit Card,4799.73
5417,662,56,2025-10-23 09:52:36,Completed,Debit Card,4716.42
5418,411,13,2025-08-27 10:17:40,Returned,Cash,2471.81
5419,619,4,2024-10-29 08:34:44,Returned,Net Banking,3863.8
5420,564,82,2025-08-03 15:25:03,Returned,UPI,3472.39
5421,343,53,2026-03-09 07:19:06,Cancelled,Credit Card,751.23
5422,771,22,2025-03-19 11:44:59,Cancelled,Cash,4916.69
5423,202,13,2024-06-19 01:48:10,Returned,UPI,876.55
5424,188,14,2025-06-04 06:51:04,Cancelled,Debit Card,1974.55
5425,192,2,2025-10-13 21:31:53,Returned,Net Banking,3160.7
5426,100,31,2024-08-18 01:37:27,Returned,UPI,2222.37
5427,646,4,2025-05-22 05:26:17,Pending,Net Banking,3385.05
5428,483,69,2026-03-15 20:16:01,Pending,Debit Card,1732.43
5429,401,52,2024-11-07 19:55:40,Returned,Net Banking,3170.14
5430,38,69,2024-06-10 06:42:20,Returned,Net Banking,4157.68
5431,748,78,2026-02-14 04:27:25,Returned,Cash,3651.26
5432,592,42,2024-05-29 04:01:00,Cancelled,Debit Card,2893.98
5433,536,51,2024-12-31 23:12:29,Completed,Debit Card,3810.7
5434,501,58,2024-11-11 08:18:58,Completed,Net Banking,3145.85
5435,175,39,2025-06-02 07:36:31,Cancelled,Credit Card,4508.79
5436,290,21,2024-09-29 23:19:01,Cancelled,Debit Card,1230.82
5437,901,40,2025-12-28 04:50:52,Cancelled,Debit Card,4922.09
5438,59,76,2025-12-06 10:31:44,Completed,Cash,1012.76
5439,356,42,2025-05-27 02:32:28,Completed,Cash,2099.55
5440,80,48,2025-07-28 04:28:08,Returned,Net Banking,1226.22
5441,124,56,2025-08-05 14:08:52,Returned,Credit Card,2539.56
5442,378,78,2026-05-07 15:09:22,Pending,Cash,4866.2
5443,21,79,2025-06-09 07:11:22,Completed,UPI,1501.19
5444,249,14,2025-09-24 23:40:11,Returned,Credit Card,4390.15
5445,339,17,2025-11-13 09:12:22,Pending,Debit Card,4203.42
5446,775,88,2025-06-19 13:46:26,Returned,Cash,292.04
5447,779,63,2025-02-25 02:14:45,Returned,Net Banking,2884.88
5448,899,21,2025-12-21 06:11:32,Returned,Net Banking,4687.53
5449,36,8,2025-01-29 04:49:26,Returned,Debit Card,4529.66
5450,22,10,2024-11-19 04:53:52,Completed,UPI,1856.26
5451,632,32,2024-12-28 05:17:48,Completed,UPI,4077.3
5452,246,69,2024-08-29 12:46:12,Pending,Cash,4311.72
5453,229,58,2024-10-02 09:30:53,Cancelled,Credit Card,2682.33
5454,297,29,2024-12-27 10:24:06,Completed,Cash,3281.45
5455,695,50,2025-02-10 10:24:37,Completed,Net Banking,2182.28
5456,224,3,2026-01-10 21:41:33,Pending,Net Banking,1291.94
5457,734,4,2024-08-31 23:31:27,Pending,UPI,640.41
5458,180,99,2025-05-06 11:37:49,Returned,Debit Card,186.95
5459,496,82,2026-01-08 18:57:26,Returned,UPI,2590.58
5460,811,65,2025-01-30 22:29:42,Completed,Net Banking,3793.56
5461,12,67,2026-05-24 08:22:51,Returned,Credit Card,23.12
5462,283,39,2025-06-01 18:27:55,Pending,Credit Card,3238.6
5463,284,70,2025-01-30 18:06:24,Pending,Credit Card,645.44
5464,499,24,2026-04-30 15:07:07,Pending,Debit Card,1094.44
5465,269,54,2024-11-26 11:27:59,Pending,Credit Card,3162.54
5466,923,58,2025-12-21 04:38:35,Returned,UPI,1517.17
5467,737,18,2025-05-04 14:00:56,Pending,Cash,1294.15
5468,265,32,2025-12-01 02:50:30,Pending,UPI,1220.86
5469,779,90,2026-02-19 21:49:45,Completed,Credit Card,3938.23
5470,410,71,2026-01-06 06:42:35,Completed,Debit Card,880.9
5471,796,77,2025-08-29 23:00:16,Completed,Net Banking,638.34
5472,850,13,2026-02-03 11:12:42,Returned,Cash,114.95
5473,348,30,2024-09-11 00:15:08,Pending,Credit Card,2602.22
5474,634,59,2026-02-16 09:40:51,Completed,Credit Card,1992.07
5475,407,17,2024-08-06 17:41:51,Returned,Credit Card,2872.89
5476,323,17,2025-08-14 18:11:27,Completed,UPI,2363.93
5477,662,20,2024-06-06 14:33:38,Pending,Credit Card,870.69
5478,452,2,2025-04-14 00:27:10,Returned,Cash,1343.85
5479,958,36,2024-07-17 23:00:39,Returned,Debit Card,3720.9
5480,493,44,2024-06-02 03:41:17,Completed,Cash,2769.68
5481,612,38,2024-08-17 06:17:23,Pending,Net Banking,1579.09
5482,110,52,2025-08-16 00:32:05,Cancelled,Credit Card,3401.23
5483,343,2,2025-01-06 14:00:10,Completed,Debit Card,2987.29
5484,306,96,2024-09-01 20:04:22,Cancelled,UPI,1738.67
5485,605,43,2025-02-06 21:18:52,Returned,UPI,102.4
5486,788,47,2026-03-04 09:42:42,Returned,Cash,3465.03
5487,444,45,2026-03-23 14:48:29,Returned,Credit Card,139.47
5488,582,70,2025-03-29 02:54:14,Completed,Debit Card,1890.43
5489,191,21,2026-04-15 15:30:02,Pending,Net Banking,867.22
5490,112,33,2025-08-08 00:25:01,Cancelled,Credit Card,4601.42
5491,772,44,2025-10-18 05:04:13,Pending,Net Banking,3112.14
5492,734,74,2024-12-07 10:37:16,Pending,Cash,1992.33
5493,64,12,2025-06-06 18:41:32,Pending,Credit Card,3148.18
5494,553,58,2025-02-14 10:30:58,Returned,Cash,167.27
5495,938,84,2024-06-24 00:47:31,Pending,Net Banking,458.6
5496,878,95,2025-02-08 05:02:39,Pending,Credit Card,345.63
5497,941,70,2025-05-11 02:34:12,Cancelled,Credit Card,4085.68
5498,796,38,2025-08-31 21:07:16,Completed,Debit Card,1199.62
5499,821,87,2026-02-23 08:57:23,Pending,Net Banking,484.45
5500,322,26,2026-03-20 03:07:41,Completed,Net Banking,3358.82
5501,889,48,2025-07-16 00:39:29,Pending,Debit Card,3399.1
5502,987,17,2025-03-13 00:10:08,Completed,UPI,525.5
5503,875,2,2025-02-11 07:45:08,Returned,UPI,4455.88
5504,401,84,2024-09-07 08:37:31,Completed,Cash,1787.66
5505,787,33,2024-06-04 19:54:34,Cancelled,Net Banking,2214.08
5506,849,21,2025-01-05 15:48:17,Cancelled,UPI,4325.29
5507,984,61,2024-08-29 16:01:00,Cancelled,Net Banking,2080.12
5508,432,30,2025-10-14 21:56:05,Pending,Debit Card,2444.18
5509,639,3,2024-07-26 02:40:14,Completed,Cash,162.04
5510,903,20,2025-11-15 04:32:35,Pending,Net Banking,4613.45
5511,173,94,2025-08-31 08:34:52,Pending,Net Banking,2991.49
5512,529,32,2025-05-23 13:09:13,Completed,Credit Card,4890.11
5513,274,73,2025-11-08 20:43:28,Completed,Debit Card,3197.78
5514,480,12,2025-03-09 04:00:39,Completed,Cash,3767.08
5515,85,97,2025-06-10 08:55:07,Pending,Net Banking,1759.07
5516,946,92,2026-05-23 17:47:53,Pending,Net Banking,4251.94
5517,293,87,2025-11-26 00:30:42,Cancelled,Credit Card,4055.29
5518,198,9,2024-10-12 19:56:54,Pending,Net Banking,3587.01
5519,546,9,2024-07-13 08:38:19,Returned,Net Banking,4749.52
5520,563,75,2025-09-25 17:19:36,Completed,Debit Card,411.32
5521,962,31,2025-12-26 01:46:46,Pending,Net Banking,657.67
5522,118,7,2026-01-27 19:13:05,Returned,Cash,1904.66
5523,733,32,2025-06-26 01:36:52,Pending,Net Banking,1437.95
5524,181,23,2026-03-14 03:51:21,Cancelled,Debit Card,539.14
5525,150,58,2025-11-24 05:19:05,Completed,Credit Card,297.95
5526,557,66,2026-02-27 14:34:37,Completed,Cash,4138.79
5527,453,16,2025-08-21 15:31:19,Returned,Debit Card,594.75
5528,519,47,2024-12-15 06:50:21,Returned,UPI,4014.87
5529,18,3,2024-08-16 20:54:00,Pending,Debit Card,2010.85
5530,441,85,2025-10-12 20:44:03,Completed,Credit Card,3448.44
5531,672,87,2025-01-20 10:09:33,Returned,Cash,2627.29
5532,82,59,2025-02-13 22:30:17,Returned,Debit Card,3459.15
5533,977,22,2025-11-13 00:26:50,Cancelled,Cash,4042.45
5534,506,15,2025-10-05 08:18:46,Pending,Net Banking,3277.24
5535,239,29,2025-05-04 01:08:57,Completed,Cash,4699.08
5536,764,70,2025-08-03 09:53:49,Pending,UPI,577.81
5537,841,12,2025-10-08 04:36:55,Returned,Cash,4830.13
5538,122,98,2025-03-24 10:27:06,Pending,Cash,1465.44
5539,600,50,2024-08-20 15:31:28,Returned,UPI,1140.13
5540,525,13,2026-01-25 22:03:22,Returned,Credit Card,4188.37
5541,748,10,2025-08-14 09:39:07,Cancelled,Net Banking,235.76
5542,493,72,2024-12-19 15:22:55,Cancelled,Debit Card,2444.31
5543,528,18,2025-04-04 07:20:24,Cancelled,Debit Card,72.59
5544,997,3,2024-06-21 11:18:18,Cancelled,Net Banking,2091.55
5545,775,28,2025-03-27 00:40:43,Pending,Credit Card,4366.52
5546,808,55,2026-04-14 20:50:12,Pending,Credit Card,521.48
5547,550,37,2024-11-28 14:12:03,Pending,Cash,4454.05
5548,633,27,2025-05-10 13:08:58,Completed,Credit Card,1780.0
5549,421,50,2026-03-05 18:13:53,Completed,Cash,4775.33
5550,179,41,2025-06-11 20:30:40,Cancelled,Net Banking,3287.1
5551,201,26,2024-09-03 10:02:00,Completed,Credit Card,1632.6
5552,142,37,2024-11-13 06:22:38,Pending,Net Banking,2216.91
5553,301,42,2025-10-25 01:22:02,Pending,Cash,623.07
5554,727,89,2025-02-17 23:06:37,Completed,Net Banking,1727.7
5555,599,13,2026-01-06 00:35:30,Pending,Net Banking,2090.77
5556,122,66,2025-05-20 16:14:50,Completed,Debit Card,4013.88
5557,948,96,2024-10-01 14:54:47,Returned,Net Banking,4617.21
5558,463,14,2025-09-05 09:51:54,Returned,Net Banking,4741.48
5559,623,62,2024-08-03 22:35:52,Returned,Net Banking,1548.78
5560,943,59,2024-12-10 06:32:56,Completed,Cash,160.95
5561,524,72,2026-05-02 17:30:28,Completed,Credit Card,2540.65
5562,663,58,2024-12-02 09:03:30,Cancelled,Credit Card,4773.56
5563,426,16,2025-10-28 02:17:19,Returned,Credit Card,1369.17
5564,499,90,2025-03-09 22:12:49,Pending,Net Banking,3719.84
5565,14,50,2025-10-23 22:54:49,Pending,Net Banking,1008.42
5566,609,58,2025-11-01 11:15:27,Pending,UPI,113.77
5567,907,1,2025-11-15 12:35:12,Returned,Net Banking,1312.7
5568,291,57,2025-12-28 19:38:47,Cancelled,Net Banking,2406.97
5569,164,9,2025-10-04 05:14:06,Completed,Credit Card,3746.95
5570,805,88,2024-09-20 16:29:59,Completed,UPI,2946.15
5571,683,90,2025-09-29 17:09:51,Pending,Cash,4541.16
5572,728,94,2026-01-08 15:57:08,Completed,Credit Card,1058.83
5573,90,42,2025-05-27 19:11:19,Pending,UPI,1610.67
5574,514,26,2024-12-03 08:28:39,Completed,Net Banking,2742.0
5575,869,56,2026-03-15 12:06:51,Completed,Debit Card,520.66
5576,538,88,2025-01-03 08:24:51,Pending,Cash,703.92
5577,719,31,2025-02-06 23:57:07,Pending,Cash,1271.81
5578,808,52,2025-03-12 02:44:36,Pending,UPI,4029.9
5579,494,59,2025-12-24 21:29:41,Cancelled,Debit Card,4247.61
5580,67,16,2025-12-17 20:49:07,Completed,Credit Card,475.68
5581,767,80,2024-09-02 11:55:20,Returned,Cash,102.78
5582,174,62,2024-12-31 10:27:37,Pending,Credit Card,437.85
5583,98,16,2026-02-27 01:37:11,Pending,Net Banking,2726.29
5584,451,2,2025-12-23 21:29:04,Cancelled,UPI,3097.93
5585,857,7,2026-01-30 05:45:14,Cancelled,UPI,3259.54
5586,318,52,2024-06-06 19:37:36,Returned,Credit Card,1628.88
5587,755,32,2025-01-31 15:40:21,Pending,Credit Card,4538.14
5588,60,25,2025-07-11 00:35:53,Pending,Cash,1995.9
5589,888,68,2026-02-21 04:07:35,Returned,UPI,1611.09
5590,571,14,2025-06-14 13:45:30,Pending,Net Banking,739.44
5591,178,51,2025-03-30 02:36:27,Returned,Debit Card,192.33
5592,649,9,2024-12-03 17:16:07,Completed,Net Banking,1543.35
5593,452,4,2024-10-09 11:49:11,Pending,Credit Card,4896.85
5594,61,82,2026-05-14 05:34:05,Completed,UPI,2476.24
5595,22,28,2026-03-14 10:20:42,Returned,Cash,4984.81
5596,847,72,2024-10-14 04:46:06,Completed,Cash,3230.73
5597,241,57,2024-12-20 18:06:15,Pending,Debit Card,2709.24
5598,75,65,2025-04-20 16:58:57,Returned,UPI,3574.39
5599,775,68,2025-10-21 08:04:56,Returned,Net Banking,793.35
5600,341,8,2024-12-23 23:58:27,Returned,Credit Card,416.58
5601,463,31,2024-08-12 06:51:30,Pending,Net Banking,1485.97
5602,368,80,2026-05-22 21:46:09,Returned,Credit Card,604.53
5603,259,79,2024-07-30 20:22:47,Pending,Credit Card,772.17
5604,570,69,2025-08-03 07:08:56,Completed,Cash,4078.24
5605,584,65,2024-10-08 18:08:10,Returned,Net Banking,2879.98
5606,534,21,2025-04-01 15:17:30,Pending,Credit Card,948.77
5607,838,47,2024-10-05 02:36:53,Returned,Cash,3497.69
5608,717,51,2025-06-14 19:08:57,Completed,UPI,663.1
5609,704,89,2025-11-28 04:54:05,Completed,Debit Card,928.78
5610,22,85,2024-07-16 22:32:40,Cancelled,Cash,4538.41
5611,920,73,2026-04-15 16:54:54,Completed,UPI,4132.66
5612,479,25,2025-02-14 03:24:09,Completed,UPI,4596.3
5613,140,96,2024-08-09 14:46:56,Pending,Debit Card,3780.12
5614,469,46,2026-02-09 09:02:27,Completed,Cash,462.89
5615,799,50,2025-03-11 23:19:12,Cancelled,UPI,338.32
5616,753,45,2026-02-27 17:43:30,Pending,Cash,4698.5
5617,76,78,2024-07-09 12:42:52,Cancelled,Net Banking,976.45
5618,757,62,2024-08-08 07:26:39,Returned,Debit Card,568.54
5619,998,74,2025-06-11 19:17:23,Pending,Debit Card,1818.79
5620,556,30,2025-08-25 22:28:07,Returned,Net Banking,3091.28
5621,317,31,2025-04-26 01:25:00,Completed,UPI,3898.59
5622,761,84,2025-09-25 23:39:52,Completed,Cash,3671.19
5623,571,18,2025-05-14 08:12:18,Completed,Cash,2704.88
5624,766,22,2025-07-03 07:43:30,Pending,Credit Card,1374.98
5625,624,56,2024-07-15 01:56:51,Pending,UPI,4258.86
5626,55,64,2026-04-03 01:33:29,Completed,UPI,4088.83
5627,779,8,2026-04-21 22:31:52,Completed,UPI,2609.96
5628,904,2,2025-04-01 15:56:18,Cancelled,UPI,4598.37
5629,238,93,2025-11-19 22:28:08,Completed,UPI,1859.51
5630,426,59,2024-11-21 10:32:52,Pending,Net Banking,4933.53
5631,597,9,2024-10-03 00:11:12,Returned,UPI,4439.28
5632,625,56,2024-12-15 12:16:20,Cancelled,Debit Card,3236.5
5633,40,91,2025-03-04 11:51:59,Completed,Net Banking,1792.2
5634,353,94,2025-02-19 10:16:39,Cancelled,Cash,2742.32
5635,736,1,2024-11-16 03:30:15,Completed,Credit Card,44.34
5636,795,18,2025-12-18 07:43:41,Completed,Cash,839.48
5637,731,50,2025-12-07 14:15:59,Pending,Credit Card,3158.75
5638,377,25,2024-09-02 10:59:16,Returned,UPI,685.0
5639,444,23,2025-10-10 22:21:10,Returned,Cash,1792.06
5640,660,45,2024-05-28 18:27:23,Cancelled,Cash,2167.17
5641,521,66,2025-05-20 19:37:56,Pending,Debit Card,2663.43
5642,974,47,2025-05-23 00:30:32,Completed,Credit Card,567.01
5643,123,62,2025-01-04 06:14:17,Pending,UPI,3970.86
5644,579,19,2025-01-03 05:19:23,Pending,Credit Card,978.08
5645,812,20,2024-07-18 12:44:16,Cancelled,Debit Card,4462.91
5646,349,26,2024-10-26 07:20:33,Completed,Credit Card,2270.27
5647,875,80,2025-02-25 12:38:50,Completed,Cash,104.16
5648,860,70,2025-12-31 05:44:32,Returned,UPI,2313.3
5649,501,64,2025-08-07 06:38:51,Returned,Net Banking,4910.79
5650,445,96,2026-02-20 15:35:08,Completed,Debit Card,2043.05
5651,239,90,2025-11-14 23:32:25,Cancelled,Debit Card,4434.97
5652,667,96,2025-07-09 10:31:42,Cancelled,Debit Card,60.47
5653,724,23,2025-07-08 17:36:26,Returned,Credit Card,1238.78
5654,231,46,2025-05-17 00:54:10,Pending,Debit Card,3341.09
5655,653,94,2025-10-06 05:13:15,Cancelled,UPI,77.71
5656,600,5,2025-08-22 17:51:30,Completed,Debit Card,2892.68
5657,613,9,2025-11-13 18:19:22,Completed,Credit Card,3441.9
5658,176,50,2025-09-04 18:46:13,Pending,Debit Card,1557.79
5659,736,36,2024-11-12 14:55:26,Completed,Credit Card,4334.86
5660,7,74,2025-05-01 16:31:35,Pending,Credit Card,962.07
5661,33,56,2024-09-20 18:42:59,Completed,UPI,2308.43
5662,929,10,2025-05-25 23:58:29,Completed,UPI,4603.45
5663,599,99,2025-07-14 10:04:28,Completed,Cash,4401.33
5664,2,16,2024-07-27 12:45:24,Pending,Net Banking,3068.37
5665,181,22,2025-12-18 20:29:48,Cancelled,UPI,1293.88
5666,345,8,2025-03-10 17:26:14,Completed,UPI,2103.02
5667,279,86,2025-07-03 16:13:35,Completed,UPI,3147.72
5668,628,53,2024-12-15 03:45:18,Returned,Net Banking,3177.16
5669,638,67,2026-01-08 06:15:29,Completed,Cash,3424.89
5670,338,50,2025-12-07 22:05:14,Completed,Credit Card,194.26
5671,385,63,2024-05-28 21:14:09,Cancelled,Credit Card,4336.87
5672,427,49,2026-05-06 09:44:45,Returned,Credit Card,1980.01
5673,756,49,2024-08-19 09:26:46,Completed,Cash,1670.66
5674,50,45,2025-05-07 01:04:39,Returned,Credit Card,4835.44
5675,502,34,2026-04-24 01:42:46,Pending,Cash,1216.94
5676,440,77,2025-04-02 13:49:46,Cancelled,Credit Card,4370.46
5677,224,97,2025-02-15 20:27:26,Cancelled,Debit Card,3304.9
5678,435,99,2025-08-19 00:37:30,Returned,Debit Card,2645.21
5679,125,47,2024-09-14 06:52:34,Cancelled,Net Banking,3911.93
5680,340,38,2025-11-16 16:24:20,Returned,Net Banking,3257.21
5681,758,50,2025-09-18 16:06:51,Cancelled,Net Banking,1402.54
5682,820,63,2025-11-25 15:39:16,Completed,UPI,3385.38
5683,217,63,2024-12-16 21:52:10,Completed,Net Banking,227.77
5684,19,82,2026-04-15 15:01:53,Cancelled,Credit Card,387.63
5685,331,56,2026-04-20 10:54:06,Completed,UPI,2319.82
5686,738,41,2024-09-10 20:50:03,Cancelled,Debit Card,1597.27
5687,181,37,2025-04-30 18:16:14,Completed,Credit Card,1552.86
5688,538,94,2025-10-14 01:46:31,Cancelled,Credit Card,4458.53
5689,958,70,2026-05-21 15:41:54,Completed,Debit Card,4502.66
5690,166,76,2025-12-11 03:48:08,Completed,Cash,2662.56
5691,41,4,2025-02-19 16:40:27,Returned,Credit Card,1785.4
5692,168,99,2024-10-23 20:56:46,Pending,Net Banking,1927.26
5693,479,65,2026-02-04 06:11:42,Pending,Credit Card,4725.4
5694,645,96,2025-06-12 10:53:54,Returned,Debit Card,3552.62
5695,749,94,2025-02-20 18:57:22,Cancelled,Debit Card,1429.07
5696,827,87,2025-09-22 02:15:59,Pending,Net Banking,2029.47
5697,459,2,2025-04-04 17:20:27,Cancelled,Cash,4309.53
5698,784,40,2025-03-28 21:45:45,Returned,Credit Card,4328.65
5699,897,44,2025-03-18 21:45:23,Returned,Net Banking,1404.06
5700,989,40,2025-06-30 07:28:54,Pending,Net Banking,1069.33
5701,397,21,2026-05-10 12:21:43,Cancelled,Cash,3937.3
5702,476,21,2025-12-03 23:41:28,Completed,Net Banking,1739.95
5703,626,8,2025-02-17 03:21:52,Cancelled,Net Banking,3794.23
5704,131,67,2026-01-20 14:06:10,Pending,UPI,3943.45
5705,808,37,2024-09-23 03:46:25,Pending,Cash,2714.0
5706,764,10,2025-08-13 21:22:24,Pending,Net Banking,4504.02
5707,774,98,2025-03-23 17:08:09,Pending,Cash,3385.93
5708,937,72,2025-09-21 21:58:28,Returned,Net Banking,3607.37
5709,878,96,2025-09-20 13:51:39,Returned,UPI,987.95
5710,658,55,2025-08-04 02:54:56,Completed,Debit Card,457.45
5711,21,83,2025-02-25 15:23:09,Cancelled,Net Banking,2492.38
5712,216,90,2026-05-18 02:44:55,Completed,Net Banking,1593.96
5713,793,24,2024-09-15 03:15:05,Cancelled,Net Banking,284.23
5714,347,89,2024-10-28 18:36:46,Cancelled,Net Banking,2430.1
5715,103,98,2024-08-28 06:58:02,Completed,UPI,3625.27
5716,494,78,2025-12-15 00:57:58,Completed,UPI,1004.59
5717,242,66,2025-11-10 22:46:06,Completed,Debit Card,2702.94
5718,83,30,2024-06-06 14:50:36,Returned,UPI,275.53
5719,139,83,2025-10-07 05:00:16,Completed,Debit Card,3899.95
5720,806,34,2024-09-26 17:22:13,Completed,Cash,3779.6
5721,941,22,2024-11-07 20:44:08,Returned,Credit Card,4643.44
5722,770,2,2025-02-08 01:38:47,Completed,UPI,4000.06
5723,202,80,2025-04-01 12:36:54,Pending,UPI,2326.23
5724,865,65,2026-03-06 05:38:34,Cancelled,Debit Card,3933.15
5725,98,87,2024-12-14 18:36:04,Completed,UPI,337.99
5726,226,53,2025-01-06 13:50:28,Completed,Cash,4411.33
5727,954,66,2025-08-11 11:41:33,Cancelled,Debit Card,1412.82
5728,900,46,2026-05-05 20:35:38,Pending,UPI,2626.36
5729,705,99,2026-01-02 02:53:34,Completed,Net Banking,1166.0
5730,567,43,2025-06-09 19:56:37,Pending,Net Banking,1848.49
5731,67,24,2025-08-14 00:04:09,Pending,Cash,2513.77
5732,517,65,2025-06-21 10:37:14,Completed,Credit Card,4058.28
5733,2,34,2026-01-07 10:44:05,Returned,Net Banking,2927.05
5734,392,68,2026-02-16 03:58:23,Cancelled,Net Banking,4045.0
5735,480,99,2025-07-23 12:17:35,Cancelled,Net Banking,1507.02
5736,405,34,2024-08-06 04:29:54,Pending,UPI,26.34
5737,122,26,2025-11-05 08:05:01,Cancelled,Net Banking,2901.16
5738,974,84,2025-01-21 01:36:02,Returned,Net Banking,4185.4
5739,432,41,2025-10-10 21:02:48,Cancelled,Debit Card,3518.16
5740,958,100,2025-02-02 01:46:12,Returned,Net Banking,1808.98
5741,905,42,2025-03-10 02:41:05,Pending,Net Banking,210.47
5742,746,80,2026-03-01 03:40:16,Returned,UPI,442.19
5743,813,4,2024-10-17 03:54:54,Completed,Credit Card,1643.12
5744,242,45,2026-05-03 14:22:54,Returned,Debit Card,4843.92
5745,105,94,2026-04-09 23:00:19,Pending,Net Banking,4866.69
5746,379,39,2024-06-08 18:20:13,Completed,Net Banking,3220.56
5747,517,14,2026-03-31 15:51:58,Pending,Net Banking,3338.77
5748,952,7,2026-02-21 12:33:02,Returned,UPI,4587.41
5749,507,50,2025-08-20 16:41:56,Pending,Credit Card,3803.54
5750,950,77,2026-02-07 11:51:42,Cancelled,Net Banking,280.42
5751,76,55,2025-07-17 06:23:10,Completed,Cash,501.62
5752,790,59,2026-02-28 06:12:13,Returned,Net Banking,557.27
5753,153,52,2025-03-03 21:42:35,Pending,UPI,1204.45
5754,522,48,2025-03-08 12:58:33,Cancelled,UPI,2108.51
5755,588,18,2025-04-30 14:03:38,Cancelled,Debit Card,1449.63
5756,14,22,2025-10-26 10:28:46,Pending,Credit Card,3508.72
5757,189,83,2026-05-06 20:22:04,Completed,Cash,1593.41
5758,275,6,2025-09-24 01:36:11,Completed,Cash,763.95
5759,489,32,2025-10-30 23:31:38,Returned,UPI,3602.1
5760,20,86,2025-01-10 08:08:53,Returned,UPI,1610.44
5761,595,27,2024-11-26 19:50:55,Returned,Credit Card,1298.44
5762,623,93,2024-06-09 20:23:18,Cancelled,Credit Card,4889.44
5763,91,75,2024-10-15 03:13:40,Cancelled,Credit Card,1648.69
5764,865,16,2025-03-22 07:41:17,Completed,UPI,4687.01
5765,555,89,2026-01-19 11:18:44,Cancelled,Net Banking,4736.42
5766,485,72,2026-01-20 07:26:02,Cancelled,UPI,4878.37
5767,359,17,2025-06-16 18:20:15,Returned,Debit Card,3366.26
5768,16,14,2025-01-28 20:23:02,Completed,Credit Card,1192.44
5769,431,28,2025-08-06 09:57:16,Returned,Net Banking,1246.69
5770,936,40,2026-03-06 05:41:31,Completed,UPI,382.54
5771,100,36,2025-12-25 17:42:00,Pending,Credit Card,429.49
5772,178,84,2025-12-12 23:27:42,Returned,Net Banking,888.97
5773,771,51,2024-10-29 09:30:00,Completed,Debit Card,3025.63
5774,317,52,2025-09-06 17:46:58,Returned,Debit Card,1228.57
5775,527,14,2026-05-07 15:07:29,Pending,Debit Card,4043.01
5776,27,27,2025-02-01 03:54:04,Returned,Debit Card,152.26
5777,156,88,2026-05-15 22:39:58,Returned,UPI,4562.35
5778,349,87,2025-05-24 07:41:06,Completed,UPI,791.48
5779,365,81,2026-02-24 23:56:50,Completed,Cash,3124.55
5780,6,70,2025-06-12 20:43:53,Returned,Net Banking,3363.74
5781,14,61,2025-07-13 08:48:04,Completed,Debit Card,1025.79
5782,281,98,2025-12-24 20:36:01,Cancelled,UPI,4440.34
5783,215,96,2025-09-29 11:18:41,Returned,UPI,185.61
5784,511,94,2025-09-12 01:45:08,Completed,UPI,463.39
5785,364,18,2024-10-17 07:27:07,Completed,Debit Card,4895.24
5786,838,28,2024-09-09 04:55:52,Pending,UPI,4081.44
5787,741,33,2025-03-03 01:33:04,Completed,Net Banking,753.44
5788,984,74,2024-07-19 13:57:29,Returned,Net Banking,4024.3
5789,626,71,2025-10-30 01:35:24,Pending,Debit Card,1674.23
5790,389,14,2026-01-03 18:54:13,Returned,UPI,2294.53
5791,634,74,2025-08-26 14:04:53,Completed,UPI,3459.19
5792,707,56,2025-06-17 09:35:17,Completed,Debit Card,2832.1
5793,298,75,2025-04-20 04:46:47,Returned,Credit Card,4387.18
5794,800,27,2025-01-08 04:43:05,Pending,UPI,3523.01
5795,322,6,2026-02-07 20:17:58,Pending,Credit Card,2496.62
5796,162,44,2026-02-03 13:46:19,Returned,Debit Card,4703.9
5797,237,55,2025-03-31 12:12:53,Returned,UPI,1260.36
5798,825,24,2026-03-20 07:46:47,Pending,UPI,1471.14
5799,794,6,2025-01-31 06:00:53,Completed,Net Banking,2198.2
5800,247,90,2024-09-11 23:35:16,Cancelled,Cash,20.64
5801,943,96,2025-04-20 22:15:29,Cancelled,Cash,782.15
5802,197,31,2025-07-07 16:34:30,Pending,Net Banking,1984.97
5803,141,57,2026-03-30 05:36:18,Returned,Credit Card,3072.88
5804,596,51,2024-08-31 23:48:35,Cancelled,Cash,378.68
5805,521,96,2025-12-30 14:21:09,Completed,Cash,2513.55
5806,936,68,2024-09-06 08:33:01,Returned,Cash,2540.91
5807,409,51,2024-09-30 09:22:45,Cancelled,Debit Card,1030.25
5808,200,56,2024-06-09 21:07:29,Pending,Credit Card,1461.35
5809,288,42,2026-05-20 09:31:01,Pending,UPI,2271.52
5810,339,67,2025-02-27 21:45:49,Completed,Debit Card,2191.56
5811,830,5,2024-09-15 06:11:56,Pending,Credit Card,1196.83
5812,699,82,2026-03-30 15:02:56,Cancelled,Net Banking,3343.27
5813,974,29,2024-12-17 21:55:03,Cancelled,Cash,3295.33
5814,352,18,2024-05-28 16:39:12,Completed,UPI,4008.0
5815,551,36,2024-07-23 12:57:15,Pending,Cash,1085.13
5816,739,78,2024-06-12 00:54:51,Cancelled,Net Banking,371.84
5817,250,85,2025-12-05 07:39:37,Pending,Credit Card,2870.25
5818,944,13,2024-11-20 15:16:00,Completed,Cash,3405.57
5819,668,8,2024-12-13 13:47:24,Returned,UPI,660.47
5820,694,9,2025-01-27 11:27:32,Cancelled,Net Banking,3336.76
5821,334,44,2025-10-03 05:00:49,Returned,Credit Card,2972.88
5822,659,42,2025-12-18 09:57:02,Completed,UPI,1268.77
5823,737,53,2025-04-06 08:16:24,Pending,Net Banking,1114.5
5824,471,77,2026-01-03 05:10:28,Pending,UPI,2881.87
5825,222,3,2024-09-06 21:48:26,Pending,Credit Card,426.9
5826,124,9,2025-08-01 01:29:42,Returned,Credit Card,2899.04
5827,707,89,2025-08-16 22:00:39,Cancelled,Debit Card,502.32
5828,953,52,2025-11-26 17:59:26,Cancelled,Cash,1284.15
5829,172,88,2025-10-31 06:06:29,Returned,Debit Card,1606.4
5830,20,49,2025-03-28 10:21:43,Completed,Credit Card,3486.44
5831,421,83,2025-07-28 15:30:00,Cancelled,Net Banking,2432.11
5832,911,67,2026-03-12 21:14:52,Completed,UPI,3904.11
5833,720,51,2024-08-10 06:45:28,Completed,Cash,1735.35
5834,469,11,2025-05-13 00:18:26,Pending,Debit Card,2547.88
5835,704,98,2024-06-24 23:11:33,Pending,Debit Card,4711.47
5836,170,83,2026-01-09 17:13:33,Cancelled,UPI,3304.86
5837,804,69,2024-06-01 13:01:07,Completed,Credit Card,3179.23
5838,278,81,2025-02-20 20:15:44,Completed,Cash,3090.4
5839,420,31,2025-07-05 20:37:06,Cancelled,Debit Card,74.6
5840,119,1,2024-10-08 06:41:30,Cancelled,UPI,2250.56
5841,30,20,2025-05-09 13:43:15,Returned,Debit Card,2952.82
5842,193,2,2026-02-26 12:35:51,Cancelled,Net Banking,2518.79
5843,490,72,2024-11-22 04:54:03,Completed,Debit Card,24.41
5844,900,70,2025-01-30 21:18:38,Returned,UPI,1989.21
5845,365,72,2025-07-26 11:41:13,Pending,Credit Card,2429.08
5846,391,79,2025-10-21 17:55:35,Pending,UPI,708.54
5847,976,50,2025-02-02 06:18:22,Pending,Net Banking,566.11
5848,260,31,2024-08-03 06:21:45,Pending,Debit Card,3664.4
5849,622,80,2024-10-07 12:28:25,Cancelled,Credit Card,1613.33
5850,778,57,2026-04-23 02:42:31,Returned,Credit Card,2621.3
5851,16,2,2025-12-25 21:19:17,Pending,Cash,538.46
5852,556,47,2025-03-26 00:07:08,Pending,Net Banking,4838.82
5853,237,73,2025-10-15 13:57:17,Completed,Debit Card,31.69
5854,923,3,2024-11-17 02:30:57,Cancelled,Cash,1852.44
5855,946,98,2026-04-24 01:38:09,Returned,Debit Card,914.31
5856,862,34,2025-08-08 08:59:40,Returned,Net Banking,4983.73
5857,310,94,2024-09-21 22:31:18,Returned,Credit Card,3517.89
5858,540,30,2025-04-13 16:33:10,Completed,Debit Card,2874.69
5859,89,80,2025-01-12 21:41:11,Pending,Credit Card,3336.34
5860,8,86,2026-04-04 23:21:56,Cancelled,Net Banking,3912.41
5861,19,94,2025-07-04 11:50:25,Cancelled,Credit Card,2089.47
5862,976,70,2025-03-02 19:15:29,Pending,Credit Card,4467.67
5863,68,25,2025-07-01 05:09:34,Pending,Cash,3995.49
5864,532,68,2026-04-12 21:58:27,Pending,Debit Card,1139.61
5865,884,96,2025-01-26 09:32:20,Cancelled,Debit Card,2167.57
5866,155,74,2025-10-26 09:15:56,Cancelled,Debit Card,2106.33
5867,867,54,2026-04-10 07:59:42,Pending,UPI,1480.57
5868,837,67,2025-02-25 03:28:23,Cancelled,Cash,3934.41
5869,76,61,2025-04-03 04:50:51,Pending,Cash,4209.82
5870,182,84,2025-06-10 21:10:23,Completed,Cash,2049.84
5871,770,41,2026-05-07 13:51:28,Returned,Credit Card,1727.57
5872,141,40,2024-09-23 16:56:51,Returned,Cash,1349.65
5873,731,25,2024-11-08 16:54:59,Cancelled,Credit Card,2103.27
5874,140,68,2024-12-22 02:39:58,Completed,UPI,1783.2
5875,688,24,2025-09-12 23:59:18,Completed,Credit Card,2831.0
5876,417,45,2025-03-29 19:56:40,Returned,Net Banking,4738.3
5877,765,57,2024-08-28 13:05:06,Pending,Cash,1156.99
5878,939,22,2025-11-15 18:37:30,Completed,Credit Card,2840.85
5879,82,58,2024-07-20 15:41:03,Completed,Cash,557.12
5880,414,87,2026-03-03 03:17:32,Returned,Net Banking,1217.35
5881,617,49,2024-09-01 15:04:23,Cancelled,Cash,4011.23
5882,181,76,2024-11-13 16:08:21,Pending,UPI,1899.4
5883,580,8,2025-07-24 13:20:29,Completed,Debit Card,4053.74
5884,222,32,2025-12-28 23:38:12,Pending,Cash,2714.94
5885,286,10,2024-09-27 04:32:26,Pending,Cash,3873.19
5886,411,84,2026-04-24 19:15:43,Cancelled,Credit Card,968.64
5887,363,90,2025-02-15 09:59:49,Pending,Net Banking,686.34
5888,663,89,2024-07-26 22:51:55,Cancelled,Credit Card,2402.65
5889,924,65,2025-02-07 15:17:02,Completed,Cash,3966.67
5890,987,61,2024-11-27 01:20:48,Cancelled,UPI,2691.21
5891,182,58,2025-12-26 19:17:17,Pending,Debit Card,3796.6
5892,961,53,2025-07-23 17:17:20,Returned,Cash,348.76
5893,100,17,2024-10-05 15:42:31,Pending,UPI,3950.04
5894,214,12,2024-09-14 04:34:05,Completed,Net Banking,303.26
5895,717,68,2024-12-02 07:56:40,Returned,Credit Card,4227.46
5896,138,58,2025-02-01 19:43:25,Completed,Credit Card,1124.68
5897,696,36,2024-12-04 18:00:51,Pending,UPI,3391.65
5898,580,65,2024-08-01 10:45:04,Pending,Credit Card,3097.21
5899,133,45,2026-05-18 22:32:17,Cancelled,Net Banking,876.96
5900,467,8,2026-03-23 17:41:21,Cancelled,Net Banking,101.31
5901,489,62,2025-10-23 01:39:17,Completed,Cash,4479.73
5902,369,12,2024-10-30 20:57:52,Returned,Net Banking,4406.24
5903,324,69,2026-02-12 16:04:43,Pending,Net Banking,1074.79
5904,815,95,2024-12-31 01:59:36,Pending,Debit Card,1112.79
5905,394,92,2026-01-13 01:39:18,Pending,Credit Card,1170.31
5906,781,10,2025-08-26 13:51:58,Returned,UPI,3451.12
5907,203,39,2025-11-10 17:28:29,Pending,Net Banking,4814.27
5908,631,46,2024-12-02 22:58:03,Returned,Net Banking,3724.65
5909,679,1,2024-10-17 01:41:04,Returned,UPI,3286.01
5910,431,34,2025-06-04 13:42:44,Completed,Debit Card,3030.55
5911,891,64,2024-08-14 07:48:11,Completed,Debit Card,1970.6
5912,317,5,2025-08-16 10:36:04,Returned,Cash,1662.98
5913,607,99,2025-12-24 01:22:09,Completed,Credit Card,1865.51
5914,787,34,2024-10-07 19:46:30,Cancelled,Net Banking,2704.78
5915,224,85,2025-08-02 06:17:09,Returned,Credit Card,1315.09
5916,461,8,2026-05-17 21:51:12,Completed,UPI,4792.15
5917,563,51,2024-05-31 01:03:46,Cancelled,UPI,4339.09
5918,619,50,2024-05-31 03:26:01,Pending,UPI,4224.95
5919,34,15,2025-04-09 14:44:44,Pending,Cash,1745.85
5920,359,41,2025-09-30 07:26:38,Completed,UPI,2853.78
5921,74,33,2026-03-02 17:51:00,Completed,Net Banking,2921.41
5922,18,82,2026-02-21 16:11:45,Pending,Credit Card,1707.6
5923,875,99,2025-06-05 23:25:17,Completed,Net Banking,2532.24
5924,689,16,2024-08-27 02:37:06,Pending,Net Banking,1138.97
5925,219,23,2024-10-01 20:23:51,Cancelled,Debit Card,1448.27
5926,297,50,2024-10-31 20:15:30,Completed,Debit Card,1002.88
5927,650,24,2024-09-15 23:50:34,Completed,Debit Card,3832.46
5928,444,49,2024-05-26 15:32:29,Pending,UPI,1153.8
5929,749,11,2024-12-24 06:56:01,Completed,UPI,3264.65
5930,623,50,2025-01-20 18:39:32,Cancelled,Debit Card,1281.14
5931,227,81,2024-10-11 09:33:47,Completed,Credit Card,2297.38
5932,508,9,2025-09-11 02:53:32,Completed,Credit Card,3159.51
5933,32,51,2026-04-14 05:38:49,Pending,Cash,2484.1
5934,199,52,2024-11-06 17:46:09,Returned,Debit Card,3776.22
5935,134,9,2025-06-21 13:24:22,Returned,Credit Card,2570.38
5936,492,76,2026-02-07 19:12:43,Cancelled,UPI,3279.45
5937,31,34,2024-09-18 07:06:54,Completed,UPI,4611.89
5938,491,81,2026-02-16 04:12:04,Pending,UPI,1594.87
5939,329,48,2025-02-21 05:01:45,Returned,Net Banking,2998.17
5940,115,71,2024-10-13 23:31:01,Returned,UPI,2884.79
5941,540,12,2025-04-03 15:22:40,Returned,UPI,3864.74
5942,955,7,2025-01-24 17:49:57,Cancelled,UPI,1221.18
5943,757,78,2025-08-10 10:59:56,Returned,Net Banking,4084.8
5944,593,76,2024-08-15 06:37:51,Cancelled,UPI,3082.68
5945,521,32,2026-05-14 08:19:10,Pending,Debit Card,3786.04
5946,144,57,2025-05-29 08:17:17,Returned,Debit Card,885.27
5947,968,49,2024-11-10 22:23:03,Cancelled,UPI,4952.79
5948,430,64,2024-07-01 07:55:34,Cancelled,Net Banking,165.92
5949,955,83,2025-01-07 05:13:39,Returned,Cash,673.41
5950,95,22,2025-06-23 21:20:55,Pending,Debit Card,4782.55
5951,102,8,2025-03-15 00:49:31,Completed,UPI,821.74
5952,284,28,2026-01-24 07:36:11,Pending,Credit Card,4944.41
5953,644,65,2026-03-07 09:18:33,Completed,Net Banking,3357.91
5954,756,35,2024-12-25 04:33:45,Returned,Net Banking,4396.91
5955,416,65,2025-07-11 07:00:34,Returned,Debit Card,2365.23
5956,700,3,2025-02-19 23:25:24,Pending,Net Banking,1084.54
5957,954,82,2025-02-11 13:17:06,Pending,Credit Card,4301.81
5958,673,96,2025-03-27 23:53:57,Completed,Cash,354.13
5959,612,21,2025-12-06 06:57:13,Returned,Cash,1259.64
5960,780,33,2025-11-02 19:22:20,Pending,Net Banking,3500.12
5961,589,39,2026-02-23 19:31:16,Cancelled,UPI,2753.34
5962,833,91,2025-03-19 11:55:55,Cancelled,UPI,4916.07
5963,670,15,2025-07-21 14:40:58,Returned,Credit Card,767.35
5964,744,99,2024-11-23 02:38:28,Returned,Debit Card,3741.66
5965,931,20,2024-09-27 05:36:04,Returned,Net Banking,95.65
5966,6,65,2024-06-29 22:07:26,Cancelled,Net Banking,2791.15
5967,845,11,2024-06-26 03:09:00,Completed,UPI,892.39
5968,546,62,2026-04-14 11:20:08,Pending,Net Banking,3056.26
5969,828,69,2025-03-01 01:00:53,Cancelled,Debit Card,1307.56
5970,826,41,2024-12-27 16:24:05,Returned,Cash,2688.97
5971,593,42,2025-12-04 22:49:30,Completed,Net Banking,42.89
5972,710,78,2025-04-12 03:37:38,Returned,Net Banking,1586.68
5973,360,54,2024-06-06 17:30:08,Cancelled,Credit Card,549.57
5974,968,33,2024-11-14 04:24:36,Pending,Cash,1374.77
5975,148,53,2025-09-28 02:08:31,Completed,Net Banking,944.82
5976,48,92,2025-03-07 14:09:10,Completed,Cash,1684.2
5977,452,7,2025-01-12 15:26:56,Pending,Cash,4384.08
5978,447,13,2026-02-19 11:59:42,Cancelled,Debit Card,2663.38
5979,69,91,2026-04-09 07:51:38,Returned,Debit Card,4113.55
5980,284,32,2026-05-01 15:09:43,Completed,Credit Card,199.74
5981,20,99,2024-08-28 12:19:14,Cancelled,Credit Card,4895.05
5982,905,10,2025-11-19 00:25:05,Cancelled,Net Banking,4056.25
5983,391,90,2026-05-11 00:42:30,Cancelled,UPI,403.19
5984,821,11,2024-06-22 21:56:42,Cancelled,UPI,3222.49
5985,842,53,2024-12-18 19:46:14,Cancelled,Credit Card,3091.85
5986,416,23,2024-12-01 01:00:45,Returned,Credit Card,4302.97
5987,257,12,2026-05-16 10:55:45,Cancelled,Debit Card,2660.92
5988,270,74,2024-09-01 02:15:22,Returned,Credit Card,2131.09
5989,119,35,2024-12-24 22:12:51,Completed,Credit Card,2208.66
5990,457,61,2026-05-04 21:30:07,Returned,Cash,3287.72
5991,446,47,2025-09-08 11:53:00,Cancelled,Credit Card,1987.93
5992,763,34,2025-12-26 00:39:58,Cancelled,Credit Card,4113.78
5993,449,99,2025-10-04 10:59:47,Returned,Net Banking,663.1
5994,240,41,2024-12-30 06:37:30,Pending,Net Banking,4345.83
5995,392,71,2026-04-08 18:19:25,Cancelled,Cash,2462.28
5996,126,53,2025-02-28 03:15:15,Completed,Cash,1802.46
5997,293,65,2024-12-01 09:02:01,Returned,UPI,3624.12
5998,322,86,2025-10-23 17:33:20,Completed,UPI,2939.63
5999,349,78,2024-12-18 22:29:58,Returned,Credit Card,4936.9
6000,888,83,2026-01-19 08:33:14,Returned,Cash,3370.87
6001,379,3,2025-12-11 06:21:04,Completed,Credit Card,104.53
6002,445,24,2024-12-24 15:18:58,Completed,Credit Card,2573.03
6003,566,21,2024-09-09 21:16:30,Cancelled,Cash,2411.25
6004,47,61,2024-12-10 01:45:46,Returned,Debit Card,4859.63
6005,766,92,2024-10-26 12:25:18,Completed,Net Banking,329.97
6006,524,72,2025-12-10 04:18:00,Cancelled,Debit Card,1225.45
6007,213,48,2025-06-03 02:54:08,Returned,UPI,1353.77
6008,509,97,2025-10-20 17:22:23,Cancelled,Cash,3513.5
6009,581,18,2025-08-05 11:01:02,Returned,Net Banking,2187.12
6010,114,67,2026-01-18 16:43:28,Returned,Cash,1197.59
6011,123,90,2025-11-30 02:12:32,Returned,Credit Card,311.35
6012,785,41,2025-11-02 13:22:12,Completed,Cash,4675.84
6013,60,17,2024-06-19 19:12:06,Cancelled,Credit Card,4059.31
6014,101,63,2025-03-23 01:32:39,Completed,Credit Card,4210.6
6015,765,80,2024-06-02 05:04:22,Returned,Debit Card,4684.68
6016,623,5,2024-08-09 13:40:56,Completed,Cash,4055.7
6017,922,44,2025-09-19 17:29:51,Pending,Net Banking,3632.1
6018,743,36,2024-10-29 17:56:21,Cancelled,Net Banking,4952.45
6019,530,95,2025-08-05 07:22:50,Cancelled,Credit Card,1360.91
6020,775,34,2025-07-27 23:02:33,Returned,Credit Card,2363.92
6021,665,87,2026-04-13 07:37:30,Cancelled,Cash,1810.65
6022,319,83,2024-09-25 01:23:16,Returned,Credit Card,1903.6
6023,317,13,2025-12-09 00:00:40,Pending,Cash,1304.79
6024,764,7,2026-05-24 20:29:01,Returned,Cash,502.45
6025,559,75,2024-10-12 14:04:28,Pending,Credit Card,3669.2
6026,422,6,2025-11-26 11:09:24,Returned,Debit Card,813.67
6027,552,2,2025-10-02 12:34:11,Returned,UPI,1518.47
6028,797,98,2026-04-10 08:53:40,Pending,Net Banking,4946.0
6029,122,7,2025-09-23 10:41:09,Completed,Net Banking,3601.29
6030,857,71,2026-03-28 20:05:40,Returned,Credit Card,2632.33
6031,360,72,2025-02-16 04:23:26,Completed,Credit Card,4036.71
6032,897,92,2026-03-06 13:53:04,Returned,Debit Card,1758.97
6033,707,90,2025-12-31 02:39:49,Completed,Cash,1706.54
6034,708,26,2025-11-10 02:53:00,Pending,Credit Card,4741.82
6035,886,28,2024-07-07 22:12:36,Pending,Debit Card,4443.84
6036,744,61,2025-08-11 04:53:22,Pending,Net Banking,2826.31
6037,104,34,2026-04-09 12:22:55,Pending,Cash,622.58
6038,682,82,2025-12-13 12:49:21,Returned,Cash,1262.62
6039,244,65,2025-11-12 09:58:02,Returned,Cash,1896.4
6040,831,8,2026-02-26 20:57:13,Completed,UPI,1119.72
6041,58,76,2025-03-21 18:39:22,Completed,Net Banking,671.7
6042,465,3,2026-01-04 06:40:34,Completed,Net Banking,4772.04
6043,333,82,2025-05-24 21:25:41,Completed,Credit Card,727.54
6044,199,44,2024-07-24 06:02:38,Pending,Debit Card,3874.72
6045,608,5,2026-03-18 04:47:54,Pending,Cash,1289.67
6046,532,11,2025-06-23 04:58:21,Cancelled,Cash,4819.41
6047,280,31,2026-03-30 05:11:21,Completed,Credit Card,3738.33
6048,753,93,2025-05-24 11:08:27,Returned,Credit Card,2920.36
6049,850,49,2026-04-27 23:45:25,Completed,Net Banking,2956.61
6050,286,23,2024-11-14 00:25:04,Pending,Cash,3464.78
6051,658,33,2025-12-03 08:33:06,Completed,Debit Card,1345.44
6052,743,60,2024-05-28 14:25:31,Completed,Debit Card,3689.08
6053,576,7,2025-10-15 05:04:08,Pending,Debit Card,3107.4
6054,805,8,2026-05-14 18:23:48,Pending,Credit Card,3395.73
6055,895,41,2025-05-13 18:15:42,Cancelled,Debit Card,3371.49
6056,595,32,2024-10-31 15:39:55,Completed,Credit Card,2758.65
6057,278,46,2026-02-03 19:44:50,Pending,Cash,1023.12
6058,94,91,2026-01-22 15:47:03,Completed,Debit Card,1534.14
6059,303,83,2025-03-12 09:57:12,Cancelled,UPI,4415.18
6060,74,59,2026-05-21 12:17:31,Pending,Cash,2818.56
6061,719,91,2024-09-22 15:01:16,Returned,Credit Card,669.03
6062,449,69,2025-10-06 17:07:39,Returned,UPI,1201.85
6063,455,22,2025-03-03 20:49:29,Returned,Credit Card,2308.93
6064,923,96,2024-08-13 20:14:03,Completed,Net Banking,4917.38
6065,367,74,2025-02-09 05:37:36,Pending,UPI,345.55
6066,330,60,2024-12-11 16:30:53,Completed,Credit Card,4292.27
6067,608,98,2025-11-25 05:29:35,Cancelled,Net Banking,3615.4
6068,569,57,2025-03-03 08:32:58,Returned,Credit Card,1817.59
6069,889,19,2025-01-13 13:21:53,Cancelled,Debit Card,1966.23
6070,978,41,2024-05-27 22:10:56,Cancelled,Cash,1499.65
6071,680,87,2026-04-27 05:11:05,Completed,Debit Card,3918.14
6072,733,53,2024-09-03 22:25:58,Returned,UPI,1322.0
6073,54,19,2025-06-24 20:13:08,Cancelled,Credit Card,3459.09
6074,991,59,2025-05-22 22:23:05,Completed,Net Banking,804.04
6075,617,19,2024-08-30 14:47:59,Pending,Net Banking,1044.32
6076,714,76,2025-08-29 19:30:40,Pending,Net Banking,1146.66
6077,479,90,2026-05-02 01:28:15,Pending,Debit Card,2934.26
6078,948,7,2024-09-12 01:01:45,Completed,Credit Card,224.73
6079,986,90,2024-12-12 23:24:51,Completed,Cash,3279.91
6080,174,88,2024-09-11 14:16:56,Cancelled,Net Banking,4619.21
6081,912,58,2025-06-23 23:43:06,Completed,Debit Card,4540.33
6082,742,8,2026-03-24 19:48:17,Completed,UPI,1561.9
6083,21,60,2025-07-12 18:50:35,Completed,UPI,3250.91
6084,696,37,2025-11-22 23:46:12,Returned,Credit Card,1613.62
6085,49,30,2025-03-28 16:03:08,Completed,UPI,2848.2
6086,929,93,2026-03-22 02:10:29,Returned,Cash,1044.08
6087,805,53,2025-11-06 21:31:43,Pending,Net Banking,4864.31
6088,394,50,2025-01-06 20:26:08,Completed,Cash,527.95
6089,519,64,2026-04-01 18:37:05,Returned,UPI,2869.56
6090,507,14,2026-01-21 02:54:57,Cancelled,Credit Card,591.0
6091,660,98,2026-01-16 01:32:27,Completed,UPI,1040.3
6092,552,51,2026-04-11 10:50:33,Completed,Net Banking,2515.38
6093,241,37,2025-04-02 13:03:32,Returned,Credit Card,3517.67
6094,524,68,2025-03-11 20:15:20,Pending,Cash,2252.19
6095,441,20,2025-02-14 00:49:53,Pending,Credit Card,3070.91
6096,335,83,2026-04-03 06:59:55,Pending,Cash,4034.22
6097,955,25,2024-07-26 02:54:58,Pending,Cash,621.92
6098,654,4,2025-07-13 14:26:48,Cancelled,Cash,100.41
6099,804,39,2024-08-30 00:54:32,Completed,Debit Card,1252.34
6100,224,93,2026-04-10 11:22:10,Pending,Cash,3397.0
6101,165,13,2024-11-07 01:40:16,Returned,Cash,4863.98
6102,267,84,2026-05-01 04:58:33,Pending,UPI,4227.47
6103,696,79,2025-07-10 11:39:15,Cancelled,Net Banking,4478.22
6104,790,58,2025-10-03 11:23:20,Completed,Cash,2341.67
6105,822,56,2025-05-18 10:07:13,Pending,Debit Card,2476.83
6106,925,91,2024-12-01 14:13:18,Pending,Credit Card,160.82
6107,879,60,2025-05-02 23:01:46,Pending,Cash,4423.53
6108,326,41,2024-11-24 09:12:33,Cancelled,Credit Card,4886.51
6109,652,43,2025-05-07 13:27:03,Completed,UPI,270.35
6110,983,21,2026-02-05 06:20:38,Returned,Net Banking,4141.83
6111,569,1,2024-07-29 13:09:55,Pending,UPI,523.51
6112,877,24,2026-01-08 19:58:07,Pending,Cash,3614.17
6113,323,56,2025-09-07 00:31:36,Pending,UPI,2363.44
6114,983,36,2025-03-15 21:36:35,Cancelled,Credit Card,1100.93
6115,271,95,2025-12-25 11:50:22,Completed,Debit Card,2284.5
6116,849,50,2025-04-16 21:54:57,Completed,UPI,2317.92
6117,826,39,2024-10-28 15:28:14,Returned,UPI,4983.47
6118,394,83,2025-09-22 07:17:40,Cancelled,Cash,908.77
6119,404,76,2025-08-21 03:04:28,Returned,UPI,4176.46
6120,380,58,2026-05-07 17:10:34,Pending,Credit Card,366.3
6121,369,54,2024-06-11 06:07:41,Returned,UPI,3939.05
6122,842,77,2026-04-15 01:06:17,Completed,Credit Card,4911.17
6123,662,29,2024-08-20 11:49:48,Completed,Cash,4884.02
6124,280,95,2025-01-25 16:19:20,Pending,Cash,3358.15
6125,574,70,2025-03-20 16:14:51,Returned,UPI,4299.53
6126,815,11,2025-01-06 08:12:30,Returned,UPI,4215.44
6127,417,85,2026-01-07 10:31:17,Pending,Debit Card,4531.52
6128,859,64,2025-08-30 13:23:22,Cancelled,Net Banking,4914.92
6129,10,78,2026-01-31 08:32:41,Completed,UPI,3200.02
6130,476,43,2024-12-23 22:36:33,Completed,Credit Card,3712.51
6131,394,55,2024-11-29 18:13:32,Pending,Debit Card,1155.79
6132,549,24,2024-10-07 16:42:25,Pending,UPI,4645.53
6133,207,56,2025-05-13 05:13:40,Completed,Credit Card,216.83
6134,272,24,2025-12-05 12:56:33,Returned,Cash,3446.56
6135,655,42,2024-06-05 14:41:02,Cancelled,Credit Card,1081.12
6136,321,46,2026-05-23 23:40:04,Cancelled,Cash,2133.22
6137,251,88,2024-08-19 07:24:51,Completed,Cash,1632.14
6138,134,70,2024-11-29 16:08:44,Completed,UPI,4144.33
6139,748,54,2026-03-21 18:52:16,Cancelled,UPI,2180.62
6140,643,76,2024-06-14 09:10:17,Cancelled,UPI,3013.35
6141,754,31,2025-07-02 20:56:31,Returned,Debit Card,3044.75
6142,129,22,2025-07-27 14:08:22,Returned,UPI,888.69
6143,536,55,2024-08-08 13:39:56,Returned,Net Banking,310.6
6144,421,33,2025-09-29 16:29:46,Returned,Net Banking,539.5
6145,281,46,2026-01-28 15:49:56,Cancelled,Cash,1363.73
6146,348,30,2024-06-27 14:45:28,Pending,Cash,3022.91
6147,747,40,2024-11-25 09:31:23,Cancelled,Cash,1856.6
6148,311,96,2025-01-31 10:07:38,Returned,Debit Card,2993.71
6149,64,4,2025-06-07 16:44:16,Pending,Credit Card,1627.37
6150,988,65,2026-05-07 11:49:29,Completed,UPI,1166.49
6151,161,52,2025-01-02 09:10:05,Completed,Cash,3364.25
6152,423,17,2024-08-04 19:41:00,Cancelled,Net Banking,381.19
6153,935,81,2026-01-29 16:37:25,Pending,Cash,4450.1
6154,206,22,2025-05-15 04:44:10,Completed,Cash,327.16
6155,779,78,2024-09-14 20:59:14,Completed,Net Banking,2554.59
6156,981,64,2025-05-19 06:25:26,Completed,Cash,1252.92
6157,606,98,2025-08-25 13:16:58,Pending,UPI,411.96
6158,578,2,2026-04-19 18:59:58,Pending,Cash,2408.27
6159,517,45,2025-02-08 22:56:22,Returned,UPI,1866.75
6160,457,13,2024-05-27 21:37:58,Returned,Debit Card,2214.27
6161,555,91,2024-10-10 11:32:15,Completed,Credit Card,1413.26
6162,386,87,2025-05-17 13:16:07,Returned,Debit Card,3787.28
6163,321,23,2025-07-26 07:00:06,Completed,Credit Card,69.31
6164,285,50,2024-12-24 03:34:14,Cancelled,Debit Card,3316.03
6165,995,26,2025-03-14 23:05:10,Pending,Debit Card,4690.64
6166,331,6,2024-08-29 11:31:36,Pending,UPI,3984.64
6167,441,41,2025-04-27 11:11:30,Cancelled,UPI,2879.7
6168,976,65,2025-01-11 18:23:05,Returned,Net Banking,3581.57
6169,459,59,2025-01-28 02:14:35,Pending,Cash,2385.61
6170,825,93,2025-07-08 11:47:59,Pending,UPI,364.63
6171,322,86,2025-05-15 04:26:26,Returned,Net Banking,2015.31
6172,436,13,2025-12-17 00:04:15,Pending,Cash,3045.19
6173,521,76,2025-03-28 03:23:27,Returned,Debit Card,4685.91
6174,435,91,2026-03-11 22:39:00,Returned,Cash,4233.99
6175,407,27,2026-05-16 14:06:24,Returned,Net Banking,2015.61
6176,811,74,2025-02-08 13:01:47,Completed,Cash,3415.12
6177,628,36,2025-08-22 23:40:11,Completed,Cash,3879.48
6178,790,33,2024-12-28 06:22:29,Cancelled,Cash,3754.46
6179,967,63,2024-11-16 11:18:11,Cancelled,Credit Card,3128.92
6180,346,11,2025-11-22 15:16:02,Returned,Credit Card,1369.14
6181,514,100,2025-04-12 01:42:21,Pending,Net Banking,621.89
6182,535,60,2024-07-25 13:30:11,Completed,Credit Card,1009.52
6183,52,73,2024-12-09 20:20:16,Cancelled,Net Banking,4440.44
6184,266,6,2025-04-14 16:04:06,Pending,Debit Card,2530.79
6185,910,59,2025-02-09 12:55:22,Returned,Net Banking,2400.83
6186,289,64,2025-12-14 04:04:00,Pending,Net Banking,2521.18
6187,705,50,2025-06-04 00:55:33,Pending,Debit Card,2615.56
6188,173,17,2025-03-22 03:00:08,Pending,Credit Card,3826.03
6189,697,74,2025-08-17 13:22:00,Pending,UPI,1746.08
6190,835,69,2025-03-09 07:39:15,Cancelled,Credit Card,1948.96
6191,449,61,2024-10-21 20:34:17,Pending,Cash,653.63
6192,824,66,2024-12-12 07:57:22,Cancelled,Cash,1643.28
6193,192,40,2026-02-09 23:35:39,Completed,Net Banking,3297.55
6194,665,4,2024-08-30 11:39:08,Cancelled,UPI,3354.76
6195,974,13,2025-02-18 02:40:18,Completed,UPI,3955.11
6196,949,63,2025-11-10 13:29:38,Cancelled,Cash,2440.87
6197,331,79,2024-06-08 23:38:12,Returned,Net Banking,4675.51
6198,860,72,2024-09-04 06:55:03,Cancelled,Net Banking,1424.54
6199,295,77,2025-06-27 21:45:50,Completed,Net Banking,3964.97
6200,615,94,2024-08-01 15:16:16,Pending,Debit Card,220.32
6201,325,39,2025-03-21 05:53:33,Returned,Net Banking,3658.93
6202,125,24,2025-11-13 20:10:45,Pending,Debit Card,4543.51
6203,307,51,2025-12-30 14:04:56,Cancelled,Debit Card,155.17
6204,546,53,2025-10-20 01:33:13,Returned,Cash,2843.65
6205,987,17,2024-08-16 02:25:51,Cancelled,Net Banking,4778.26
6206,326,97,2024-09-07 16:40:49,Pending,Debit Card,4684.82
6207,84,38,2024-09-26 12:28:00,Completed,Debit Card,1821.95
6208,169,37,2024-07-23 19:27:32,Returned,Net Banking,3207.6
6209,815,75,2024-09-12 22:50:21,Returned,Credit Card,2577.83
6210,225,45,2025-12-31 06:55:28,Completed,UPI,1623.57
6211,503,47,2024-11-23 04:47:39,Pending,UPI,2086.78
6212,598,55,2025-11-12 05:15:39,Cancelled,Cash,1360.03
6213,439,79,2025-06-03 01:25:30,Returned,Net Banking,4686.5
6214,875,56,2025-05-29 06:28:10,Returned,Cash,744.08
6215,43,80,2025-04-30 17:42:50,Returned,Net Banking,3835.51
6216,115,20,2025-05-15 18:26:52,Returned,Cash,4422.24
6217,502,40,2025-06-04 15:47:17,Returned,UPI,4916.27
6218,980,95,2025-05-30 04:14:23,Completed,Credit Card,350.57
6219,372,38,2024-11-10 02:50:24,Completed,Net Banking,4575.58
6220,519,94,2025-06-03 15:50:24,Completed,UPI,4507.31
6221,26,37,2024-11-26 05:41:54,Returned,Cash,766.54
6222,216,76,2024-12-18 18:55:17,Returned,UPI,2284.1
6223,235,4,2026-04-24 01:03:15,Pending,Debit Card,4901.17
6224,268,65,2025-03-11 02:30:15,Cancelled,Debit Card,4524.25
6225,628,42,2025-02-07 02:13:22,Cancelled,Credit Card,3596.9
6226,542,92,2026-02-08 01:09:32,Returned,UPI,2910.14
6227,868,90,2024-07-09 06:11:34,Pending,Net Banking,581.69
6228,536,84,2025-09-06 07:29:55,Pending,Net Banking,1235.34
6229,68,22,2024-11-03 08:54:49,Cancelled,Debit Card,63.99
6230,13,50,2024-06-12 23:19:37,Cancelled,UPI,1492.44
6231,953,68,2025-09-05 05:03:46,Completed,Credit Card,3221.24
6232,283,2,2026-02-09 18:36:00,Pending,Cash,2979.54
6233,134,85,2025-09-30 00:21:09,Pending,Cash,3175.41
6234,300,21,2026-01-19 06:24:29,Returned,UPI,1770.06
6235,530,61,2025-06-29 07:20:12,Pending,Net Banking,2206.1
6236,154,39,2025-01-28 18:10:19,Completed,Credit Card,1608.49
6237,422,75,2024-08-02 14:41:03,Cancelled,Credit Card,4022.89
6238,62,77,2024-08-23 03:01:16,Completed,Debit Card,4017.4
6239,15,99,2026-04-01 05:32:26,Cancelled,Credit Card,1780.53
6240,806,94,2025-04-06 19:19:01,Returned,Credit Card,3719.17
6241,480,11,2025-08-18 11:33:54,Returned,Net Banking,2944.22
6242,962,95,2025-06-03 11:25:14,Returned,Debit Card,3498.09
6243,687,89,2026-02-22 13:30:22,Pending,UPI,993.66
6244,776,98,2024-10-26 21:09:57,Completed,Debit Card,4417.91
6245,78,31,2025-12-22 14:10:43,Cancelled,Debit Card,4149.39
6246,273,96,2025-06-26 18:19:35,Cancelled,Net Banking,2366.28
6247,81,67,2025-05-15 21:47:46,Cancelled,Net Banking,4102.14
6248,317,15,2026-04-19 17:22:06,Completed,Credit Card,3249.09
6249,113,23,2024-07-03 17:09:01,Cancelled,Debit Card,849.57
6250,485,21,2024-06-26 05:13:47,Cancelled,UPI,4318.39
6251,266,58,2024-06-21 12:55:09,Completed,Credit Card,4740.64
6252,327,69,2025-10-10 22:07:18,Returned,Cash,2574.73
6253,525,72,2025-10-04 20:57:46,Returned,Net Banking,3225.96
6254,501,82,2026-04-12 14:45:51,Returned,Debit Card,4037.76
6255,516,70,2024-09-30 13:55:39,Returned,Net Banking,2815.01
6256,911,70,2025-12-28 18:44:10,Completed,UPI,1742.21
6257,976,46,2026-04-19 06:57:35,Pending,Net Banking,1779.86
6258,916,32,2026-04-23 07:32:42,Completed,Debit Card,2550.26
6259,287,9,2026-05-17 19:52:27,Cancelled,Net Banking,3604.74
6260,864,44,2024-12-12 20:29:29,Cancelled,Net Banking,4570.85
6261,602,25,2025-11-11 10:39:34,Returned,Net Banking,1834.87
6262,300,8,2025-06-17 23:41:18,Completed,UPI,1757.91
6263,749,32,2026-01-05 11:57:07,Cancelled,Cash,2113.56
6264,177,93,2025-04-12 18:48:32,Returned,Cash,4882.23
6265,878,51,2025-02-24 00:59:37,Pending,UPI,2634.84
6266,317,84,2024-07-13 06:44:58,Returned,Debit Card,558.59
6267,426,26,2025-03-30 13:28:55,Pending,Net Banking,176.25
6268,922,100,2025-06-18 23:11:17,Returned,Debit Card,1764.7
6269,273,83,2025-04-05 12:18:21,Returned,Credit Card,1234.73
6270,85,81,2025-07-20 02:11:10,Pending,Credit Card,1193.97
6271,851,67,2026-04-13 11:35:58,Pending,Credit Card,327.85
6272,40,67,2025-05-10 11:45:10,Pending,UPI,2039.43
6273,881,82,2024-11-16 10:13:45,Cancelled,Cash,1980.38
6274,725,71,2024-11-02 09:38:47,Cancelled,Net Banking,4265.73
6275,940,34,2025-12-25 10:44:35,Pending,Credit Card,1938.32
6276,271,51,2025-04-13 02:06:29,Cancelled,Net Banking,2396.49
6277,310,4,2025-10-23 18:26:54,Cancelled,Net Banking,1555.21
6278,513,10,2026-03-13 16:34:03,Cancelled,UPI,2892.93
6279,926,18,2025-11-30 05:33:24,Returned,UPI,2878.37
6280,319,83,2025-04-13 13:14:56,Completed,Credit Card,2331.95
6281,43,1,2024-08-14 06:05:22,Pending,Cash,2613.73
6282,881,47,2026-04-09 05:31:40,Cancelled,Cash,4959.52
6283,763,11,2024-08-13 14:33:38,Returned,Cash,4036.91
6284,147,1,2025-10-19 05:39:59,Completed,UPI,55.4
6285,338,10,2025-11-13 21:40:25,Cancelled,Credit Card,379.17
6286,782,52,2024-12-04 09:47:03,Cancelled,Credit Card,4570.97
6287,572,95,2025-07-28 06:01:21,Completed,Credit Card,2346.5
6288,574,66,2025-09-29 02:12:21,Returned,UPI,1564.6
6289,20,35,2024-11-13 00:09:10,Cancelled,Debit Card,1642.57
6290,112,36,2025-12-13 19:15:06,Cancelled,Cash,2419.06
6291,492,40,2026-03-17 00:22:28,Completed,Credit Card,1551.68
6292,813,20,2024-08-04 23:23:27,Pending,UPI,1091.4
6293,352,99,2025-08-31 09:21:25,Pending,UPI,3281.75
6294,28,17,2025-11-21 07:54:51,Cancelled,Credit Card,4177.74
6295,766,38,2025-08-10 08:27:29,Pending,Cash,2874.2
6296,858,1,2025-06-01 10:13:44,Returned,Cash,2258.56
6297,548,37,2026-01-08 08:37:44,Pending,Credit Card,4151.28
6298,13,31,2024-06-30 22:09:27,Pending,Debit Card,2460.63
6299,16,68,2025-03-14 12:45:37,Returned,Cash,874.72
6300,671,28,2024-12-23 01:12:50,Pending,UPI,548.51
6301,293,33,2025-06-25 01:32:47,Pending,UPI,4268.07
6302,443,16,2026-05-21 09:18:35,Returned,UPI,296.81
6303,42,6,2026-03-02 06:56:54,Pending,Cash,4596.36
6304,152,67,2025-06-26 01:13:08,Cancelled,Net Banking,3144.76
6305,279,29,2024-08-08 13:25:08,Pending,Cash,1796.49
6306,948,26,2024-09-11 09:05:50,Returned,Credit Card,3996.58
6307,793,25,2025-11-02 00:54:05,Cancelled,Credit Card,4868.37
6308,819,62,2025-03-15 07:01:10,Returned,UPI,1002.31
6309,53,16,2025-08-04 14:14:43,Completed,Credit Card,3324.06
6310,977,35,2025-09-28 03:14:51,Cancelled,Net Banking,3561.74
6311,458,33,2025-07-09 21:26:30,Returned,Credit Card,4953.79
6312,143,15,2025-02-07 03:34:44,Cancelled,Credit Card,1850.44
6313,360,16,2024-10-01 03:33:18,Pending,Net Banking,2343.37
6314,214,16,2025-08-04 17:14:08,Pending,Net Banking,1485.38
6315,668,50,2025-12-23 22:53:30,Cancelled,Credit Card,530.12
6316,338,48,2025-10-05 21:22:42,Completed,Credit Card,634.5
6317,528,42,2025-03-29 11:39:50,Returned,Net Banking,3354.99
6318,255,40,2024-12-25 05:57:13,Pending,UPI,3464.51
6319,421,65,2025-01-22 15:17:10,Pending,Net Banking,41.5
6320,823,83,2025-11-06 01:42:23,Cancelled,UPI,1787.59
6321,825,5,2024-07-11 04:25:35,Cancelled,Debit Card,622.87
6322,454,83,2024-06-23 16:41:33,Completed,Cash,411.46
6323,580,66,2025-08-25 21:09:47,Returned,Debit Card,1183.08
6324,349,57,2025-03-08 03:19:49,Completed,Net Banking,614.92
6325,171,19,2024-05-29 06:24:01,Completed,Debit Card,3988.99
6326,488,100,2026-05-24 12:00:57,Completed,Credit Card,2122.46
6327,732,37,2025-11-23 02:41:26,Pending,Net Banking,151.14
6328,53,5,2026-05-22 00:10:41,Completed,Debit Card,1333.69
6329,526,62,2024-07-18 02:17:24,Returned,UPI,525.98
6330,10,32,2025-11-05 22:53:10,Cancelled,UPI,1621.16
6331,615,59,2025-02-22 07:02:26,Cancelled,Cash,3755.91
6332,599,87,2025-03-14 14:56:55,Completed,Net Banking,1605.4
6333,5,37,2025-06-09 07:53:44,Cancelled,Credit Card,1493.72
6334,269,60,2025-04-22 18:24:37,Completed,Cash,1527.64
6335,429,18,2025-11-28 17:22:30,Pending,Net Banking,2927.17
6336,420,100,2024-07-09 09:40:55,Returned,Credit Card,3513.54
6337,933,10,2025-07-21 22:40:44,Cancelled,Net Banking,3807.84
6338,355,11,2025-12-14 16:07:07,Completed,Cash,1919.46
6339,839,87,2025-10-04 05:52:35,Returned,UPI,1823.23
6340,160,7,2024-12-15 04:42:28,Pending,UPI,909.12
6341,524,29,2025-02-28 03:56:07,Cancelled,Debit Card,2391.32
6342,880,68,2026-03-12 02:14:29,Pending,Credit Card,1495.04
6343,515,100,2025-03-10 09:38:57,Returned,Debit Card,4288.7
6344,444,57,2025-06-13 14:12:19,Returned,Net Banking,4832.19
6345,534,27,2025-02-25 15:02:57,Pending,UPI,4513.6
6346,186,88,2024-09-21 11:50:25,Pending,UPI,1603.02
6347,664,96,2026-04-17 11:32:16,Returned,Credit Card,333.85
6348,90,25,2024-07-21 09:45:38,Returned,Credit Card,1167.45
6349,606,19,2026-02-10 01:11:13,Pending,UPI,4776.62
6350,856,21,2025-07-17 14:21:09,Returned,Credit Card,4908.55
6351,539,12,2025-07-24 19:25:33,Cancelled,Cash,3479.64
6352,23,46,2025-10-21 21:20:02,Pending,Cash,275.66
6353,805,76,2026-03-28 18:21:59,Pending,Debit Card,3264.65
6354,60,93,2025-08-15 03:22:16,Completed,Net Banking,2327.58
6355,210,53,2025-10-16 08:24:07,Returned,Credit Card,2531.62
6356,183,42,2025-12-12 19:50:49,Completed,Cash,4837.59
6357,590,42,2025-02-27 00:31:48,Completed,Debit Card,1094.76
6358,127,55,2025-10-15 09:21:17,Pending,Credit Card,3330.82
6359,390,82,2026-02-15 19:25:44,Completed,Debit Card,1101.2
6360,830,80,2024-10-26 15:48:50,Returned,Credit Card,1554.87
6361,72,83,2025-01-20 08:31:27,Pending,UPI,3112.82
6362,807,75,2025-05-08 10:29:57,Returned,Cash,544.86
6363,79,31,2025-06-02 01:10:41,Pending,Cash,2559.99
6364,742,18,2025-02-11 20:13:19,Completed,Net Banking,4781.74
6365,612,56,2024-11-04 05:09:26,Returned,Debit Card,4343.61
6366,56,82,2024-06-12 09:06:19,Returned,UPI,2803.6
6367,450,86,2024-06-29 06:06:30,Returned,Debit Card,3598.53
6368,846,13,2025-04-19 03:57:50,Completed,Cash,3861.64
6369,204,65,2024-06-25 02:05:33,Returned,Debit Card,1395.1
6370,240,44,2024-12-30 00:22:44,Returned,Net Banking,1581.63
6371,748,88,2025-06-21 12:39:47,Cancelled,Credit Card,1780.24
6372,825,71,2025-08-20 16:50:02,Pending,Debit Card,2689.35
6373,998,72,2026-04-03 20:26:35,Completed,Credit Card,4462.56
6374,113,18,2025-12-17 00:58:45,Returned,UPI,4231.42
6375,168,45,2025-05-13 17:03:29,Completed,Credit Card,3441.34
6376,37,33,2025-10-02 09:16:31,Returned,UPI,3073.64
6377,52,20,2025-04-28 01:34:15,Completed,Net Banking,2674.7
6378,952,51,2025-12-20 19:16:52,Pending,Cash,2035.75
6379,800,15,2024-12-13 00:16:10,Completed,Net Banking,2619.85
6380,661,32,2025-12-04 02:22:39,Pending,Debit Card,2787.59
6381,852,65,2024-07-21 04:11:57,Pending,Credit Card,2188.16
6382,450,5,2025-03-29 23:03:21,Cancelled,Net Banking,3457.57
6383,720,14,2024-09-18 16:10:49,Returned,Net Banking,2531.62
6384,493,46,2026-02-06 16:31:00,Cancelled,Debit Card,1618.89
6385,946,20,2024-10-01 21:47:50,Returned,Net Banking,1852.82
6386,568,72,2025-03-07 09:35:37,Cancelled,Credit Card,4842.06
6387,829,20,2025-02-12 22:13:45,Pending,UPI,4740.59
6388,798,43,2025-08-27 21:27:19,Returned,Debit Card,2286.78
6389,214,60,2025-02-06 22:24:18,Cancelled,Net Banking,3113.54
6390,948,60,2026-02-13 16:14:33,Completed,UPI,2970.77
6391,580,46,2025-02-23 07:14:09,Completed,Credit Card,4378.84
6392,115,63,2026-03-27 09:47:28,Cancelled,Debit Card,3314.88
6393,969,47,2026-02-27 12:06:24,Cancelled,Cash,852.35
6394,180,83,2024-07-16 21:37:46,Pending,Cash,2841.44
6395,736,8,2024-09-26 19:32:17,Pending,Cash,4689.06
6396,707,39,2024-12-16 01:26:23,Returned,UPI,3515.31
6397,212,77,2024-07-30 12:45:50,Pending,UPI,1626.65
6398,269,70,2026-02-18 11:16:21,Pending,Net Banking,848.98
6399,366,91,2024-09-24 19:43:25,Pending,UPI,1464.17
6400,474,37,2024-09-25 13:30:38,Pending,Debit Card,4384.03
6401,354,42,2025-03-28 02:25:42,Cancelled,Net Banking,3025.02
6402,571,58,2025-11-14 13:44:56,Pending,Cash,4386.68
6403,978,24,2025-11-28 14:34:01,Pending,Debit Card,357.65
6404,89,46,2024-09-11 08:56:25,Cancelled,UPI,3879.89
6405,441,14,2024-12-27 03:18:43,Cancelled,Credit Card,1339.49
6406,192,90,2025-09-01 23:53:11,Pending,Cash,166.72
6407,861,57,2024-09-17 06:21:12,Pending,Net Banking,1694.35
6408,360,60,2024-07-04 07:02:14,Completed,Cash,1953.5
6409,839,84,2024-08-10 11:08:27,Cancelled,Credit Card,3713.92
6410,561,61,2026-02-22 07:51:29,Completed,Credit Card,2873.99
6411,44,33,2026-01-11 04:09:19,Returned,Credit Card,480.8
6412,596,57,2026-03-14 17:38:58,Pending,UPI,3020.99
6413,287,25,2026-05-06 21:55:41,Cancelled,Credit Card,64.77
6414,656,57,2024-07-06 16:21:56,Cancelled,Credit Card,3364.41
6415,754,70,2026-03-25 14:08:00,Pending,Cash,422.21
6416,367,51,2025-02-18 02:09:20,Pending,Cash,2192.57
6417,932,37,2024-09-27 06:45:32,Pending,Credit Card,867.89
6418,355,8,2025-12-03 10:49:25,Completed,Cash,4421.88
6419,828,26,2025-08-09 08:14:56,Returned,Debit Card,622.06
6420,98,6,2024-12-06 23:13:54,Cancelled,Debit Card,196.61
6421,943,65,2025-03-07 19:34:45,Pending,UPI,4911.91
6422,754,58,2024-08-09 01:51:45,Cancelled,Debit Card,1941.15
6423,449,2,2025-06-23 22:33:26,Returned,UPI,2981.32
6424,118,53,2024-12-28 21:13:04,Completed,Net Banking,3072.53
6425,407,62,2024-12-07 00:48:38,Cancelled,Cash,1743.48
6426,999,5,2024-10-11 00:21:10,Cancelled,UPI,3583.29
6427,393,93,2025-06-01 17:59:44,Pending,Net Banking,737.76
6428,507,46,2024-08-01 00:14:29,Returned,Debit Card,3654.1
6429,218,81,2026-03-23 17:37:18,Cancelled,Credit Card,2149.94
6430,957,58,2024-06-25 13:41:41,Pending,Debit Card,71.93
6431,736,41,2024-07-30 01:01:40,Completed,Debit Card,1949.84
6432,951,51,2025-08-22 16:50:31,Pending,Credit Card,1003.07
6433,182,98,2025-12-04 18:32:51,Cancelled,UPI,1176.52
6434,165,28,2025-12-23 15:01:44,Pending,Cash,2806.8
6435,986,16,2026-04-19 12:13:03,Completed,Net Banking,1564.45
6436,986,16,2025-03-19 07:04:48,Returned,Cash,139.13
6437,832,59,2024-06-01 12:52:24,Returned,Net Banking,817.74
6438,667,26,2025-05-20 12:52:28,Returned,Debit Card,2979.1
6439,537,46,2026-01-03 16:52:55,Completed,UPI,4581.36
6440,925,1,2026-04-09 23:51:33,Returned,UPI,169.36
6441,935,57,2024-08-16 09:56:20,Pending,Net Banking,308.42
6442,446,36,2025-05-20 23:43:35,Returned,Debit Card,4640.9
6443,104,63,2024-12-18 21:19:05,Pending,Credit Card,71.61
6444,877,13,2025-11-06 09:33:39,Returned,UPI,3039.39
6445,644,44,2025-11-28 23:00:49,Returned,Debit Card,3993.53
6446,505,17,2025-09-18 08:26:05,Returned,Cash,3348.32
6447,540,55,2024-06-25 19:09:35,Pending,Net Banking,1422.95
6448,116,88,2024-09-09 09:53:17,Pending,Credit Card,4765.42
6449,36,53,2024-12-12 14:40:55,Returned,Debit Card,4690.54
6450,254,58,2024-06-25 07:14:32,Completed,Cash,304.29
6451,425,64,2024-06-29 13:19:33,Cancelled,UPI,1980.77
6452,276,48,2024-07-24 12:08:48,Completed,Cash,2483.7
6453,353,53,2025-01-14 18:49:36,Pending,Debit Card,1589.61
6454,352,73,2025-08-03 02:22:11,Cancelled,Net Banking,2949.53
6455,271,26,2025-02-05 18:31:07,Cancelled,Debit Card,4113.47
6456,646,41,2025-03-03 13:19:34,Completed,Credit Card,4059.9
6457,255,62,2025-11-09 10:03:33,Cancelled,UPI,4407.36
6458,842,48,2025-01-05 09:30:56,Cancelled,Credit Card,4543.14
6459,513,50,2025-06-24 14:06:38,Pending,Debit Card,535.0
6460,428,15,2025-01-05 02:22:47,Pending,Debit Card,2383.11
6461,208,64,2026-01-25 01:22:05,Completed,Cash,3409.81
6462,147,52,2025-05-16 22:28:27,Cancelled,Net Banking,87.0
6463,5,58,2026-04-16 11:45:38,Returned,Cash,1748.3
6464,325,47,2026-02-06 01:39:17,Cancelled,UPI,2458.11
6465,814,1,2025-07-02 14:35:25,Completed,Cash,3380.05
6466,960,33,2026-02-13 01:06:11,Completed,Debit Card,4849.67
6467,124,94,2024-09-14 04:35:10,Returned,Net Banking,2450.39
6468,654,17,2025-09-20 15:18:43,Returned,Cash,4158.44
6469,489,59,2025-07-10 07:56:42,Cancelled,Cash,479.38
6470,667,82,2025-09-15 18:48:03,Pending,Credit Card,2851.79
6471,538,41,2025-07-15 13:01:27,Pending,Debit Card,2129.65
6472,762,39,2025-01-19 22:31:44,Completed,Net Banking,4868.66
6473,483,30,2025-07-24 15:27:00,Returned,Credit Card,2152.81
6474,513,40,2025-06-04 09:37:55,Completed,Net Banking,1655.06
6475,671,40,2025-11-16 22:38:23,Completed,UPI,4092.74
6476,878,37,2024-06-18 00:21:43,Pending,Debit Card,2948.77
6477,785,91,2025-12-31 01:35:31,Pending,Credit Card,4497.0
6478,1,27,2026-01-30 05:05:06,Cancelled,Net Banking,1780.79
6479,715,50,2025-04-08 19:36:03,Cancelled,Cash,1540.44
6480,869,90,2025-07-09 12:33:12,Pending,Cash,4316.47
6481,875,14,2026-03-06 12:03:51,Completed,Net Banking,4181.49
6482,695,90,2024-07-03 15:13:22,Pending,Cash,4036.74
6483,224,31,2024-06-02 12:12:53,Cancelled,UPI,2627.12
6484,78,13,2024-10-19 07:07:00,Returned,Debit Card,830.41
6485,817,70,2025-02-11 21:48:53,Returned,Credit Card,2711.99
6486,731,94,2024-12-09 11:36:26,Cancelled,Credit Card,2891.05
6487,739,91,2025-02-17 17:01:59,Completed,UPI,3535.18
6488,77,80,2025-07-16 22:58:43,Completed,Cash,4426.69
6489,767,88,2024-08-18 09:09:30,Cancelled,UPI,2264.59
6490,445,25,2025-02-26 16:14:55,Pending,Net Banking,2422.49
6491,190,100,2025-03-22 23:18:27,Pending,Debit Card,2324.55
6492,845,1,2025-11-21 21:37:39,Completed,Cash,1872.95
6493,349,50,2026-03-26 05:34:27,Cancelled,Debit Card,4290.18
6494,263,34,2025-02-17 22:21:47,Pending,Credit Card,3534.73
6495,619,10,2025-02-17 23:19:09,Cancelled,UPI,149.58
6496,408,68,2024-06-28 09:15:42,Pending,Cash,1562.79
6497,274,94,2024-07-30 14:28:24,Returned,Debit Card,4362.93
6498,626,63,2025-11-21 03:47:05,Pending,Debit Card,1888.82
6499,274,36,2025-07-14 15:34:10,Pending,UPI,4013.56
6500,496,48,2024-07-26 01:57:42,Cancelled,Net Banking,3861.75
6501,335,62,2026-04-07 14:34:32,Completed,Net Banking,4647.81
6502,430,3,2024-08-06 12:10:36,Returned,Credit Card,4360.19
6503,874,67,2024-08-30 00:21:41,Returned,UPI,1276.4
6504,923,55,2026-01-02 11:52:01,Pending,Credit Card,2353.79
6505,629,38,2025-12-17 10:55:42,Pending,Debit Card,4674.21
6506,207,4,2025-11-21 19:06:36,Completed,Debit Card,2581.4
6507,181,57,2026-05-05 12:25:14,Pending,UPI,535.1
6508,70,43,2025-08-19 08:40:34,Cancelled,Net Banking,4691.33
6509,225,52,2024-08-15 15:07:03,Returned,Cash,2605.84
6510,469,53,2025-04-14 16:44:54,Completed,UPI,3250.32
6511,756,35,2025-10-12 01:55:36,Cancelled,Credit Card,3143.83
6512,897,29,2026-03-29 19:42:00,Pending,Credit Card,3270.88
6513,742,22,2025-06-01 23:02:14,Completed,Debit Card,2872.95
6514,395,43,2025-06-30 21:31:00,Returned,Cash,2972.28
6515,737,2,2025-08-09 08:48:49,Completed,Net Banking,2892.7
6516,24,1,2024-11-06 02:53:27,Cancelled,Net Banking,4863.58
6517,785,16,2026-05-19 18:06:40,Pending,Net Banking,2692.72
6518,241,84,2025-12-31 21:15:13,Cancelled,Credit Card,766.91
6519,356,54,2024-10-10 12:36:13,Completed,UPI,2042.33
6520,165,5,2024-10-25 12:28:26,Pending,Debit Card,3941.96
6521,786,41,2025-07-24 22:43:44,Cancelled,UPI,1373.98
6522,179,54,2024-11-08 11:08:11,Completed,UPI,1118.97
6523,316,1,2024-09-17 06:35:13,Completed,Debit Card,465.89
6524,757,42,2025-10-28 02:47:43,Returned,Debit Card,984.74
6525,658,46,2025-01-11 02:52:23,Returned,Debit Card,2806.2
6526,733,40,2026-01-16 20:39:09,Returned,Net Banking,2732.03
6527,11,57,2025-02-17 23:57:22,Completed,Net Banking,3743.47
6528,941,65,2024-10-14 04:44:14,Pending,Credit Card,3124.89
6529,556,13,2024-06-02 22:45:49,Completed,Cash,3030.93
6530,863,18,2024-12-14 16:59:55,Pending,Credit Card,293.13
6531,661,3,2025-02-12 19:48:50,Cancelled,Net Banking,1641.07
6532,158,35,2025-08-03 09:29:50,Pending,Debit Card,4954.95
6533,51,83,2025-11-18 23:51:34,Returned,Net Banking,1207.13
6534,247,56,2025-10-29 19:16:51,Pending,Credit Card,3939.34
6535,699,21,2025-12-11 15:00:42,Completed,UPI,194.11
6536,100,46,2026-01-07 23:15:55,Returned,Credit Card,924.59
6537,745,72,2025-04-02 09:41:42,Cancelled,Net Banking,3764.66
6538,953,34,2024-07-28 04:01:11,Cancelled,Debit Card,463.91
6539,70,47,2026-02-27 10:08:05,Completed,Credit Card,3112.61
6540,529,29,2025-02-01 04:15:10,Completed,Cash,3951.51
6541,456,47,2024-09-16 01:52:06,Returned,UPI,1974.59
6542,259,40,2024-09-07 01:01:58,Returned,UPI,4271.13
6543,302,80,2025-11-13 15:59:58,Returned,UPI,905.28
6544,106,18,2024-06-23 10:59:30,Returned,Credit Card,911.54
6545,196,98,2025-12-29 05:44:42,Pending,UPI,1193.36
6546,676,76,2025-06-16 23:01:44,Returned,Cash,3012.32
6547,222,33,2024-09-03 18:37:09,Cancelled,Cash,4711.54
6548,78,8,2024-07-04 22:35:07,Returned,Debit Card,3453.14
6549,275,28,2025-01-17 23:47:19,Cancelled,UPI,3306.43
6550,54,66,2024-12-05 11:05:48,Returned,Debit Card,668.55
6551,669,6,2025-02-17 12:17:21,Pending,Debit Card,1962.69
6552,970,40,2024-07-31 10:16:13,Pending,Debit Card,3824.62
6553,889,16,2024-07-08 22:32:05,Returned,Debit Card,878.17
6554,633,89,2025-10-01 06:14:14,Cancelled,Credit Card,1998.26
6555,92,76,2025-04-04 02:25:50,Completed,Debit Card,3644.88
6556,223,43,2024-06-02 16:56:32,Cancelled,Credit Card,3082.02
6557,847,42,2024-07-14 06:01:57,Cancelled,UPI,3606.18
6558,944,30,2026-05-07 07:32:30,Completed,UPI,1499.43
6559,394,5,2025-08-01 10:00:47,Pending,Net Banking,2280.84
6560,792,8,2024-12-03 06:33:16,Returned,UPI,1900.27
6561,543,79,2026-01-20 01:14:27,Returned,Net Banking,4823.97
6562,338,46,2024-05-30 05:13:31,Pending,UPI,2319.75
6563,751,74,2024-06-13 21:52:13,Completed,Credit Card,3800.6
6564,644,57,2025-11-06 17:37:10,Completed,Net Banking,3667.68
6565,484,77,2026-05-12 17:17:04,Returned,UPI,3471.32
6566,519,28,2026-03-20 11:14:21,Completed,Credit Card,3553.63
6567,595,67,2025-03-23 18:10:38,Completed,Net Banking,3419.1
6568,470,98,2024-10-03 13:38:21,Returned,Debit Card,1044.63
6569,218,56,2025-04-27 17:45:38,Returned,UPI,1491.2
6570,315,71,2025-07-11 12:49:00,Pending,UPI,1499.24
6571,926,27,2024-09-25 10:02:31,Completed,UPI,3177.86
6572,519,43,2026-05-22 02:04:45,Returned,UPI,255.49
6573,735,43,2025-08-27 19:35:22,Completed,Credit Card,287.63
6574,586,21,2025-01-11 01:57:37,Cancelled,Net Banking,2102.46
6575,128,46,2025-04-04 12:27:03,Returned,Credit Card,2950.65
6576,981,14,2025-10-09 05:45:33,Completed,Credit Card,3778.07
6577,590,31,2025-09-24 04:00:03,Cancelled,UPI,881.45
6578,4,68,2026-04-22 21:33:27,Returned,Net Banking,3935.53
6579,325,85,2026-03-08 22:52:20,Completed,Debit Card,2432.81
6580,867,96,2026-02-09 04:39:23,Returned,Debit Card,3500.85
6581,349,87,2024-09-15 03:15:04,Cancelled,Net Banking,4534.06
6582,101,55,2026-04-24 08:55:23,Returned,Net Banking,2330.68
6583,997,68,2025-06-06 18:36:29,Cancelled,Net Banking,1123.09
6584,870,85,2025-11-13 09:42:18,Pending,Debit Card,650.35
6585,751,92,2026-04-29 06:14:52,Completed,Net Banking,4353.77
6586,880,52,2025-11-20 04:36:25,Cancelled,UPI,494.45
6587,554,61,2024-09-02 16:20:40,Cancelled,Cash,116.09
6588,801,71,2025-05-01 04:21:25,Cancelled,Debit Card,4882.12
6589,240,49,2026-02-17 12:14:49,Returned,Net Banking,3932.5
6590,689,14,2024-11-28 21:10:14,Returned,Credit Card,974.69
6591,184,26,2026-02-22 18:03:47,Cancelled,UPI,264.83
6592,841,41,2025-05-30 09:43:24,Cancelled,Debit Card,3333.62
6593,783,98,2024-10-23 19:58:23,Completed,Net Banking,2873.09
6594,157,48,2024-09-08 13:35:55,Completed,Cash,267.15
6595,276,83,2024-10-09 14:15:52,Completed,Credit Card,1228.54
6596,874,1,2025-08-22 00:03:57,Completed,Net Banking,2775.69
6597,49,15,2025-01-30 20:55:09,Returned,Cash,2128.31
6598,710,35,2024-11-06 11:42:30,Completed,Debit Card,3337.36
6599,891,44,2024-06-24 06:11:22,Returned,Cash,1155.89
6600,665,30,2024-08-05 14:32:42,Pending,Net Banking,3706.79
6601,118,93,2024-09-06 13:12:34,Returned,Credit Card,4265.42
6602,488,53,2026-04-30 00:06:45,Cancelled,Debit Card,1064.42
6603,539,91,2025-06-25 20:07:01,Cancelled,Debit Card,3364.96
6604,611,46,2025-01-22 03:35:10,Returned,Debit Card,469.5
6605,853,28,2025-06-17 04:53:22,Returned,Debit Card,4126.72
6606,763,44,2025-12-25 20:05:03,Completed,Cash,2725.68
6607,547,37,2025-10-29 19:55:28,Completed,Cash,640.52
6608,968,88,2026-03-22 14:36:27,Returned,UPI,706.1
6609,401,95,2025-11-12 20:18:40,Returned,Debit Card,1105.96
6610,895,62,2024-08-13 07:36:48,Pending,UPI,962.43
6611,558,61,2025-07-11 16:10:12,Pending,Cash,1690.55
6612,653,57,2026-03-26 08:34:52,Pending,Credit Card,2851.86
6613,12,69,2025-10-28 04:13:34,Cancelled,UPI,2538.24
6614,707,15,2025-09-22 14:16:42,Cancelled,Net Banking,2406.54
6615,474,27,2025-08-22 22:00:30,Returned,UPI,3808.33
6616,554,88,2026-01-27 00:01:49,Returned,UPI,3913.82
6617,495,43,2025-09-09 16:52:15,Cancelled,Net Banking,4510.39
6618,867,30,2025-07-02 07:53:14,Completed,Credit Card,1368.09
6619,716,6,2025-03-06 14:09:23,Completed,Debit Card,3171.1
6620,949,5,2025-10-24 08:36:38,Completed,Net Banking,4297.49
6621,908,18,2025-09-26 15:57:18,Pending,Credit Card,4833.0
6622,953,100,2026-01-11 02:03:11,Returned,Debit Card,4376.54
6623,342,59,2026-05-18 11:08:09,Cancelled,Credit Card,3552.6
6624,252,81,2025-12-24 18:57:12,Returned,Cash,1558.13
6625,188,63,2024-10-23 05:17:41,Cancelled,Net Banking,2064.03
6626,291,43,2024-07-24 09:54:16,Pending,UPI,3782.67
6627,468,23,2025-04-12 15:23:37,Completed,Debit Card,4035.54
6628,397,11,2025-12-13 14:38:01,Cancelled,Net Banking,3452.69
6629,315,99,2025-05-31 04:33:39,Pending,Cash,3442.7
6630,32,86,2025-10-04 09:26:37,Cancelled,Credit Card,1670.66
6631,262,52,2025-07-31 14:15:50,Returned,UPI,4088.46
6632,346,98,2025-12-14 03:16:41,Pending,Credit Card,1224.67
6633,161,71,2026-02-03 08:44:41,Returned,Net Banking,624.28
6634,83,80,2024-06-14 13:00:42,Cancelled,UPI,3022.82
6635,137,82,2025-03-28 02:02:46,Pending,Credit Card,4614.05
6636,970,83,2025-08-07 11:59:54,Cancelled,Net Banking,1631.09
6637,87,12,2025-02-17 11:26:15,Completed,UPI,1100.3
6638,117,70,2025-12-19 13:03:35,Returned,Debit Card,4495.23
6639,39,63,2025-12-09 19:41:37,Cancelled,Cash,3927.97
6640,113,83,2025-05-22 00:34:57,Completed,Cash,4785.97
6641,757,45,2024-08-06 02:47:21,Completed,Cash,4884.49
6642,790,63,2025-03-24 15:27:46,Completed,Cash,4275.72
6643,365,85,2025-06-22 06:06:55,Returned,Debit Card,3023.98
6644,353,21,2024-09-16 09:13:24,Cancelled,Debit Card,4403.95
6645,933,28,2025-11-27 11:59:01,Cancelled,Credit Card,3775.89
6646,51,26,2025-01-03 08:46:12,Completed,Debit Card,2520.07
6647,285,98,2025-09-20 22:19:58,Returned,Net Banking,2713.23
6648,264,87,2025-03-09 12:30:56,Pending,UPI,2499.41
6649,568,62,2025-01-15 20:39:22,Pending,Debit Card,2671.78
6650,967,81,2025-09-26 22:35:09,Pending,Net Banking,816.55
6651,858,69,2024-10-03 05:01:43,Completed,Cash,4811.11
6652,499,66,2025-06-05 06:01:12,Pending,UPI,2646.45
6653,577,79,2026-01-21 03:51:56,Pending,Cash,2648.37
6654,194,26,2026-01-14 17:21:11,Returned,Cash,383.57
6655,213,98,2025-10-14 21:03:46,Returned,Net Banking,1212.27
6656,435,13,2024-07-20 07:20:07,Cancelled,Debit Card,3965.68
6657,587,71,2024-12-13 14:26:33,Pending,UPI,704.27
6658,52,95,2025-02-21 12:22:47,Completed,Cash,4347.95
6659,143,68,2025-03-12 19:36:55,Pending,Cash,3554.1
6660,427,47,2025-08-01 11:19:58,Pending,Debit Card,3918.27
6661,838,60,2025-12-17 22:25:06,Pending,Debit Card,2768.41
6662,313,39,2025-05-30 10:25:23,Cancelled,Credit Card,2981.42
6663,925,5,2025-06-11 23:05:41,Returned,Debit Card,1511.89
6664,615,37,2025-03-04 07:41:05,Returned,Credit Card,4974.8
6665,165,6,2024-07-01 01:10:11,Cancelled,Cash,3833.34
6666,266,15,2024-12-31 04:07:10,Returned,Credit Card,2088.98
6667,893,70,2024-05-30 04:04:32,Returned,Credit Card,1597.16
6668,96,62,2026-01-22 12:40:25,Pending,Cash,1854.94
6669,975,30,2026-05-24 13:46:48,Completed,Credit Card,4605.18
6670,133,38,2025-12-06 02:12:31,Cancelled,Credit Card,938.1
6671,724,46,2024-10-21 11:17:15,Returned,UPI,3187.0
6672,859,82,2024-09-01 16:06:09,Pending,Debit Card,3084.74
6673,880,91,2026-05-14 00:15:28,Cancelled,UPI,3402.25
6674,121,85,2024-07-07 06:49:22,Cancelled,UPI,730.69
6675,214,10,2026-04-16 06:44:19,Completed,Net Banking,1367.5
6676,832,56,2025-05-16 15:52:35,Completed,UPI,3929.82
6677,449,52,2025-06-30 22:51:30,Pending,Net Banking,4603.8
6678,921,16,2024-07-03 23:56:31,Cancelled,UPI,611.13
6679,591,12,2025-08-22 22:51:22,Pending,Debit Card,1933.15
6680,900,82,2026-01-07 01:20:29,Completed,Cash,830.23
6681,427,17,2024-06-30 17:03:03,Pending,Debit Card,4001.1
6682,520,71,2024-07-26 02:08:52,Cancelled,UPI,825.89
6683,100,14,2026-02-27 13:15:09,Completed,Net Banking,4555.63
6684,99,40,2026-05-22 03:06:14,Returned,Credit Card,3118.19
6685,967,5,2024-10-12 19:57:55,Cancelled,Debit Card,2490.88
6686,389,29,2025-09-02 22:44:48,Completed,Net Banking,1810.36
6687,224,40,2025-06-13 20:39:21,Pending,Cash,3909.56
6688,178,67,2026-02-16 03:52:46,Cancelled,UPI,2572.68
6689,508,77,2025-05-10 17:23:35,Pending,UPI,550.24
6690,481,42,2025-04-24 12:23:28,Completed,Cash,3892.08
6691,65,84,2025-10-10 18:52:57,Returned,Net Banking,3806.75
6692,347,48,2024-06-28 12:33:56,Pending,Debit Card,2421.16
6693,373,91,2025-09-23 23:00:56,Pending,Debit Card,2137.12
6694,122,39,2025-04-09 15:36:02,Completed,UPI,2608.13
6695,274,58,2024-11-04 01:07:08,Completed,Credit Card,4349.85
6696,929,45,2026-02-03 13:45:21,Pending,UPI,131.94
6697,758,98,2025-12-06 13:38:54,Pending,UPI,275.95
6698,160,99,2024-07-14 12:05:53,Cancelled,Net Banking,236.21
6699,425,34,2024-09-04 16:35:26,Returned,Credit Card,3638.82
6700,833,56,2025-03-07 16:23:14,Completed,Net Banking,2769.71
6701,349,10,2025-10-19 13:40:13,Cancelled,Credit Card,4883.35
6702,440,48,2024-06-20 21:57:09,Completed,UPI,3748.13
6703,819,27,2025-06-16 13:33:56,Pending,Net Banking,4264.33
6704,367,35,2025-09-16 06:28:49,Pending,UPI,4511.71
6705,166,31,2024-08-19 14:19:57,Completed,Net Banking,534.06
6706,613,11,2025-08-22 13:32:55,Returned,Net Banking,3171.51
6707,478,74,2024-07-21 06:39:49,Pending,Debit Card,4491.29
6708,455,41,2025-11-26 15:29:11,Cancelled,Credit Card,4269.48
6709,734,35,2024-06-04 22:28:18,Cancelled,Debit Card,1079.08
6710,485,58,2024-05-30 00:30:28,Pending,Net Banking,3996.81
6711,500,55,2026-04-14 07:53:36,Pending,Credit Card,4850.61
6712,316,86,2026-02-04 17:00:15,Cancelled,UPI,1416.68
6713,39,34,2026-04-01 05:16:20,Completed,UPI,4405.41
6714,304,85,2026-01-25 14:21:09,Cancelled,Credit Card,451.78
6715,343,44,2026-03-30 15:46:30,Returned,Cash,4406.56
6716,830,98,2025-01-01 20:53:19,Cancelled,Cash,134.05
6717,365,90,2025-11-27 06:59:14,Completed,Cash,1281.67
6718,978,58,2024-07-10 03:09:49,Pending,Cash,3913.99
6719,589,6,2025-06-04 08:19:55,Completed,UPI,1879.36
6720,787,10,2025-05-31 21:28:36,Pending,Credit Card,3612.24
6721,457,30,2025-08-22 23:51:03,Pending,Net Banking,3245.82
6722,453,100,2026-05-05 01:45:59,Pending,Net Banking,4071.61
6723,427,97,2025-11-24 17:21:47,Pending,Debit Card,4916.14
6724,247,63,2024-06-24 13:05:17,Completed,Net Banking,4109.34
6725,823,56,2025-04-11 07:28:11,Completed,Credit Card,4045.85
6726,581,82,2026-04-23 11:03:10,Completed,Cash,2248.21
6727,990,22,2024-08-03 18:42:31,Returned,Credit Card,3629.31
6728,443,72,2025-10-16 14:01:03,Cancelled,UPI,3883.77
6729,734,56,2024-06-27 12:47:27,Cancelled,Debit Card,765.18
6730,417,36,2024-05-28 00:14:02,Cancelled,Cash,1275.43
6731,937,94,2024-10-08 16:20:24,Cancelled,Debit Card,4297.15
6732,19,30,2025-10-01 03:44:49,Pending,UPI,2310.56
6733,408,14,2025-04-17 04:11:14,Pending,Debit Card,3509.57
6734,332,50,2024-10-25 09:21:37,Cancelled,Cash,4700.18
6735,878,3,2025-10-19 10:38:11,Completed,Credit Card,3737.99
6736,921,72,2025-04-27 05:15:07,Completed,UPI,996.19
6737,19,53,2025-05-31 03:12:36,Completed,Cash,1098.43
6738,843,17,2024-12-03 07:11:24,Completed,Credit Card,3485.08
6739,658,78,2024-11-30 14:35:30,Cancelled,Net Banking,3438.85
6740,778,49,2024-12-04 10:09:51,Cancelled,Cash,1496.06
6741,877,54,2025-07-28 02:22:55,Returned,Credit Card,2842.36
6742,963,96,2024-07-20 09:59:48,Pending,UPI,3689.93
6743,521,18,2025-12-07 06:07:28,Cancelled,Debit Card,2208.26
6744,705,44,2024-09-28 02:08:23,Pending,Debit Card,1000.97
6745,392,85,2025-02-25 06:28:23,Pending,Debit Card,2193.64
6746,40,42,2024-10-08 21:32:04,Returned,Net Banking,1125.89
6747,978,12,2024-09-12 18:49:44,Pending,UPI,1249.62
6748,522,18,2024-07-30 07:52:49,Cancelled,Cash,1094.4
6749,17,67,2024-08-19 09:14:44,Pending,Net Banking,4596.2
6750,62,16,2025-11-12 23:43:53,Pending,Net Banking,3279.55
6751,931,49,2024-07-05 16:46:30,Completed,Net Banking,4052.7
6752,679,43,2025-08-17 00:56:56,Completed,UPI,1019.66
6753,16,87,2025-06-30 16:54:11,Pending,Credit Card,306.89
6754,610,6,2026-01-03 02:10:58,Completed,Credit Card,2308.5
6755,742,11,2025-11-01 04:32:05,Pending,Cash,238.99
6756,1000,39,2024-12-25 02:55:44,Returned,Debit Card,4086.16
6757,181,96,2026-03-18 02:22:14,Pending,Cash,767.86
6758,898,60,2024-09-06 00:37:19,Cancelled,Cash,2195.38
6759,730,49,2025-04-21 16:43:41,Cancelled,Credit Card,4960.32
6760,542,49,2025-03-04 11:57:19,Returned,Debit Card,1018.56
6761,790,7,2026-04-08 07:55:17,Returned,Debit Card,248.5
6762,720,80,2024-11-21 20:16:01,Cancelled,UPI,4770.27
6763,179,90,2025-10-06 07:59:55,Completed,Net Banking,3858.48
6764,830,14,2026-02-09 02:34:54,Cancelled,Debit Card,2071.8
6765,513,88,2024-12-30 18:35:01,Returned,Net Banking,2539.22
6766,682,75,2024-11-04 07:58:39,Pending,UPI,4803.41
6767,226,85,2024-11-18 12:09:13,Cancelled,Net Banking,711.34
6768,645,49,2024-08-28 02:38:48,Pending,Credit Card,935.7
6769,300,56,2025-03-19 13:35:42,Cancelled,Cash,1226.54
6770,639,14,2026-02-20 19:12:24,Completed,Cash,1363.2
6771,200,19,2025-09-06 04:01:53,Cancelled,Credit Card,3026.87
6772,299,66,2024-07-03 14:00:40,Pending,Net Banking,3788.91
6773,224,65,2025-07-30 05:07:06,Returned,Credit Card,4813.46
6774,761,87,2025-11-24 16:26:52,Completed,Cash,2718.08
6775,661,53,2025-08-29 21:39:41,Completed,UPI,574.28
6776,732,7,2025-05-18 21:45:52,Pending,Credit Card,3490.69
6777,860,87,2024-11-10 07:09:07,Pending,UPI,629.12
6778,619,89,2024-12-18 06:45:42,Pending,UPI,2261.47
6779,564,18,2026-02-11 03:16:29,Pending,UPI,3052.11
6780,294,87,2026-03-19 02:22:47,Completed,Credit Card,3924.33
6781,115,24,2026-04-29 17:47:53,Pending,Debit Card,3018.29
6782,231,92,2024-12-15 19:56:17,Pending,Cash,3170.61
6783,773,56,2025-10-01 00:21:49,Cancelled,UPI,3286.47
6784,645,74,2025-07-29 03:02:46,Returned,Credit Card,4733.25
6785,53,63,2024-06-02 11:09:11,Cancelled,Net Banking,281.22
6786,409,18,2025-09-20 20:16:06,Cancelled,UPI,1042.99
6787,435,61,2025-12-11 11:05:00,Cancelled,UPI,4774.77
6788,443,97,2025-11-26 14:19:45,Pending,Cash,3182.3
6789,860,69,2026-03-13 00:03:37,Cancelled,Cash,95.15
6790,62,11,2026-02-24 17:14:00,Completed,Cash,3026.46
6791,764,75,2025-09-28 17:48:38,Completed,Cash,3924.71
6792,628,68,2026-04-02 09:08:06,Returned,Net Banking,3173.01
6793,860,37,2025-05-28 19:29:51,Cancelled,Debit Card,2077.16
6794,27,49,2026-03-21 23:19:57,Pending,Debit Card,4128.94
6795,991,15,2024-12-23 00:08:00,Pending,Cash,1633.82
6796,217,30,2025-08-23 15:40:48,Completed,UPI,3823.51
6797,79,95,2026-01-26 12:51:30,Pending,Credit Card,507.91
6798,642,3,2025-05-20 08:08:11,Returned,Net Banking,2583.87
6799,621,52,2026-02-15 09:07:35,Cancelled,Debit Card,4461.68
6800,238,26,2025-02-03 12:12:56,Cancelled,Credit Card,4372.1
6801,672,32,2026-01-09 22:17:51,Returned,Cash,433.69
6802,726,86,2024-07-16 17:06:45,Cancelled,UPI,4667.77
6803,488,100,2026-04-17 17:09:38,Cancelled,Net Banking,417.02
6804,326,58,2026-04-30 13:19:48,Cancelled,UPI,4119.38
6805,803,59,2024-08-05 20:45:38,Returned,Cash,1132.69
6806,562,32,2025-06-25 21:22:33,Cancelled,Net Banking,1940.02
6807,159,46,2026-01-03 18:54:11,Completed,UPI,3886.34
6808,568,80,2026-01-15 13:50:38,Returned,Credit Card,1158.61
6809,322,9,2024-12-17 16:47:34,Completed,Credit Card,3596.97
6810,44,32,2025-10-13 09:46:27,Completed,UPI,768.51
6811,814,39,2025-12-12 16:33:48,Pending,Cash,2846.83
6812,135,74,2025-11-16 14:24:13,Cancelled,Cash,2669.55
6813,68,17,2025-07-29 11:09:07,Pending,Net Banking,1463.84
6814,232,10,2026-05-23 22:50:39,Cancelled,UPI,4629.48
6815,306,15,2026-04-08 12:51:42,Pending,Net Banking,2116.32
6816,385,89,2025-03-05 02:05:18,Returned,Credit Card,4068.06
6817,369,88,2025-08-01 04:09:32,Returned,Net Banking,780.86
6818,427,54,2025-12-29 02:34:13,Completed,Credit Card,4354.48
6819,949,72,2026-01-05 14:31:35,Pending,Net Banking,174.62
6820,460,33,2025-06-20 21:06:34,Completed,UPI,2463.06
6821,799,68,2025-08-14 04:13:54,Returned,Debit Card,630.31
6822,612,63,2025-10-05 20:42:07,Returned,Debit Card,54.32
6823,170,91,2025-10-01 03:10:28,Returned,Net Banking,783.42
6824,859,19,2024-07-07 00:16:00,Completed,Net Banking,2916.59
6825,100,32,2024-08-24 03:30:57,Pending,Debit Card,295.52
6826,474,24,2024-10-21 15:23:50,Completed,Credit Card,852.96
6827,93,70,2025-05-06 18:49:38,Completed,Net Banking,3598.97
6828,239,40,2025-05-21 10:03:44,Cancelled,Cash,2199.41
6829,23,62,2024-07-13 06:39:07,Returned,UPI,1674.14
6830,998,11,2025-06-17 16:49:08,Cancelled,UPI,2742.19
6831,313,66,2025-06-09 09:59:59,Returned,Debit Card,2587.89
6832,703,32,2026-03-18 21:11:12,Pending,Net Banking,1275.78
6833,196,92,2024-12-03 22:16:40,Completed,UPI,2455.88
6834,751,11,2024-06-26 15:26:43,Returned,Cash,4745.75
6835,918,70,2026-03-30 01:15:54,Pending,Credit Card,4306.93
6836,383,66,2024-05-31 23:38:29,Completed,Cash,2983.49
6837,617,51,2025-10-05 15:16:54,Completed,Debit Card,4221.38
6838,921,15,2025-01-06 21:24:21,Returned,Net Banking,2503.05
6839,341,60,2025-02-06 14:51:17,Pending,Credit Card,1699.26
6840,286,90,2024-06-14 08:28:57,Completed,UPI,1337.49
6841,838,8,2025-01-24 15:15:30,Completed,Net Banking,2302.59
6842,229,50,2024-06-04 01:04:03,Cancelled,Credit Card,1733.73
6843,290,65,2024-11-28 21:14:27,Pending,Credit Card,2049.63
6844,193,64,2025-07-26 23:53:39,Returned,Net Banking,3405.52
6845,307,64,2025-08-03 06:23:18,Completed,Debit Card,2462.4
6846,798,61,2024-09-06 19:18:09,Returned,Debit Card,4909.88
6847,16,98,2025-10-09 04:46:36,Pending,UPI,4658.4
6848,947,62,2026-02-07 13:22:37,Returned,Debit Card,929.55
6849,573,5,2025-06-16 08:43:02,Pending,Debit Card,4116.46
6850,633,55,2026-02-25 04:31:49,Cancelled,Credit Card,3583.57
6851,129,9,2025-07-22 16:18:08,Pending,Net Banking,1975.8
6852,245,38,2025-10-04 22:38:05,Pending,Net Banking,4611.1
6853,257,78,2025-03-10 20:28:11,Returned,Net Banking,3488.67
6854,376,50,2025-10-28 00:59:09,Returned,UPI,2265.38
6855,206,91,2025-08-11 15:21:53,Cancelled,Cash,3584.91
6856,769,77,2024-07-30 01:44:43,Cancelled,Cash,2964.93
6857,823,84,2024-12-12 14:36:06,Cancelled,Cash,4903.82
6858,388,71,2024-09-11 17:22:36,Pending,Net Banking,989.1
6859,553,1,2024-09-09 09:49:09,Returned,Cash,2273.05
6860,427,78,2024-11-14 19:46:43,Returned,Debit Card,210.11
6861,199,23,2024-11-27 11:46:57,Completed,Cash,2151.27
6862,29,76,2025-11-28 23:35:29,Returned,Credit Card,3270.34
6863,5,8,2026-04-09 17:58:59,Returned,UPI,2267.08
6864,249,68,2026-02-20 11:25:57,Completed,Cash,4354.74
6865,608,21,2024-08-12 22:05:43,Returned,Cash,56.67
6866,121,70,2024-11-09 02:36:13,Cancelled,Net Banking,3998.49
6867,832,44,2025-03-18 14:25:09,Cancelled,UPI,3896.73
6868,252,80,2025-07-08 04:08:10,Returned,Net Banking,337.17
6869,379,86,2024-09-08 20:24:57,Completed,Debit Card,1046.93
6870,374,61,2026-01-19 01:36:20,Completed,Credit Card,2578.34
6871,378,2,2024-07-13 20:54:30,Returned,Cash,1817.32
6872,102,52,2025-09-13 20:57:05,Returned,Credit Card,3150.75
6873,874,57,2025-02-03 23:23:08,Cancelled,Debit Card,1058.06
6874,528,97,2024-07-31 05:01:18,Returned,Cash,127.49
6875,288,20,2025-11-03 21:38:29,Pending,Net Banking,3147.09
6876,672,43,2024-07-02 06:45:51,Cancelled,Cash,3438.36
6877,176,76,2026-01-01 21:12:58,Returned,Cash,2287.51
6878,45,55,2024-06-18 22:26:54,Returned,UPI,749.84
6879,80,56,2026-01-08 21:32:15,Completed,Cash,112.7
6880,831,35,2026-04-27 21:29:13,Cancelled,Cash,1920.47
6881,573,75,2025-11-22 04:43:34,Returned,Debit Card,624.71
6882,970,82,2026-04-26 23:32:02,Pending,Cash,1548.13
6883,278,73,2025-04-12 03:04:07,Cancelled,Cash,3141.23
6884,763,4,2025-12-07 00:22:19,Returned,Net Banking,2389.78
6885,910,53,2024-07-02 16:21:05,Returned,Cash,3001.33
6886,22,74,2025-11-21 00:31:40,Cancelled,Net Banking,1295.35
6887,449,64,2024-11-13 08:00:05,Pending,Cash,4069.46
6888,922,54,2024-07-17 03:56:35,Pending,Credit Card,3206.58
6889,208,15,2026-01-03 11:17:44,Cancelled,UPI,3063.42
6890,116,63,2024-06-20 11:11:23,Pending,Cash,1934.25
6891,118,73,2025-03-03 18:47:50,Cancelled,Debit Card,244.71
6892,372,45,2024-06-05 10:49:43,Cancelled,Net Banking,3565.51
6893,725,71,2025-11-22 11:13:34,Completed,Net Banking,874.85
6894,12,65,2025-04-26 03:01:36,Cancelled,Cash,961.26
6895,282,2,2024-10-25 22:00:08,Returned,Debit Card,4974.64
6896,864,61,2024-10-03 01:57:27,Completed,Credit Card,308.68
6897,580,56,2024-06-23 19:55:21,Returned,UPI,3280.28
6898,811,80,2025-05-21 03:08:49,Cancelled,UPI,4325.8
6899,850,95,2024-11-29 19:02:00,Cancelled,UPI,1369.55
6900,881,92,2025-11-17 17:31:31,Cancelled,Cash,1021.78
6901,761,51,2024-09-06 16:22:07,Completed,Credit Card,151.02
6902,926,42,2024-09-11 04:18:39,Returned,Cash,499.23
6903,662,78,2024-06-29 05:05:20,Pending,Cash,3072.52
6904,605,7,2024-12-29 00:26:47,Cancelled,Cash,2853.41
6905,96,49,2024-06-05 08:33:47,Returned,Cash,2400.69
6906,724,15,2024-08-26 02:42:58,Pending,UPI,817.14
6907,198,9,2024-12-09 03:59:47,Completed,Credit Card,4250.57
6908,331,16,2025-09-10 12:50:23,Cancelled,Credit Card,4352.73
6909,609,64,2024-11-29 11:15:35,Pending,Debit Card,2975.91
6910,29,47,2025-05-20 19:04:37,Returned,Net Banking,3582.68
6911,373,78,2026-01-08 18:36:37,Completed,Debit Card,898.73
6912,786,34,2026-04-25 14:41:52,Cancelled,UPI,765.14
6913,15,18,2026-01-30 03:39:54,Cancelled,Debit Card,3884.94
6914,508,74,2025-09-25 03:40:57,Returned,Credit Card,2172.43
6915,338,77,2024-11-04 00:06:00,Pending,Credit Card,1853.25
6916,872,62,2025-06-21 22:09:25,Pending,UPI,763.41
6917,337,86,2024-11-03 22:18:00,Completed,UPI,3073.01
6918,472,83,2025-12-21 03:40:59,Completed,UPI,3717.28
6919,574,16,2025-08-28 20:58:52,Returned,Cash,1056.92
6920,144,56,2025-04-07 13:33:52,Pending,Debit Card,2013.3
6921,907,70,2026-03-14 12:54:54,Pending,Net Banking,1907.33
6922,589,85,2024-08-01 03:07:50,Returned,Net Banking,2077.96
6923,743,19,2024-06-15 04:15:54,Cancelled,Cash,240.25
6924,542,52,2025-08-26 16:37:20,Completed,Cash,1297.47
6925,208,71,2025-07-10 04:54:48,Pending,UPI,859.14
6926,272,51,2025-12-09 09:50:17,Cancelled,UPI,49.92
6927,359,14,2025-06-24 11:47:00,Cancelled,Credit Card,2729.62
6928,770,8,2025-03-26 12:56:13,Cancelled,Cash,1656.24
6929,80,18,2026-05-01 14:04:40,Cancelled,Credit Card,3143.32
6930,780,20,2025-11-01 04:12:12,Cancelled,Cash,4135.86
6931,142,17,2024-11-27 10:03:18,Completed,UPI,1686.58
6932,419,36,2024-11-22 09:45:40,Returned,Net Banking,2457.1
6933,875,20,2025-05-15 22:17:00,Cancelled,Cash,2525.18
6934,479,94,2025-04-03 16:27:04,Pending,Net Banking,3641.21
6935,802,75,2026-03-05 14:10:33,Returned,UPI,1864.98
6936,303,75,2026-04-08 03:31:34,Cancelled,Credit Card,3874.1
6937,620,44,2024-11-30 06:23:46,Cancelled,Debit Card,2982.94
6938,383,74,2025-01-21 21:11:52,Returned,UPI,3777.03
6939,258,68,2025-10-04 22:32:04,Returned,UPI,954.46
6940,970,43,2025-05-15 10:42:47,Completed,UPI,1993.42
6941,172,18,2026-04-27 05:22:58,Pending,Credit Card,579.84
6942,275,1,2026-03-06 13:48:30,Cancelled,Cash,2232.97
6943,515,91,2024-10-13 14:57:28,Cancelled,Net Banking,1092.49
6944,747,74,2026-01-04 20:07:01,Completed,Net Banking,3503.99
6945,191,77,2025-04-04 14:22:50,Cancelled,Net Banking,3817.52
6946,79,71,2024-08-11 10:10:39,Completed,Net Banking,4926.9
6947,798,20,2024-09-06 18:14:53,Returned,UPI,4982.81
6948,996,85,2026-01-04 00:45:53,Completed,Credit Card,90.94
6949,654,39,2025-12-08 03:12:08,Pending,Cash,1242.95
6950,975,8,2026-05-15 17:22:04,Completed,Cash,3215.77
6951,704,34,2025-03-09 00:06:05,Cancelled,Cash,2403.54
6952,871,83,2025-02-18 19:18:18,Completed,UPI,2572.7
6953,165,35,2025-06-25 11:32:43,Returned,Debit Card,1796.27
6954,361,92,2026-02-15 01:38:05,Completed,Cash,4730.99
6955,899,67,2026-02-19 13:02:46,Returned,Cash,4770.94
6956,344,15,2025-04-10 07:10:05,Pending,Credit Card,1543.23
6957,41,17,2025-08-10 15:20:48,Completed,Net Banking,1332.59
6958,518,70,2025-04-30 19:29:06,Completed,Cash,704.66
6959,769,45,2025-07-09 05:43:40,Returned,Credit Card,4753.05
6960,249,53,2025-05-07 05:23:47,Returned,Debit Card,4547.11
6961,672,10,2026-05-05 02:31:51,Pending,Debit Card,3130.17
6962,843,87,2024-08-16 21:56:49,Completed,UPI,782.68
6963,485,6,2024-12-31 16:17:58,Pending,Cash,1700.76
6964,939,98,2025-07-03 10:42:43,Completed,Cash,3426.34
6965,632,44,2026-02-01 06:37:41,Cancelled,Cash,594.51
6966,958,9,2026-05-14 08:34:33,Returned,Credit Card,4496.67
6967,550,40,2025-10-17 11:12:07,Returned,UPI,3092.77
6968,604,57,2026-05-09 08:42:53,Cancelled,Cash,1809.72
6969,455,100,2026-04-03 11:32:47,Cancelled,Net Banking,4044.07
6970,574,21,2024-12-05 03:00:24,Returned,Credit Card,4601.27
6971,295,81,2025-04-11 16:35:38,Cancelled,UPI,2468.38
6972,777,92,2025-01-02 22:04:49,Returned,Debit Card,3456.61
6973,582,28,2024-09-27 05:08:47,Pending,Debit Card,1883.96
6974,994,92,2026-02-24 19:27:35,Cancelled,Debit Card,2248.28
6975,73,15,2025-02-14 10:23:38,Completed,Net Banking,923.09
6976,455,97,2025-11-27 03:04:13,Completed,Cash,2531.44
6977,10,41,2025-04-11 18:02:47,Returned,Cash,3539.57
6978,211,7,2024-09-02 15:52:30,Pending,Credit Card,1537.74
6979,207,100,2026-04-24 18:29:04,Completed,UPI,3063.57
6980,492,59,2025-05-08 09:25:48,Returned,Net Banking,2564.79
6981,200,79,2024-10-27 13:47:33,Returned,Net Banking,2186.0
6982,107,87,2025-11-16 14:37:17,Returned,Credit Card,3932.93
6983,145,22,2026-03-22 13:40:59,Cancelled,Cash,3117.67
6984,152,15,2025-01-04 09:39:24,Returned,Cash,1717.88
6985,525,100,2026-05-12 08:51:15,Pending,Debit Card,4446.02
6986,186,47,2024-11-09 08:07:46,Completed,Net Banking,992.28
6987,74,58,2024-06-07 09:17:50,Cancelled,UPI,3464.04
6988,329,25,2026-02-09 21:33:59,Pending,Cash,497.67
6989,172,69,2026-02-11 14:30:43,Pending,Cash,962.52
6990,741,69,2025-09-21 23:47:24,Returned,Cash,3150.87
6991,948,89,2025-06-10 00:07:58,Pending,Cash,4381.34
6992,176,56,2025-04-01 06:56:24,Cancelled,UPI,4982.91
6993,114,28,2024-12-28 07:53:03,Returned,Credit Card,4348.54
6994,520,77,2024-10-24 15:47:01,Pending,Debit Card,4379.5
6995,573,31,2026-01-15 16:41:22,Cancelled,Credit Card,4574.49
6996,838,37,2025-11-03 20:23:26,Completed,UPI,2016.51
6997,475,25,2025-11-26 04:41:43,Completed,UPI,859.78
6998,90,39,2025-04-11 03:53:23,Pending,Cash,346.53
6999,269,94,2024-08-12 08:13:58,Completed,Debit Card,2706.07
7000,327,78,2025-05-15 05:09:31,Cancelled,UPI,4169.28
7001,962,83,2026-05-16 11:19:16,Completed,Net Banking,3193.38
7002,467,41,2026-01-14 00:38:31,Returned,Net Banking,4108.44
7003,457,12,2025-10-03 14:07:07,Pending,Credit Card,4508.83
7004,468,67,2025-05-04 03:25:19,Cancelled,Net Banking,526.12
7005,233,24,2024-08-21 18:49:50,Cancelled,Cash,1139.39
7006,416,54,2025-01-24 21:16:20,Returned,Credit Card,809.07
7007,934,25,2025-02-05 20:44:43,Returned,UPI,1522.47
7008,530,33,2025-08-07 01:36:53,Completed,UPI,4765.4
7009,34,15,2025-03-01 17:48:35,Returned,Debit Card,2106.83
7010,428,8,2024-11-04 09:07:12,Pending,UPI,3393.67
7011,387,72,2024-07-17 10:59:36,Returned,Credit Card,766.22
7012,159,97,2025-02-13 16:31:58,Pending,Net Banking,2337.8
7013,250,60,2025-10-21 15:42:10,Returned,UPI,2581.18
7014,438,37,2025-02-21 16:01:46,Cancelled,Net Banking,4894.73
7015,194,62,2025-03-22 16:51:55,Completed,Debit Card,4942.39
7016,855,5,2025-11-07 22:44:48,Completed,Credit Card,373.23
7017,725,22,2024-08-02 02:20:13,Cancelled,Cash,898.25
7018,667,27,2025-05-10 17:30:22,Pending,Cash,2966.37
7019,656,22,2026-04-26 11:17:16,Returned,Debit Card,1280.52
7020,555,19,2024-08-25 20:20:27,Pending,UPI,4821.9
7021,261,6,2024-10-04 10:59:54,Cancelled,UPI,4065.7
7022,996,66,2024-11-02 10:18:48,Pending,Credit Card,4435.29
7023,620,83,2026-03-06 16:46:37,Completed,Credit Card,4407.52
7024,643,90,2024-10-08 05:35:26,Completed,Net Banking,802.71
7025,672,42,2025-12-11 06:40:17,Completed,Debit Card,1206.14
7026,179,12,2026-03-13 20:19:47,Completed,Cash,2528.35
7027,367,76,2024-08-18 07:50:24,Pending,Credit Card,3849.57
7028,929,98,2026-03-29 17:28:52,Cancelled,Net Banking,4837.05
7029,694,53,2025-05-03 06:48:44,Completed,Cash,1177.5
7030,633,92,2025-08-29 23:01:26,Completed,Net Banking,1177.93
7031,418,15,2024-11-19 06:39:42,Pending,Credit Card,3609.39
7032,3,77,2024-07-02 07:00:18,Completed,Net Banking,2933.22
7033,249,53,2025-03-01 16:08:03,Pending,Cash,2478.76
7034,283,52,2025-03-28 12:50:33,Cancelled,Cash,1119.52
7035,939,17,2026-01-16 04:32:15,Completed,Net Banking,1203.86
7036,314,67,2024-10-14 01:18:34,Completed,Cash,4775.27
7037,661,76,2025-08-02 06:23:56,Completed,Net Banking,4827.47
7038,605,24,2026-03-16 00:26:23,Pending,Cash,4423.54
7039,475,97,2024-09-18 11:36:59,Cancelled,Net Banking,3650.29
7040,790,5,2024-05-30 03:37:42,Returned,Debit Card,2350.23
7041,648,63,2026-02-11 05:55:43,Cancelled,Debit Card,2693.81
7042,856,1,2024-12-30 14:27:19,Pending,UPI,4305.0
7043,896,17,2025-06-10 16:00:03,Returned,UPI,75.81
7044,359,90,2025-04-06 22:22:57,Returned,Net Banking,1850.24
7045,467,71,2025-12-23 20:14:25,Cancelled,Net Banking,2367.89
7046,589,62,2024-08-29 09:33:32,Returned,Cash,251.76
7047,99,79,2024-11-26 15:54:27,Pending,Debit Card,3399.42
7048,695,50,2026-05-22 02:04:16,Pending,Credit Card,938.02
7049,780,26,2025-03-19 16:20:11,Pending,Cash,501.76
7050,182,47,2024-08-24 21:22:12,Pending,Cash,2894.43
7051,828,48,2024-07-10 12:35:59,Pending,Net Banking,1906.66
7052,971,59,2024-08-24 15:56:22,Pending,UPI,3543.82
7053,692,34,2024-11-15 19:54:30,Cancelled,Debit Card,615.47
7054,703,41,2024-09-05 00:18:57,Returned,Debit Card,1791.25
7055,401,25,2024-11-21 14:44:13,Completed,Net Banking,499.93
7056,929,92,2025-11-06 02:40:35,Pending,Net Banking,240.5
7057,972,60,2025-11-09 17:54:04,Returned,UPI,4289.06
7058,328,7,2026-04-11 12:40:51,Completed,UPI,3288.96
7059,548,11,2024-12-15 05:06:50,Pending,Cash,1765.24
7060,944,36,2026-02-13 15:38:53,Cancelled,Debit Card,2165.65
7061,517,68,2026-04-06 03:27:31,Cancelled,Cash,4012.82
7062,968,44,2025-08-30 05:25:01,Cancelled,Debit Card,1796.81
7063,263,61,2024-06-23 22:34:00,Cancelled,Net Banking,3183.57
7064,406,6,2025-01-10 13:30:03,Pending,Net Banking,1446.85
7065,889,42,2026-05-02 18:07:00,Cancelled,Net Banking,2685.83
7066,251,17,2025-02-18 10:16:48,Returned,UPI,3198.86
7067,655,60,2024-06-02 07:37:47,Cancelled,Net Banking,4657.71
7068,860,12,2025-02-18 04:06:46,Cancelled,Credit Card,4801.8
7069,580,51,2024-10-29 01:57:01,Pending,Debit Card,3983.3
7070,69,74,2025-08-15 19:33:40,Returned,Cash,1452.15
7071,499,38,2025-03-26 00:55:21,Cancelled,UPI,867.78
7072,462,63,2026-02-13 18:34:16,Completed,UPI,1865.22
7073,216,41,2024-10-29 17:13:35,Pending,UPI,4210.41
7074,378,4,2025-03-04 07:15:16,Cancelled,Credit Card,4519.25
7075,214,86,2024-08-24 03:32:55,Returned,Debit Card,2405.7
7076,246,77,2026-02-13 05:05:36,Completed,Net Banking,3331.84
7077,749,96,2025-02-18 08:26:55,Completed,Credit Card,3982.33
7078,580,19,2025-01-06 19:26:41,Returned,Credit Card,4138.22
7079,13,30,2024-11-28 23:29:35,Completed,Net Banking,4244.97
7080,50,33,2026-04-24 05:17:33,Returned,Cash,3943.9
7081,823,10,2025-09-29 05:15:28,Completed,Credit Card,443.02
7082,351,80,2025-04-23 00:41:53,Completed,UPI,3364.75
7083,289,45,2024-07-04 05:14:03,Pending,Debit Card,3611.76
7084,970,74,2025-12-17 08:03:10,Pending,UPI,2749.58
7085,942,38,2025-12-05 01:14:09,Pending,Credit Card,3113.38
7086,792,94,2025-04-30 03:49:36,Completed,Net Banking,2686.36
7087,737,85,2024-07-12 16:59:50,Returned,Cash,1093.42
7088,999,26,2025-02-13 11:42:21,Returned,Net Banking,376.18
7089,491,26,2025-10-09 14:26:17,Pending,Cash,4704.33
7090,20,49,2026-01-06 07:02:26,Returned,Cash,2389.11
7091,890,90,2025-06-20 03:41:24,Pending,Cash,3244.22
7092,38,20,2024-06-15 15:03:39,Returned,Cash,534.98
7093,591,56,2025-11-08 03:45:11,Pending,Net Banking,3015.64
7094,761,46,2026-01-03 15:07:17,Cancelled,Cash,1791.16
7095,559,61,2026-05-02 21:38:52,Completed,UPI,1459.75
7096,800,33,2024-07-06 17:08:42,Returned,Debit Card,2736.31
7097,305,21,2025-08-28 23:04:34,Completed,Net Banking,737.4
7098,656,77,2024-10-11 07:14:36,Pending,UPI,605.79
7099,798,44,2024-09-09 17:24:15,Completed,Debit Card,2732.47
7100,722,72,2025-07-01 14:10:07,Pending,Cash,4692.68
7101,357,66,2026-01-14 01:06:09,Cancelled,Credit Card,1138.25
7102,606,16,2025-12-13 18:36:13,Pending,Net Banking,1972.29
7103,194,80,2026-04-20 07:55:12,Pending,Debit Card,731.61
7104,103,30,2026-03-24 16:03:53,Cancelled,Net Banking,3840.87
7105,3,44,2026-05-14 08:18:12,Returned,UPI,4325.99
7106,911,80,2024-10-24 21:36:26,Pending,Debit Card,2820.33
7107,896,39,2024-10-31 10:38:47,Returned,UPI,464.81
7108,255,57,2025-01-24 09:39:25,Cancelled,Credit Card,783.86
7109,818,23,2025-08-12 19:24:22,Pending,UPI,1247.98
7110,842,14,2026-05-25 03:33:57,Returned,Cash,1503.18
7111,442,82,2026-01-21 18:23:25,Pending,Credit Card,2526.54
7112,302,18,2025-01-25 23:09:09,Cancelled,Cash,3577.99
7113,223,41,2025-09-09 10:36:54,Pending,Debit Card,4422.38
7114,476,30,2025-09-24 12:08:38,Completed,Cash,556.65
7115,706,73,2024-06-02 15:36:13,Returned,Credit Card,396.09
7116,235,33,2024-07-13 12:41:24,Returned,UPI,4076.47
7117,191,55,2025-12-20 11:59:22,Completed,Cash,31.18
7118,588,6,2026-03-11 23:20:51,Cancelled,UPI,813.18
7119,103,43,2025-04-18 18:05:32,Returned,Debit Card,4970.49
7120,257,89,2026-01-11 01:55:56,Completed,Net Banking,3448.93
7121,914,35,2025-04-09 19:48:44,Cancelled,Net Banking,3897.09
7122,152,100,2024-06-24 01:20:16,Cancelled,Cash,4637.28
7123,626,11,2026-02-22 04:31:49,Cancelled,Net Banking,4336.71
7124,814,86,2025-05-05 01:22:53,Pending,UPI,2254.79
7125,926,3,2025-06-23 00:17:18,Cancelled,Debit Card,1894.43
7126,425,76,2024-11-17 07:20:53,Pending,Cash,2879.23
7127,28,71,2024-08-07 10:10:11,Pending,Net Banking,291.67
7128,712,70,2024-07-31 22:49:07,Returned,Net Banking,3820.1
7129,718,99,2025-02-04 23:42:53,Completed,Cash,4793.31
7130,95,98,2024-08-11 02:04:21,Pending,UPI,4927.25
7131,885,49,2026-01-01 08:33:36,Completed,Credit Card,1510.96
7132,11,36,2026-01-10 01:27:19,Returned,Credit Card,193.98
7133,382,37,2024-12-30 12:45:50,Returned,Debit Card,1994.63
7134,382,61,2025-03-04 13:48:24,Completed,Credit Card,4481.5
7135,19,56,2025-03-30 14:09:51,Returned,UPI,323.8
7136,790,30,2024-08-01 02:06:56,Pending,Credit Card,1939.85
7137,436,90,2024-05-29 06:44:42,Returned,Cash,3431.14
7138,539,17,2026-03-17 13:12:28,Completed,UPI,4642.67
7139,471,43,2026-04-08 14:31:39,Completed,Debit Card,2577.38
7140,966,4,2026-03-27 18:27:51,Cancelled,Credit Card,4250.73
7141,554,60,2025-06-15 10:05:37,Pending,Cash,1613.13
7142,611,79,2024-10-05 07:33:29,Pending,Cash,1998.17
7143,354,78,2024-09-03 01:44:01,Pending,Credit Card,4346.46
7144,424,62,2025-10-10 16:14:55,Returned,Cash,1202.24
7145,828,39,2026-03-13 17:26:29,Pending,Debit Card,1866.76
7146,939,81,2025-04-11 15:50:53,Returned,Credit Card,857.08
7147,135,86,2024-09-07 12:48:43,Cancelled,Debit Card,4122.89
7148,594,61,2026-05-06 11:36:44,Cancelled,Credit Card,696.84
7149,368,54,2024-12-02 23:07:28,Completed,UPI,2855.98
7150,362,86,2024-08-05 12:23:05,Returned,Credit Card,755.71
7151,103,54,2024-05-28 04:34:48,Completed,Debit Card,4772.38
7152,20,84,2025-10-02 15:58:07,Pending,Cash,1426.8
7153,698,82,2025-03-08 19:21:32,Pending,Credit Card,3261.77
7154,622,29,2025-09-25 15:02:43,Returned,UPI,4966.1
7155,598,50,2025-12-12 04:41:16,Completed,Debit Card,3062.15
7156,850,9,2025-10-18 12:59:22,Pending,UPI,2530.67
7157,101,83,2025-12-07 04:31:40,Completed,Credit Card,250.36
7158,19,54,2026-05-18 03:14:37,Pending,Net Banking,4153.76
7159,614,23,2025-06-01 13:30:45,Pending,Net Banking,3624.12
7160,234,91,2024-10-17 22:25:18,Completed,Net Banking,1771.23
7161,38,67,2024-09-23 19:56:55,Cancelled,UPI,3900.86
7162,530,93,2024-06-03 06:19:53,Completed,Cash,3346.6
7163,631,66,2024-10-23 18:04:03,Completed,Net Banking,4962.85
7164,111,25,2025-08-31 23:29:34,Completed,Debit Card,626.42
7165,787,80,2024-09-08 16:51:42,Cancelled,Cash,3885.44
7166,979,49,2025-11-16 22:59:42,Completed,Net Banking,612.07
7167,435,14,2026-05-01 05:30:49,Cancelled,Debit Card,400.78
7168,558,28,2025-03-03 22:46:39,Returned,Credit Card,1446.14
7169,744,13,2025-05-05 01:37:40,Cancelled,Net Banking,541.01
7170,445,37,2025-02-08 05:25:31,Returned,Cash,2076.38
7171,688,65,2024-06-21 23:57:25,Cancelled,Credit Card,31.43
7172,698,50,2025-01-12 00:16:55,Returned,Credit Card,311.1
7173,286,37,2025-03-30 08:13:46,Pending,Credit Card,4637.26
7174,745,35,2026-05-16 11:06:09,Completed,Cash,4569.89
7175,464,11,2025-02-10 06:43:16,Completed,Credit Card,2596.7
7176,115,77,2024-08-09 15:53:39,Cancelled,Credit Card,4210.59
7177,210,56,2025-03-01 07:51:22,Completed,Credit Card,3088.27
7178,352,88,2025-01-30 04:00:51,Cancelled,Net Banking,1056.97
7179,171,98,2025-05-01 01:19:54,Cancelled,UPI,1283.95
7180,413,57,2024-06-13 00:01:20,Completed,Credit Card,1346.4
7181,536,59,2024-12-08 05:25:43,Cancelled,Cash,2671.1
7182,675,35,2024-11-30 08:41:02,Returned,Credit Card,4418.54
7183,934,1,2026-04-10 19:57:26,Cancelled,UPI,723.01
7184,117,80,2024-08-14 22:44:38,Returned,Credit Card,1701.41
7185,573,33,2025-01-03 23:45:52,Cancelled,Credit Card,1630.39
7186,686,74,2025-09-27 01:32:40,Completed,Credit Card,1646.68
7187,635,97,2024-10-11 22:47:15,Completed,Debit Card,3480.13
7188,199,97,2026-05-10 17:56:42,Returned,UPI,2288.97
7189,437,66,2026-03-17 03:10:56,Cancelled,Net Banking,3841.88
7190,379,99,2024-10-19 02:04:53,Pending,Debit Card,786.73
7191,193,21,2024-07-27 14:37:44,Pending,Cash,3958.85
7192,358,23,2026-02-27 15:41:48,Cancelled,Debit Card,3464.58
7193,794,84,2026-05-09 15:13:31,Cancelled,Cash,1522.2
7194,615,29,2025-12-22 02:40:43,Pending,Net Banking,870.46
7195,224,25,2024-05-28 15:15:48,Cancelled,UPI,106.36
7196,819,52,2025-02-11 08:39:17,Cancelled,Net Banking,3587.74
7197,748,95,2025-07-22 06:39:21,Pending,Credit Card,1959.87
7198,251,79,2026-03-19 18:00:01,Returned,Credit Card,1928.49
7199,372,72,2025-07-10 21:32:58,Cancelled,Credit Card,2758.19
7200,633,49,2025-05-06 04:42:39,Cancelled,Credit Card,3763.76
7201,519,55,2025-09-24 10:41:20,Cancelled,Debit Card,4720.66
7202,534,30,2025-01-20 12:26:14,Cancelled,Cash,1608.95
7203,514,1,2024-10-11 13:34:31,Returned,Net Banking,4578.33
7204,840,66,2024-09-11 08:32:42,Returned,Cash,1942.3
7205,821,11,2025-04-05 09:50:28,Completed,Net Banking,1476.82
7206,791,5,2025-06-12 05:36:39,Cancelled,UPI,1719.61
7207,952,1,2024-11-09 20:46:55,Returned,Cash,3149.08
7208,362,5,2024-06-17 07:45:18,Completed,Net Banking,2832.14
7209,826,26,2025-01-19 16:17:26,Returned,UPI,4114.76
7210,240,44,2024-08-21 00:31:40,Completed,Net Banking,4345.11
7211,651,56,2025-10-15 08:09:34,Pending,UPI,52.13
7212,928,100,2025-10-29 04:15:37,Returned,Net Banking,2808.29
7213,834,22,2025-06-29 11:03:43,Pending,Cash,1745.3
7214,63,13,2025-12-20 15:16:31,Cancelled,Net Banking,233.31
7215,509,60,2026-03-02 06:50:40,Returned,Cash,2739.01
7216,602,37,2026-04-23 18:06:15,Completed,Debit Card,4319.44
7217,264,94,2025-10-14 17:52:09,Pending,UPI,2864.49
7218,928,68,2026-01-20 22:07:28,Pending,Credit Card,2741.83
7219,993,52,2025-11-11 14:01:42,Completed,Credit Card,3724.63
7220,520,77,2024-07-05 15:18:09,Pending,Debit Card,4510.0
7221,53,23,2025-10-20 04:05:47,Cancelled,UPI,2269.93
7222,236,75,2026-01-08 19:29:03,Completed,Cash,3426.39
7223,459,81,2026-04-05 16:07:07,Completed,Debit Card,3361.58
7224,973,96,2025-10-25 16:30:52,Cancelled,Debit Card,885.08
7225,130,93,2025-09-07 02:47:24,Completed,Debit Card,4857.51
7226,661,39,2024-08-24 13:15:08,Pending,Credit Card,3870.12
7227,10,44,2025-07-30 02:41:19,Returned,Credit Card,1406.22
7228,328,63,2025-05-12 16:57:12,Cancelled,Credit Card,4260.69
7229,758,39,2024-09-24 13:40:05,Cancelled,UPI,4584.51
7230,509,18,2026-02-28 20:49:33,Completed,Cash,191.91
7231,604,15,2025-11-06 14:19:25,Returned,Credit Card,1459.57
7232,298,30,2024-10-22 02:06:21,Pending,Credit Card,1987.23
7233,266,57,2025-12-17 17:50:53,Completed,Cash,1181.62
7234,938,94,2025-02-10 12:02:30,Returned,Cash,3951.79
7235,702,10,2025-07-11 08:59:05,Cancelled,Net Banking,2863.46
7236,928,73,2025-07-24 03:34:34,Returned,Credit Card,3736.59
7237,162,61,2025-10-09 04:38:59,Completed,Debit Card,3081.3
7238,909,31,2025-10-04 14:08:58,Returned,Credit Card,4614.09
7239,867,74,2025-06-03 00:43:49,Cancelled,Credit Card,2945.1
7240,436,38,2024-10-19 14:18:37,Returned,Debit Card,424.59
7241,817,23,2025-02-23 17:33:56,Completed,Net Banking,2626.91
7242,395,64,2026-02-03 16:14:35,Cancelled,Credit Card,1670.36
7243,775,17,2025-07-05 04:34:35,Returned,Net Banking,142.81
7244,234,92,2025-07-16 21:45:06,Returned,Net Banking,4357.91
7245,701,45,2024-06-12 04:08:17,Completed,UPI,183.61
7246,979,92,2024-10-30 19:05:08,Pending,Debit Card,4170.4
7247,755,37,2025-12-28 00:20:18,Cancelled,UPI,4427.49
7248,75,35,2026-05-13 10:20:48,Pending,Cash,4404.83
7249,805,56,2025-07-29 11:02:58,Cancelled,Cash,3904.61
7250,134,32,2025-06-01 12:25:31,Pending,Net Banking,4367.31
7251,308,34,2024-09-01 09:35:17,Pending,Credit Card,531.16
7252,112,6,2025-06-19 10:12:25,Pending,Net Banking,2220.16
7253,824,74,2026-02-27 21:26:38,Completed,Credit Card,3910.14
7254,912,75,2025-01-11 17:39:47,Cancelled,Debit Card,1819.98
7255,804,38,2026-03-04 18:13:59,Cancelled,Credit Card,4616.64
7256,246,45,2024-08-04 03:35:01,Completed,Debit Card,1569.84
7257,616,88,2025-08-04 03:05:44,Completed,Cash,3359.03
7258,697,72,2025-01-31 19:43:50,Completed,Credit Card,2072.49
7259,813,85,2024-12-27 12:41:32,Cancelled,Net Banking,497.5
7260,713,59,2025-10-06 18:26:56,Cancelled,Cash,3715.57
7261,24,46,2025-07-23 00:31:22,Returned,Debit Card,4841.86
7262,12,27,2024-08-02 14:14:22,Cancelled,Credit Card,2684.1
7263,750,91,2024-12-17 00:29:51,Completed,UPI,3125.34
7264,217,75,2025-12-17 00:02:08,Cancelled,Cash,1942.6
7265,983,43,2025-05-31 13:25:43,Returned,Credit Card,3104.99
7266,688,39,2025-11-25 17:17:58,Completed,UPI,4057.16
7267,980,93,2024-07-18 18:12:49,Pending,Credit Card,1005.65
7268,481,79,2024-09-20 23:14:39,Cancelled,UPI,4933.03
7269,850,55,2025-02-05 18:54:25,Completed,Debit Card,2397.67
7270,518,20,2024-11-14 20:21:57,Returned,Net Banking,4459.26
7271,809,22,2025-11-30 16:03:09,Pending,UPI,912.94
7272,799,50,2025-03-14 17:43:36,Completed,Credit Card,4472.5
7273,187,8,2025-12-17 21:53:58,Returned,Cash,1005.34
7274,717,47,2026-04-11 15:19:29,Cancelled,Credit Card,2841.4
7275,167,70,2024-12-07 08:01:43,Returned,UPI,4331.22
7276,711,88,2026-01-10 06:16:45,Pending,UPI,620.93
7277,665,97,2026-05-20 20:50:04,Cancelled,Debit Card,3708.97
7278,884,23,2025-10-14 00:56:09,Returned,UPI,118.41
7279,828,65,2025-06-06 11:41:31,Pending,Cash,4487.88
7280,811,23,2024-09-03 09:37:07,Completed,Cash,852.8
7281,821,25,2025-08-08 17:30:46,Returned,Net Banking,3273.69
7282,688,53,2025-12-19 19:17:39,Returned,Credit Card,836.66
7283,48,47,2024-12-03 17:26:18,Pending,Credit Card,4513.77
7284,404,34,2025-09-03 05:50:08,Returned,Cash,2631.03
7285,358,83,2024-10-05 18:42:40,Returned,Net Banking,3889.51
7286,996,1,2024-08-11 12:07:19,Returned,Credit Card,4341.31
7287,199,27,2024-12-01 06:24:15,Returned,UPI,2988.3
7288,817,12,2024-08-05 22:25:33,Pending,Debit Card,4766.88
7289,202,73,2025-07-29 22:21:17,Returned,UPI,3813.93
7290,183,59,2024-06-30 22:34:00,Pending,Credit Card,535.2
7291,45,2,2024-08-01 01:40:17,Returned,Cash,2405.11
7292,482,67,2025-08-11 15:41:36,Pending,UPI,940.67
7293,692,23,2024-05-30 05:14:15,Pending,Credit Card,1467.91
7294,876,14,2024-07-02 22:04:50,Returned,Cash,4842.72
7295,749,63,2024-07-08 19:04:39,Returned,Credit Card,2075.01
7296,420,59,2025-09-16 11:57:55,Pending,Net Banking,2786.68
7297,964,49,2025-04-18 19:11:07,Completed,UPI,3682.92
7298,981,12,2025-02-09 13:03:28,Completed,UPI,2980.93
7299,229,48,2025-09-19 17:07:48,Returned,Debit Card,1600.24
7300,543,68,2025-08-17 09:07:50,Returned,Cash,1903.77
7301,17,11,2025-12-25 10:34:27,Returned,Cash,2266.26
7302,427,88,2024-12-27 05:18:35,Returned,Debit Card,4919.27
7303,718,35,2026-03-28 23:22:11,Cancelled,Cash,3595.1
7304,550,68,2025-04-08 14:35:53,Cancelled,Net Banking,1902.39
7305,829,40,2026-01-07 16:59:48,Returned,Credit Card,1026.45
7306,650,27,2025-10-22 23:18:37,Completed,Cash,774.39
7307,314,55,2024-09-22 12:20:47,Completed,Cash,3345.62
7308,458,72,2025-10-26 00:01:12,Cancelled,Cash,814.38
7309,928,87,2025-03-14 17:32:32,Pending,Net Banking,2125.67
7310,344,44,2024-06-06 17:36:02,Returned,Credit Card,42.73
7311,387,29,2025-10-06 17:38:18,Completed,Net Banking,4391.29
7312,241,76,2025-08-06 02:08:25,Pending,Net Banking,240.66
7313,370,43,2025-09-20 18:12:07,Cancelled,Credit Card,3578.0
7314,311,61,2025-04-23 21:05:32,Cancelled,Net Banking,307.89
7315,68,28,2026-01-07 00:41:39,Returned,Net Banking,3992.25
7316,365,2,2025-06-23 10:13:04,Pending,Credit Card,243.95
7317,614,49,2024-09-05 19:28:02,Completed,Debit Card,3128.01
7318,758,51,2025-07-12 19:59:41,Returned,Net Banking,1577.89
7319,640,58,2025-01-11 11:08:21,Completed,Net Banking,4546.39
7320,248,57,2025-07-11 10:55:20,Pending,Credit Card,1493.81
7321,144,30,2025-05-09 21:25:14,Completed,Credit Card,1330.91
7322,605,22,2025-10-25 09:53:20,Completed,UPI,1479.49
7323,777,77,2024-12-30 14:04:56,Pending,Credit Card,4569.6
7324,761,47,2025-05-05 10:43:53,Completed,Net Banking,3534.77
7325,781,50,2025-02-07 17:01:23,Cancelled,Cash,1082.8
7326,518,27,2025-04-17 15:37:19,Cancelled,Credit Card,1133.79
7327,699,57,2024-12-19 18:00:08,Cancelled,Credit Card,613.73
7328,620,58,2025-01-27 14:46:39,Pending,Net Banking,4939.12
7329,454,17,2025-10-10 12:28:57,Cancelled,Net Banking,1297.34
7330,33,54,2026-05-08 18:48:18,Returned,Net Banking,4891.2
7331,799,71,2024-12-22 03:24:06,Returned,Net Banking,1082.3
7332,87,100,2025-11-16 15:36:33,Returned,UPI,1261.96
7333,752,88,2024-10-01 00:08:56,Pending,Credit Card,1746.61
7334,403,57,2024-11-26 21:57:20,Returned,Credit Card,3305.49
7335,684,50,2025-06-08 23:38:53,Cancelled,Credit Card,430.25
7336,429,96,2025-04-11 06:57:29,Pending,Cash,3742.56
7337,30,47,2025-08-13 17:08:46,Pending,Debit Card,3518.63
7338,498,59,2025-06-03 18:13:42,Completed,Net Banking,1460.78
7339,471,57,2025-04-23 21:04:13,Completed,Net Banking,4756.81
7340,419,24,2025-04-11 01:23:18,Completed,Net Banking,4744.56
7341,779,34,2025-01-26 00:59:39,Pending,Cash,1097.56
7342,783,68,2024-07-24 08:35:32,Pending,UPI,1117.96
7343,982,60,2024-07-26 04:45:16,Pending,Cash,1619.61
7344,789,59,2025-07-06 00:19:52,Returned,Cash,772.52
7345,519,4,2024-12-11 14:04:36,Cancelled,Net Banking,2106.04
7346,954,23,2024-11-19 11:38:28,Pending,UPI,1222.98
7347,549,85,2024-06-23 20:13:06,Pending,Cash,2573.39
7348,451,100,2026-02-06 13:26:21,Completed,UPI,4817.15
7349,657,84,2025-06-10 19:11:06,Returned,Net Banking,2359.73
7350,549,3,2026-04-07 14:07:51,Pending,UPI,2478.45
7351,309,85,2026-04-06 06:24:07,Completed,Debit Card,3336.63
7352,629,12,2024-11-01 16:49:53,Returned,Cash,3232.13
7353,140,85,2024-07-26 14:27:07,Pending,Debit Card,1687.34
7354,733,98,2025-05-24 02:42:35,Returned,UPI,2566.15
7355,426,14,2026-05-22 09:02:12,Cancelled,Net Banking,2991.28
7356,936,34,2025-06-07 17:47:18,Completed,Credit Card,1457.84
7357,357,50,2025-07-26 09:59:05,Completed,Net Banking,1291.64
7358,575,92,2024-10-21 12:04:13,Returned,Cash,2045.81
7359,678,53,2024-07-21 17:41:01,Completed,Credit Card,1634.5
7360,109,26,2026-02-27 18:24:57,Completed,Debit Card,1186.37
7361,784,24,2026-02-11 20:17:49,Pending,Credit Card,692.07
7362,926,79,2025-11-17 09:27:04,Cancelled,Credit Card,4757.38
7363,42,96,2025-07-05 02:08:30,Pending,Credit Card,2591.01
7364,622,45,2026-01-21 21:06:35,Completed,Credit Card,781.73
7365,900,14,2025-11-17 06:36:35,Completed,Cash,1616.47
7366,575,5,2025-11-06 10:15:43,Returned,Net Banking,2054.85
7367,247,22,2026-03-26 19:06:37,Completed,UPI,2048.93
7368,718,98,2025-04-17 06:57:15,Cancelled,UPI,2006.66
7369,282,80,2025-09-18 15:43:14,Completed,UPI,4246.03
7370,532,78,2025-11-23 19:59:49,Returned,Credit Card,830.74
7371,282,4,2025-02-01 16:55:53,Returned,Credit Card,2671.23
7372,622,10,2026-05-02 11:12:25,Cancelled,Cash,3824.53
7373,109,36,2024-10-26 11:09:47,Completed,Credit Card,1755.63
7374,824,53,2025-03-09 13:59:04,Returned,Credit Card,3613.59
7375,958,4,2025-01-20 18:15:21,Pending,Cash,2665.62
7376,437,80,2026-02-26 20:43:50,Returned,Credit Card,548.65
7377,586,41,2024-07-12 20:04:02,Completed,Credit Card,4022.77
7378,222,27,2025-06-18 12:10:53,Returned,Debit Card,4478.86
7379,770,56,2025-08-26 00:01:58,Completed,Cash,3747.71
7380,389,46,2026-04-10 01:24:52,Completed,Credit Card,1648.87
7381,798,91,2026-03-15 08:49:35,Cancelled,UPI,741.06
7382,83,1,2025-03-16 10:17:51,Completed,Credit Card,782.76
7383,286,91,2025-10-15 06:07:18,Cancelled,UPI,1904.22
7384,305,78,2025-09-04 18:57:06,Returned,Debit Card,2234.58
7385,82,44,2025-09-29 13:28:24,Returned,Credit Card,3456.9
7386,777,39,2024-06-03 20:09:20,Completed,Credit Card,2397.35
7387,804,21,2026-05-19 01:55:14,Pending,Net Banking,1861.28
7388,417,16,2025-07-16 07:04:41,Cancelled,Debit Card,528.67
7389,502,68,2025-08-28 21:56:45,Pending,Cash,2312.76
7390,731,37,2025-09-06 03:31:18,Cancelled,UPI,3046.83
7391,796,39,2025-11-25 16:08:44,Completed,Debit Card,4682.06
7392,899,6,2026-01-10 10:05:56,Returned,Debit Card,3049.05
7393,448,88,2024-06-30 20:14:47,Pending,UPI,300.33
7394,950,39,2024-06-29 12:06:29,Completed,Net Banking,1282.02
7395,668,13,2024-07-29 12:20:10,Completed,Credit Card,4020.0
7396,860,46,2024-10-19 21:54:01,Completed,UPI,779.22
7397,366,22,2025-04-20 08:20:42,Pending,Cash,2831.38
7398,178,94,2025-08-04 02:49:16,Completed,UPI,1396.74
7399,842,35,2026-04-02 16:59:34,Cancelled,UPI,1294.85
7400,965,96,2025-10-13 00:19:29,Completed,Cash,953.92
7401,50,21,2024-09-09 13:18:15,Returned,Debit Card,4679.12
7402,269,100,2024-05-27 06:16:35,Cancelled,UPI,468.37
7403,65,8,2024-09-14 09:54:35,Returned,Credit Card,201.06
7404,480,3,2025-08-31 07:06:32,Cancelled,Net Banking,4263.14
7405,696,91,2025-10-12 13:22:19,Completed,UPI,129.63
7406,368,3,2025-01-15 00:48:31,Completed,Cash,1444.94
7407,190,75,2024-08-02 16:28:35,Completed,Debit Card,4087.82
7408,521,47,2025-07-14 06:07:29,Cancelled,Cash,190.34
7409,468,73,2024-06-01 04:11:11,Returned,UPI,3685.61
7410,71,18,2024-06-17 23:29:14,Completed,UPI,1120.64
7411,310,100,2025-05-16 08:05:51,Returned,UPI,571.86
7412,601,71,2025-10-25 11:10:16,Pending,Credit Card,23.76
7413,5,53,2024-11-30 20:04:20,Cancelled,Net Banking,1611.6
7414,517,36,2025-10-25 03:15:03,Cancelled,Net Banking,3464.24
7415,830,40,2026-04-01 21:39:58,Pending,Net Banking,1306.46
7416,81,2,2025-11-08 18:21:45,Pending,UPI,3138.7
7417,401,26,2024-09-04 22:10:18,Pending,UPI,1226.51
7418,859,93,2026-03-22 04:21:12,Returned,Credit Card,2748.03
7419,359,19,2026-04-20 19:00:35,Completed,Debit Card,2461.37
7420,219,1,2024-07-16 18:29:34,Returned,Cash,612.67
7421,13,60,2026-03-29 18:00:55,Returned,UPI,4310.53
7422,840,9,2025-11-20 00:11:37,Cancelled,Cash,1328.24
7423,211,44,2024-10-20 02:35:22,Completed,Net Banking,4914.33
7424,287,67,2024-10-07 01:16:00,Returned,Net Banking,2141.74
7425,988,45,2024-08-03 04:48:41,Pending,Cash,3578.31
7426,721,99,2025-11-05 18:56:59,Returned,Net Banking,4341.97
7427,87,35,2025-12-28 06:14:55,Cancelled,Net Banking,4430.0
7428,402,18,2026-03-20 19:05:08,Returned,Net Banking,1965.77
7429,8,94,2026-03-17 04:34:29,Completed,Cash,1592.78
7430,766,47,2026-04-01 01:39:46,Pending,Cash,3382.9
7431,728,86,2026-01-01 03:35:02,Completed,Credit Card,52.69
7432,593,87,2025-04-18 16:58:53,Cancelled,Cash,2045.04
7433,441,12,2025-05-17 10:36:31,Returned,Cash,2080.56
7434,124,84,2025-07-10 17:19:41,Pending,UPI,1810.13
7435,398,51,2025-10-16 20:36:55,Pending,Cash,4050.73
7436,558,15,2024-06-11 06:49:06,Cancelled,Cash,291.01
7437,23,36,2026-02-17 19:47:59,Cancelled,UPI,3424.56
7438,833,84,2024-09-27 17:34:22,Pending,Credit Card,600.96
7439,32,81,2024-11-17 13:52:09,Completed,Cash,2379.33
7440,766,18,2025-12-24 11:32:23,Pending,Cash,1257.09
7441,376,17,2026-04-03 05:15:39,Cancelled,Credit Card,3061.04
7442,633,97,2025-03-23 00:09:06,Cancelled,Cash,1385.57
7443,661,85,2026-01-13 22:58:02,Pending,Credit Card,2177.85
7444,775,63,2025-03-23 16:50:46,Returned,UPI,887.85
7445,899,76,2025-02-11 11:52:48,Pending,UPI,1491.28
7446,667,69,2024-07-20 19:49:07,Returned,UPI,1581.93
7447,860,23,2025-04-06 13:59:39,Pending,Credit Card,968.67
7448,189,63,2025-01-25 04:11:46,Returned,UPI,575.04
7449,950,43,2026-02-15 18:32:39,Completed,Net Banking,52.86
7450,972,15,2026-02-21 06:29:43,Returned,Cash,607.08
7451,863,43,2024-10-31 00:11:52,Pending,Debit Card,755.25
7452,894,47,2026-04-11 16:09:36,Pending,Net Banking,2840.31
7453,408,68,2025-02-22 13:45:03,Pending,UPI,1559.49
7454,997,13,2026-03-28 01:43:18,Cancelled,Net Banking,4712.9
7455,116,22,2025-05-21 02:16:53,Pending,Credit Card,96.75
7456,788,55,2025-04-14 16:20:24,Cancelled,Net Banking,1389.08
7457,499,55,2025-05-20 20:11:18,Cancelled,UPI,892.59
7458,270,42,2025-09-22 11:29:44,Cancelled,Net Banking,1521.0
7459,32,34,2025-08-12 02:43:17,Cancelled,UPI,1888.86
7460,464,6,2025-02-17 04:15:47,Cancelled,UPI,3555.98
7461,608,93,2026-03-27 05:15:05,Completed,UPI,3204.72
7462,433,46,2026-03-27 06:13:14,Cancelled,Debit Card,4862.83
7463,737,99,2025-09-01 06:57:16,Completed,UPI,2215.4
7464,168,85,2024-12-05 06:05:35,Pending,Net Banking,4187.29
7465,397,84,2025-02-28 12:27:41,Returned,Cash,253.1
7466,746,88,2026-01-10 20:59:05,Completed,UPI,170.64
7467,348,27,2025-11-30 07:23:52,Cancelled,Credit Card,2236.95
7468,375,18,2024-08-21 07:37:48,Completed,Cash,2882.27
7469,588,31,2025-08-20 10:13:20,Completed,Credit Card,4386.4
7470,182,64,2025-03-18 06:47:11,Completed,Credit Card,2966.99
7471,540,84,2025-05-13 19:45:25,Cancelled,Debit Card,4657.66
7472,843,66,2025-11-07 19:43:16,Cancelled,UPI,4398.38
7473,799,77,2024-06-30 09:06:28,Cancelled,Credit Card,2722.09
7474,172,41,2026-01-30 22:12:59,Cancelled,Credit Card,1662.96
7475,255,89,2025-10-17 20:49:51,Cancelled,Credit Card,3101.98
7476,742,24,2026-01-09 03:50:47,Pending,UPI,1993.04
7477,641,84,2025-08-05 21:39:35,Returned,Net Banking,2542.58
7478,171,52,2024-10-30 06:51:10,Pending,Net Banking,1313.06
7479,978,99,2025-08-22 17:02:13,Pending,Debit Card,2191.06
7480,646,93,2026-04-15 05:59:11,Pending,Cash,4050.74
7481,218,61,2025-01-05 07:22:47,Returned,UPI,3975.51
7482,618,37,2024-10-14 14:01:06,Completed,Credit Card,4044.04
7483,736,76,2026-02-28 23:09:49,Returned,UPI,3504.91
7484,252,69,2024-07-26 00:03:06,Returned,UPI,4149.72
7485,872,7,2024-10-15 07:12:00,Returned,Cash,2541.25
7486,275,58,2026-04-30 04:07:15,Returned,Net Banking,824.67
7487,397,29,2025-08-08 20:59:31,Cancelled,Debit Card,2435.98
7488,791,15,2024-11-13 19:37:22,Completed,Debit Card,2422.55
7489,453,24,2025-12-24 09:25:14,Completed,Credit Card,4567.8
7490,821,14,2025-10-08 21:31:12,Pending,Debit Card,4367.49
7491,825,53,2025-01-28 15:19:17,Cancelled,Cash,4848.92
7492,875,56,2026-05-21 20:09:01,Cancelled,Net Banking,3686.18
7493,933,75,2025-08-10 18:11:50,Pending,UPI,2463.14
7494,743,79,2025-12-04 23:01:25,Completed,UPI,661.9
7495,827,75,2024-05-29 21:21:24,Pending,Net Banking,1689.32
7496,614,2,2024-07-13 11:44:09,Pending,UPI,4813.54
7497,310,69,2025-04-26 18:25:32,Returned,Debit Card,4091.62
7498,916,5,2026-01-14 13:28:42,Cancelled,Credit Card,4344.56
7499,567,40,2026-04-12 13:20:57,Completed,Debit Card,2304.39
7500,230,28,2025-05-30 22:23:31,Completed,UPI,4059.99
7501,644,23,2026-05-06 15:44:17,Pending,Credit Card,1577.1
7502,816,42,2025-06-26 09:54:28,Returned,Net Banking,394.16
7503,703,95,2024-07-11 22:19:10,Pending,Net Banking,376.52
7504,706,90,2024-09-24 20:09:10,Completed,UPI,4193.81
7505,3,55,2025-03-16 11:36:53,Cancelled,Debit Card,4991.61
7506,168,45,2024-09-29 16:49:19,Pending,Debit Card,4989.61
7507,721,55,2025-08-03 00:53:52,Cancelled,Cash,2092.04
7508,432,48,2025-10-06 08:52:20,Cancelled,Net Banking,1032.45
7509,141,93,2025-05-10 20:18:34,Completed,Net Banking,3135.63
7510,534,38,2025-08-03 23:43:44,Pending,Credit Card,4676.37
7511,708,52,2025-09-27 03:35:39,Returned,Cash,3651.53
7512,578,76,2025-11-17 01:42:51,Pending,Cash,159.37
7513,616,86,2025-05-12 12:57:02,Returned,Cash,3542.33
7514,547,84,2025-04-16 03:21:08,Completed,Cash,3805.12
7515,791,43,2026-05-03 10:37:51,Cancelled,Cash,3581.91
7516,743,5,2025-04-19 07:32:58,Returned,Net Banking,1505.86
7517,117,22,2025-08-05 15:52:12,Returned,Cash,1212.19
7518,510,58,2024-09-22 08:29:14,Cancelled,UPI,2606.91
7519,927,7,2025-05-10 18:53:43,Pending,Debit Card,3736.48
7520,50,15,2024-07-13 06:28:22,Cancelled,Debit Card,2732.32
7521,454,61,2025-06-17 00:27:40,Completed,Credit Card,2858.15
7522,545,37,2024-06-20 07:22:48,Cancelled,Credit Card,2785.06
7523,536,64,2024-08-24 15:54:22,Returned,Net Banking,35.08
7524,804,24,2026-01-10 06:57:31,Completed,UPI,2838.2
7525,142,66,2026-05-25 02:00:19,Returned,Net Banking,648.0
7526,96,44,2025-04-08 04:48:11,Completed,UPI,2844.9
7527,558,39,2024-08-06 20:23:31,Completed,Credit Card,4605.58
7528,750,17,2024-09-27 20:10:11,Completed,Credit Card,1694.13
7529,879,21,2026-05-13 10:16:52,Pending,Debit Card,2958.7
7530,137,2,2024-07-04 18:29:35,Pending,Credit Card,697.13
7531,231,7,2026-03-16 03:27:23,Cancelled,UPI,3265.42
7532,331,76,2024-10-08 04:41:48,Pending,UPI,508.35
7533,11,5,2025-10-11 21:23:49,Pending,UPI,2171.89
7534,559,36,2025-08-16 00:39:10,Cancelled,Cash,2975.23
7535,487,95,2024-11-12 09:21:15,Returned,Cash,801.99
7536,250,98,2024-09-13 15:36:30,Completed,UPI,3389.01
7537,125,4,2024-12-04 11:27:03,Returned,UPI,4757.27
7538,964,72,2024-09-02 19:48:54,Returned,Credit Card,4338.04
7539,345,93,2026-01-01 02:40:17,Pending,Credit Card,3092.47
7540,651,85,2025-12-18 04:39:38,Pending,UPI,3383.93
7541,724,13,2025-08-16 19:59:41,Returned,Net Banking,1583.15
7542,271,71,2025-09-19 19:25:28,Completed,Net Banking,924.99
7543,205,89,2025-08-07 17:05:43,Completed,Debit Card,3419.02
7544,776,30,2025-05-25 01:30:37,Pending,UPI,2396.49
7545,794,49,2025-10-10 07:56:47,Cancelled,UPI,3403.15
7546,750,52,2025-04-06 00:16:24,Returned,Net Banking,1947.12
7547,935,6,2026-02-07 06:47:13,Returned,Net Banking,245.92
7548,453,77,2026-03-15 20:44:44,Cancelled,Net Banking,2189.01
7549,729,60,2025-01-24 20:17:34,Returned,Credit Card,4362.87
7550,623,94,2026-02-24 15:25:46,Completed,Cash,1751.54
7551,265,78,2026-05-22 03:21:55,Completed,Credit Card,2920.07
7552,589,32,2025-06-26 14:16:17,Cancelled,Debit Card,3086.69
7553,537,75,2024-12-29 02:30:14,Pending,Cash,3576.96
7554,388,45,2025-11-28 19:41:18,Pending,UPI,3914.49
7555,706,15,2024-07-25 02:57:17,Cancelled,Cash,2938.29
7556,195,64,2025-11-04 09:01:47,Returned,Debit Card,1689.46
7557,487,80,2025-06-08 20:28:44,Returned,Credit Card,4360.56
7558,974,37,2025-11-24 15:46:42,Returned,UPI,4465.54
7559,397,51,2025-08-12 16:33:53,Pending,Net Banking,3681.15
7560,289,91,2024-11-13 15:14:01,Pending,Debit Card,120.66
7561,987,62,2025-06-27 10:22:53,Returned,Cash,467.4
7562,665,42,2025-12-21 05:49:41,Pending,Net Banking,3265.07
7563,90,64,2024-10-07 18:39:13,Pending,UPI,226.66
7564,760,51,2024-06-17 18:36:07,Pending,Credit Card,4438.94
7565,984,15,2025-03-04 16:38:40,Completed,Debit Card,1129.04
7566,498,41,2024-11-26 16:48:49,Pending,UPI,2065.47
7567,353,57,2025-04-23 01:11:45,Cancelled,Debit Card,3311.36
7568,347,59,2025-11-16 20:22:45,Cancelled,Credit Card,1177.35
7569,965,16,2025-07-12 20:24:40,Completed,Debit Card,4270.49
7570,421,65,2025-09-26 20:14:00,Completed,Debit Card,635.11
7571,837,96,2025-10-18 01:16:37,Completed,Net Banking,4213.62
7572,494,14,2026-05-16 05:07:50,Returned,UPI,4759.34
7573,103,39,2025-12-23 12:55:27,Cancelled,UPI,2351.16
7574,451,73,2025-04-21 18:43:24,Cancelled,Debit Card,649.45
7575,518,99,2025-03-03 05:07:53,Returned,Credit Card,2988.6
7576,572,85,2025-11-15 17:35:32,Pending,Cash,426.03
7577,51,64,2025-10-25 07:57:53,Completed,Net Banking,2064.47
7578,718,70,2025-08-24 14:21:29,Returned,UPI,210.69
7579,63,77,2026-03-07 10:45:42,Returned,Cash,4679.93
7580,603,2,2026-02-04 01:48:42,Cancelled,Cash,2712.3
7581,522,20,2025-06-06 01:00:59,Completed,Credit Card,2188.5
7582,216,51,2025-10-19 10:48:37,Cancelled,Debit Card,3601.89
7583,193,22,2025-12-20 03:53:48,Returned,Credit Card,2754.06
7584,85,55,2025-02-20 16:28:44,Completed,Debit Card,467.28
7585,646,70,2026-04-06 15:31:57,Returned,Credit Card,1655.02
7586,197,34,2025-06-29 05:02:01,Pending,Net Banking,694.91
7587,480,41,2025-07-27 21:22:57,Returned,UPI,1796.22
7588,461,85,2026-04-04 01:25:18,Returned,Credit Card,4317.66
7589,59,46,2026-02-04 21:08:05,Returned,Credit Card,4163.48
7590,813,32,2025-05-19 05:58:08,Completed,Credit Card,469.85
7591,975,58,2025-03-13 07:05:26,Cancelled,UPI,3590.52
7592,409,39,2024-06-20 11:27:10,Returned,Debit Card,788.83
7593,764,67,2025-03-02 21:41:57,Pending,Credit Card,4012.46
7594,437,1,2024-11-23 06:00:06,Pending,Cash,4091.67
7595,495,78,2025-02-27 04:16:18,Returned,UPI,2196.84
7596,695,84,2025-02-04 01:26:53,Pending,Debit Card,4813.79
7597,367,85,2024-10-17 10:29:04,Pending,Cash,1762.52
7598,243,17,2025-12-16 18:54:23,Returned,Cash,3079.95
7599,599,9,2024-10-22 15:01:27,Cancelled,Cash,530.11
7600,75,5,2025-01-11 17:32:12,Returned,Cash,2376.19
7601,543,98,2024-11-20 16:06:02,Cancelled,Debit Card,1234.91
7602,30,84,2024-08-12 20:36:33,Pending,Debit Card,3019.62
7603,717,37,2024-07-23 10:30:41,Completed,UPI,4410.32
7604,784,88,2025-08-11 15:27:23,Pending,Net Banking,3349.22
7605,439,39,2025-05-05 10:48:09,Pending,UPI,4901.51
7606,509,37,2025-05-10 07:21:13,Pending,Cash,1072.36
7607,94,93,2025-06-28 07:20:43,Completed,Credit Card,2194.48
7608,709,30,2025-06-25 14:18:38,Returned,Cash,2981.65
7609,395,91,2025-06-20 09:06:20,Cancelled,UPI,590.81
7610,41,89,2024-12-07 04:34:28,Pending,Cash,4299.86
7611,474,56,2024-07-16 23:52:39,Completed,Net Banking,4510.13
7612,745,93,2025-03-30 15:03:09,Pending,Cash,3786.03
7613,564,48,2024-12-11 07:26:00,Returned,Credit Card,3872.42
7614,480,13,2026-03-02 03:27:31,Returned,Net Banking,724.74
7615,321,89,2024-11-26 18:34:14,Pending,UPI,4190.29
7616,911,35,2025-04-12 01:51:20,Cancelled,Credit Card,380.28
7617,330,66,2025-11-05 12:51:00,Pending,Credit Card,1227.44
7618,191,55,2026-01-06 16:40:30,Returned,Credit Card,4552.84
7619,757,88,2025-08-11 16:53:53,Completed,Credit Card,3745.7
7620,335,28,2024-06-26 04:38:39,Returned,Debit Card,2513.02
7621,477,11,2026-01-15 15:24:38,Returned,Net Banking,3426.25
7622,428,63,2026-05-07 10:25:27,Pending,Cash,1248.0
7623,139,47,2025-01-15 22:24:47,Completed,Cash,458.54
7624,680,40,2025-12-17 21:27:08,Returned,Cash,4903.73
7625,913,89,2025-04-26 12:02:06,Cancelled,Debit Card,1536.08
7626,241,44,2025-02-10 06:47:51,Pending,UPI,4122.32
7627,991,26,2025-12-29 20:05:23,Completed,UPI,4591.5
7628,335,83,2025-07-03 16:22:00,Cancelled,Cash,3204.03
7629,991,98,2025-01-14 06:26:44,Cancelled,Credit Card,4133.25
7630,790,47,2026-04-17 13:00:43,Completed,Credit Card,4433.74
7631,360,34,2026-05-23 14:49:32,Returned,UPI,2408.13
7632,974,79,2024-06-11 20:43:53,Completed,Debit Card,2641.23
7633,618,78,2025-09-26 15:15:20,Completed,Debit Card,2902.8
7634,79,57,2024-11-24 11:52:38,Cancelled,Cash,1990.89
7635,66,51,2025-02-28 12:35:09,Cancelled,Credit Card,3310.62
7636,457,70,2024-12-23 20:51:23,Pending,UPI,300.23
7637,626,54,2024-11-13 03:47:59,Pending,Credit Card,1083.74
7638,651,69,2025-12-25 02:32:56,Completed,Net Banking,3850.63
7639,274,100,2024-07-22 01:02:19,Completed,UPI,3153.88
7640,82,95,2024-12-09 23:10:57,Pending,Credit Card,1726.58
7641,991,27,2024-09-08 16:12:23,Completed,Credit Card,4210.54
7642,21,85,2025-11-02 21:35:57,Returned,Net Banking,1145.27
7643,543,34,2026-05-11 19:32:23,Cancelled,Debit Card,1595.01
7644,195,10,2026-04-18 12:35:29,Pending,UPI,817.31
7645,645,64,2025-04-16 01:28:27,Cancelled,Credit Card,3768.07
7646,904,23,2025-12-01 03:28:17,Cancelled,Cash,4885.82
7647,663,58,2026-04-08 04:09:17,Pending,Debit Card,2777.82
7648,601,88,2026-02-22 19:49:54,Completed,Net Banking,3635.67
7649,62,41,2026-04-18 09:21:02,Returned,Credit Card,3349.91
7650,37,15,2026-04-12 11:04:56,Pending,Net Banking,4848.17
7651,191,80,2025-04-21 06:06:18,Cancelled,Credit Card,1451.48
7652,560,29,2026-03-31 14:09:17,Pending,Net Banking,2550.67
7653,883,46,2025-03-05 01:42:44,Completed,Cash,1224.2
7654,565,89,2024-07-06 00:25:41,Completed,Debit Card,1454.48
7655,450,19,2025-12-21 15:57:52,Pending,Credit Card,2901.1
7656,76,81,2024-07-19 04:38:31,Completed,Net Banking,1699.45
7657,763,51,2025-04-11 18:03:03,Returned,UPI,1709.36
7658,142,2,2026-02-14 09:38:51,Pending,Debit Card,2342.23
7659,327,10,2025-06-12 10:07:03,Pending,Debit Card,1650.16
7660,720,24,2025-03-03 03:23:05,Pending,Net Banking,138.17
7661,667,33,2025-01-09 22:07:09,Completed,Debit Card,3349.12
7662,466,8,2026-02-21 05:11:39,Completed,Debit Card,3057.99
7663,470,15,2025-11-06 11:01:00,Pending,Credit Card,2296.59
7664,680,13,2025-02-01 13:31:39,Completed,UPI,254.22
7665,12,43,2025-07-26 17:15:06,Cancelled,UPI,1447.25
7666,49,54,2026-02-23 11:01:51,Completed,Debit Card,3900.84
7667,944,71,2025-04-20 06:25:54,Returned,Net Banking,1379.15
7668,717,32,2026-05-04 00:12:49,Pending,UPI,4277.18
7669,897,66,2026-04-18 12:00:28,Pending,Credit Card,4519.26
7670,683,61,2025-09-05 18:56:29,Completed,Cash,2841.82
7671,936,28,2024-12-19 10:51:40,Pending,Credit Card,4096.23
7672,979,17,2025-07-18 01:19:58,Cancelled,Credit Card,507.05
7673,222,58,2026-03-03 23:18:17,Completed,Net Banking,2665.66
7674,231,14,2025-03-09 05:10:12,Pending,UPI,4456.51
7675,967,30,2024-06-05 01:38:30,Cancelled,UPI,3971.38
7676,278,8,2024-07-07 16:35:15,Cancelled,Credit Card,2450.98
7677,620,29,2025-09-24 21:46:00,Returned,Net Banking,1300.35
7678,737,42,2025-01-18 12:20:17,Cancelled,UPI,2200.89
7679,441,79,2025-04-26 02:21:22,Completed,Credit Card,2441.07
7680,889,66,2025-09-13 16:52:47,Pending,Cash,2825.58
7681,702,54,2024-10-26 21:35:25,Returned,Net Banking,323.68
7682,829,28,2025-10-26 14:34:16,Completed,Credit Card,1042.93
7683,404,59,2025-09-25 10:40:12,Cancelled,UPI,3750.22
7684,418,23,2026-02-19 05:52:45,Cancelled,Credit Card,2221.87
7685,631,44,2025-09-12 06:47:50,Pending,Net Banking,4386.9
7686,939,40,2024-11-16 03:15:45,Cancelled,UPI,3024.1
7687,185,2,2025-06-11 03:31:33,Cancelled,Net Banking,505.87
7688,688,52,2024-12-18 08:14:45,Returned,Net Banking,2959.04
7689,928,57,2024-07-28 19:51:03,Completed,Credit Card,4967.41
7690,420,20,2026-02-09 17:14:29,Returned,Net Banking,3858.55
7691,354,75,2024-12-07 09:54:23,Pending,Net Banking,726.87
7692,338,67,2025-08-13 21:17:57,Cancelled,Net Banking,4592.5
7693,902,51,2026-05-22 12:39:39,Pending,Credit Card,4040.98
7694,819,75,2025-01-01 22:38:26,Completed,UPI,3248.65
7695,817,93,2025-11-20 08:51:02,Completed,UPI,3121.07
7696,528,48,2024-08-30 14:18:26,Pending,Credit Card,3442.95
7697,379,32,2024-11-13 16:24:40,Completed,Cash,488.18
7698,691,39,2025-07-08 10:39:15,Pending,Net Banking,4918.57
7699,833,66,2025-01-30 12:18:13,Cancelled,Debit Card,942.14
7700,485,72,2025-02-22 22:23:47,Completed,Net Banking,4652.29
7701,727,25,2025-09-16 07:56:20,Completed,Cash,2453.41
7702,635,64,2024-11-20 04:12:19,Completed,Net Banking,1511.4
7703,528,73,2025-05-26 10:33:23,Pending,UPI,2165.4
7704,465,44,2025-09-28 03:41:45,Returned,Debit Card,3866.62
7705,681,48,2025-02-26 13:17:36,Cancelled,Credit Card,403.1
7706,57,8,2024-06-23 15:50:38,Completed,Debit Card,300.46
7707,108,63,2024-08-13 05:40:26,Pending,Credit Card,3568.47
7708,19,46,2025-05-18 13:21:24,Returned,UPI,4094.36
7709,46,43,2024-09-11 19:30:14,Pending,Cash,2051.14
7710,91,78,2024-10-13 16:55:20,Cancelled,Credit Card,1394.96
7711,501,96,2024-10-13 20:37:55,Pending,UPI,1613.5
7712,826,36,2024-11-02 15:14:28,Cancelled,UPI,1122.9
7713,609,48,2025-04-01 23:08:51,Cancelled,Debit Card,2056.86
7714,541,17,2024-07-04 01:39:09,Pending,Cash,4987.62
7715,260,6,2025-10-11 06:38:00,Cancelled,Debit Card,4379.69
7716,352,21,2026-01-01 08:13:10,Cancelled,UPI,4525.43
7717,589,5,2025-06-23 20:13:45,Completed,Debit Card,2237.81
7718,54,22,2024-10-28 17:21:30,Returned,Cash,2580.94
7719,919,3,2025-01-12 16:21:32,Pending,Credit Card,214.23
7720,545,68,2025-01-07 00:10:43,Pending,Debit Card,902.88
7721,635,38,2024-06-24 00:25:41,Returned,Net Banking,2780.53
7722,966,19,2026-01-25 04:32:52,Returned,Debit Card,1319.88
7723,322,39,2026-05-18 10:14:46,Returned,Credit Card,838.91
7724,590,1,2024-12-11 16:53:00,Cancelled,Debit Card,1291.46
7725,422,90,2026-05-05 13:22:29,Completed,Credit Card,690.24
7726,742,99,2024-09-11 04:40:37,Completed,Debit Card,2727.87
7727,972,37,2026-04-17 18:43:28,Completed,Credit Card,2151.34
7728,410,82,2024-08-08 01:56:19,Completed,UPI,629.61
7729,991,81,2024-05-31 15:02:27,Returned,Net Banking,4835.65
7730,369,53,2025-08-12 04:02:58,Completed,Net Banking,2937.14
7731,893,9,2025-10-24 03:36:31,Pending,Debit Card,3903.97
7732,303,44,2024-08-02 11:07:35,Pending,UPI,1387.85
7733,689,4,2024-12-20 04:39:57,Returned,UPI,1536.07
7734,156,68,2025-09-24 12:08:39,Returned,Cash,3654.3
7735,356,59,2024-12-29 12:58:08,Returned,UPI,3295.1
7736,591,15,2024-06-18 15:15:21,Returned,Credit Card,655.19
7737,603,2,2025-12-09 16:22:24,Pending,Net Banking,1370.12
7738,766,37,2025-09-25 21:05:17,Pending,Debit Card,2615.53
7739,221,14,2024-09-08 15:42:58,Completed,UPI,2043.89
7740,777,32,2024-11-13 13:06:41,Cancelled,Cash,3261.95
7741,604,31,2026-05-22 18:34:41,Returned,Credit Card,2025.27
7742,135,51,2024-10-07 21:56:26,Pending,Credit Card,1308.53
7743,22,39,2025-10-13 19:33:23,Completed,Credit Card,1627.1
7744,985,2,2025-08-03 19:18:26,Pending,Debit Card,1001.68
7745,754,48,2025-06-05 09:07:32,Completed,Credit Card,176.33
7746,112,61,2024-10-25 00:14:29,Completed,UPI,4162.03
7747,704,41,2024-08-21 15:40:08,Returned,Debit Card,2767.7
7748,605,4,2025-10-15 17:57:08,Returned,Net Banking,54.37
7749,403,88,2024-07-25 11:48:12,Pending,Credit Card,510.16
7750,622,32,2024-12-08 00:30:37,Returned,Credit Card,3101.64
7751,126,47,2024-06-26 23:31:44,Returned,Debit Card,3350.07
7752,419,15,2025-02-23 02:03:14,Pending,Net Banking,2465.0
7753,861,91,2024-08-19 01:32:57,Returned,Debit Card,1517.0
7754,12,35,2024-10-26 18:47:29,Returned,Credit Card,161.44
7755,756,74,2024-09-23 21:56:03,Completed,Credit Card,2382.08
7756,505,34,2025-03-31 09:41:00,Pending,UPI,4590.12
7757,149,61,2025-10-23 17:31:57,Completed,UPI,44.11
7758,878,68,2024-09-24 03:41:48,Cancelled,Credit Card,1332.41
7759,686,63,2024-08-02 04:24:59,Cancelled,Credit Card,4515.33
7760,250,79,2025-07-29 15:59:52,Completed,Credit Card,4483.32
7761,169,28,2025-07-24 04:41:47,Completed,UPI,793.22
7762,61,83,2026-02-26 21:20:57,Cancelled,Credit Card,4017.62
7763,193,91,2025-03-29 06:51:03,Pending,Net Banking,3630.01
7764,480,2,2025-04-01 21:29:35,Returned,Net Banking,629.84
7765,222,76,2024-08-29 13:00:25,Cancelled,Net Banking,3578.68
7766,112,92,2026-03-12 21:08:59,Returned,Credit Card,3661.04
7767,501,23,2025-08-25 01:25:53,Cancelled,Cash,4576.05
7768,394,16,2026-02-06 20:11:42,Pending,Credit Card,1251.6
7769,734,4,2025-01-09 10:01:57,Returned,Net Banking,2897.84
7770,802,3,2025-05-19 22:17:22,Completed,UPI,2031.17
7771,107,100,2024-08-04 05:50:10,Completed,Net Banking,3732.04
7772,284,44,2025-07-14 01:08:39,Pending,Net Banking,626.26
7773,361,69,2025-02-09 22:22:44,Returned,Debit Card,3587.0
7774,757,16,2026-05-09 06:50:07,Completed,Credit Card,2231.83
7775,97,46,2024-08-27 02:30:25,Completed,Cash,3462.66
7776,244,31,2026-05-07 04:43:49,Returned,Cash,1332.88
7777,469,12,2024-11-02 11:15:06,Completed,Credit Card,1734.06
7778,555,8,2025-07-06 13:07:07,Completed,Cash,2314.85
7779,503,43,2025-04-22 21:56:01,Completed,Debit Card,3090.47
7780,351,77,2025-10-07 16:22:33,Completed,Credit Card,603.08
7781,953,86,2025-09-09 18:46:22,Pending,UPI,1970.74
7782,28,93,2026-05-19 20:18:59,Pending,Debit Card,3401.53
7783,593,43,2025-05-07 14:59:35,Completed,Credit Card,3104.71
7784,475,100,2025-05-30 08:19:45,Pending,UPI,4476.83
7785,973,62,2025-07-22 23:43:31,Completed,Credit Card,952.71
7786,218,63,2026-05-10 03:56:10,Completed,Debit Card,68.66
7787,20,99,2024-09-24 08:25:09,Completed,Credit Card,4904.09
7788,646,39,2025-06-28 05:24:53,Pending,Credit Card,2210.74
7789,222,12,2026-05-20 10:50:13,Completed,Debit Card,137.76
7790,321,48,2026-03-14 17:36:34,Pending,Cash,545.03
7791,770,16,2024-08-12 19:32:28,Pending,Cash,1908.09
7792,734,7,2024-11-18 23:48:53,Completed,Debit Card,3847.5
7793,93,64,2024-10-26 03:23:06,Completed,UPI,2715.14
7794,621,35,2025-05-16 13:21:43,Cancelled,UPI,577.29
7795,747,24,2026-03-21 18:09:48,Completed,Debit Card,2148.08
7796,785,56,2024-07-10 15:05:33,Cancelled,Credit Card,1529.19
7797,541,13,2026-05-23 21:10:40,Pending,Debit Card,3542.1
7798,8,87,2025-12-07 03:38:18,Pending,Debit Card,3666.91
7799,98,32,2026-04-18 20:18:33,Pending,Net Banking,279.32
7800,743,80,2025-02-21 05:52:49,Cancelled,Debit Card,3620.0
7801,518,2,2026-03-16 21:10:15,Cancelled,Debit Card,2388.99
7802,352,31,2025-11-11 22:42:26,Returned,Debit Card,335.69
7803,98,19,2024-11-08 22:27:46,Cancelled,UPI,1011.71
7804,333,42,2025-11-20 05:20:57,Returned,Cash,2756.98
7805,924,59,2025-06-01 18:39:31,Completed,UPI,2260.41
7806,498,98,2025-12-07 08:25:37,Completed,Debit Card,1418.24
7807,599,32,2025-07-10 10:18:25,Cancelled,Net Banking,330.35
7808,824,58,2025-06-28 10:45:49,Cancelled,Debit Card,2762.56
7809,263,37,2024-11-05 21:44:04,Returned,Cash,4217.88
7810,250,38,2025-11-23 12:07:17,Pending,Net Banking,1879.53
7811,947,35,2025-07-10 02:45:51,Pending,Net Banking,842.61
7812,687,47,2024-06-24 05:00:37,Cancelled,Credit Card,1031.31
7813,322,36,2025-10-11 09:06:47,Cancelled,UPI,4017.69
7814,911,81,2026-03-22 12:07:57,Returned,Net Banking,4721.02
7815,377,40,2024-12-20 17:41:54,Cancelled,Cash,970.07
7816,189,100,2025-07-08 20:23:28,Returned,Debit Card,2949.22
7817,825,1,2025-10-27 02:54:01,Completed,UPI,824.93
7818,167,70,2025-07-04 14:48:06,Cancelled,Cash,1460.48
7819,426,79,2024-06-03 21:23:33,Cancelled,Net Banking,40.48
7820,587,21,2026-01-10 04:22:06,Pending,Cash,3488.39
7821,22,100,2025-05-12 22:06:33,Completed,Credit Card,287.43
7822,44,88,2025-03-02 09:56:43,Completed,Credit Card,1484.81
7823,140,4,2024-10-17 02:07:53,Cancelled,UPI,4110.09
7824,816,89,2025-12-15 08:54:43,Returned,Credit Card,813.52
7825,770,44,2024-10-03 15:39:29,Returned,Debit Card,1207.52
7826,269,73,2025-11-23 03:57:12,Completed,UPI,3769.95
7827,105,40,2025-07-20 01:33:13,Cancelled,Credit Card,1781.05
7828,687,17,2025-02-23 14:34:26,Pending,Debit Card,3148.67
7829,655,73,2026-03-03 04:51:05,Returned,UPI,2418.91
7830,818,61,2025-12-16 02:28:59,Returned,UPI,3661.1
7831,877,69,2024-08-04 18:19:45,Pending,Debit Card,3450.31
7832,197,77,2026-04-13 07:30:10,Completed,Net Banking,1521.79
7833,293,30,2024-10-21 00:58:51,Completed,Debit Card,4863.93
7834,575,67,2024-10-12 21:37:22,Pending,Net Banking,3171.13
7835,666,66,2026-05-04 15:04:22,Returned,Net Banking,1694.75
7836,473,33,2024-10-02 12:13:48,Completed,Cash,3438.59
7837,225,25,2024-09-12 20:37:42,Pending,UPI,206.44
7838,885,2,2025-05-07 22:05:57,Cancelled,Credit Card,3206.62
7839,396,62,2024-08-27 05:58:45,Cancelled,Cash,4685.71
7840,65,14,2025-11-06 10:54:27,Pending,Debit Card,1054.34
7841,50,65,2024-12-21 08:21:32,Completed,Cash,2780.96
7842,945,88,2024-11-15 10:07:29,Cancelled,Cash,2808.41
7843,510,66,2025-09-25 18:30:07,Returned,Debit Card,2195.59
7844,711,53,2025-08-24 02:47:40,Pending,Debit Card,1069.81
7845,291,6,2025-12-27 04:53:25,Returned,UPI,278.52
7846,814,63,2024-11-22 08:57:28,Cancelled,Debit Card,2115.53
7847,466,15,2025-05-11 04:19:04,Pending,Net Banking,1550.53
7848,407,52,2025-08-10 21:29:32,Returned,UPI,3144.33
7849,452,50,2025-12-04 16:51:21,Pending,Net Banking,238.47
7850,656,9,2025-01-13 07:42:10,Returned,Net Banking,3541.4
7851,903,60,2024-09-03 15:43:34,Returned,Net Banking,1405.71
7852,896,72,2025-04-24 22:07:29,Returned,Debit Card,2049.45
7853,431,46,2024-08-27 15:22:26,Returned,Credit Card,1803.25
7854,382,90,2025-11-30 10:56:52,Cancelled,Net Banking,4788.78
7855,370,100,2024-06-18 02:10:28,Cancelled,UPI,1396.72
7856,399,40,2025-05-28 11:40:58,Cancelled,UPI,3854.6
7857,115,30,2026-05-11 11:03:17,Returned,Debit Card,1081.22
7858,763,93,2025-03-02 11:57:39,Completed,Credit Card,4443.22
7859,834,54,2024-11-27 05:43:11,Completed,Cash,1017.01
7860,889,9,2025-06-05 10:56:00,Pending,Credit Card,3926.0
7861,767,21,2024-08-24 14:31:31,Completed,UPI,2375.09
7862,649,85,2025-06-02 07:24:03,Cancelled,Debit Card,4988.72
7863,827,83,2024-12-23 22:45:03,Returned,Debit Card,2070.48
7864,265,61,2025-11-07 02:46:27,Pending,Credit Card,1798.15
7865,141,16,2024-08-15 05:43:12,Completed,Net Banking,979.71
7866,46,14,2025-10-30 06:35:39,Pending,UPI,375.88
7867,952,34,2026-03-22 17:25:44,Pending,Debit Card,2833.81
7868,134,39,2025-12-23 18:51:15,Completed,Cash,2475.36
7869,214,21,2025-04-26 22:33:00,Pending,Cash,2107.97
7870,577,82,2025-07-04 02:48:28,Cancelled,Net Banking,936.74
7871,485,71,2025-06-11 17:05:04,Cancelled,Credit Card,2380.79
7872,88,32,2024-07-19 13:09:27,Cancelled,Cash,114.18
7873,333,100,2024-10-14 17:33:06,Completed,Cash,3039.66
7874,898,53,2024-11-13 04:23:15,Returned,Cash,305.53
7875,111,89,2026-03-26 05:19:26,Completed,UPI,4292.08
7876,96,71,2025-09-12 17:52:23,Returned,Debit Card,486.25
7877,453,56,2025-08-09 00:04:01,Pending,UPI,70.91
7878,559,1,2026-03-08 07:15:42,Cancelled,UPI,412.6
7879,606,60,2026-04-20 19:43:51,Cancelled,Debit Card,1105.06
7880,604,34,2025-06-03 07:50:40,Pending,Net Banking,3756.02
7881,800,78,2024-07-02 17:00:42,Cancelled,Net Banking,2204.38
7882,603,1,2024-05-31 08:17:48,Cancelled,Net Banking,3281.24
7883,859,96,2024-06-20 08:07:59,Returned,Net Banking,3775.97
7884,956,98,2024-07-29 04:24:40,Cancelled,UPI,2751.51
7885,840,15,2024-10-07 04:27:59,Completed,Cash,630.73
7886,616,51,2024-10-26 23:19:38,Completed,Cash,3358.63
7887,158,70,2025-08-11 03:33:57,Cancelled,UPI,4107.12
7888,339,91,2025-02-24 13:57:56,Cancelled,Debit Card,4173.03
7889,324,30,2026-01-27 23:21:03,Returned,Credit Card,1261.46
7890,382,91,2025-01-09 02:04:00,Completed,UPI,4223.86
7891,556,73,2025-12-24 06:43:16,Completed,Credit Card,4117.31
7892,745,4,2025-09-29 19:26:47,Completed,Credit Card,2834.13
7893,65,32,2024-08-25 19:02:23,Cancelled,Credit Card,1355.31
7894,160,21,2025-05-31 02:20:24,Cancelled,Credit Card,2524.03
7895,484,85,2025-11-20 11:57:42,Pending,Net Banking,2109.05
7896,10,90,2026-05-18 09:55:33,Cancelled,Debit Card,2569.49
7897,198,9,2025-08-13 04:35:09,Completed,Credit Card,1714.3
7898,544,47,2025-02-13 14:36:41,Cancelled,Debit Card,4615.5
7899,899,36,2024-12-11 10:39:04,Returned,Debit Card,4677.97
7900,243,40,2024-10-30 01:59:37,Returned,Cash,838.49
7901,824,12,2024-10-24 20:47:47,Pending,Cash,1844.87
7902,630,79,2025-01-20 06:29:45,Completed,Cash,2457.06
7903,594,87,2025-05-18 06:29:02,Pending,UPI,4851.41
7904,959,51,2024-05-28 20:14:23,Cancelled,Cash,2606.51
7905,390,82,2025-08-13 11:22:23,Returned,Credit Card,4072.23
7906,570,91,2024-10-25 03:07:33,Pending,Cash,4795.27
7907,982,59,2025-01-26 15:12:41,Pending,Cash,3183.46
7908,235,95,2025-04-29 06:28:36,Cancelled,Debit Card,995.67
7909,970,78,2025-05-13 23:36:19,Cancelled,Debit Card,2253.99
7910,556,40,2025-12-08 03:04:09,Completed,Debit Card,883.14
7911,606,24,2026-05-02 14:39:19,Completed,Debit Card,541.84
7912,993,73,2025-02-07 09:59:49,Pending,Net Banking,3135.48
7913,310,20,2024-08-19 23:54:12,Pending,Debit Card,3169.12
7914,746,77,2024-08-28 00:09:30,Returned,Debit Card,4535.91
7915,368,40,2025-07-19 05:33:22,Cancelled,Net Banking,605.69
7916,556,3,2024-07-18 00:19:31,Completed,Cash,2916.04
7917,284,31,2025-02-25 13:59:18,Pending,Debit Card,2189.71
7918,235,69,2024-06-08 03:41:23,Pending,UPI,3727.64
7919,17,24,2025-12-14 00:47:41,Returned,Net Banking,1597.43
7920,533,71,2024-06-20 22:56:13,Completed,Credit Card,1502.85
7921,102,86,2025-07-23 18:04:06,Completed,Debit Card,1376.64
7922,894,68,2025-02-27 17:55:05,Pending,Cash,3619.52
7923,176,74,2024-07-28 02:39:04,Pending,Net Banking,4632.47
7924,9,13,2024-10-22 03:06:24,Pending,Cash,4040.97
7925,920,29,2025-02-11 18:17:13,Cancelled,UPI,2745.05
7926,62,39,2025-03-30 18:31:38,Returned,Cash,2757.5
7927,252,20,2025-05-26 08:25:33,Pending,UPI,2455.19
7928,889,56,2026-02-02 18:17:22,Cancelled,Net Banking,3380.94
7929,945,63,2025-10-08 10:13:58,Cancelled,Net Banking,4714.28
7930,16,55,2025-09-29 23:20:57,Completed,Credit Card,1378.32
7931,39,20,2025-03-16 12:19:19,Pending,Net Banking,2513.79
7932,890,28,2024-09-15 01:27:30,Completed,Debit Card,2573.71
7933,14,7,2025-08-02 22:02:15,Returned,Debit Card,3155.18
7934,926,76,2024-08-02 00:09:22,Cancelled,UPI,4278.49
7935,1,38,2025-05-16 23:13:44,Returned,Net Banking,1423.69
7936,68,37,2026-04-20 01:37:58,Completed,Net Banking,2122.88
7937,419,16,2024-09-07 10:39:09,Completed,Debit Card,701.6
7938,840,95,2024-11-06 22:29:45,Pending,UPI,3085.71
7939,616,25,2024-06-07 06:47:21,Returned,UPI,213.86
7940,642,31,2026-02-24 13:37:37,Pending,Cash,4517.56
7941,904,9,2024-12-08 05:32:08,Cancelled,Net Banking,1751.94
7942,520,51,2025-05-21 05:49:32,Returned,Credit Card,268.91
7943,833,70,2025-06-22 13:24:33,Returned,Net Banking,4234.68
7944,908,99,2024-07-31 21:42:14,Returned,Credit Card,97.37
7945,834,59,2025-01-29 23:04:12,Returned,UPI,4257.33
7946,294,97,2025-08-03 22:12:36,Completed,Net Banking,3005.73
7947,23,88,2025-08-03 10:59:07,Cancelled,UPI,668.52
7948,158,28,2025-05-15 22:19:51,Pending,Credit Card,175.87
7949,567,60,2025-07-31 06:28:12,Completed,Cash,4791.89
7950,947,57,2024-07-12 09:45:35,Completed,Net Banking,4697.48
7951,314,80,2024-06-01 06:22:39,Pending,Net Banking,4187.86
7952,702,13,2024-12-07 02:28:08,Returned,UPI,3683.54
7953,618,86,2026-01-20 11:00:03,Pending,Cash,3852.89
7954,63,43,2024-08-14 14:13:07,Cancelled,Cash,3946.99
7955,261,28,2026-05-01 09:43:31,Cancelled,Credit Card,2301.32
7956,995,83,2025-08-16 05:58:17,Cancelled,UPI,4759.81
7957,515,97,2025-08-15 12:58:52,Returned,Credit Card,366.53
7958,257,68,2025-11-22 17:57:03,Returned,Debit Card,2881.25
7959,331,50,2024-05-27 19:49:37,Completed,Debit Card,4385.13
7960,630,57,2025-08-03 06:55:27,Pending,UPI,1963.86
7961,891,62,2026-03-31 20:53:15,Returned,UPI,2050.88
7962,312,55,2026-01-16 22:01:23,Returned,UPI,2545.29
7963,220,8,2024-07-11 04:42:45,Returned,Debit Card,3749.33
7964,485,75,2026-02-12 15:54:50,Completed,Cash,3192.83
7965,275,4,2025-09-03 15:23:50,Cancelled,Cash,3974.44
7966,678,81,2025-04-05 23:31:47,Completed,Cash,182.41
7967,107,93,2025-05-29 00:27:21,Completed,UPI,4996.05
7968,789,83,2025-09-02 09:10:00,Pending,Credit Card,932.59
7969,898,42,2024-12-14 04:11:05,Pending,Credit Card,4093.43
7970,524,78,2024-11-17 05:05:27,Cancelled,UPI,2097.58
7971,574,15,2025-09-09 10:31:50,Returned,Cash,1828.67
7972,486,4,2024-11-21 03:45:35,Completed,Credit Card,2630.06
7973,847,29,2024-06-27 22:58:06,Completed,UPI,4863.27
7974,333,78,2025-12-02 05:58:34,Pending,Credit Card,3007.3
7975,600,9,2026-04-12 02:15:31,Returned,Debit Card,4521.83
7976,318,69,2025-06-17 13:07:14,Returned,UPI,689.46
7977,577,59,2026-01-09 23:18:13,Pending,Credit Card,4046.39
7978,976,46,2025-07-31 07:17:30,Cancelled,UPI,2429.9
7979,791,36,2025-02-21 21:08:57,Returned,Credit Card,1566.95
7980,230,95,2024-08-15 05:22:54,Pending,Cash,2373.06
7981,228,5,2026-03-21 20:50:45,Completed,Debit Card,612.11
7982,202,54,2025-09-30 13:27:02,Cancelled,Debit Card,481.03
7983,553,89,2026-04-06 09:23:48,Pending,UPI,992.52
7984,226,38,2026-05-26 09:20:13,Completed,UPI,1191.85
7985,457,41,2025-09-18 09:32:35,Returned,Debit Card,3035.35
7986,572,69,2024-09-01 10:37:18,Completed,Net Banking,2096.78
7987,24,58,2026-05-22 07:22:44,Pending,Debit Card,3542.01
7988,222,40,2024-11-20 12:34:04,Returned,Debit Card,3311.07
7989,819,25,2026-01-10 10:58:17,Pending,Cash,4786.28
7990,445,83,2026-04-03 07:51:56,Returned,Debit Card,4627.11
7991,132,71,2025-06-03 00:08:49,Completed,Cash,1296.15
7992,503,66,2026-05-05 21:27:56,Completed,Debit Card,2338.39
7993,801,100,2024-07-25 19:33:38,Cancelled,Cash,2167.8
7994,440,77,2026-01-11 07:22:18,Completed,UPI,2347.2
7995,380,71,2024-07-06 06:18:08,Cancelled,Debit Card,3753.7
7996,597,89,2025-09-07 15:12:03,Returned,Credit Card,3077.67
7997,724,25,2024-08-21 07:45:59,Pending,Credit Card,1511.63
7998,439,27,2025-03-03 07:21:46,Cancelled,Cash,3473.11
7999,728,99,2024-07-29 10:40:47,Cancelled,Debit Card,3531.27
8000,317,93,2026-02-11 15:03:23,Pending,UPI,4894.36
8001,260,69,2025-12-21 15:39:32,Returned,Debit Card,2678.19
8002,419,24,2024-12-19 01:41:08,Pending,Cash,190.09
8003,257,48,2025-03-25 08:52:14,Returned,Debit Card,1110.36
8004,882,91,2024-05-30 17:17:20,Pending,Net Banking,3235.2
8005,655,98,2025-05-28 11:14:13,Cancelled,UPI,2117.61
8006,16,81,2024-09-08 14:12:23,Cancelled,Debit Card,2960.64
8007,49,67,2024-06-11 13:46:16,Returned,Debit Card,2263.56
8008,232,95,2024-07-10 03:32:25,Pending,UPI,4093.93
8009,735,23,2025-02-13 04:10:52,Completed,Credit Card,2651.16
8010,341,17,2024-06-04 15:19:42,Cancelled,UPI,4455.36
8011,904,6,2025-04-09 08:35:47,Completed,Debit Card,789.96
8012,403,72,2025-10-04 09:05:43,Pending,UPI,2664.62
8013,299,52,2025-10-12 06:34:52,Returned,Cash,304.29
8014,654,32,2025-08-18 21:47:49,Completed,Debit Card,4008.14
8015,941,99,2025-02-24 21:05:10,Completed,Debit Card,2431.7
8016,863,67,2024-11-24 21:22:08,Completed,Cash,4994.55
8017,402,37,2025-11-30 23:54:28,Completed,UPI,2775.93
8018,760,55,2025-07-08 20:25:31,Pending,Credit Card,776.93
8019,213,91,2024-11-08 17:03:16,Returned,Cash,2133.0
8020,778,93,2024-07-14 13:53:49,Completed,Credit Card,3968.66
8021,933,64,2026-04-12 19:45:11,Cancelled,Credit Card,1133.99
8022,165,78,2024-08-10 18:32:01,Completed,Debit Card,3147.13
8023,907,3,2025-05-05 02:36:44,Pending,Debit Card,1860.9
8024,51,19,2025-06-26 05:40:16,Pending,UPI,2974.75
8025,46,2,2024-12-13 08:30:08,Returned,UPI,3970.48
8026,131,25,2025-07-16 13:43:27,Returned,UPI,833.84
8027,444,51,2025-12-17 23:12:00,Pending,Debit Card,656.57
8028,56,24,2025-04-30 18:21:50,Returned,Cash,1211.48
8029,654,8,2025-07-01 01:17:17,Cancelled,Net Banking,2009.88
8030,708,61,2025-05-28 23:57:51,Completed,Net Banking,3989.13
8031,244,90,2026-02-18 09:45:41,Cancelled,Credit Card,1109.15
8032,678,18,2025-11-04 17:42:19,Returned,Credit Card,1155.07
8033,608,86,2026-01-03 02:16:02,Completed,Cash,1624.74
8034,67,82,2025-06-07 01:54:44,Pending,Debit Card,2126.26
8035,597,38,2025-01-05 02:16:01,Returned,Cash,3351.2
8036,728,10,2025-09-18 10:02:00,Pending,Debit Card,836.62
8037,775,87,2025-10-08 05:20:48,Pending,UPI,784.36
8038,987,33,2024-06-07 00:12:05,Cancelled,Debit Card,4670.83
8039,167,83,2024-12-11 21:02:28,Completed,Credit Card,1320.5
8040,149,85,2025-08-02 21:01:46,Returned,Net Banking,3991.74
8041,556,35,2024-09-22 19:20:53,Completed,UPI,1315.38
8042,839,10,2026-04-13 01:11:20,Completed,UPI,3082.92
8043,793,9,2025-01-25 16:24:30,Returned,Credit Card,3302.49
8044,64,1,2025-02-22 18:31:26,Pending,Net Banking,2955.74
8045,213,53,2024-06-13 17:50:23,Completed,Net Banking,723.39
8046,7,61,2024-11-10 01:09:56,Pending,UPI,4668.8
8047,546,36,2025-10-25 16:55:49,Returned,Net Banking,2088.69
8048,317,31,2026-04-14 04:42:08,Returned,Credit Card,4765.76
8049,486,54,2025-06-21 01:51:27,Completed,Credit Card,2238.58
8050,796,56,2024-12-13 04:26:13,Completed,Net Banking,1651.89
8051,321,76,2025-05-28 22:45:54,Cancelled,Net Banking,3747.56
8052,318,77,2024-11-21 20:58:54,Pending,Net Banking,756.05
8053,938,23,2024-09-20 04:45:06,Pending,Credit Card,2477.34
8054,165,52,2024-06-18 03:07:46,Cancelled,Cash,2213.36
8055,745,99,2025-07-26 00:52:01,Cancelled,Cash,1137.42
8056,904,25,2024-08-08 09:31:56,Cancelled,Credit Card,839.74
8057,622,43,2025-01-30 18:45:39,Returned,Cash,4396.62
8058,269,88,2026-02-22 19:47:12,Completed,Credit Card,3241.57
8059,428,8,2025-06-09 00:01:12,Returned,Cash,3429.67
8060,247,46,2026-04-18 19:38:47,Returned,Cash,3006.39
8061,549,20,2026-05-08 20:08:18,Completed,Cash,4784.57
8062,899,65,2025-07-02 19:42:15,Pending,Debit Card,851.52
8063,108,27,2025-12-28 16:52:28,Returned,Debit Card,2122.32
8064,583,71,2026-02-28 15:25:23,Completed,Credit Card,1294.93
8065,424,61,2024-09-01 18:14:08,Completed,Credit Card,3024.67
8066,534,46,2024-08-30 11:10:28,Cancelled,Net Banking,1166.2
8067,957,68,2024-08-24 00:31:36,Cancelled,Net Banking,1014.24
8068,165,43,2025-07-07 07:47:58,Returned,UPI,537.66
8069,390,93,2026-03-03 12:57:30,Returned,Cash,3775.9
8070,429,50,2026-01-29 01:49:25,Cancelled,Cash,1018.66
8071,167,69,2026-05-04 21:09:48,Pending,Credit Card,3442.74
8072,104,43,2024-10-24 06:09:17,Pending,Debit Card,925.44
8073,163,64,2024-08-01 06:16:17,Completed,UPI,4490.98
8074,596,56,2024-08-17 01:15:14,Pending,Debit Card,802.65
8075,907,63,2026-05-20 00:00:48,Returned,Cash,56.38
8076,27,37,2024-05-28 22:33:30,Completed,Credit Card,430.18
8077,273,7,2025-09-05 01:58:32,Completed,Cash,3878.99
8078,150,5,2024-11-02 21:20:27,Cancelled,Credit Card,1756.69
8079,500,64,2025-04-22 04:40:04,Returned,Net Banking,692.94
8080,16,45,2026-04-11 14:55:20,Returned,Credit Card,4584.22
8081,740,28,2024-12-06 20:17:01,Returned,Net Banking,1699.68
8082,643,77,2025-10-22 08:49:22,Returned,Net Banking,1347.32
8083,391,78,2025-06-28 03:38:27,Returned,Debit Card,3852.52
8084,145,34,2026-04-21 10:38:44,Cancelled,Net Banking,1160.62
8085,119,30,2025-08-04 17:41:45,Completed,UPI,833.11
8086,20,91,2026-04-24 06:20:03,Returned,Net Banking,4654.03
8087,230,12,2026-01-19 00:27:47,Cancelled,UPI,941.18
8088,373,48,2026-04-22 16:57:53,Returned,UPI,4599.99
8089,713,99,2024-06-29 06:04:20,Cancelled,UPI,1961.17
8090,922,4,2025-09-13 12:04:01,Completed,Cash,2476.74
8091,902,7,2024-10-24 21:37:39,Returned,Debit Card,60.58
8092,776,62,2024-09-12 18:06:49,Returned,Net Banking,4432.7
8093,861,95,2025-06-15 04:46:38,Pending,Credit Card,1136.46
8094,477,19,2024-09-22 21:49:59,Cancelled,UPI,152.69
8095,656,45,2024-09-02 04:11:15,Pending,Cash,4337.99
8096,423,61,2026-04-05 04:47:36,Pending,Credit Card,2472.15
8097,734,55,2025-03-26 10:20:50,Completed,Credit Card,3001.88
8098,859,19,2024-08-28 12:13:33,Returned,Debit Card,66.42
8099,611,17,2024-08-12 13:32:11,Returned,Cash,4455.08
8100,287,2,2025-06-17 16:46:00,Completed,Debit Card,3506.97
8101,349,45,2024-10-03 17:18:18,Pending,UPI,3081.88
8102,931,24,2024-11-09 10:06:29,Cancelled,Credit Card,3704.04
8103,921,80,2025-07-11 06:42:29,Cancelled,Cash,1366.07
8104,348,87,2024-07-18 15:18:00,Returned,Net Banking,4203.99
8105,504,8,2024-08-08 02:41:40,Completed,Debit Card,1873.44
8106,758,85,2025-08-25 13:30:56,Pending,Cash,2734.77
8107,525,32,2026-03-10 02:24:32,Cancelled,UPI,3634.83
8108,814,13,2025-09-07 16:44:45,Pending,Credit Card,170.69
8109,272,44,2024-12-06 04:53:18,Returned,Cash,1553.5
8110,651,96,2025-04-06 17:43:18,Cancelled,Debit Card,2140.25
8111,827,44,2025-05-07 18:19:56,Completed,Debit Card,470.36
8112,523,51,2025-07-11 21:54:01,Returned,Credit Card,2571.01
8113,739,6,2024-10-30 14:06:15,Returned,Net Banking,644.12
8114,896,46,2026-02-01 03:13:22,Returned,Net Banking,1403.27
8115,209,44,2026-01-17 20:06:35,Pending,UPI,1735.48
8116,797,73,2025-01-24 08:31:07,Returned,Credit Card,378.55
8117,66,39,2024-07-29 17:32:20,Pending,Credit Card,1361.54
8118,621,92,2025-07-02 09:02:53,Returned,Credit Card,1749.92
8119,102,34,2026-05-03 07:09:49,Cancelled,Credit Card,1222.54
8120,584,34,2024-09-01 23:24:19,Pending,UPI,788.0
8121,632,94,2025-02-02 14:03:58,Pending,Net Banking,519.1
8122,6,24,2026-05-08 17:09:50,Completed,Credit Card,1697.28
8123,924,43,2025-05-23 03:57:48,Cancelled,Debit Card,4103.78
8124,189,53,2025-06-19 14:22:38,Cancelled,Credit Card,1104.14
8125,387,12,2024-11-08 13:52:05,Completed,Debit Card,4677.61
8126,358,55,2024-09-28 07:19:28,Cancelled,Net Banking,319.34
8127,631,8,2024-07-09 21:57:39,Returned,UPI,1353.39
8128,967,1,2025-08-14 18:19:25,Returned,UPI,379.83
8129,818,6,2025-08-09 10:39:25,Completed,Net Banking,3446.09
8130,620,88,2024-06-27 04:45:56,Returned,Net Banking,1223.43
8131,680,16,2026-02-19 03:12:42,Returned,Debit Card,3643.12
8132,412,28,2025-02-20 04:03:01,Completed,UPI,721.75
8133,362,71,2024-10-16 06:31:48,Returned,Cash,1630.58
8134,791,100,2024-11-14 14:26:07,Returned,Credit Card,2738.53
8135,886,2,2024-08-04 18:49:28,Completed,Net Banking,2250.54
8136,252,26,2025-02-11 12:48:13,Cancelled,Debit Card,908.92
8137,614,45,2026-05-01 08:45:04,Pending,Net Banking,2158.45
8138,427,46,2024-12-21 08:25:15,Cancelled,Net Banking,4897.15
8139,551,77,2025-01-02 09:04:42,Returned,UPI,150.94
8140,129,8,2025-07-14 03:52:59,Completed,Net Banking,1036.66
8141,339,49,2025-07-05 05:18:58,Pending,Cash,3761.46
8142,118,36,2025-01-06 06:47:07,Completed,Net Banking,4666.37
8143,144,97,2024-08-30 12:38:13,Returned,Net Banking,3397.84
8144,46,65,2025-05-17 03:38:19,Pending,Net Banking,2945.07
8145,102,34,2025-11-26 16:57:10,Cancelled,Cash,1398.85
8146,808,87,2025-09-23 04:37:54,Cancelled,Debit Card,3588.6
8147,974,4,2024-08-14 10:18:37,Cancelled,Debit Card,4495.79
8148,864,43,2025-11-23 11:14:26,Cancelled,Credit Card,4336.94
8149,397,64,2024-08-03 04:26:10,Cancelled,Net Banking,4250.72
8150,602,7,2025-03-07 02:04:25,Cancelled,UPI,1965.88
8151,39,1,2026-01-26 21:42:06,Returned,Cash,4120.52
8152,152,6,2025-08-19 09:18:26,Pending,Cash,3249.07
8153,525,52,2024-07-09 11:42:28,Returned,UPI,3226.41
8154,642,96,2025-09-03 23:54:02,Cancelled,UPI,3053.03
8155,701,53,2024-07-12 07:01:56,Completed,UPI,231.12
8156,891,9,2024-12-28 17:12:47,Returned,Debit Card,1849.51
8157,843,48,2026-03-27 19:29:34,Cancelled,Cash,4602.37
8158,465,30,2025-06-02 09:14:04,Cancelled,Credit Card,139.68
8159,850,34,2025-02-05 09:47:04,Returned,Debit Card,1324.64
8160,171,94,2026-01-11 06:59:10,Pending,UPI,4835.66
8161,775,81,2025-06-08 20:54:18,Pending,Credit Card,2062.93
8162,449,14,2025-11-12 17:24:52,Pending,UPI,656.66
8163,590,16,2024-08-26 16:25:38,Returned,Cash,550.31
8164,352,40,2024-08-10 11:51:02,Pending,UPI,2995.12
8165,427,72,2025-07-27 15:41:55,Cancelled,Credit Card,3578.3
8166,610,1,2025-10-06 06:36:40,Pending,Net Banking,391.15
8167,988,21,2026-01-20 14:44:40,Cancelled,Debit Card,4217.35
8168,4,32,2025-06-07 11:49:36,Returned,Credit Card,1009.69
8169,335,6,2025-04-07 17:43:38,Returned,Debit Card,365.6
8170,246,61,2026-05-24 12:00:10,Returned,UPI,3018.15
8171,98,74,2024-08-24 20:16:04,Cancelled,Credit Card,3972.15
8172,250,56,2026-04-26 15:17:14,Returned,Credit Card,3832.14
8173,177,6,2024-06-15 02:17:56,Cancelled,UPI,4408.02
8174,142,86,2026-01-22 17:44:52,Cancelled,UPI,3524.35
8175,201,3,2024-07-13 00:46:23,Pending,UPI,3585.76
8176,541,95,2026-02-15 03:23:02,Pending,Credit Card,3778.78
8177,764,75,2025-12-20 09:04:59,Completed,Net Banking,4643.48
8178,382,34,2025-12-18 13:07:52,Returned,Net Banking,89.71
8179,589,20,2025-12-12 22:04:15,Completed,Debit Card,96.71
8180,377,86,2024-09-25 09:58:06,Cancelled,UPI,3214.15
8181,599,11,2025-02-01 08:02:04,Completed,Net Banking,1141.12
8182,265,54,2026-02-01 22:22:12,Pending,UPI,1876.7
8183,189,16,2026-05-03 00:18:27,Pending,Net Banking,916.75
8184,998,26,2024-06-18 16:52:06,Returned,Debit Card,2654.97
8185,443,2,2024-10-23 08:57:21,Completed,Credit Card,2445.54
8186,287,34,2024-06-27 23:51:54,Completed,Cash,1776.27
8187,851,24,2025-05-08 23:52:00,Completed,Net Banking,2025.83
8188,170,90,2025-07-31 00:16:36,Completed,Debit Card,2956.72
8189,258,71,2025-08-17 12:02:23,Pending,Cash,2975.55
8190,486,99,2024-08-08 02:10:04,Returned,Debit Card,3448.08
8191,470,96,2024-09-18 02:18:43,Completed,Debit Card,2142.95
8192,877,23,2024-08-14 08:32:31,Completed,Debit Card,4349.55
8193,658,77,2024-07-09 08:39:25,Cancelled,UPI,600.66
8194,580,80,2024-07-19 15:07:54,Cancelled,UPI,2374.81
8195,737,18,2025-05-04 01:46:15,Cancelled,Net Banking,1971.83
8196,552,9,2024-11-20 07:17:57,Completed,Credit Card,913.8
8197,376,32,2024-07-16 06:35:54,Completed,Net Banking,1300.39
8198,434,63,2024-07-06 12:57:57,Returned,Debit Card,788.51
8199,503,47,2025-08-19 05:19:49,Completed,Credit Card,2661.53
8200,71,1,2024-09-05 12:51:45,Cancelled,Debit Card,4314.53
8201,772,23,2024-06-27 22:33:28,Returned,UPI,4309.38
8202,489,90,2025-11-25 23:51:58,Pending,Debit Card,1888.49
8203,357,86,2026-01-21 06:29:36,Returned,UPI,1473.52
8204,257,79,2025-05-24 23:23:06,Returned,Cash,1316.47
8205,959,45,2025-06-10 23:23:49,Pending,Cash,1042.95
8206,604,31,2024-10-27 11:24:34,Returned,UPI,2079.49
8207,105,7,2025-07-05 23:28:59,Pending,Credit Card,486.38
8208,25,94,2025-03-11 06:24:23,Completed,Cash,3185.04
8209,546,15,2025-10-23 06:15:57,Cancelled,Net Banking,498.18
8210,652,72,2025-05-09 01:52:10,Returned,Debit Card,4668.25
8211,677,58,2024-07-24 08:27:26,Returned,Credit Card,3048.12
8212,633,54,2026-02-20 12:51:09,Pending,Net Banking,529.58
8213,372,29,2026-03-27 03:50:30,Completed,UPI,2168.44
8214,224,69,2025-09-24 03:22:43,Pending,Cash,1711.28
8215,353,2,2025-07-17 00:54:54,Completed,UPI,3114.46
8216,401,35,2026-04-06 08:41:42,Returned,Credit Card,405.55
8217,643,11,2025-04-22 14:32:53,Cancelled,UPI,1117.68
8218,577,30,2026-02-01 02:39:26,Completed,Debit Card,1214.12
8219,660,58,2026-03-25 13:11:19,Pending,Net Banking,115.07
8220,765,62,2025-02-10 08:21:32,Cancelled,UPI,629.11
8221,996,69,2024-06-08 05:09:05,Returned,Net Banking,3197.38
8222,944,44,2025-08-26 05:35:35,Completed,Debit Card,1503.09
8223,587,49,2025-02-04 23:56:33,Returned,Cash,3144.83
8224,699,70,2026-01-30 14:42:16,Completed,Debit Card,4262.25
8225,306,84,2025-02-28 05:38:47,Cancelled,UPI,3294.29
8226,731,28,2026-04-17 20:02:22,Cancelled,Net Banking,3340.31
8227,134,98,2024-09-06 11:31:45,Completed,Net Banking,3819.23
8228,391,75,2026-04-04 15:29:56,Returned,Credit Card,1457.08
8229,643,99,2025-03-30 06:58:36,Pending,Net Banking,1846.77
8230,609,61,2025-11-16 20:05:14,Pending,Credit Card,1902.53
8231,300,11,2025-07-08 02:17:13,Returned,Net Banking,2339.74
8232,60,65,2026-03-24 20:48:36,Pending,Debit Card,2281.09
8233,316,78,2025-06-07 19:10:16,Completed,Debit Card,2014.22
8234,200,5,2025-08-07 00:44:14,Pending,Credit Card,2195.34
8235,728,35,2025-08-22 01:53:24,Cancelled,Credit Card,4090.6
8236,977,32,2024-06-19 05:13:58,Cancelled,Net Banking,4070.98
8237,219,16,2024-12-27 00:43:45,Completed,UPI,2959.34
8238,942,18,2025-12-23 09:47:11,Cancelled,UPI,164.01
8239,427,27,2025-03-29 22:04:57,Completed,Net Banking,1176.25
8240,786,83,2026-03-15 23:32:10,Returned,Cash,37.21
8241,838,91,2025-06-18 00:55:58,Cancelled,Credit Card,1215.16
8242,222,71,2024-10-12 06:20:48,Pending,Credit Card,3784.87
8243,376,47,2024-08-23 00:29:59,Cancelled,Net Banking,1737.57
8244,621,99,2025-06-08 00:49:01,Pending,Credit Card,2540.7
8245,74,19,2025-02-13 01:05:05,Completed,UPI,4001.81
8246,34,42,2025-06-24 03:34:28,Pending,Cash,4516.6
8247,610,51,2024-06-12 23:02:38,Returned,UPI,4110.74
8248,293,56,2024-12-01 10:18:10,Returned,UPI,476.84
8249,965,64,2025-03-03 22:00:26,Completed,Debit Card,3869.81
8250,225,36,2025-01-27 03:21:41,Returned,Debit Card,3473.38
8251,165,50,2024-10-24 09:23:50,Pending,UPI,1484.48
8252,289,18,2024-10-01 09:56:54,Cancelled,Net Banking,196.87
8253,649,74,2024-10-13 03:51:26,Completed,Credit Card,1191.96
8254,182,72,2024-08-02 22:48:39,Cancelled,UPI,4774.24
8255,730,13,2024-10-18 11:07:02,Completed,Debit Card,657.85
8256,609,1,2024-08-05 09:04:03,Completed,Cash,2759.91
8257,369,71,2025-04-16 16:18:22,Cancelled,UPI,3787.07
8258,269,6,2024-12-05 19:16:58,Returned,Net Banking,2245.24
8259,330,75,2025-12-15 11:28:50,Pending,Debit Card,3371.63
8260,157,1,2024-08-06 04:21:09,Cancelled,Net Banking,221.89
8261,31,83,2025-03-12 21:22:49,Cancelled,UPI,2446.05
8262,745,80,2025-08-02 14:21:16,Cancelled,Debit Card,3133.3
8263,179,78,2026-01-28 09:30:32,Returned,UPI,959.72
8264,351,62,2025-07-16 13:10:13,Pending,Debit Card,2607.18
8265,687,9,2024-08-28 06:38:10,Pending,Net Banking,4355.27
8266,96,36,2025-04-10 08:37:07,Completed,Cash,2403.94
8267,321,28,2025-10-09 02:59:46,Returned,Debit Card,685.51
8268,616,34,2025-01-21 05:41:59,Cancelled,UPI,407.81
8269,221,12,2026-02-19 03:32:21,Cancelled,Cash,2444.28
8270,791,15,2024-10-03 05:17:48,Pending,Cash,3040.57
8271,488,26,2025-03-30 16:18:38,Pending,Cash,3456.87
8272,693,70,2024-05-29 01:16:57,Pending,Debit Card,3995.57
8273,545,8,2024-10-04 15:45:39,Returned,Credit Card,1488.81
8274,899,40,2024-08-20 20:35:12,Pending,Cash,4959.07
8275,972,61,2024-09-07 01:13:36,Pending,Credit Card,2614.13
8276,902,50,2025-06-16 00:09:21,Completed,Net Banking,182.19
8277,217,63,2026-04-05 02:16:19,Completed,UPI,819.33
8278,385,25,2024-10-19 01:25:25,Returned,Cash,4686.0
8279,685,89,2024-08-18 06:06:21,Cancelled,Credit Card,1829.89
8280,450,33,2025-08-21 19:00:24,Returned,Cash,3530.32
8281,684,49,2024-11-28 05:30:07,Returned,Debit Card,2749.72
8282,837,14,2024-05-30 12:59:01,Completed,UPI,1585.04
8283,147,26,2026-04-29 02:28:00,Pending,Cash,3283.59
8284,37,3,2024-12-10 03:16:43,Pending,Cash,2790.15
8285,661,35,2026-01-04 13:42:48,Cancelled,Net Banking,1816.71
8286,437,34,2024-12-29 01:31:48,Completed,Credit Card,2544.69
8287,732,4,2025-08-24 18:40:26,Cancelled,Net Banking,1812.22
8288,343,3,2026-04-20 04:38:49,Completed,Cash,3328.7
8289,674,41,2025-11-09 19:33:16,Pending,Net Banking,519.71
8290,828,22,2025-01-08 17:52:35,Completed,Net Banking,226.98
8291,180,56,2026-02-04 23:34:24,Completed,Net Banking,3292.88
8292,589,69,2026-01-01 06:49:58,Completed,Cash,1059.45
8293,909,97,2024-12-08 13:27:11,Pending,UPI,620.43
8294,343,9,2026-01-23 12:19:48,Cancelled,Debit Card,4744.41
8295,17,48,2025-12-13 18:23:58,Completed,UPI,3324.26
8296,117,41,2025-09-18 00:08:19,Returned,UPI,4693.73
8297,770,73,2024-07-20 08:16:02,Cancelled,Debit Card,4463.87
8298,39,65,2025-10-28 23:04:50,Returned,Net Banking,1606.65
8299,386,26,2025-02-12 01:55:03,Returned,UPI,2366.1
8300,648,79,2025-10-29 12:38:14,Returned,Net Banking,4021.52
8301,90,91,2024-06-01 15:09:14,Cancelled,Debit Card,286.8
8302,915,9,2025-10-20 12:51:13,Completed,Debit Card,2088.36
8303,400,49,2024-09-24 19:35:23,Completed,Credit Card,3509.45
8304,959,39,2025-09-20 01:46:50,Cancelled,Credit Card,808.17
8305,464,82,2024-09-10 01:22:40,Cancelled,Credit Card,4904.89
8306,89,3,2025-08-23 10:35:25,Completed,UPI,2064.02
8307,576,46,2025-11-12 13:39:05,Cancelled,Debit Card,3323.2
8308,117,39,2025-07-01 15:10:13,Returned,Credit Card,1503.37
8309,467,8,2025-08-13 00:47:57,Pending,UPI,3603.69
8310,51,14,2025-09-21 20:41:05,Completed,Credit Card,2158.76
8311,402,39,2024-09-04 14:29:57,Completed,Net Banking,3291.83
8312,615,54,2026-04-12 09:21:39,Pending,Cash,1116.84
8313,546,46,2024-12-11 03:30:35,Cancelled,UPI,1706.98
8314,750,79,2025-09-30 07:29:43,Cancelled,UPI,2538.32
8315,907,5,2025-12-17 16:50:50,Cancelled,UPI,1969.17
8316,265,32,2026-04-13 04:11:17,Returned,Net Banking,1301.01
8317,458,70,2025-11-21 05:14:45,Returned,Net Banking,1397.15
8318,457,6,2025-01-19 17:44:06,Cancelled,Credit Card,2207.7
8319,965,25,2025-03-11 15:22:30,Cancelled,Cash,4126.41
8320,449,53,2024-08-19 19:48:15,Returned,Net Banking,1813.31
8321,481,51,2025-04-01 08:58:43,Completed,Net Banking,4712.81
8322,372,76,2025-07-10 06:20:33,Pending,Net Banking,4121.17
8323,181,1,2025-03-21 20:18:49,Returned,Debit Card,1850.41
8324,11,16,2026-01-16 06:13:32,Cancelled,Cash,3115.83
8325,682,11,2025-11-22 13:58:44,Cancelled,UPI,881.18
8326,650,92,2025-09-12 09:15:12,Cancelled,Net Banking,3956.27
8327,993,77,2025-09-02 14:40:14,Cancelled,Net Banking,1373.1
8328,247,86,2024-09-08 19:33:49,Completed,Debit Card,2210.73
8329,472,57,2025-02-13 22:24:16,Pending,Credit Card,1985.83
8330,203,23,2025-05-03 10:27:40,Completed,Net Banking,4004.71
8331,518,97,2024-07-30 13:27:10,Pending,Debit Card,2817.42
8332,729,25,2026-02-10 19:06:47,Completed,UPI,4467.72
8333,800,87,2024-12-10 00:35:32,Pending,UPI,3882.29
8334,701,36,2026-02-10 13:05:26,Returned,Debit Card,761.45
8335,861,91,2024-10-15 10:17:17,Pending,Debit Card,1586.61
8336,448,56,2026-03-15 00:21:33,Cancelled,Debit Card,4656.36
8337,136,85,2025-03-04 04:31:23,Completed,Debit Card,937.93
8338,477,73,2026-02-11 22:24:27,Returned,Cash,4886.21
8339,701,91,2024-12-12 06:56:33,Completed,UPI,2745.92
8340,481,78,2025-01-17 21:15:18,Cancelled,Net Banking,109.93
8341,947,1,2024-10-06 14:17:32,Returned,UPI,2560.33
8342,990,26,2025-03-27 12:10:43,Cancelled,Net Banking,3228.44
8343,328,2,2025-02-12 20:31:56,Returned,Cash,4493.97
8344,661,64,2024-10-25 23:11:27,Pending,Net Banking,931.47
8345,959,73,2025-12-16 01:25:49,Completed,Credit Card,1147.82
8346,235,79,2025-07-23 17:48:21,Returned,Credit Card,3750.03
8347,151,25,2026-03-31 23:44:33,Pending,Debit Card,1698.13
8348,188,86,2025-05-12 10:48:39,Cancelled,Debit Card,4082.97
8349,195,43,2025-11-20 04:40:12,Cancelled,Cash,4294.61
8350,135,3,2024-09-16 01:41:35,Returned,Cash,2329.14
8351,113,99,2025-07-23 13:08:45,Returned,Debit Card,1178.21
8352,47,77,2025-12-20 16:27:48,Completed,Credit Card,2128.61
8353,903,84,2025-02-10 19:10:35,Cancelled,UPI,1118.97
8354,158,88,2025-01-13 07:17:50,Pending,UPI,3985.15
8355,690,24,2024-06-09 09:17:16,Cancelled,Credit Card,1458.72
8356,799,100,2025-09-30 03:39:27,Pending,Credit Card,3895.39
8357,188,70,2024-07-11 15:00:48,Completed,Debit Card,4216.68
8358,743,89,2025-12-02 16:58:02,Pending,Debit Card,1012.65
8359,397,13,2024-12-21 21:09:03,Returned,Credit Card,4471.12
8360,509,63,2026-04-19 00:58:01,Cancelled,Cash,3987.22
8361,731,70,2025-05-24 19:38:32,Cancelled,Debit Card,2298.64
8362,597,27,2025-09-23 07:56:41,Returned,UPI,3639.46
8363,892,96,2025-05-22 14:39:38,Pending,Net Banking,989.87
8364,69,98,2025-07-22 01:57:57,Completed,Cash,4957.26
8365,126,52,2025-08-13 17:06:12,Cancelled,Credit Card,346.5
8366,727,19,2024-12-28 19:04:49,Pending,Net Banking,3517.4
8367,730,75,2025-10-30 10:09:12,Cancelled,Debit Card,3364.61
8368,894,28,2024-06-09 21:12:36,Cancelled,Credit Card,2249.26
8369,751,34,2025-10-15 02:00:36,Pending,Credit Card,3173.42
8370,242,15,2025-03-05 02:56:37,Pending,Debit Card,2053.01
8371,39,99,2025-01-07 11:18:34,Pending,Cash,2071.39
8372,109,43,2026-05-15 06:55:17,Cancelled,Credit Card,2371.94
8373,165,56,2025-01-28 16:29:24,Completed,Net Banking,3637.41
8374,277,83,2024-12-26 09:17:34,Cancelled,Credit Card,935.4
8375,450,97,2024-08-23 14:37:26,Completed,Debit Card,4059.92
8376,956,79,2025-11-18 02:43:09,Returned,UPI,3436.43
8377,784,37,2025-12-16 11:27:26,Returned,Credit Card,4265.66
8378,789,89,2025-07-01 16:18:25,Returned,Cash,3792.95
8379,241,19,2024-10-23 07:33:16,Cancelled,Credit Card,566.37
8380,714,40,2024-09-06 15:02:38,Returned,UPI,901.1
8381,753,38,2024-11-10 06:22:45,Cancelled,Net Banking,1297.28
8382,356,82,2024-07-27 19:37:48,Pending,Debit Card,2701.93
8383,852,82,2025-08-18 20:06:40,Cancelled,Cash,1282.27
8384,395,58,2025-03-05 08:41:02,Cancelled,UPI,1534.28
8385,589,86,2025-06-26 04:00:54,Completed,Credit Card,3710.58
8386,744,69,2025-03-04 19:12:19,Pending,Net Banking,220.5
8387,664,36,2026-04-28 14:14:58,Returned,Debit Card,3757.64
8388,139,26,2024-07-13 02:00:07,Returned,Cash,892.84
8389,868,6,2026-05-04 05:16:00,Completed,Credit Card,4637.44
8390,27,84,2024-06-03 17:47:19,Returned,Net Banking,3756.9
8391,782,26,2025-05-02 14:31:55,Completed,Net Banking,745.48
8392,339,4,2024-09-14 17:26:04,Completed,UPI,2057.41
8393,740,88,2025-05-04 19:05:53,Pending,Credit Card,2157.84
8394,883,80,2025-11-28 14:40:45,Cancelled,UPI,261.22
8395,862,77,2024-09-02 18:29:14,Pending,UPI,2173.99
8396,848,87,2024-10-30 18:31:34,Returned,Credit Card,1360.42
8397,904,59,2024-12-12 13:20:08,Pending,Net Banking,2811.72
8398,760,77,2025-10-10 19:23:16,Pending,Debit Card,1934.57
8399,163,78,2025-04-08 19:42:03,Completed,Cash,1862.02
8400,458,4,2025-10-18 19:28:54,Cancelled,Debit Card,638.45
8401,549,19,2024-06-07 21:20:41,Cancelled,UPI,1420.7
8402,459,34,2025-02-11 15:10:00,Pending,Cash,1240.34
8403,138,24,2024-07-30 02:11:13,Returned,Credit Card,1853.21
8404,766,74,2024-07-16 01:57:14,Completed,Debit Card,2731.37
8405,14,2,2025-05-12 07:26:42,Pending,Debit Card,4622.26
8406,752,65,2025-09-09 19:18:21,Completed,Net Banking,4627.17
8407,705,85,2024-11-16 12:21:15,Returned,Credit Card,1596.05
8408,34,20,2026-05-05 01:29:17,Returned,Credit Card,4895.62
8409,596,16,2024-11-07 09:32:02,Cancelled,Net Banking,2482.86
8410,118,48,2025-11-15 16:41:48,Pending,UPI,2489.38
8411,445,21,2025-07-10 03:22:58,Returned,Debit Card,1154.15
8412,890,11,2025-05-22 03:35:10,Returned,Credit Card,3510.32
8413,137,76,2024-07-26 10:27:41,Returned,Credit Card,412.1
8414,614,72,2025-09-04 20:11:27,Pending,Net Banking,2382.29
8415,670,69,2024-12-15 16:56:18,Cancelled,Cash,905.3
8416,835,19,2025-10-30 03:48:54,Pending,Net Banking,349.72
8417,280,67,2024-08-23 20:55:43,Cancelled,Cash,166.31
8418,916,60,2025-10-10 07:10:35,Returned,Cash,300.71
8419,555,14,2026-01-28 05:51:55,Completed,Credit Card,3298.42
8420,353,32,2024-08-02 16:04:08,Cancelled,Net Banking,3813.62
8421,2,90,2024-06-12 12:52:12,Completed,Debit Card,4245.05
8422,117,57,2024-08-30 14:54:25,Returned,Credit Card,2608.86
8423,86,76,2024-06-01 22:14:19,Cancelled,Debit Card,3874.99
8424,208,12,2025-08-07 06:05:36,Cancelled,UPI,2226.98
8425,76,34,2026-05-19 22:51:18,Pending,Debit Card,440.59
8426,415,8,2024-09-30 22:19:01,Returned,Credit Card,4513.41
8427,160,60,2025-01-19 07:26:38,Pending,Cash,2542.58
8428,798,61,2025-09-28 16:41:05,Cancelled,Net Banking,1566.26
8429,758,35,2024-06-11 22:44:37,Returned,Credit Card,490.96
8430,8,47,2025-04-30 04:46:39,Pending,Cash,3030.69
8431,916,78,2025-03-07 21:36:15,Returned,Debit Card,1167.66
8432,385,80,2025-11-28 03:48:58,Returned,Credit Card,920.85
8433,492,2,2026-01-14 08:44:35,Completed,UPI,3732.7
8434,895,11,2025-06-20 01:13:10,Cancelled,UPI,1879.0
8435,305,24,2024-08-09 05:31:10,Pending,Credit Card,4268.82
8436,697,54,2025-11-27 21:03:13,Cancelled,UPI,4627.64
8437,996,17,2025-09-21 17:57:21,Returned,Net Banking,2442.76
8438,300,87,2025-07-20 12:45:36,Pending,UPI,753.31
8439,307,53,2025-01-03 06:17:32,Pending,Debit Card,3313.43
8440,891,95,2026-02-09 18:26:56,Returned,Credit Card,4635.12
8441,591,65,2025-05-10 05:46:34,Completed,Cash,3813.86
8442,76,99,2026-05-24 03:01:20,Returned,Net Banking,59.44
8443,902,86,2024-07-17 10:58:29,Returned,Credit Card,4290.32
8444,796,35,2026-03-11 19:52:59,Completed,UPI,51.05
8445,364,28,2025-03-24 02:06:35,Cancelled,Debit Card,1532.87
8446,209,45,2024-09-15 20:42:50,Pending,Debit Card,4997.58
8447,116,60,2026-04-02 03:24:01,Completed,Debit Card,2533.05
8448,141,6,2025-05-19 09:59:14,Completed,Cash,2928.28
8449,197,36,2024-10-28 17:05:27,Returned,UPI,3891.31
8450,277,23,2024-10-25 04:29:33,Cancelled,UPI,3139.92
8451,263,23,2025-01-05 16:37:34,Completed,UPI,148.74
8452,194,30,2026-05-05 13:12:35,Returned,Credit Card,2479.52
8453,235,41,2025-08-21 09:15:24,Completed,Debit Card,4936.46
8454,789,10,2025-06-07 17:31:02,Completed,Credit Card,3245.34
8455,122,42,2026-01-28 14:37:40,Pending,Cash,2705.98
8456,192,32,2026-03-11 18:38:37,Pending,Net Banking,1823.94
8457,573,40,2024-12-27 06:37:12,Pending,Debit Card,3263.67
8458,987,18,2024-10-10 17:11:44,Cancelled,Credit Card,4686.88
8459,680,65,2024-06-18 18:00:02,Pending,Debit Card,1264.57
8460,651,92,2026-03-15 18:30:59,Returned,Cash,4848.02
8461,336,81,2026-05-02 21:21:33,Returned,Cash,3068.7
8462,478,67,2025-02-09 15:01:04,Returned,Debit Card,1745.35
8463,677,54,2025-12-05 01:22:14,Pending,UPI,581.91
8464,912,35,2025-02-02 23:54:02,Pending,Debit Card,2449.71
8465,634,7,2025-09-17 12:05:30,Pending,Cash,2787.46
8466,58,92,2026-04-28 11:44:06,Returned,Cash,2825.85
8467,810,27,2025-09-07 04:32:23,Returned,Net Banking,976.2
8468,975,2,2025-06-15 14:08:34,Completed,Cash,4049.74
8469,1,10,2025-01-17 12:11:03,Completed,Debit Card,686.33
8470,852,68,2025-06-22 00:53:26,Cancelled,Net Banking,43.61
8471,376,80,2025-01-19 19:03:22,Cancelled,Net Banking,3574.15
8472,315,98,2024-10-27 09:44:41,Pending,Cash,3421.06
8473,161,21,2025-09-21 14:33:38,Returned,Net Banking,219.8
8474,798,29,2025-04-12 18:46:03,Cancelled,UPI,638.98
8475,792,58,2025-12-11 16:51:08,Returned,Debit Card,3178.73
8476,107,99,2024-10-23 05:46:55,Returned,Net Banking,1104.57
8477,417,3,2025-12-20 09:56:32,Completed,Debit Card,3508.18
8478,891,54,2024-07-16 04:37:35,Completed,Credit Card,2735.44
8479,358,74,2026-02-19 01:44:04,Pending,Credit Card,2357.43
8480,129,47,2025-02-09 21:15:52,Cancelled,Net Banking,3170.55
8481,98,44,2024-07-07 22:55:55,Cancelled,Credit Card,1336.09
8482,598,82,2025-10-20 01:17:01,Returned,Credit Card,3295.42
8483,232,81,2026-03-05 21:32:12,Returned,Credit Card,4974.36
8484,690,64,2025-04-17 13:29:18,Pending,Cash,4076.58
8485,875,31,2026-02-15 03:34:49,Cancelled,Credit Card,2129.91
8486,445,94,2024-11-27 10:17:32,Cancelled,Net Banking,4956.77
8487,900,66,2024-09-19 13:19:47,Pending,Net Banking,4240.02
8488,124,79,2025-01-04 22:22:42,Pending,Debit Card,1997.5
8489,582,33,2025-10-04 21:41:01,Completed,Net Banking,1942.84
8490,929,10,2026-01-11 10:14:33,Cancelled,Credit Card,842.7
8491,392,16,2025-08-08 23:31:57,Cancelled,Net Banking,3281.47
8492,780,32,2024-12-23 20:48:01,Returned,Debit Card,2448.68
8493,255,12,2024-09-02 16:53:01,Returned,Cash,837.98
8494,163,32,2026-01-10 17:25:05,Pending,Net Banking,1297.92
8495,8,1,2024-11-29 06:20:29,Returned,Debit Card,3296.88
8496,537,14,2024-12-28 21:58:27,Returned,Credit Card,2778.06
8497,668,13,2025-08-30 01:47:45,Returned,Net Banking,3979.19
8498,40,92,2024-07-28 05:57:23,Completed,UPI,3796.78
8499,193,62,2025-08-20 06:46:43,Cancelled,UPI,3739.71
8500,603,41,2025-11-01 15:36:31,Cancelled,Credit Card,1516.98
8501,529,87,2024-10-28 11:33:09,Completed,UPI,2104.5
8502,902,94,2024-12-11 10:09:54,Cancelled,UPI,3775.61
8503,636,80,2024-06-21 21:09:34,Cancelled,UPI,3508.5
8504,692,86,2025-03-25 22:41:14,Pending,UPI,3505.84
8505,96,98,2025-09-07 19:03:11,Returned,Debit Card,2901.02
8506,717,10,2024-08-16 15:38:13,Cancelled,Net Banking,652.7
8507,707,85,2024-07-23 01:29:49,Pending,Cash,1860.58
8508,726,73,2025-12-05 08:42:47,Returned,UPI,3726.77
8509,194,93,2024-12-21 17:07:53,Returned,Credit Card,4263.28
8510,899,40,2026-03-28 06:08:38,Completed,UPI,1961.86
8511,92,81,2024-10-23 21:28:13,Returned,Credit Card,2757.92
8512,153,65,2024-10-06 07:03:55,Pending,Net Banking,2483.12
8513,563,28,2024-06-04 14:44:16,Completed,Net Banking,4713.7
8514,252,17,2025-11-25 16:07:55,Completed,Credit Card,2806.3
8515,844,3,2025-02-07 06:37:06,Returned,Credit Card,3587.75
8516,845,72,2026-05-12 13:12:37,Pending,Cash,127.96
8517,639,75,2025-03-27 15:38:32,Cancelled,Debit Card,203.44
8518,909,97,2025-09-21 22:29:39,Completed,Cash,1361.46
8519,290,31,2025-07-05 01:00:16,Returned,UPI,4905.17
8520,235,34,2026-04-16 15:15:02,Returned,Credit Card,748.75
8521,801,17,2024-10-19 14:00:46,Cancelled,Cash,1089.36
8522,211,92,2025-07-01 20:46:45,Returned,UPI,1650.09
8523,313,94,2025-01-12 10:29:35,Returned,Credit Card,957.8
8524,93,12,2025-10-30 04:21:45,Cancelled,Debit Card,4509.01
8525,859,68,2025-04-27 10:23:20,Returned,Net Banking,3549.88
8526,96,48,2024-09-10 11:49:16,Returned,Credit Card,1728.41
8527,182,60,2026-04-12 10:00:04,Returned,Credit Card,4025.67
8528,732,65,2026-03-31 12:54:26,Returned,Debit Card,1060.64
8529,655,49,2025-12-03 06:38:32,Pending,UPI,2269.94
8530,637,24,2024-07-11 23:27:16,Returned,UPI,3834.98
8531,956,82,2025-06-28 15:50:17,Completed,Cash,2859.57
8532,749,7,2024-10-15 03:59:46,Pending,Net Banking,3369.0
8533,447,78,2025-02-22 03:32:02,Pending,Credit Card,1156.51
8534,544,63,2024-09-24 21:54:47,Completed,Net Banking,919.63
8535,908,24,2025-08-06 20:54:43,Returned,UPI,3477.52
8536,947,78,2026-02-02 02:10:05,Cancelled,Credit Card,757.37
8537,999,96,2025-10-26 14:21:40,Pending,Credit Card,3324.38
8538,429,55,2025-03-21 15:16:41,Returned,UPI,3011.66
8539,442,30,2025-07-30 01:32:45,Completed,Credit Card,2271.87
8540,493,72,2025-04-13 22:08:38,Completed,Credit Card,426.29
8541,333,89,2026-03-10 06:19:30,Returned,UPI,1204.41
8542,153,92,2026-05-20 07:51:54,Returned,Credit Card,958.08
8543,397,92,2025-07-12 06:25:18,Cancelled,Net Banking,4261.21
8544,649,43,2025-03-05 18:22:27,Cancelled,Debit Card,1699.82
8545,645,41,2024-09-01 14:45:44,Cancelled,Debit Card,499.32
8546,95,72,2025-08-19 23:04:03,Cancelled,UPI,4961.57
8547,402,15,2025-11-28 13:31:58,Cancelled,Cash,3583.18
8548,323,93,2025-05-15 07:56:15,Completed,UPI,4330.69
8549,541,64,2026-01-19 07:17:08,Pending,Cash,825.36
8550,952,87,2025-12-25 15:20:58,Returned,Credit Card,4649.21
8551,721,87,2024-11-19 09:40:45,Returned,Debit Card,4292.99
8552,737,42,2025-01-18 21:58:25,Pending,Net Banking,4560.16
8553,725,28,2025-12-11 13:09:10,Cancelled,Credit Card,1937.08
8554,111,24,2024-09-05 17:08:25,Cancelled,Cash,68.4
8555,776,14,2025-03-04 21:03:20,Cancelled,UPI,46.69
8556,694,17,2025-04-09 09:13:30,Cancelled,UPI,4820.41
8557,12,32,2025-09-03 21:14:52,Pending,Debit Card,4191.89
8558,271,15,2025-06-17 12:12:53,Cancelled,Net Banking,4545.68
8559,288,74,2024-07-28 07:42:26,Cancelled,Cash,295.55
8560,987,41,2026-02-11 11:58:29,Returned,Net Banking,2324.63
8561,17,33,2024-11-20 12:15:06,Returned,Cash,1704.91
8562,330,59,2025-01-27 01:12:31,Returned,Net Banking,59.27
8563,175,75,2024-11-20 13:48:16,Completed,Net Banking,3171.53
8564,54,9,2024-08-17 16:10:49,Pending,UPI,2980.15
8565,708,17,2026-04-23 19:43:07,Returned,UPI,1848.31
8566,913,39,2025-08-29 19:22:06,Cancelled,Debit Card,681.48
8567,664,25,2024-06-21 23:17:56,Returned,Credit Card,3415.95
8568,572,73,2025-12-26 08:53:40,Cancelled,UPI,2019.05
8569,914,76,2025-09-18 00:26:56,Cancelled,Credit Card,110.15
8570,747,22,2025-11-16 09:39:48,Cancelled,Debit Card,4770.43
8571,704,66,2025-09-01 20:44:07,Cancelled,UPI,3228.88
8572,42,93,2025-04-21 09:02:31,Cancelled,Cash,3397.75
8573,132,91,2025-11-04 20:21:24,Cancelled,Cash,3108.28
8574,828,64,2026-02-18 13:00:42,Cancelled,UPI,3069.19
8575,588,99,2024-08-10 18:51:51,Completed,UPI,3101.91
8576,514,92,2024-08-01 08:13:36,Completed,Net Banking,3149.52
8577,149,52,2025-03-06 18:10:27,Pending,UPI,2111.56
8578,42,63,2025-01-01 11:55:36,Pending,Credit Card,4007.85
8579,3,27,2025-08-10 23:32:09,Cancelled,Net Banking,952.79
8580,679,3,2025-12-04 17:32:25,Cancelled,Credit Card,4103.1
8581,125,24,2026-03-06 05:45:59,Returned,Credit Card,1208.29
8582,184,7,2024-09-08 17:27:47,Cancelled,Cash,1405.04
8583,73,12,2024-11-03 02:01:08,Pending,Net Banking,4748.54
8584,407,2,2025-04-27 01:18:39,Cancelled,Net Banking,3105.7
8585,113,54,2025-04-27 15:35:45,Cancelled,UPI,4086.13
8586,199,74,2025-08-21 23:29:52,Pending,Credit Card,2997.35
8587,242,46,2025-08-05 21:55:48,Completed,Net Banking,3681.71
8588,262,76,2026-04-06 15:57:22,Cancelled,Debit Card,728.49
8589,580,91,2024-07-12 19:15:20,Completed,Debit Card,2082.68
8590,110,10,2024-06-14 14:57:47,Pending,Debit Card,3869.96
8591,547,8,2025-09-21 16:01:36,Returned,Cash,2835.26
8592,971,45,2026-01-15 15:05:10,Returned,Cash,3861.65
8593,914,53,2025-01-05 13:41:05,Pending,Net Banking,4670.32
8594,314,15,2025-01-08 20:58:18,Returned,Net Banking,3763.12
8595,858,38,2025-04-08 14:56:44,Cancelled,Net Banking,1524.7
8596,584,62,2026-04-14 22:15:34,Returned,Credit Card,4671.19
8597,172,50,2026-03-19 14:50:38,Completed,Credit Card,2836.61
8598,961,34,2025-03-29 13:27:16,Pending,Credit Card,3230.65
8599,205,59,2024-08-07 20:53:05,Cancelled,Credit Card,3835.37
8600,413,51,2024-08-20 12:53:25,Returned,Debit Card,1042.91
8601,565,87,2024-09-21 18:46:58,Completed,UPI,4714.09
8602,90,63,2026-04-23 14:10:48,Pending,Cash,2027.38
8603,46,88,2024-07-15 11:44:53,Pending,Net Banking,4221.27
8604,907,87,2025-12-25 12:09:47,Returned,Net Banking,3022.27
8605,22,12,2025-09-09 20:25:10,Pending,Cash,2624.42
8606,100,17,2025-03-30 20:44:50,Cancelled,Net Banking,2113.76
8607,445,61,2024-07-04 23:56:36,Cancelled,Cash,1309.6
8608,151,44,2026-03-20 19:37:11,Cancelled,Credit Card,2812.64
8609,673,31,2025-02-13 08:38:37,Returned,Net Banking,152.75
8610,159,20,2025-08-12 05:35:57,Returned,Net Banking,1181.59
8611,786,69,2026-04-04 20:25:58,Returned,Net Banking,4812.05
8612,1,46,2025-11-03 20:53:46,Cancelled,UPI,312.1
8613,996,23,2025-12-16 10:21:08,Returned,UPI,2602.91
8614,605,49,2026-05-22 04:31:23,Cancelled,Cash,437.18
8615,102,1,2025-10-10 15:23:12,Cancelled,Cash,2845.85
8616,133,15,2025-02-16 12:02:28,Cancelled,Credit Card,2957.25
8617,864,15,2025-03-28 13:59:37,Completed,Cash,3347.24
8618,918,90,2026-03-04 23:43:45,Cancelled,Cash,1584.08
8619,56,45,2024-09-16 03:53:32,Returned,UPI,3773.1
8620,552,54,2024-08-16 09:52:31,Cancelled,UPI,4410.47
8621,239,54,2025-08-22 06:06:34,Completed,Credit Card,3219.33
8622,26,62,2026-03-16 22:20:27,Completed,Credit Card,4164.92
8623,30,6,2026-01-08 11:07:42,Cancelled,Cash,3869.62
8624,349,29,2025-05-25 13:20:03,Cancelled,UPI,1208.57
8625,222,62,2026-04-08 08:00:30,Returned,Credit Card,2330.19
8626,874,8,2025-06-27 14:35:05,Cancelled,UPI,3226.59
8627,374,55,2025-09-03 18:27:05,Completed,Debit Card,1923.39
8628,336,58,2024-11-09 07:07:52,Cancelled,Credit Card,3488.09
8629,412,86,2025-07-31 04:51:48,Cancelled,Net Banking,2088.13
8630,365,6,2025-04-08 20:17:24,Pending,Net Banking,1584.83
8631,555,55,2025-08-09 16:41:12,Returned,Cash,1132.19
8632,923,97,2026-01-22 18:06:59,Pending,Cash,4744.57
8633,290,97,2026-02-10 13:00:08,Returned,Credit Card,1338.31
8634,214,81,2026-05-25 06:34:59,Completed,Debit Card,4632.17
8635,1,71,2026-04-08 23:35:55,Returned,UPI,724.85
8636,12,88,2025-02-27 02:29:35,Cancelled,UPI,1288.99
8637,135,84,2025-09-09 02:28:36,Completed,Credit Card,2100.94
8638,608,96,2024-11-17 17:13:35,Returned,UPI,4596.34
8639,322,89,2024-07-06 13:20:52,Completed,Net Banking,2699.61
8640,337,13,2025-01-12 20:37:26,Completed,Credit Card,3060.35
8641,691,24,2026-01-29 07:59:12,Cancelled,Credit Card,3873.15
8642,357,76,2025-12-29 17:27:38,Pending,Net Banking,423.8
8643,994,20,2025-07-17 01:37:51,Pending,Net Banking,874.66
8644,443,29,2025-03-14 20:20:31,Pending,Credit Card,1695.9
8645,768,84,2025-11-08 18:59:05,Completed,Debit Card,2335.73
8646,944,76,2025-05-27 15:48:08,Completed,Credit Card,2893.2
8647,542,83,2024-07-05 17:27:19,Cancelled,UPI,863.71
8648,699,91,2024-06-09 20:41:52,Returned,Debit Card,2536.18
8649,281,30,2025-08-08 02:20:52,Cancelled,Credit Card,1168.52
8650,124,5,2024-12-28 23:35:13,Returned,Credit Card,1828.0
8651,941,44,2025-11-24 23:31:18,Pending,Cash,1825.11
8652,698,9,2024-10-03 22:01:05,Pending,Credit Card,776.86
8653,993,95,2025-12-26 06:04:25,Completed,Net Banking,2222.65
8654,821,56,2026-04-21 15:35:21,Completed,UPI,1468.79
8655,455,82,2024-07-11 10:32:03,Cancelled,Credit Card,3045.94
8656,721,63,2025-11-21 14:23:48,Completed,Debit Card,1797.05
8657,250,50,2025-11-03 07:50:59,Completed,Credit Card,3198.94
8658,194,68,2025-03-08 00:12:06,Completed,UPI,2063.56
8659,634,34,2025-07-16 01:41:09,Pending,UPI,2992.58
8660,652,37,2025-09-30 10:03:52,Completed,Debit Card,100.84
8661,650,7,2024-11-12 14:48:21,Pending,Net Banking,4754.51
8662,534,56,2026-02-28 20:27:09,Completed,Net Banking,2475.37
8663,580,10,2026-05-05 23:52:47,Cancelled,Credit Card,2753.93
8664,946,71,2024-06-11 06:17:38,Pending,Net Banking,388.6
8665,197,25,2025-05-27 17:40:07,Completed,Cash,3803.31
8666,517,16,2025-09-10 12:45:28,Pending,Cash,1538.52
8667,353,93,2026-05-06 07:40:49,Pending,UPI,1591.79
8668,206,63,2024-07-03 13:40:08,Pending,UPI,3725.01
8669,83,42,2026-03-01 21:16:24,Returned,Net Banking,625.14
8670,923,18,2024-10-19 05:01:30,Pending,Debit Card,119.33
8671,420,14,2024-07-18 17:28:00,Pending,Credit Card,3377.02
8672,519,58,2026-01-08 05:32:40,Pending,Cash,1924.08
8673,265,64,2025-07-28 23:41:28,Cancelled,Cash,1983.08
8674,892,75,2024-09-15 04:05:01,Pending,Cash,2540.86
8675,529,89,2025-05-30 18:25:26,Completed,Net Banking,3788.5
8676,462,65,2025-02-09 16:15:36,Completed,UPI,3624.95
8677,137,19,2025-02-22 10:52:09,Pending,Cash,1957.03
8678,30,5,2025-05-07 05:44:50,Returned,Debit Card,1485.97
8679,164,82,2026-01-19 06:15:13,Returned,UPI,3659.47
8680,327,87,2025-10-26 01:37:10,Cancelled,Debit Card,2745.47
8681,57,31,2024-09-14 06:20:06,Cancelled,Net Banking,4783.14
8682,30,24,2024-06-01 11:41:58,Cancelled,Net Banking,2215.38
8683,533,15,2024-06-29 22:14:13,Completed,Debit Card,1033.76
8684,294,2,2024-06-10 15:07:17,Cancelled,Net Banking,1807.59
8685,433,100,2026-01-31 16:47:55,Completed,UPI,867.76
8686,580,21,2024-06-27 01:33:23,Returned,Debit Card,4456.69
8687,925,56,2025-07-01 22:15:09,Cancelled,Net Banking,4357.26
8688,602,12,2025-08-03 04:40:00,Returned,Debit Card,333.07
8689,424,40,2025-08-25 20:57:39,Completed,Debit Card,3977.54
8690,468,9,2024-11-17 14:43:04,Pending,UPI,1745.04
8691,670,62,2026-04-23 02:07:38,Returned,Cash,2373.53
8692,470,92,2024-06-18 05:53:39,Returned,Credit Card,3102.16
8693,737,83,2024-11-04 14:07:21,Pending,Cash,2558.85
8694,84,18,2025-03-13 06:47:08,Completed,UPI,4298.37
8695,185,32,2026-03-26 02:54:51,Completed,Net Banking,2692.83
8696,335,6,2025-05-09 21:12:05,Pending,Net Banking,1695.33
8697,912,38,2026-01-21 15:45:07,Cancelled,Debit Card,3372.58
8698,837,92,2024-10-16 04:58:42,Cancelled,Net Banking,4394.35
8699,530,78,2025-11-16 20:08:36,Cancelled,UPI,1158.84
8700,147,54,2024-10-17 19:58:11,Completed,Credit Card,952.21
8701,124,9,2025-02-02 00:13:54,Cancelled,UPI,4849.75
8702,604,46,2024-11-03 12:21:14,Cancelled,UPI,2591.42
8703,822,77,2025-05-29 03:12:49,Returned,Credit Card,4722.97
8704,446,64,2024-10-07 05:27:28,Cancelled,Net Banking,3762.05
8705,976,85,2025-08-06 21:16:43,Cancelled,Credit Card,3356.09
8706,561,17,2024-06-27 15:31:51,Pending,Net Banking,3395.15
8707,896,84,2024-07-05 16:15:04,Cancelled,Credit Card,394.25
8708,390,26,2025-06-09 12:52:22,Pending,UPI,142.85
8709,111,45,2025-03-18 01:41:58,Cancelled,UPI,3269.38
8710,736,15,2024-11-22 04:49:07,Cancelled,Debit Card,192.32
8711,407,92,2024-07-27 16:09:34,Cancelled,Credit Card,2931.5
8712,752,47,2025-10-30 05:30:30,Cancelled,UPI,834.02
8713,523,32,2026-01-29 08:27:03,Returned,Credit Card,1956.09
8714,731,2,2024-12-23 09:10:02,Cancelled,UPI,161.09
8715,627,27,2024-10-04 19:45:30,Cancelled,Net Banking,3740.04
8716,517,43,2026-02-03 21:22:39,Completed,Credit Card,3796.51
8717,88,7,2025-06-06 05:21:05,Returned,Debit Card,1875.18
8718,681,23,2024-06-20 23:48:41,Returned,UPI,1425.84
8719,470,77,2026-04-30 16:28:20,Pending,Net Banking,2709.51
8720,399,42,2024-09-03 14:01:54,Returned,Debit Card,758.24
8721,108,82,2026-01-24 00:53:40,Completed,UPI,3538.44
8722,345,1,2025-04-29 11:39:38,Completed,Debit Card,4887.97
8723,13,92,2024-07-17 03:52:15,Pending,Credit Card,3123.01
8724,653,44,2024-11-05 21:29:27,Completed,Credit Card,2175.37
8725,759,45,2025-01-25 18:22:55,Returned,Credit Card,1646.2
8726,89,62,2024-10-23 20:12:57,Cancelled,Net Banking,2837.53
8727,713,81,2024-11-07 04:43:48,Returned,UPI,3396.18
8728,623,99,2026-05-21 02:32:54,Returned,Cash,3019.56
8729,660,35,2024-10-01 00:41:17,Returned,Debit Card,4692.14
8730,539,5,2024-12-16 13:33:07,Cancelled,Net Banking,3933.66
8731,97,53,2025-09-25 21:27:40,Cancelled,UPI,1694.8
8732,51,93,2025-11-21 10:07:45,Returned,Credit Card,4088.34
8733,415,18,2024-10-28 01:46:51,Completed,Cash,262.29
8734,964,33,2025-02-12 03:36:35,Pending,Credit Card,3468.22
8735,983,19,2024-11-30 23:12:33,Completed,UPI,1903.78
8736,851,36,2025-02-17 05:43:59,Pending,Debit Card,667.02
8737,535,41,2025-02-16 03:25:32,Pending,Cash,3380.33
8738,995,76,2025-05-14 18:14:41,Returned,Cash,2606.39
8739,909,18,2025-03-05 15:54:35,Pending,Net Banking,722.82
8740,699,42,2026-05-09 21:33:51,Returned,UPI,4874.56
8741,567,80,2025-08-10 23:47:06,Cancelled,Debit Card,262.05
8742,87,71,2025-02-26 16:29:33,Returned,Cash,832.75
8743,639,62,2024-06-14 20:48:44,Returned,Cash,2054.91
8744,888,32,2025-02-20 00:36:12,Returned,Credit Card,4351.56
8745,941,25,2024-06-06 16:20:22,Pending,Cash,1118.94
8746,701,65,2025-09-20 07:14:01,Cancelled,Net Banking,2441.44
8747,451,45,2025-09-09 19:02:59,Pending,Cash,1852.56
8748,735,52,2024-05-31 16:23:06,Returned,Net Banking,785.1
8749,474,15,2025-07-26 12:38:49,Cancelled,Net Banking,778.15
8750,179,42,2026-02-28 19:02:31,Cancelled,Net Banking,769.23
8751,326,58,2025-09-05 08:30:51,Returned,Credit Card,2910.62
8752,168,44,2024-11-13 07:30:40,Returned,Credit Card,63.19
8753,200,42,2025-04-04 14:36:05,Returned,UPI,495.83
8754,321,69,2026-02-10 20:05:29,Completed,Net Banking,1984.58
8755,289,1,2026-01-13 19:18:34,Returned,Net Banking,2057.74
8756,499,86,2026-01-25 05:46:38,Pending,Cash,3537.95
8757,802,83,2025-12-13 19:04:05,Cancelled,UPI,93.49
8758,169,17,2025-03-25 19:13:06,Cancelled,Cash,2573.26
8759,901,79,2026-05-21 11:51:48,Completed,Cash,4031.56
8760,558,71,2024-09-03 11:00:37,Cancelled,Debit Card,1646.72
8761,181,79,2025-04-03 14:13:07,Cancelled,UPI,2560.62
8762,721,31,2024-12-31 09:05:00,Returned,Net Banking,302.48
8763,109,95,2024-12-25 19:17:03,Returned,Debit Card,3839.13
8764,924,93,2024-08-21 11:38:51,Cancelled,Credit Card,353.53
8765,25,55,2025-11-24 21:13:40,Returned,Debit Card,1126.56
8766,826,66,2025-06-05 11:54:16,Returned,Net Banking,3998.08
8767,8,23,2026-01-07 22:27:12,Cancelled,Debit Card,3610.41
8768,768,9,2025-10-11 08:50:22,Returned,Cash,1968.88
8769,750,78,2025-09-10 09:27:59,Completed,Debit Card,4483.04
8770,260,47,2025-07-30 17:59:18,Returned,Net Banking,3794.97
8771,644,47,2024-07-17 04:19:41,Pending,UPI,1404.04
8772,771,59,2026-02-27 11:29:45,Pending,Cash,1327.09
8773,91,80,2025-09-29 05:57:27,Cancelled,Cash,3464.3
8774,31,8,2025-01-13 06:34:50,Cancelled,UPI,1025.98
8775,855,77,2024-06-22 08:34:04,Completed,Credit Card,2828.41
8776,188,58,2024-12-30 08:16:14,Returned,UPI,3990.48
8777,406,19,2024-08-09 15:56:43,Returned,Cash,476.7
8778,121,6,2025-08-13 20:09:59,Returned,Debit Card,2174.51
8779,550,39,2025-02-21 11:50:06,Pending,UPI,2082.15
8780,152,96,2025-07-07 10:34:45,Cancelled,Debit Card,975.07
8781,251,25,2025-01-07 19:53:49,Pending,Debit Card,2082.3
8782,235,91,2026-04-08 05:49:17,Returned,Cash,591.15
8783,839,59,2026-01-14 02:57:53,Pending,UPI,3256.23
8784,112,26,2025-02-14 03:58:40,Cancelled,Credit Card,2676.37
8785,913,40,2025-04-20 17:12:55,Returned,Credit Card,3450.6
8786,43,4,2024-09-01 15:16:22,Completed,UPI,2974.85
8787,125,2,2025-01-31 20:24:24,Pending,Net Banking,3037.89
8788,929,34,2025-11-16 06:14:08,Cancelled,Net Banking,2196.41
8789,615,6,2025-12-14 23:42:31,Returned,Credit Card,2441.62
8790,273,51,2024-07-09 02:34:59,Pending,Debit Card,4136.74
8791,47,2,2024-07-26 06:15:33,Pending,Net Banking,425.5
8792,2,94,2024-12-09 13:58:54,Completed,Credit Card,4593.02
8793,254,85,2025-02-20 05:09:48,Completed,UPI,1031.98
8794,595,64,2024-09-08 19:20:45,Cancelled,Debit Card,4295.72
8795,226,45,2026-01-27 04:09:52,Pending,UPI,2218.35
8796,542,57,2025-10-22 18:08:02,Completed,Net Banking,2269.43
8797,173,59,2025-11-20 13:46:12,Cancelled,UPI,2262.26
8798,388,45,2025-03-27 13:19:13,Cancelled,Debit Card,3880.5
8799,345,25,2025-04-19 17:16:01,Returned,UPI,473.2
8800,733,19,2025-08-09 22:22:35,Pending,Credit Card,4166.31
8801,868,67,2025-02-20 03:22:21,Completed,Debit Card,4509.79
8802,275,70,2026-05-10 22:44:25,Cancelled,Debit Card,956.75
8803,12,44,2024-09-01 22:15:29,Returned,Net Banking,3350.18
8804,440,52,2026-03-17 10:51:48,Completed,Credit Card,1695.89
8805,180,40,2025-03-04 05:56:28,Returned,Cash,2022.67
8806,462,47,2025-01-31 22:33:29,Pending,Credit Card,128.18
8807,928,53,2025-01-06 17:27:53,Pending,Net Banking,1897.9
8808,384,81,2024-12-25 12:33:09,Pending,Net Banking,4472.56
8809,110,35,2024-06-05 05:14:03,Pending,Credit Card,2699.32
8810,861,58,2024-08-20 19:40:04,Returned,Cash,1402.97
8811,213,90,2026-05-05 01:06:59,Completed,Cash,178.49
8812,578,30,2024-12-08 18:37:13,Cancelled,Net Banking,2050.62
8813,614,3,2026-01-25 22:02:58,Cancelled,Debit Card,35.86
8814,516,79,2024-07-18 16:53:59,Cancelled,Debit Card,2596.03
8815,533,22,2024-06-08 20:49:06,Completed,Net Banking,165.57
8816,648,94,2026-02-14 06:25:07,Completed,Debit Card,2929.65
8817,54,10,2025-01-18 02:04:08,Completed,Net Banking,2561.62
8818,330,98,2026-04-25 08:01:15,Returned,UPI,3248.84
8819,510,36,2025-04-17 01:58:11,Completed,Cash,1923.72
8820,595,55,2024-06-13 00:15:06,Cancelled,Net Banking,2071.03
8821,710,4,2026-03-18 14:41:21,Completed,Cash,3436.59
8822,386,58,2024-09-19 09:24:37,Pending,Credit Card,4182.21
8823,65,26,2025-09-04 12:53:45,Cancelled,Cash,3294.23
8824,391,48,2025-08-09 11:42:58,Returned,Net Banking,3314.82
8825,273,48,2024-07-04 21:18:25,Pending,Credit Card,634.54
8826,998,38,2024-06-15 20:38:21,Cancelled,UPI,1958.89
8827,754,53,2025-02-05 05:18:17,Returned,Net Banking,519.34
8828,521,56,2025-04-21 17:04:20,Cancelled,Cash,2588.05
8829,385,83,2025-09-26 22:29:53,Completed,Debit Card,3976.67
8830,312,85,2025-07-26 17:05:45,Completed,Debit Card,3552.86
8831,789,13,2025-11-27 01:59:08,Cancelled,UPI,2774.73
8832,601,60,2025-03-26 22:53:44,Cancelled,Net Banking,2940.87
8833,641,44,2024-07-02 20:22:29,Completed,Net Banking,1727.85
8834,222,91,2025-02-12 10:18:08,Completed,Credit Card,4653.67
8835,821,24,2026-01-18 21:29:50,Completed,Debit Card,3209.86
8836,983,18,2026-01-19 08:00:33,Completed,UPI,4079.97
8837,626,73,2025-10-02 03:00:52,Returned,Credit Card,3949.62
8838,334,79,2026-02-08 00:01:18,Returned,UPI,4494.76
8839,714,44,2025-11-20 22:42:48,Cancelled,Credit Card,3578.53
8840,892,17,2024-12-20 03:50:23,Cancelled,Debit Card,4333.37
8841,197,10,2026-03-13 02:49:50,Cancelled,Debit Card,4596.02
8842,179,25,2026-05-19 23:04:02,Pending,Net Banking,2513.78
8843,486,12,2026-01-07 02:56:27,Cancelled,Net Banking,684.04
8844,262,98,2025-10-29 06:30:48,Cancelled,UPI,2001.52
8845,849,1,2025-10-05 07:51:36,Returned,Cash,2022.62
8846,146,11,2026-04-29 02:52:51,Pending,Credit Card,4042.95
8847,819,65,2025-08-03 16:42:20,Cancelled,Cash,4625.62
8848,773,4,2025-02-26 02:24:52,Returned,Net Banking,1936.22
8849,685,36,2024-10-25 13:16:07,Completed,Cash,3623.02
8850,638,24,2025-08-27 10:10:34,Cancelled,Credit Card,3470.96
8851,417,88,2025-12-16 17:17:20,Completed,Net Banking,532.37
8852,609,64,2025-04-07 06:50:00,Completed,Debit Card,2895.24
8853,472,50,2026-01-05 08:45:30,Returned,Cash,1985.09
8854,597,75,2026-01-14 02:01:59,Returned,Debit Card,1816.06
8855,563,56,2025-04-30 18:18:34,Cancelled,Debit Card,275.21
8856,794,2,2025-11-27 02:31:26,Pending,Debit Card,4237.99
8857,390,43,2026-02-02 16:21:47,Pending,Net Banking,4794.73
8858,928,63,2024-09-04 08:26:04,Completed,Debit Card,3422.44
8859,54,92,2025-09-20 03:51:45,Pending,UPI,4449.86
8860,44,60,2025-12-07 20:51:53,Completed,Net Banking,810.35
8861,734,55,2024-09-24 20:16:40,Pending,Credit Card,764.7
8862,870,55,2024-12-21 23:48:32,Pending,Cash,4612.9
8863,35,87,2025-05-22 13:45:38,Pending,Net Banking,2308.3
8864,213,64,2025-12-16 12:07:53,Completed,Net Banking,2892.48
8865,865,98,2025-10-26 22:00:03,Cancelled,Cash,1566.0
8866,596,8,2026-03-29 19:33:31,Completed,UPI,1256.81
8867,642,38,2025-01-22 00:10:00,Pending,Cash,1891.0
8868,537,65,2024-06-14 23:09:56,Pending,Debit Card,4964.33
8869,230,86,2024-07-11 21:42:03,Cancelled,Cash,3551.82
8870,779,75,2025-02-23 08:54:31,Pending,Credit Card,3878.93
8871,601,92,2024-09-25 06:52:57,Returned,UPI,3054.52
8872,945,45,2025-07-22 06:34:32,Cancelled,Cash,3194.14
8873,846,54,2025-04-17 18:35:46,Pending,Net Banking,1434.88
8874,472,4,2024-06-22 01:35:47,Cancelled,UPI,477.51
8875,966,49,2025-08-20 14:25:35,Cancelled,UPI,3763.11
8876,843,41,2024-09-25 22:40:39,Pending,Cash,2005.71
8877,415,48,2025-06-02 06:10:10,Cancelled,Net Banking,3768.1
8878,721,94,2024-10-13 01:05:36,Pending,UPI,4022.95
8879,112,10,2025-06-11 22:59:54,Completed,UPI,3692.38
8880,422,29,2024-12-25 17:00:18,Completed,Credit Card,4447.71
8881,551,18,2025-01-31 04:42:32,Completed,Debit Card,4847.4
8882,121,20,2026-03-21 00:00:25,Cancelled,Cash,3988.05
8883,12,78,2025-08-03 08:02:54,Completed,Net Banking,2375.16
8884,582,72,2025-11-14 15:11:47,Pending,Net Banking,2619.9
8885,76,46,2024-06-10 00:17:41,Returned,Debit Card,1893.1
8886,693,61,2025-02-13 14:47:19,Returned,Credit Card,3954.38
8887,747,53,2024-12-04 14:41:31,Pending,UPI,2460.52
8888,791,4,2025-03-23 14:02:55,Returned,Credit Card,4384.54
8889,948,59,2025-08-26 01:08:50,Completed,Cash,1250.17
8890,75,97,2025-06-17 20:12:12,Returned,UPI,437.5
8891,105,76,2025-05-02 09:45:35,Returned,Net Banking,3831.3
8892,803,68,2024-06-14 22:08:47,Pending,Net Banking,3476.53
8893,573,97,2024-09-24 13:50:25,Returned,Credit Card,1911.48
8894,78,96,2026-04-29 16:41:27,Pending,UPI,2027.1
8895,274,26,2026-01-06 00:20:49,Cancelled,UPI,1631.31
8896,613,12,2025-07-05 05:07:59,Pending,Credit Card,65.22
8897,297,57,2024-05-27 20:35:04,Cancelled,Debit Card,4526.86
8898,543,14,2025-12-27 11:28:44,Pending,Cash,39.74
8899,994,6,2025-07-05 11:53:54,Cancelled,UPI,986.21
8900,768,68,2025-01-19 16:18:04,Returned,Cash,1587.6
8901,179,7,2025-04-14 08:04:01,Pending,Net Banking,3183.57
8902,771,12,2024-07-05 22:49:15,Cancelled,Cash,1140.96
8903,751,9,2025-06-11 19:38:39,Returned,UPI,152.33
8904,675,77,2024-06-27 21:00:24,Pending,UPI,2937.16
8905,448,48,2024-11-20 03:31:54,Returned,Net Banking,700.07
8906,692,38,2025-12-15 07:43:24,Completed,Debit Card,2524.78
8907,934,40,2026-04-24 03:44:58,Cancelled,Net Banking,2935.14
8908,561,30,2024-10-28 00:04:02,Cancelled,Cash,3561.09
8909,479,97,2026-01-30 03:38:23,Pending,Credit Card,3130.82
8910,486,94,2025-06-19 11:57:52,Returned,Cash,3492.99
8911,422,84,2025-11-13 06:20:07,Returned,Net Banking,4698.38
8912,588,71,2024-07-19 22:45:32,Returned,Credit Card,1954.92
8913,864,83,2025-10-23 15:54:46,Cancelled,Credit Card,1785.8
8914,61,13,2025-10-27 13:10:03,Completed,Debit Card,4664.31
8915,870,70,2025-05-04 20:49:32,Completed,Debit Card,3262.88
8916,890,83,2024-12-19 05:54:15,Completed,Net Banking,3110.68
8917,767,38,2026-04-19 14:43:28,Completed,Cash,391.09
8918,328,95,2025-02-10 16:40:10,Completed,Net Banking,417.05
8919,962,66,2025-09-03 06:50:27,Pending,Debit Card,4415.89
8920,661,83,2026-03-09 19:40:26,Completed,Debit Card,467.25
8921,899,54,2025-06-26 22:10:35,Returned,Credit Card,579.23
8922,721,40,2024-11-13 18:09:27,Completed,Debit Card,4306.22
8923,1,94,2024-06-04 17:03:25,Pending,Cash,1613.79
8924,839,58,2025-01-23 01:51:00,Pending,Credit Card,2352.09
8925,416,7,2024-10-21 16:05:28,Cancelled,Cash,4981.5
8926,704,42,2025-03-23 18:42:44,Completed,Net Banking,1197.81
8927,762,60,2024-07-10 04:24:47,Cancelled,Cash,4493.52
8928,905,24,2025-05-27 21:33:06,Returned,Credit Card,1206.83
8929,426,9,2025-05-14 10:07:34,Completed,Cash,230.16
8930,755,39,2025-03-01 21:11:55,Cancelled,Debit Card,3712.75
8931,983,84,2024-08-12 07:55:40,Returned,Net Banking,3897.59
8932,760,20,2024-06-16 15:10:21,Pending,Net Banking,1877.44
8933,277,49,2025-12-05 23:47:47,Pending,Cash,3891.0
8934,156,63,2025-04-19 16:42:21,Pending,Net Banking,1622.99
8935,520,68,2024-07-29 10:27:55,Cancelled,UPI,494.86
8936,926,22,2026-05-26 06:03:02,Completed,Net Banking,2187.95
8937,979,77,2024-11-28 09:37:49,Completed,Debit Card,1843.06
8938,728,49,2024-06-08 10:46:50,Pending,Cash,1448.76
8939,663,5,2024-10-18 21:33:12,Returned,Debit Card,1635.06
8940,892,6,2025-03-09 13:20:40,Returned,Credit Card,4362.34
8941,686,92,2024-06-08 08:43:18,Pending,Net Banking,2183.22
8942,833,96,2024-12-30 09:52:11,Cancelled,Cash,3919.88
8943,673,76,2025-09-28 14:51:07,Cancelled,Cash,2604.88
8944,321,97,2025-04-01 21:36:14,Completed,Cash,3699.91
8945,593,22,2025-11-19 07:02:31,Cancelled,Net Banking,1037.49
8946,394,85,2026-05-05 12:36:26,Completed,Credit Card,3940.08
8947,888,40,2025-10-29 19:23:52,Completed,UPI,4413.02
8948,784,76,2026-04-22 08:35:27,Cancelled,Cash,3878.55
8949,889,11,2024-10-25 21:04:04,Completed,Debit Card,2053.46
8950,243,31,2024-09-07 15:43:08,Completed,Cash,3708.7
8951,878,69,2026-01-26 10:02:21,Cancelled,UPI,1041.19
8952,198,16,2025-04-28 10:39:54,Cancelled,Cash,3997.34
8953,774,15,2026-03-14 08:26:58,Completed,UPI,1845.36
8954,440,62,2026-01-22 09:08:07,Returned,Cash,1549.64
8955,454,97,2025-06-15 23:20:05,Completed,Credit Card,4524.83
8956,672,52,2026-01-19 02:16:36,Pending,UPI,2840.52
8957,907,84,2025-04-02 13:05:09,Cancelled,Net Banking,2329.5
8958,160,22,2025-06-11 16:44:18,Returned,Debit Card,4214.3
8959,820,1,2026-05-02 19:32:28,Completed,Cash,1955.0
8960,814,19,2024-10-27 16:44:48,Returned,Credit Card,3133.27
8961,142,22,2024-09-22 14:09:17,Pending,Credit Card,955.99
8962,981,25,2024-09-14 03:48:16,Returned,Credit Card,1544.79
8963,803,98,2024-09-17 01:49:35,Returned,Debit Card,1362.0
8964,490,100,2025-08-24 19:50:22,Completed,UPI,4829.82
8965,237,30,2024-05-27 07:44:42,Completed,Cash,3045.39
8966,850,8,2025-07-28 13:50:24,Completed,Net Banking,1641.45
8967,875,32,2024-06-17 05:20:08,Returned,UPI,645.73
8968,618,3,2025-05-27 14:33:44,Completed,Cash,4839.16
8969,667,77,2026-04-19 03:22:17,Pending,Debit Card,2337.91
8970,388,8,2024-09-16 22:52:17,Cancelled,Cash,1878.66
8971,324,6,2024-06-06 19:38:11,Pending,Debit Card,921.3
8972,465,24,2026-05-13 06:28:44,Pending,UPI,1456.13
8973,74,65,2026-04-03 10:03:25,Pending,Debit Card,1319.19
8974,181,66,2025-08-22 06:06:11,Completed,UPI,2368.92
8975,179,84,2025-12-26 12:20:16,Cancelled,Credit Card,3409.68
8976,76,2,2025-05-04 15:45:09,Completed,Debit Card,3598.21
8977,814,2,2024-07-19 08:33:45,Pending,UPI,3638.59
8978,441,16,2024-11-11 23:57:28,Pending,Credit Card,3028.74
8979,737,73,2024-10-28 22:20:50,Cancelled,Net Banking,2612.72
8980,514,47,2024-12-01 20:24:58,Completed,Cash,3914.03
8981,202,34,2025-07-21 11:26:28,Pending,Debit Card,4705.14
8982,674,74,2025-10-27 20:38:05,Completed,Credit Card,2888.16
8983,928,89,2025-12-10 10:26:38,Returned,Cash,154.87
8984,124,76,2024-06-13 07:27:26,Returned,Net Banking,3812.36
8985,743,33,2024-12-17 20:04:50,Completed,Net Banking,2642.53
8986,398,42,2024-07-21 11:59:49,Pending,UPI,72.6
8987,590,59,2026-01-29 10:25:51,Cancelled,UPI,1743.44
8988,115,11,2024-11-27 21:20:02,Returned,UPI,786.17
8989,802,91,2025-08-30 02:23:31,Pending,Debit Card,350.7
8990,774,11,2025-06-24 00:39:07,Pending,Debit Card,1610.37
8991,21,92,2024-10-08 23:46:37,Completed,Credit Card,1920.42
8992,129,23,2024-05-31 04:25:58,Completed,Cash,3125.56
8993,514,35,2025-01-26 11:58:04,Returned,Net Banking,4480.95
8994,70,69,2025-07-04 02:01:50,Pending,Net Banking,2755.01
8995,745,36,2025-04-26 00:49:16,Returned,Credit Card,2661.16
8996,546,27,2024-08-11 22:18:28,Pending,UPI,1647.92
8997,668,86,2025-01-10 16:33:11,Completed,Debit Card,4286.71
8998,837,78,2024-08-06 10:08:59,Completed,Net Banking,1559.59
8999,23,26,2024-09-21 00:32:11,Cancelled,Cash,3581.49
9000,241,9,2025-08-06 05:32:26,Pending,Net Banking,1866.87
9001,106,59,2024-10-14 21:05:24,Completed,Net Banking,1178.37
9002,901,9,2024-06-02 14:04:11,Pending,Cash,2856.38
9003,752,8,2025-01-20 14:19:59,Pending,Credit Card,4275.17
9004,175,69,2024-09-20 18:01:53,Completed,UPI,3183.08
9005,251,75,2024-06-27 10:16:06,Returned,Cash,2862.87
9006,672,19,2025-07-15 04:54:45,Cancelled,Debit Card,4797.39
9007,792,25,2026-03-17 21:04:11,Returned,Debit Card,626.14
9008,660,94,2025-05-04 06:23:56,Returned,Net Banking,3302.37
9009,417,20,2025-08-05 09:09:51,Completed,Net Banking,2871.39
9010,509,91,2024-11-18 07:46:10,Returned,Net Banking,3666.21
9011,903,53,2024-06-28 16:51:25,Returned,Net Banking,4865.83
9012,672,70,2026-01-18 09:09:10,Completed,Credit Card,1288.31
9013,898,23,2026-03-31 20:03:00,Pending,UPI,1862.62
9014,984,50,2024-10-02 05:15:21,Pending,UPI,2541.22
9015,868,82,2025-11-18 19:05:05,Returned,Credit Card,4918.53
9016,151,58,2024-07-24 00:47:48,Pending,Cash,800.59
9017,923,23,2026-04-07 05:09:08,Completed,Cash,2286.23
9018,277,91,2024-12-28 23:46:56,Completed,UPI,4722.64
9019,70,37,2025-05-04 23:02:44,Returned,Net Banking,3108.53
9020,671,1,2024-08-15 06:55:29,Pending,Credit Card,2591.04
9021,844,20,2026-02-10 11:47:24,Cancelled,Credit Card,2457.32
9022,804,62,2026-02-22 19:27:03,Returned,Cash,4312.74
9023,125,82,2025-06-20 12:17:29,Completed,Credit Card,525.67
9024,806,43,2025-07-22 23:52:16,Returned,Debit Card,1452.88
9025,183,52,2026-01-22 00:56:47,Cancelled,Cash,682.59
9026,390,66,2024-11-02 06:33:31,Returned,Cash,39.7
9027,85,31,2024-11-13 01:46:49,Returned,UPI,666.61
9028,976,68,2025-08-18 14:18:46,Pending,Net Banking,461.21
9029,236,76,2024-12-01 09:37:02,Cancelled,Debit Card,1919.29
9030,59,80,2025-12-31 03:50:51,Pending,Net Banking,3986.48
9031,795,17,2025-07-17 03:27:08,Completed,UPI,4575.42
9032,880,85,2026-02-26 12:34:57,Cancelled,Debit Card,746.68
9033,367,76,2026-02-09 20:50:52,Pending,Credit Card,2567.78
9034,681,4,2025-11-04 01:15:05,Cancelled,Credit Card,4817.48
9035,419,51,2025-06-16 14:41:43,Pending,Net Banking,2527.0
9036,761,95,2024-10-13 21:59:40,Cancelled,Debit Card,268.17
9037,216,54,2024-12-16 17:25:53,Cancelled,Debit Card,4440.2
9038,588,69,2024-08-04 19:05:06,Pending,Net Banking,4116.28
9039,250,11,2025-12-25 13:03:43,Cancelled,Net Banking,4059.42
9040,958,78,2026-04-18 20:13:21,Cancelled,Net Banking,4360.48
9041,452,28,2025-06-14 23:34:35,Returned,Credit Card,1260.24
9042,331,88,2024-12-27 04:38:17,Completed,UPI,2083.37
9043,981,5,2025-04-15 20:48:14,Completed,UPI,1021.4
9044,742,72,2024-07-16 02:24:29,Pending,Debit Card,1275.64
9045,647,84,2025-08-12 04:00:45,Completed,Cash,932.16
9046,463,50,2025-06-10 13:01:43,Completed,Cash,2378.74
9047,853,33,2025-08-28 03:34:29,Cancelled,Cash,2714.73
9048,929,33,2025-05-14 20:43:23,Pending,Cash,2896.86
9049,960,87,2026-03-18 17:25:13,Completed,Debit Card,1232.99
9050,213,42,2024-08-28 13:23:09,Pending,Credit Card,3424.16
9051,553,72,2025-11-26 15:34:03,Cancelled,Net Banking,2078.36
9052,12,89,2026-04-25 16:51:20,Returned,Debit Card,4251.38
9053,40,47,2025-01-19 11:44:19,Completed,UPI,478.45
9054,183,77,2025-08-20 17:55:16,Returned,Credit Card,835.89
9055,777,35,2024-09-18 16:30:15,Pending,UPI,1098.09
9056,359,82,2025-03-26 21:32:24,Completed,Net Banking,2934.75
9057,5,49,2024-08-29 02:48:51,Returned,Net Banking,842.68
9058,664,41,2026-01-23 18:08:16,Cancelled,Cash,1774.24
9059,62,41,2025-03-24 09:59:23,Returned,Cash,836.37
9060,232,80,2024-06-17 06:41:18,Pending,Credit Card,3377.01
9061,240,85,2025-11-04 00:14:02,Completed,Cash,497.46
9062,59,80,2025-11-04 05:20:41,Pending,Net Banking,512.52
9063,243,34,2025-01-24 23:19:15,Returned,Cash,3306.14
9064,939,66,2025-09-03 14:22:30,Cancelled,Credit Card,3170.35
9065,98,24,2024-09-01 13:26:50,Cancelled,Debit Card,2984.88
9066,181,8,2026-04-26 03:53:23,Completed,UPI,961.7
9067,363,42,2024-10-07 19:08:55,Returned,UPI,926.87
9068,711,51,2024-06-25 18:28:39,Pending,Credit Card,3033.49
9069,62,23,2025-06-03 09:23:29,Returned,Cash,799.05
9070,451,12,2025-06-14 04:50:21,Completed,Credit Card,1321.56
9071,666,84,2024-07-04 07:22:43,Pending,Net Banking,3183.31
9072,94,97,2026-05-01 09:48:20,Completed,Credit Card,668.85
9073,533,9,2024-12-06 17:06:20,Cancelled,Credit Card,2103.22
9074,522,61,2026-03-10 16:19:32,Pending,UPI,2497.17
9075,534,29,2024-06-07 02:08:13,Cancelled,UPI,4820.68
9076,454,24,2025-11-03 13:29:25,Completed,UPI,3223.85
9077,619,57,2025-01-23 01:04:29,Returned,Debit Card,2763.54
9078,24,100,2025-10-16 21:53:15,Pending,Debit Card,1275.34
9079,618,63,2024-05-29 17:14:21,Pending,Cash,964.39
9080,595,7,2025-05-03 19:26:12,Returned,Net Banking,4115.19
9081,120,4,2024-10-23 13:49:04,Completed,Net Banking,2444.91
9082,780,51,2026-02-02 17:15:32,Pending,UPI,4574.06
9083,762,97,2026-03-23 19:32:00,Completed,Debit Card,1140.03
9084,487,66,2025-06-02 19:48:47,Cancelled,Cash,4629.28
9085,61,15,2024-12-05 11:34:37,Pending,Credit Card,3727.65
9086,417,25,2025-09-05 10:03:17,Pending,Credit Card,644.82
9087,736,32,2025-03-16 00:24:15,Cancelled,UPI,3971.24
9088,997,86,2025-03-01 17:35:41,Pending,Debit Card,4315.0
9089,762,96,2025-06-29 22:27:46,Completed,Debit Card,855.98
9090,423,20,2026-02-12 09:53:24,Returned,UPI,916.4
9091,884,2,2026-03-09 07:39:20,Cancelled,Credit Card,4934.53
9092,411,21,2025-11-03 05:27:09,Completed,UPI,3173.05
9093,221,95,2024-10-25 08:41:10,Cancelled,Credit Card,2600.63
9094,172,41,2025-04-21 00:32:40,Pending,Cash,2313.18
9095,564,38,2025-08-13 03:12:38,Returned,Credit Card,745.91
9096,702,51,2025-01-31 09:40:23,Completed,Credit Card,2452.25
9097,117,53,2026-05-22 23:08:25,Returned,Net Banking,3828.64
9098,306,3,2024-08-18 22:28:36,Cancelled,Debit Card,2593.4
9099,960,84,2025-07-05 15:58:46,Completed,UPI,3586.22
9100,704,68,2024-06-27 10:49:39,Returned,Credit Card,1007.45
9101,756,58,2024-07-26 19:49:23,Completed,Debit Card,506.59
9102,188,80,2025-09-09 07:50:42,Returned,Debit Card,4269.35
9103,534,78,2025-03-10 14:50:48,Pending,Net Banking,1692.64
9104,42,87,2024-12-18 06:12:01,Pending,Debit Card,4872.33
9105,70,24,2026-01-27 00:21:02,Completed,Cash,3321.99
9106,903,63,2025-01-19 13:28:59,Cancelled,Debit Card,635.9
9107,345,27,2024-06-01 13:32:15,Pending,Cash,3335.97
9108,46,96,2025-12-12 19:59:56,Cancelled,Cash,301.89
9109,59,82,2024-09-15 02:48:46,Returned,Cash,1930.29
9110,880,72,2025-06-07 13:49:51,Cancelled,UPI,2438.78
9111,921,3,2025-07-03 20:59:25,Returned,Credit Card,3751.62
9112,978,46,2024-12-11 12:32:33,Cancelled,UPI,3126.52
9113,152,28,2025-10-05 17:12:29,Pending,UPI,4835.21
9114,507,43,2024-09-15 22:27:28,Pending,Credit Card,261.77
9115,422,73,2026-02-23 13:07:43,Returned,Net Banking,1436.27
9116,380,25,2026-05-03 08:07:39,Pending,UPI,2398.38
9117,560,3,2025-06-06 03:40:32,Completed,Credit Card,1238.98
9118,874,45,2026-02-18 02:12:13,Returned,Debit Card,695.7
9119,27,86,2026-04-01 05:01:51,Pending,UPI,2631.87
9120,437,47,2025-09-09 02:17:22,Returned,Cash,4197.85
9121,662,83,2024-06-08 07:03:19,Completed,Debit Card,819.45
9122,925,48,2026-01-11 12:20:54,Pending,Debit Card,222.85
9123,709,93,2025-06-16 15:37:10,Cancelled,Net Banking,3742.87
9124,122,72,2025-02-28 10:56:58,Cancelled,Debit Card,3523.6
9125,279,85,2024-08-05 14:21:37,Pending,Cash,2084.79
9126,128,61,2026-04-02 11:20:03,Pending,Debit Card,642.58
9127,346,65,2025-12-17 02:10:39,Returned,Cash,3076.66
9128,457,51,2025-08-04 02:06:52,Cancelled,UPI,933.74
9129,898,41,2026-03-07 17:14:47,Cancelled,UPI,1870.09
9130,345,59,2024-09-26 12:02:46,Pending,Credit Card,118.0
9131,532,41,2025-09-02 16:23:40,Completed,Debit Card,3414.23
9132,875,81,2025-12-02 13:53:44,Completed,Debit Card,2811.86
9133,9,41,2026-03-26 05:25:32,Completed,Net Banking,3026.83
9134,702,92,2025-07-02 03:50:31,Pending,UPI,3934.67
9135,134,78,2024-07-18 06:55:57,Pending,Net Banking,278.03
9136,235,10,2024-11-23 20:53:08,Cancelled,Cash,1152.0
9137,930,39,2025-08-10 11:11:44,Completed,UPI,2074.16
9138,175,95,2024-08-17 01:02:54,Pending,Net Banking,347.88
9139,15,95,2024-09-06 20:43:24,Cancelled,Net Banking,3915.11
9140,365,53,2025-12-14 08:20:33,Pending,Cash,4391.77
9141,606,46,2025-12-10 06:16:14,Returned,UPI,367.36
9142,954,32,2024-08-29 07:48:17,Completed,Debit Card,3916.11
9143,172,87,2025-01-29 18:09:26,Pending,Net Banking,2203.76
9144,180,66,2024-10-11 12:48:12,Pending,Credit Card,1074.75
9145,578,52,2026-02-27 03:23:24,Returned,Net Banking,572.65
9146,208,16,2024-09-22 08:10:48,Returned,Credit Card,2246.81
9147,939,87,2024-11-09 15:43:25,Cancelled,UPI,2179.71
9148,718,64,2026-02-07 20:40:15,Returned,UPI,1880.09
9149,535,27,2025-03-25 10:17:35,Cancelled,Debit Card,1892.03
9150,82,4,2024-09-06 11:59:37,Returned,Net Banking,42.62
9151,168,97,2025-03-11 16:38:04,Returned,Net Banking,1044.42
9152,942,18,2026-04-23 14:21:34,Returned,Net Banking,3167.86
9153,992,5,2024-09-04 12:15:33,Returned,Cash,4055.44
9154,933,61,2025-11-21 04:00:51,Cancelled,Debit Card,986.08
9155,56,56,2026-05-07 15:04:26,Returned,Debit Card,2861.91
9156,383,66,2026-03-19 12:35:58,Completed,Net Banking,4556.38
9157,209,35,2025-02-19 20:20:05,Returned,UPI,4343.13
9158,357,44,2026-02-09 07:53:39,Pending,Net Banking,2113.54
9159,186,12,2025-05-23 02:16:54,Pending,Credit Card,160.39
9160,913,7,2025-01-06 12:38:24,Completed,Cash,2268.33
9161,723,12,2025-11-04 08:42:21,Cancelled,UPI,3020.29
9162,810,78,2026-04-23 09:01:32,Completed,Net Banking,4141.29
9163,2,31,2024-11-28 05:51:46,Returned,Credit Card,3935.01
9164,618,28,2025-05-04 13:31:17,Cancelled,Debit Card,4154.61
9165,474,55,2025-11-03 22:16:09,Cancelled,Cash,2974.31
9166,302,47,2025-12-27 22:41:41,Pending,UPI,1512.39
9167,697,33,2024-10-03 04:26:23,Returned,Credit Card,2898.22
9168,259,19,2025-01-12 10:25:10,Completed,Credit Card,3687.09
9169,45,38,2025-09-07 19:29:25,Returned,Cash,147.25
9170,334,79,2025-05-08 16:43:30,Returned,Net Banking,780.53
9171,286,97,2025-09-01 12:14:01,Returned,Net Banking,438.96
9172,333,27,2024-11-18 08:34:06,Pending,UPI,2282.62
9173,682,74,2024-08-08 13:05:01,Returned,Debit Card,4780.22
9174,672,99,2025-04-23 10:24:25,Returned,Net Banking,1134.38
9175,661,79,2026-05-26 03:25:34,Returned,Debit Card,1596.62
9176,475,39,2026-03-23 08:46:50,Completed,Cash,714.6
9177,65,9,2025-09-09 01:29:08,Returned,Cash,2271.11
9178,451,29,2025-07-16 09:07:34,Returned,Net Banking,4969.61
9179,338,22,2025-01-07 20:54:35,Returned,Credit Card,3071.19
9180,279,64,2025-04-19 18:46:58,Completed,Credit Card,2139.92
9181,530,63,2025-03-01 11:18:15,Cancelled,Net Banking,2091.47
9182,942,57,2026-02-24 15:35:04,Completed,UPI,4484.96
9183,593,1,2025-07-31 15:33:11,Cancelled,Credit Card,492.83
9184,105,72,2024-12-27 22:30:25,Returned,Debit Card,2389.12
9185,684,43,2025-06-26 11:17:54,Pending,Cash,2006.96
9186,383,54,2025-11-01 09:30:40,Pending,Cash,3780.09
9187,615,43,2026-01-14 21:54:11,Returned,UPI,3738.48
9188,19,42,2024-09-20 15:19:14,Completed,Cash,3909.92
9189,140,27,2025-11-05 22:16:23,Cancelled,UPI,4397.21
9190,404,80,2026-01-11 16:21:23,Returned,Credit Card,388.02
9191,772,94,2026-04-21 12:38:33,Pending,Credit Card,1495.05
9192,880,24,2024-11-30 12:40:17,Returned,Net Banking,1539.76
9193,685,40,2025-01-25 20:18:31,Returned,Credit Card,1644.5
9194,421,66,2026-04-18 13:31:00,Returned,UPI,1219.68
9195,440,65,2025-05-30 18:13:29,Pending,Credit Card,1533.93
9196,194,58,2025-12-09 02:10:42,Cancelled,Cash,2341.83
9197,848,19,2025-10-06 00:31:41,Returned,Cash,915.21
9198,225,44,2025-07-31 04:06:07,Cancelled,Credit Card,3660.16
9199,378,44,2025-10-13 00:41:53,Completed,Credit Card,4114.42
9200,538,78,2026-03-11 02:28:37,Pending,Net Banking,3855.65
9201,831,97,2025-10-19 02:46:54,Cancelled,UPI,3784.58
9202,503,49,2025-06-18 06:11:32,Pending,Net Banking,1273.84
9203,125,41,2025-05-23 04:41:24,Returned,Cash,3008.77
9204,533,33,2026-01-17 09:29:10,Cancelled,Debit Card,4367.02
9205,928,51,2024-09-06 16:19:08,Returned,Net Banking,3225.33
9206,602,95,2024-08-09 13:52:15,Pending,Cash,4392.66
9207,776,11,2025-10-16 16:57:12,Pending,Debit Card,3857.1
9208,997,15,2025-01-23 03:18:35,Cancelled,Credit Card,2964.26
9209,740,93,2025-07-27 06:45:12,Pending,Credit Card,3508.53
9210,762,37,2024-08-05 16:25:13,Completed,Debit Card,4042.89
9211,354,73,2024-05-30 11:48:44,Pending,Debit Card,4931.77
9212,617,96,2025-05-25 19:34:35,Completed,UPI,292.07
9213,98,2,2025-06-06 18:02:04,Cancelled,Cash,336.94
9214,609,86,2024-09-15 01:39:29,Cancelled,Cash,1599.02
9215,716,94,2025-03-31 21:58:01,Cancelled,Credit Card,1832.37
9216,4,69,2024-10-16 00:33:17,Cancelled,Net Banking,2229.6
9217,116,91,2024-08-01 22:02:39,Cancelled,Net Banking,3619.14
9218,1,23,2025-10-22 13:18:25,Completed,Debit Card,245.39
9219,890,12,2025-05-31 07:17:44,Pending,Debit Card,886.17
9220,581,73,2026-03-28 23:09:31,Cancelled,Cash,1677.52
9221,641,75,2024-07-11 20:45:11,Completed,Debit Card,885.32
9222,677,72,2024-07-02 11:48:31,Cancelled,Credit Card,3171.85
9223,451,92,2024-06-20 21:01:37,Returned,Cash,4822.43
9224,231,53,2025-04-30 09:29:06,Cancelled,Net Banking,3150.18
9225,861,98,2025-04-23 17:02:31,Pending,Debit Card,4355.62
9226,484,91,2025-01-19 20:55:18,Cancelled,Credit Card,3917.17
9227,691,31,2025-03-04 05:48:38,Completed,Cash,3567.23
9228,929,90,2024-08-12 19:38:36,Pending,UPI,2698.6
9229,412,52,2024-06-03 01:53:58,Returned,Debit Card,3813.35
9230,351,78,2025-10-20 15:12:24,Completed,Cash,1118.18
9231,757,83,2026-03-21 11:58:28,Returned,Credit Card,1460.27
9232,480,56,2025-07-11 06:58:27,Cancelled,Credit Card,4001.94
9233,972,8,2025-10-17 22:00:12,Returned,Debit Card,4278.3
9234,638,32,2025-02-22 03:04:40,Returned,Credit Card,2583.45
9235,5,9,2026-01-09 00:48:32,Pending,UPI,3751.11
9236,787,38,2024-06-28 16:31:00,Pending,Cash,680.93
9237,152,23,2024-08-01 03:08:02,Completed,Debit Card,2473.22
9238,906,30,2025-04-14 12:16:25,Pending,Net Banking,4592.45
9239,193,52,2024-11-22 07:08:38,Completed,Cash,1833.44
9240,901,89,2025-01-05 15:22:10,Completed,Net Banking,2616.48
9241,455,81,2025-12-20 11:26:49,Pending,Credit Card,1598.02
9242,83,28,2024-07-16 15:26:16,Cancelled,Net Banking,2518.56
9243,823,82,2024-11-27 01:11:17,Cancelled,Net Banking,4083.76
9244,702,43,2025-02-18 02:24:12,Completed,Debit Card,578.84
9245,406,81,2025-02-28 20:41:06,Pending,Credit Card,1862.0
9246,561,91,2026-05-03 00:42:50,Cancelled,Credit Card,3615.51
9247,273,34,2026-03-10 02:41:52,Cancelled,Debit Card,494.98
9248,719,17,2024-08-18 17:46:02,Completed,Credit Card,2226.09
9249,16,34,2026-04-18 05:35:16,Cancelled,Debit Card,2266.29
9250,53,75,2025-12-26 20:34:41,Returned,Cash,946.36
9251,216,43,2026-01-10 02:36:01,Cancelled,Net Banking,94.88
9252,476,79,2025-02-22 14:37:25,Returned,Net Banking,1156.62
9253,160,41,2025-10-02 22:45:48,Pending,Debit Card,231.34
9254,917,41,2025-08-02 16:07:58,Completed,Debit Card,2010.88
9255,615,79,2024-06-10 03:44:20,Returned,Credit Card,73.48
9256,774,50,2026-03-25 23:26:14,Cancelled,Debit Card,2817.96
9257,558,66,2026-04-08 23:42:03,Completed,Debit Card,807.36
9258,219,9,2025-09-11 17:49:30,Completed,UPI,1029.74
9259,301,64,2025-10-27 10:28:52,Pending,UPI,4101.79
9260,600,15,2024-10-11 14:35:33,Returned,Cash,757.86
9261,321,61,2025-04-09 08:42:18,Cancelled,Credit Card,2180.33
9262,809,7,2024-08-14 00:16:03,Pending,Cash,2210.44
9263,845,20,2026-04-07 19:15:57,Completed,Cash,2795.9
9264,369,72,2025-03-17 19:22:04,Pending,Cash,2904.57
9265,932,59,2024-10-24 20:49:50,Completed,UPI,4347.58
9266,209,20,2025-10-09 09:06:13,Pending,UPI,1364.98
9267,623,87,2024-06-11 08:04:48,Completed,UPI,3423.46
9268,353,98,2024-12-15 00:19:07,Cancelled,Credit Card,1701.23
9269,437,3,2024-12-11 13:42:09,Returned,Debit Card,4877.7
9270,444,94,2024-11-01 15:48:31,Pending,Credit Card,785.72
9271,803,17,2026-03-25 16:57:30,Pending,Credit Card,2632.1
9272,661,53,2024-10-23 19:20:45,Completed,Net Banking,241.17
9273,659,70,2025-04-06 08:26:13,Cancelled,Debit Card,501.98
9274,766,4,2025-10-31 03:37:38,Completed,Debit Card,1216.93
9275,816,52,2024-12-20 23:19:15,Completed,Debit Card,3487.78
9276,848,13,2025-01-13 16:04:55,Cancelled,Cash,1981.07
9277,832,9,2026-03-27 07:56:19,Returned,Credit Card,3420.73
9278,873,84,2025-12-02 04:42:10,Returned,Debit Card,3690.81
9279,809,27,2025-09-16 00:05:07,Returned,Credit Card,905.57
9280,807,77,2024-05-31 11:55:58,Completed,Credit Card,4039.75
9281,445,9,2025-08-15 14:08:09,Returned,Debit Card,1350.04
9282,706,7,2025-10-26 15:12:21,Pending,Debit Card,1161.02
9283,420,78,2026-05-02 20:01:43,Returned,Debit Card,2479.14
9284,80,68,2024-09-20 12:12:13,Returned,Cash,1986.41
9285,74,20,2026-01-16 20:38:07,Completed,UPI,3626.02
9286,464,45,2025-06-13 08:27:39,Returned,Net Banking,3606.25
9287,894,11,2026-04-25 18:24:46,Completed,UPI,1991.9
9288,334,42,2025-07-18 20:55:29,Returned,UPI,3776.99
9289,721,12,2026-01-10 04:11:39,Pending,Net Banking,3275.64
9290,593,4,2025-05-22 10:05:40,Cancelled,Credit Card,975.13
9291,833,90,2025-06-25 09:57:12,Pending,Credit Card,139.88
9292,951,21,2025-07-08 11:56:54,Returned,Debit Card,1409.69
9293,525,1,2025-06-27 07:53:35,Completed,UPI,2391.29
9294,151,12,2026-01-28 17:37:25,Returned,Cash,747.28
9295,248,42,2026-04-21 09:41:05,Returned,Credit Card,2930.71
9296,131,90,2024-09-22 21:10:24,Pending,Cash,1311.85
9297,264,6,2025-05-20 22:17:20,Cancelled,Net Banking,2985.21
9298,495,49,2024-12-16 04:02:36,Returned,Debit Card,1777.92
9299,523,87,2026-02-22 10:20:02,Pending,Credit Card,598.73
9300,127,61,2025-04-27 06:33:06,Completed,Net Banking,3417.15
9301,585,98,2025-12-30 20:06:33,Completed,Cash,4346.04
9302,246,53,2025-09-20 19:12:43,Cancelled,UPI,2011.62
9303,781,71,2024-12-20 01:32:21,Returned,Cash,1174.68
9304,412,98,2024-10-11 12:48:27,Cancelled,Net Banking,1259.47
9305,206,1,2026-03-30 03:49:27,Cancelled,Credit Card,2159.48
9306,296,57,2024-11-29 09:39:18,Cancelled,UPI,4906.62
9307,258,45,2024-08-26 15:15:00,Returned,Credit Card,1944.32
9308,679,13,2024-09-13 01:57:15,Cancelled,Cash,4825.67
9309,407,75,2025-08-04 10:13:10,Pending,Cash,4275.22
9310,398,2,2025-05-03 14:37:20,Cancelled,Debit Card,1603.3
9311,488,57,2024-08-23 00:49:43,Pending,UPI,3617.09
9312,651,67,2024-10-30 21:54:23,Pending,Net Banking,2542.33
9313,294,27,2026-02-17 23:36:34,Returned,Credit Card,2027.34
9314,402,34,2026-04-16 02:40:37,Completed,UPI,764.15
9315,381,91,2025-03-01 00:44:34,Returned,Debit Card,236.78
9316,619,12,2024-07-23 03:09:22,Pending,Credit Card,2869.74
9317,606,34,2025-02-23 08:57:16,Returned,Credit Card,479.78
9318,509,77,2024-10-08 13:13:14,Completed,Cash,4163.77
9319,727,80,2025-05-30 00:43:15,Pending,Net Banking,2093.88
9320,319,4,2025-07-20 03:04:50,Completed,Credit Card,2754.35
9321,850,51,2025-07-04 21:44:06,Pending,Debit Card,2763.31
9322,281,6,2026-03-18 11:34:04,Returned,Debit Card,4333.66
9323,8,98,2025-11-28 19:19:58,Completed,Net Banking,2361.25
9324,658,47,2024-10-07 11:52:30,Pending,Net Banking,2073.06
9325,954,25,2024-08-29 01:56:42,Completed,Debit Card,3011.45
9326,257,72,2025-01-11 15:55:35,Pending,Credit Card,758.69
9327,302,55,2024-06-06 19:30:17,Pending,Credit Card,613.27
9328,660,9,2024-11-24 22:50:16,Completed,Debit Card,4999.82
9329,130,49,2024-08-18 14:21:49,Cancelled,UPI,1418.07
9330,144,87,2025-08-19 22:58:57,Cancelled,UPI,541.31
9331,129,75,2025-03-30 06:31:01,Pending,Net Banking,3179.58
9332,58,41,2025-10-13 04:10:35,Cancelled,Credit Card,4435.89
9333,801,5,2025-06-26 22:45:40,Completed,Net Banking,3471.25
9334,814,19,2024-12-02 07:43:38,Pending,Credit Card,3989.44
9335,492,64,2025-08-12 18:27:20,Completed,Credit Card,431.45
9336,363,59,2024-08-25 01:41:36,Cancelled,Net Banking,4947.19
9337,733,60,2025-04-09 10:20:16,Cancelled,Debit Card,3350.1
9338,321,85,2025-08-08 12:25:32,Pending,Credit Card,4918.54
9339,939,52,2025-03-08 14:30:25,Pending,Credit Card,1538.01
9340,405,64,2025-09-13 01:27:38,Cancelled,UPI,1863.66
9341,43,84,2026-04-10 01:48:48,Cancelled,Net Banking,3620.86
9342,759,4,2024-07-11 21:20:03,Completed,Credit Card,3758.18
9343,506,95,2025-06-27 01:39:13,Cancelled,Net Banking,312.61
9344,199,21,2025-01-20 02:20:57,Pending,Debit Card,4583.24
9345,283,70,2025-11-21 03:00:38,Cancelled,Credit Card,4513.15
9346,634,63,2026-01-10 16:12:03,Cancelled,Net Banking,2710.02
9347,318,5,2025-04-14 15:12:45,Cancelled,UPI,4024.57
9348,552,84,2025-07-01 01:31:46,Pending,UPI,1948.62
9349,303,99,2024-07-30 02:13:41,Completed,Net Banking,634.31
9350,638,37,2025-02-24 12:46:28,Cancelled,Credit Card,1911.95
9351,962,86,2024-10-04 04:07:24,Pending,Credit Card,2756.66
9352,820,16,2024-06-30 03:07:23,Returned,Cash,3112.75
9353,279,48,2025-11-21 12:24:25,Returned,Net Banking,334.55
9354,769,56,2026-02-27 12:24:19,Returned,Debit Card,1636.87
9355,43,92,2025-05-03 23:52:27,Completed,Cash,4184.52
9356,628,81,2024-10-28 18:15:33,Cancelled,Cash,1234.04
9357,69,24,2025-01-25 18:37:03,Completed,Cash,2231.15
9358,579,22,2026-02-16 06:50:01,Cancelled,Cash,4234.51
9359,993,89,2025-07-12 18:07:34,Pending,Net Banking,1166.76
9360,553,21,2024-11-18 14:29:15,Completed,UPI,2632.98
9361,870,34,2024-06-26 00:23:51,Cancelled,Debit Card,1432.88
9362,636,79,2025-07-14 05:23:14,Returned,Cash,3958.12
9363,848,72,2025-10-12 23:42:08,Cancelled,UPI,166.39
9364,459,45,2025-03-15 01:04:00,Cancelled,Net Banking,4635.9
9365,754,81,2026-02-16 08:08:30,Cancelled,Debit Card,2096.32
9366,295,63,2025-07-11 03:40:00,Completed,UPI,2610.76
9367,678,48,2024-07-29 11:35:45,Cancelled,Debit Card,3709.38
9368,390,69,2024-08-27 04:55:44,Returned,Credit Card,827.2
9369,827,46,2024-06-10 20:04:21,Cancelled,UPI,4407.25
9370,198,44,2025-09-17 07:10:23,Returned,UPI,2813.32
9371,223,1,2024-09-15 10:42:00,Completed,Net Banking,4462.5
9372,528,25,2026-04-04 07:04:54,Pending,UPI,2507.37
9373,470,78,2025-10-16 00:36:18,Pending,Debit Card,3240.73
9374,256,49,2024-07-08 14:19:10,Completed,UPI,468.75
9375,702,97,2025-02-27 19:04:26,Cancelled,Net Banking,2484.4
9376,602,49,2025-10-09 20:30:22,Returned,Cash,4128.49
9377,290,30,2025-06-02 07:21:59,Pending,Cash,2820.59
9378,266,41,2025-05-27 11:51:00,Completed,Credit Card,293.07
9379,996,7,2025-03-08 03:20:21,Cancelled,UPI,2997.86
9380,931,97,2026-01-08 18:32:49,Pending,Credit Card,1519.05
9381,190,42,2025-12-29 01:07:17,Pending,Cash,3727.49
9382,138,7,2025-03-24 05:39:32,Completed,Net Banking,2223.79
9383,345,72,2025-03-15 08:22:14,Returned,Debit Card,50.11
9384,168,44,2026-03-07 02:46:48,Cancelled,Cash,1218.14
9385,955,88,2024-11-11 22:05:56,Cancelled,Cash,593.76
9386,830,10,2024-07-18 11:26:31,Cancelled,Cash,1612.42
9387,279,31,2025-08-29 18:45:08,Completed,Debit Card,1647.12
9388,955,57,2024-06-03 07:41:21,Returned,Credit Card,1673.89
9389,399,41,2025-04-15 22:38:19,Completed,Debit Card,536.44
9390,117,75,2025-04-06 11:33:07,Completed,Debit Card,2434.74
9391,357,46,2026-03-07 04:43:39,Pending,Cash,532.8
9392,360,10,2025-10-02 22:57:25,Cancelled,Net Banking,4643.37
9393,262,98,2026-03-31 04:17:51,Pending,Debit Card,2130.02
9394,49,36,2025-07-09 09:35:52,Completed,Cash,4566.24
9395,609,8,2025-01-15 10:07:58,Returned,UPI,4947.38
9396,420,99,2024-09-01 03:25:41,Pending,Debit Card,2625.75
9397,813,39,2025-02-19 07:27:51,Completed,UPI,981.06
9398,796,78,2025-02-20 22:03:25,Completed,Debit Card,1235.56
9399,447,55,2025-12-29 20:16:34,Pending,Cash,480.31
9400,905,1,2024-10-10 07:50:52,Completed,UPI,586.92
9401,236,72,2024-08-17 02:57:56,Cancelled,Credit Card,2836.37
9402,225,91,2024-08-07 05:40:14,Cancelled,Debit Card,4724.77
9403,801,27,2024-07-13 01:50:41,Completed,Credit Card,2141.39
9404,151,4,2026-05-15 13:07:07,Cancelled,Credit Card,243.54
9405,619,48,2025-05-13 20:37:03,Cancelled,UPI,1255.58
9406,215,17,2025-07-25 22:04:24,Cancelled,Cash,1308.72
9407,230,98,2024-09-13 09:29:57,Returned,UPI,2766.83
9408,790,15,2025-10-02 17:09:18,Pending,Net Banking,837.15
9409,12,45,2026-02-26 05:14:59,Completed,Net Banking,4036.94
9410,681,80,2026-04-29 06:21:55,Pending,Credit Card,3649.25
9411,814,15,2024-05-30 05:42:43,Cancelled,Credit Card,425.88
9412,162,45,2025-01-14 12:30:46,Completed,Cash,1367.17
9413,763,26,2025-08-19 05:53:12,Completed,Cash,3609.16
9414,428,80,2025-03-27 10:13:58,Completed,Cash,2898.6
9415,92,29,2025-10-03 23:05:16,Pending,Net Banking,4300.95
9416,876,89,2024-08-21 12:46:06,Returned,Net Banking,1315.3
9417,843,47,2024-08-18 03:18:31,Cancelled,Debit Card,979.74
9418,49,2,2025-11-14 12:23:33,Completed,UPI,2654.52
9419,699,11,2024-08-22 14:14:43,Returned,Credit Card,189.86
9420,540,35,2025-05-29 17:20:39,Pending,UPI,3071.61
9421,578,22,2024-10-18 14:29:00,Cancelled,Net Banking,872.83
9422,633,95,2025-10-11 04:17:22,Cancelled,Credit Card,38.9
9423,708,63,2025-08-23 16:47:47,Returned,Debit Card,4808.0
9424,582,17,2025-09-27 14:34:38,Cancelled,Debit Card,1365.23
9425,688,88,2025-04-06 04:09:45,Completed,UPI,1713.69
9426,846,2,2024-05-29 18:15:58,Completed,Debit Card,4533.14
9427,365,48,2025-03-03 02:03:17,Completed,UPI,3034.56
9428,288,30,2025-10-06 11:51:31,Pending,Net Banking,4173.24
9429,918,78,2025-03-31 09:18:33,Cancelled,Net Banking,3895.02
9430,594,36,2025-06-24 22:13:30,Completed,UPI,4361.59
9431,115,71,2025-04-11 19:06:02,Completed,Debit Card,3911.1
9432,920,29,2024-10-30 17:36:30,Pending,Credit Card,262.22
9433,956,13,2024-09-10 06:08:33,Completed,Cash,2308.14
9434,723,5,2025-11-08 02:12:38,Cancelled,UPI,1175.85
9435,77,8,2024-12-08 20:01:42,Pending,Net Banking,2341.25
9436,737,57,2024-09-10 00:57:01,Cancelled,Net Banking,1046.85
9437,621,91,2024-10-13 19:20:37,Cancelled,Credit Card,4920.51
9438,425,29,2025-06-16 14:36:46,Cancelled,Credit Card,2303.04
9439,324,19,2024-07-19 05:35:55,Cancelled,Cash,1869.33
9440,517,25,2024-06-25 00:23:55,Cancelled,Debit Card,4299.57
9441,442,47,2025-03-18 20:49:22,Completed,Cash,756.56
9442,585,2,2026-04-27 07:31:53,Cancelled,Net Banking,962.97
9443,997,91,2025-04-01 16:14:06,Returned,UPI,4682.76
9444,975,26,2025-12-10 17:58:13,Returned,Cash,1852.43
9445,877,21,2025-08-22 16:44:08,Pending,Debit Card,4547.94
9446,251,89,2026-05-23 06:22:12,Pending,Cash,3468.26
9447,995,10,2025-03-26 05:35:51,Returned,Credit Card,2012.68
9448,202,41,2025-05-20 11:16:44,Cancelled,Net Banking,1752.36
9449,345,14,2026-04-07 01:30:21,Pending,Credit Card,4163.44
9450,277,67,2024-10-16 07:50:12,Cancelled,Net Banking,905.64
9451,798,54,2026-05-04 21:27:14,Pending,Credit Card,4574.37
9452,988,61,2025-05-04 22:30:16,Completed,UPI,2001.25
9453,459,80,2026-03-09 00:49:35,Completed,Debit Card,4501.11
9454,536,86,2025-03-19 05:01:24,Pending,UPI,2452.5
9455,560,72,2026-03-20 05:25:59,Returned,Credit Card,3162.09
9456,191,96,2024-09-01 01:54:47,Pending,Credit Card,4556.05
9457,663,15,2025-10-23 20:25:21,Returned,Cash,1219.9
9458,830,90,2026-04-26 15:59:01,Pending,Credit Card,4449.8
9459,591,27,2024-06-11 21:08:12,Completed,Credit Card,702.22
9460,746,57,2025-03-28 04:16:34,Cancelled,Cash,3240.9
9461,934,12,2025-12-15 16:02:34,Pending,UPI,3357.79
9462,888,87,2024-06-21 19:43:31,Pending,Credit Card,1538.84
9463,21,37,2024-12-20 23:19:44,Cancelled,Net Banking,3739.04
9464,952,66,2025-06-13 05:50:34,Completed,UPI,4868.42
9465,71,34,2024-07-15 06:31:56,Completed,Credit Card,4694.65
9466,63,13,2025-05-23 18:16:23,Returned,UPI,562.7
9467,98,25,2025-08-04 15:20:20,Returned,Debit Card,2672.25
9468,375,60,2024-08-18 13:37:29,Returned,Cash,1860.76
9469,36,72,2024-08-19 15:07:28,Cancelled,Cash,2569.18
9470,221,35,2025-08-05 15:58:22,Returned,UPI,943.35
9471,701,25,2024-11-11 00:08:46,Pending,UPI,2980.19
9472,692,62,2025-09-16 03:06:55,Pending,Debit Card,2315.85
9473,988,56,2024-09-21 19:06:21,Pending,Net Banking,1294.96
9474,160,10,2025-10-26 11:47:35,Pending,Cash,4334.13
9475,881,52,2025-05-11 18:32:08,Completed,UPI,4501.57
9476,352,81,2024-05-28 03:19:07,Completed,Credit Card,1666.42
9477,334,53,2025-02-16 23:28:15,Pending,Net Banking,3445.51
9478,314,82,2026-03-20 21:52:55,Cancelled,Cash,307.56
9479,253,26,2025-10-14 13:18:42,Returned,UPI,1176.53
9480,126,62,2025-10-24 05:45:06,Completed,Cash,262.6
9481,591,71,2025-03-27 12:02:56,Returned,Cash,778.89
9482,388,94,2024-12-16 05:49:05,Pending,Net Banking,3214.97
9483,907,77,2024-11-22 00:58:38,Returned,Cash,4560.82
9484,978,62,2026-02-04 12:40:24,Completed,Credit Card,4028.78
9485,15,88,2024-12-06 02:02:41,Completed,Debit Card,2092.38
9486,491,16,2025-01-14 20:40:07,Completed,Cash,4296.26
9487,708,2,2025-03-26 16:59:40,Pending,UPI,1083.02
9488,458,14,2025-12-20 19:19:07,Cancelled,UPI,3470.18
9489,184,16,2026-02-02 04:09:23,Completed,Cash,3238.17
9490,509,41,2025-07-15 18:56:01,Cancelled,Credit Card,212.99
9491,731,96,2025-06-26 01:35:37,Cancelled,Net Banking,3856.51
9492,847,22,2024-09-05 02:06:50,Returned,Credit Card,4443.55
9493,743,96,2025-07-26 17:53:48,Pending,Net Banking,3423.36
9494,910,48,2025-01-31 10:02:41,Cancelled,Cash,4964.83
9495,985,21,2025-08-22 23:51:35,Pending,UPI,3149.51
9496,649,77,2026-04-29 14:17:57,Cancelled,UPI,3379.45
9497,696,9,2025-07-23 06:21:59,Cancelled,Net Banking,3799.93
9498,915,66,2025-01-06 21:04:05,Completed,Debit Card,4992.46
9499,461,61,2024-10-11 22:50:37,Completed,Debit Card,3054.8
9500,499,25,2025-05-28 15:00:05,Returned,Credit Card,1177.13
9501,898,67,2024-09-20 17:23:27,Pending,Debit Card,1556.86
9502,288,57,2025-10-31 05:09:47,Returned,UPI,1946.83
9503,142,72,2025-08-30 19:20:19,Returned,Debit Card,1533.82
9504,664,34,2026-04-06 14:08:23,Completed,Credit Card,2999.86
9505,734,50,2024-09-10 18:35:32,Pending,Debit Card,3212.1
9506,10,27,2024-09-04 07:39:04,Pending,Net Banking,4725.83
9507,222,71,2024-10-09 10:44:24,Returned,UPI,4478.59
9508,13,3,2025-07-10 15:08:28,Returned,Debit Card,2931.29
9509,196,98,2025-08-05 12:52:37,Returned,UPI,1466.25
9510,143,97,2025-02-16 20:11:32,Cancelled,Credit Card,390.42
9511,658,77,2026-03-29 02:42:16,Pending,Cash,3045.01
9512,986,90,2026-01-20 06:29:45,Completed,Credit Card,4652.12
9513,525,83,2026-01-25 04:17:14,Pending,Credit Card,1100.13
9514,936,34,2025-02-19 16:25:48,Pending,UPI,1605.03
9515,341,80,2026-02-20 01:12:53,Returned,Debit Card,3710.11
9516,325,100,2024-12-20 18:37:48,Completed,Net Banking,3152.49
9517,894,43,2024-12-10 16:35:59,Cancelled,UPI,4359.83
9518,975,13,2025-06-09 18:51:57,Returned,Debit Card,4315.45
9519,452,92,2024-08-24 02:53:03,Completed,Credit Card,3906.45
9520,975,39,2025-09-15 03:49:09,Completed,Cash,4553.09
9521,825,27,2025-09-22 05:21:28,Cancelled,Credit Card,595.8
9522,550,73,2025-01-22 19:21:10,Returned,UPI,2473.91
9523,265,88,2025-07-22 22:06:52,Pending,Cash,4816.31
9524,653,10,2025-05-09 15:25:18,Completed,Cash,2644.18
9525,134,42,2024-09-11 03:39:04,Pending,Debit Card,2275.16
9526,857,10,2026-05-15 17:18:54,Completed,Debit Card,2986.11
9527,471,18,2024-12-12 14:46:13,Pending,UPI,2273.91
9528,796,16,2024-12-07 03:13:09,Cancelled,Cash,3744.66
9529,460,52,2024-10-24 15:17:43,Pending,Debit Card,4991.25
9530,593,28,2025-04-20 04:13:45,Completed,Net Banking,2687.54
9531,526,85,2026-03-30 02:44:27,Pending,Credit Card,4140.37
9532,900,1,2025-03-28 20:57:59,Returned,Credit Card,3297.33
9533,882,93,2025-11-14 20:50:01,Pending,Credit Card,1854.77
9534,386,43,2026-01-20 20:09:17,Pending,Debit Card,1855.87
9535,469,94,2026-02-08 13:34:09,Pending,Credit Card,4794.39
9536,504,68,2025-02-22 12:16:30,Returned,Credit Card,4956.41
9537,707,8,2025-11-08 08:07:53,Completed,UPI,1009.12
9538,550,21,2025-11-08 03:29:02,Pending,Debit Card,3962.41
9539,216,46,2024-12-13 18:50:35,Returned,Debit Card,4876.18
9540,434,46,2025-06-25 18:09:33,Cancelled,Net Banking,1455.07
9541,17,44,2025-07-07 00:26:50,Pending,Cash,3132.3
9542,374,39,2025-03-31 01:26:31,Completed,Debit Card,4452.86
9543,826,5,2024-11-01 00:06:37,Returned,Cash,3971.58
9544,588,88,2025-03-18 11:39:08,Returned,Net Banking,497.07
9545,518,100,2024-06-14 02:15:36,Returned,Debit Card,1087.44
9546,218,19,2026-02-06 18:58:49,Returned,Debit Card,1744.89
9547,628,65,2025-02-17 15:34:25,Cancelled,Cash,4447.05
9548,339,33,2024-08-16 12:21:42,Completed,UPI,3067.19
9549,819,7,2024-07-02 16:33:21,Returned,Debit Card,4402.25
9550,218,71,2026-03-20 08:55:39,Pending,Debit Card,395.93
9551,574,49,2025-08-26 22:47:54,Pending,Credit Card,2518.2
9552,713,76,2025-07-26 18:36:50,Completed,Debit Card,881.69
9553,619,54,2026-01-18 22:05:46,Cancelled,UPI,3081.58
9554,757,31,2025-04-14 01:26:29,Cancelled,Cash,4083.53
9555,310,91,2024-11-27 19:32:54,Pending,Debit Card,3110.97
9556,118,61,2025-04-20 21:10:33,Cancelled,Debit Card,3899.57
9557,198,82,2026-01-23 05:01:28,Pending,UPI,3211.51
9558,32,98,2025-01-29 18:01:11,Returned,Debit Card,4941.02
9559,349,67,2024-07-10 03:41:29,Cancelled,Cash,1209.53
9560,576,16,2025-05-06 16:52:53,Cancelled,UPI,3672.19
9561,953,72,2024-10-02 21:28:59,Cancelled,Credit Card,201.44
9562,724,32,2026-03-13 13:45:19,Cancelled,UPI,4551.11
9563,17,76,2024-08-28 00:08:50,Completed,Credit Card,4978.17
9564,548,1,2024-12-23 13:41:42,Cancelled,Debit Card,2485.44
9565,369,17,2024-12-28 03:58:07,Completed,Credit Card,4148.46
9566,759,85,2025-07-01 03:41:34,Cancelled,Credit Card,1183.95
9567,239,62,2025-03-16 03:00:08,Completed,UPI,3311.06
9568,495,6,2024-10-10 01:39:30,Cancelled,Credit Card,3077.33
9569,296,13,2024-12-17 19:00:37,Completed,Net Banking,4179.38
9570,459,84,2025-04-12 03:43:18,Completed,Net Banking,2362.8
9571,646,50,2024-11-03 10:34:55,Pending,Net Banking,2772.19
9572,974,5,2025-08-29 02:10:58,Pending,Cash,1154.73
9573,90,22,2025-10-24 14:31:39,Pending,Debit Card,4853.53
9574,788,78,2026-01-02 07:57:44,Cancelled,Debit Card,4824.46
9575,932,63,2025-02-24 10:18:19,Returned,Cash,3151.51
9576,248,76,2025-10-15 02:16:06,Cancelled,Cash,4962.46
9577,298,57,2025-01-18 04:37:48,Cancelled,Credit Card,1408.77
9578,879,60,2025-09-12 00:05:49,Pending,Credit Card,1608.86
9579,344,9,2024-10-23 04:43:05,Returned,Cash,3928.87
9580,135,37,2025-08-09 13:55:20,Cancelled,Cash,2063.79
9581,372,49,2025-09-12 22:53:41,Completed,Debit Card,721.03
9582,831,82,2025-01-08 18:42:02,Returned,UPI,996.31
9583,34,2,2024-11-07 23:04:13,Pending,Debit Card,1420.25
9584,221,59,2024-11-16 01:27:25,Completed,Debit Card,2269.45
9585,650,26,2024-11-26 07:48:13,Returned,UPI,3852.16
9586,771,59,2026-04-09 07:41:56,Completed,Debit Card,2178.36
9587,729,59,2025-03-16 06:14:31,Returned,Net Banking,2841.0
9588,880,12,2026-03-13 13:15:50,Returned,Credit Card,3360.09
9589,134,97,2025-11-25 05:43:10,Returned,Debit Card,4181.95
9590,749,98,2024-11-19 19:46:11,Returned,Debit Card,527.96
9591,220,62,2026-04-03 18:59:54,Returned,Debit Card,4577.96
9592,801,24,2025-07-07 05:58:57,Pending,Debit Card,1364.05
9593,202,83,2024-06-08 19:27:35,Returned,Net Banking,2996.96
9594,528,100,2024-11-01 20:16:42,Pending,Debit Card,2657.06
9595,83,41,2025-11-29 19:30:35,Completed,UPI,3824.35
9596,208,6,2025-10-11 01:44:42,Returned,Credit Card,559.87
9597,636,16,2025-02-06 09:01:07,Returned,UPI,4560.25
9598,611,38,2026-05-10 20:47:38,Completed,Net Banking,2213.98
9599,109,78,2025-01-19 23:21:53,Completed,UPI,4395.57
9600,663,87,2025-11-14 02:26:31,Returned,Net Banking,2270.25
9601,620,23,2025-04-23 22:31:58,Cancelled,UPI,4185.7
9602,485,37,2025-06-09 06:28:46,Pending,Credit Card,990.78
9603,46,34,2025-09-13 01:07:41,Returned,Net Banking,2900.78
9604,178,12,2025-06-08 10:28:48,Returned,UPI,3766.44
9605,379,43,2025-02-24 06:17:13,Pending,UPI,91.63
9606,922,5,2025-08-03 16:58:11,Returned,Credit Card,4397.23
9607,133,28,2024-12-30 11:25:40,Completed,Cash,3524.64
9608,387,75,2024-08-24 21:30:05,Pending,Net Banking,478.4
9609,103,36,2025-12-13 21:15:51,Cancelled,Credit Card,2960.68
9610,49,46,2026-05-07 03:05:30,Returned,Credit Card,1460.03
9611,28,70,2025-10-11 11:40:15,Cancelled,Net Banking,533.96
9612,384,90,2026-05-11 10:20:13,Cancelled,Net Banking,1258.05
9613,250,10,2025-03-06 09:51:47,Completed,UPI,2901.82
9614,968,34,2024-11-17 07:56:56,Returned,Debit Card,3938.13
9615,86,8,2024-11-24 03:03:10,Cancelled,Cash,4323.07
9616,43,75,2024-09-12 20:26:15,Returned,Cash,730.6
9617,663,86,2024-11-30 19:44:48,Completed,Net Banking,2699.08
9618,61,54,2024-09-20 14:53:47,Returned,Net Banking,237.83
9619,414,62,2024-12-22 16:36:49,Completed,Net Banking,2499.41
9620,640,72,2024-10-11 03:28:03,Completed,Cash,2801.9
9621,964,44,2025-09-04 12:45:00,Completed,UPI,2807.43
9622,815,88,2025-02-26 17:49:16,Completed,Net Banking,4451.59
9623,772,72,2025-05-22 03:32:10,Completed,Cash,3864.58
9624,148,1,2024-06-30 02:40:43,Completed,Net Banking,1660.41
9625,293,77,2024-12-01 18:17:25,Pending,UPI,1904.7
9626,727,29,2025-09-16 15:10:44,Completed,Cash,1394.44
9627,710,15,2024-06-09 09:44:29,Pending,Net Banking,1395.46
9628,285,43,2025-04-02 15:31:31,Completed,Debit Card,3343.9
9629,866,59,2026-02-02 03:51:40,Cancelled,Cash,2735.88
9630,947,72,2024-12-17 06:08:26,Completed,Net Banking,1837.28
9631,407,98,2024-06-10 12:36:53,Returned,Credit Card,2253.34
9632,513,32,2025-02-15 22:09:43,Returned,UPI,2615.61
9633,68,65,2024-12-30 03:45:34,Returned,Credit Card,2438.25
9634,154,56,2024-08-12 17:14:46,Cancelled,Cash,4685.24
9635,164,80,2024-11-02 23:29:34,Completed,Net Banking,3619.39
9636,39,11,2026-03-12 22:39:34,Pending,UPI,356.37
9637,582,100,2025-03-23 15:02:20,Returned,Credit Card,428.75
9638,782,7,2024-10-18 04:35:05,Pending,Cash,1105.52
9639,814,39,2025-11-04 23:08:30,Cancelled,Net Banking,2068.74
9640,974,58,2026-05-20 10:12:52,Completed,Debit Card,4752.12
9641,218,68,2024-06-15 11:53:35,Pending,Debit Card,4154.76
9642,874,75,2025-10-24 06:25:42,Cancelled,Net Banking,3829.73
9643,532,36,2026-01-03 03:26:43,Pending,Debit Card,4115.11
9644,884,49,2025-08-28 23:43:46,Returned,Net Banking,3188.1
9645,805,23,2026-01-25 05:43:25,Cancelled,Credit Card,956.87
9646,137,50,2024-12-22 06:02:04,Returned,UPI,4041.99
9647,928,20,2024-09-25 01:26:16,Pending,Credit Card,1767.28
9648,504,48,2025-08-16 06:23:56,Completed,Credit Card,3340.07
9649,49,21,2026-02-12 00:35:55,Cancelled,UPI,1738.47
9650,576,65,2024-11-19 21:40:23,Returned,Net Banking,3390.41
9651,499,69,2025-03-31 21:56:09,Completed,UPI,3440.09
9652,16,65,2026-02-24 09:06:40,Completed,Cash,1438.17
9653,805,91,2025-12-11 07:25:13,Pending,Debit Card,3905.35
9654,698,14,2025-12-15 19:41:06,Pending,UPI,1667.78
9655,686,89,2026-02-21 03:39:13,Completed,Net Banking,4051.81
9656,636,37,2025-10-30 22:13:57,Cancelled,Debit Card,3875.1
9657,446,57,2025-03-28 13:04:05,Pending,UPI,2395.86
9658,927,76,2025-10-06 00:36:18,Cancelled,UPI,4972.89
9659,804,29,2025-07-29 23:39:18,Cancelled,Debit Card,3004.61
9660,191,62,2025-12-20 16:01:21,Cancelled,UPI,3715.53
9661,687,58,2025-05-11 09:38:52,Cancelled,UPI,3224.1
9662,25,20,2025-09-24 00:53:21,Completed,Credit Card,3349.72
9663,324,100,2025-04-05 21:16:50,Cancelled,Credit Card,2635.89
9664,114,6,2024-09-08 18:19:07,Cancelled,Cash,4485.22
9665,966,55,2024-07-03 10:04:48,Completed,Net Banking,2579.63
9666,642,19,2025-03-25 19:27:39,Completed,Debit Card,3065.34
9667,927,8,2025-06-15 19:22:09,Cancelled,Cash,721.21
9668,174,85,2024-06-23 10:17:44,Returned,Debit Card,4519.51
9669,502,67,2024-11-02 11:04:36,Pending,Debit Card,3092.58
9670,842,31,2025-01-24 14:06:59,Returned,Cash,1001.89
9671,899,68,2025-01-28 21:26:05,Cancelled,Credit Card,833.15
9672,390,66,2025-02-23 03:12:29,Cancelled,Cash,2652.35
9673,694,76,2024-06-09 04:53:03,Returned,Cash,1410.34
9674,763,19,2025-08-19 09:56:04,Returned,Net Banking,1529.59
9675,430,72,2026-05-05 17:47:58,Pending,Debit Card,1884.18
9676,816,97,2025-01-13 13:00:28,Pending,Net Banking,1176.32
9677,358,98,2025-09-07 13:49:27,Completed,Debit Card,3595.06
9678,122,39,2026-05-05 10:01:18,Returned,Credit Card,3447.04
9679,918,49,2026-01-29 13:06:11,Returned,UPI,321.74
9680,679,14,2024-08-08 13:34:19,Completed,Credit Card,4686.42
9681,4,46,2024-10-06 09:20:25,Returned,Net Banking,333.03
9682,528,99,2024-09-17 15:40:32,Cancelled,Debit Card,4414.0
9683,839,67,2024-07-22 21:15:56,Pending,Debit Card,2393.27
9684,438,7,2025-03-25 16:41:51,Returned,Cash,4649.18
9685,874,67,2025-02-18 17:58:26,Returned,Net Banking,2122.71
9686,174,13,2025-01-20 12:53:37,Returned,Cash,408.28
9687,15,6,2025-07-23 10:48:36,Cancelled,UPI,4986.41
9688,947,44,2024-10-10 10:53:52,Pending,Debit Card,1443.17
9689,687,44,2025-11-25 13:18:08,Returned,Credit Card,1081.28
9690,984,28,2026-01-06 15:22:16,Returned,Net Banking,3073.46
9691,470,21,2025-03-12 04:25:21,Returned,Credit Card,3541.09
9692,692,53,2026-02-01 16:30:36,Completed,Cash,977.32
9693,315,34,2025-01-16 05:32:24,Pending,Credit Card,2472.77
9694,667,33,2024-06-14 06:51:07,Pending,Credit Card,4408.29
9695,619,24,2024-11-18 20:35:30,Completed,UPI,2466.19
9696,159,49,2025-11-13 17:41:00,Returned,Cash,1164.89
9697,797,60,2025-03-31 07:27:44,Pending,Net Banking,1812.31
9698,696,11,2024-07-28 23:10:38,Pending,Credit Card,2620.14
9699,99,61,2024-10-08 17:10:54,Pending,Net Banking,2344.66
9700,952,13,2025-07-15 15:33:48,Completed,Debit Card,3777.59
9701,662,68,2024-07-15 19:39:39,Returned,Cash,1965.36
9702,800,25,2025-09-14 13:32:40,Cancelled,Net Banking,2851.57
9703,636,68,2025-01-17 15:35:19,Completed,Credit Card,549.82
9704,477,9,2024-10-14 16:32:25,Completed,Debit Card,602.37
9705,848,37,2024-12-05 08:30:15,Completed,UPI,369.69
9706,810,94,2025-03-28 08:43:48,Returned,Net Banking,2579.69
9707,513,48,2024-10-17 20:18:22,Cancelled,Net Banking,926.58
9708,905,24,2025-05-07 18:36:06,Cancelled,Net Banking,4587.2
9709,126,7,2024-06-15 12:48:11,Pending,UPI,923.56
9710,257,47,2025-04-12 16:23:46,Returned,Credit Card,3268.64
9711,85,99,2026-04-03 06:28:35,Returned,Cash,4135.25
9712,358,25,2026-04-28 09:07:51,Returned,UPI,1464.17
9713,713,38,2026-03-11 13:35:11,Returned,Net Banking,3130.82
9714,565,27,2025-09-15 15:15:13,Returned,Net Banking,1137.95
9715,907,25,2024-07-27 04:03:42,Cancelled,Credit Card,4958.77
9716,805,38,2025-09-20 13:14:46,Pending,Net Banking,1639.32
9717,253,61,2024-08-28 03:27:40,Completed,Net Banking,3621.89
9718,217,41,2026-03-18 17:04:36,Completed,Cash,2241.4
9719,559,87,2026-03-05 03:48:52,Pending,UPI,3055.07
9720,334,81,2024-11-12 01:36:57,Cancelled,Net Banking,2445.11
9721,558,31,2025-12-06 13:10:43,Completed,Cash,814.9
9722,390,26,2024-06-27 15:47:17,Returned,Debit Card,4303.03
9723,721,37,2025-04-17 01:19:08,Pending,Net Banking,2727.18
9724,262,50,2025-02-12 10:07:42,Cancelled,Net Banking,977.58
9725,661,79,2025-01-23 14:25:52,Cancelled,Net Banking,1078.96
9726,91,7,2024-10-03 19:17:14,Cancelled,Cash,3424.81
9727,646,71,2025-08-30 20:46:01,Completed,UPI,1829.81
9728,468,10,2026-04-12 05:06:09,Completed,Credit Card,3167.34
9729,558,57,2025-02-03 17:26:42,Cancelled,Cash,1217.99
9730,136,65,2026-01-01 23:14:19,Cancelled,UPI,4354.96
9731,816,92,2026-04-06 08:40:06,Returned,Credit Card,4155.34
9732,255,4,2026-04-15 09:09:15,Pending,Debit Card,3716.36
9733,221,73,2026-01-09 12:23:23,Returned,Net Banking,940.37
9734,73,31,2026-02-07 12:27:38,Pending,Debit Card,571.56
9735,726,64,2025-07-15 20:22:29,Cancelled,Credit Card,3680.71
9736,858,65,2024-10-13 09:19:33,Completed,Credit Card,3416.56
9737,442,45,2025-01-04 02:51:01,Completed,Credit Card,3211.4
9738,623,47,2024-09-25 02:39:25,Pending,Credit Card,1726.55
9739,605,64,2025-02-28 00:02:38,Pending,UPI,4276.47
9740,753,8,2026-01-15 02:12:03,Cancelled,Credit Card,2047.26
9741,62,41,2025-11-30 01:34:58,Returned,Credit Card,3231.6
9742,753,87,2025-11-03 07:58:03,Returned,Net Banking,1997.8
9743,577,100,2025-08-17 15:47:45,Pending,UPI,2135.73
9744,16,23,2025-11-01 11:19:57,Completed,Credit Card,2342.2
9745,880,64,2026-03-29 22:06:04,Completed,Cash,2497.49
9746,268,44,2025-03-01 04:23:18,Pending,Cash,4309.94
9747,153,54,2025-06-03 04:08:10,Completed,Credit Card,1372.29
9748,716,33,2025-12-26 10:41:13,Completed,UPI,3980.11
9749,578,48,2026-01-08 15:27:43,Completed,Debit Card,4861.2
9750,455,18,2024-11-20 06:39:57,Cancelled,UPI,217.41
9751,869,39,2024-07-30 19:23:51,Completed,Debit Card,3452.13
9752,106,94,2024-07-25 01:46:30,Cancelled,Cash,637.8
9753,785,74,2025-04-28 08:43:31,Completed,Credit Card,1595.13
9754,550,7,2024-12-18 21:35:01,Completed,Debit Card,1808.16
9755,101,5,2024-12-15 08:43:41,Completed,UPI,3433.03
9756,661,5,2026-03-02 02:26:52,Cancelled,Debit Card,3311.71
9757,970,71,2024-11-15 01:40:00,Returned,Cash,288.01
9758,236,47,2024-08-29 09:03:11,Pending,UPI,4794.12
9759,647,8,2025-11-23 18:49:34,Completed,Cash,2160.19
9760,545,15,2025-08-27 21:25:28,Completed,Debit Card,4434.34
9761,733,60,2026-03-22 00:01:27,Pending,UPI,1227.7
9762,109,51,2025-08-07 09:36:11,Cancelled,Credit Card,3409.98
9763,941,33,2025-03-17 03:02:18,Pending,Debit Card,658.36
9764,510,52,2024-07-20 20:10:18,Completed,Credit Card,2390.73
9765,258,37,2024-10-08 05:59:39,Completed,Net Banking,3979.23
9766,336,30,2024-06-11 00:39:47,Returned,Credit Card,3969.56
9767,103,75,2026-05-20 08:00:56,Returned,Credit Card,1660.76
9768,160,5,2025-10-05 09:11:01,Completed,UPI,2823.96
9769,656,75,2024-08-05 18:34:50,Cancelled,UPI,1630.45
9770,70,34,2025-07-09 06:24:54,Completed,Net Banking,2161.68
9771,550,77,2024-10-01 06:30:05,Pending,Debit Card,1068.86
9772,174,7,2026-04-07 20:23:17,Pending,Cash,4056.36
9773,473,6,2025-10-01 03:53:38,Completed,Credit Card,4601.0
9774,490,20,2026-04-23 11:13:58,Pending,Cash,2088.88
9775,248,10,2024-12-05 14:16:58,Pending,UPI,1686.71
9776,811,48,2026-01-15 04:47:03,Returned,Cash,1233.39
9777,917,61,2026-03-25 11:22:46,Completed,Net Banking,2153.63
9778,474,45,2025-12-08 14:06:52,Returned,Net Banking,1172.19
9779,30,66,2026-02-17 14:53:04,Pending,UPI,1289.21
9780,184,24,2025-03-24 21:19:03,Completed,Cash,841.06
9781,884,70,2026-02-14 20:10:01,Cancelled,Net Banking,2231.69
9782,10,38,2025-07-19 09:01:28,Returned,UPI,4362.01
9783,566,33,2024-07-13 05:46:58,Returned,UPI,2020.33
9784,525,21,2024-08-15 05:19:46,Pending,Cash,2181.52
9785,794,92,2026-04-01 18:19:59,Returned,Debit Card,3701.35
9786,833,37,2026-02-20 23:40:11,Returned,Credit Card,170.52
9787,602,96,2024-07-21 11:44:57,Cancelled,Cash,575.08
9788,302,97,2026-04-13 17:56:52,Returned,UPI,1483.96
9789,630,26,2025-02-27 16:47:51,Pending,Credit Card,1995.41
9790,830,3,2025-12-16 05:08:12,Pending,Cash,1784.72
9791,215,2,2025-05-06 07:51:13,Returned,Debit Card,3391.18
9792,385,32,2024-06-04 08:04:51,Pending,Net Banking,2601.85
9793,871,82,2025-04-16 03:28:40,Cancelled,Net Banking,4461.98
9794,866,4,2025-04-27 14:03:51,Returned,UPI,4853.8
9795,784,64,2024-11-14 14:40:55,Cancelled,Debit Card,2699.56
9796,869,56,2025-01-05 22:32:19,Returned,UPI,3465.36
9797,259,75,2025-08-02 14:04:44,Returned,Debit Card,2020.75
9798,550,27,2024-12-15 13:21:43,Returned,Credit Card,4561.14
9799,738,14,2025-12-22 17:01:43,Pending,UPI,2668.41
9800,440,24,2025-10-04 02:37:00,Pending,Credit Card,3986.39
9801,723,97,2025-12-24 05:37:10,Pending,Debit Card,566.09
9802,936,23,2026-02-12 22:46:44,Cancelled,Credit Card,4791.32
9803,91,47,2025-10-12 12:05:43,Pending,Debit Card,2780.96
9804,300,12,2025-02-01 00:45:51,Cancelled,Cash,2649.63
9805,942,67,2025-12-18 15:39:02,Returned,UPI,1407.55
9806,992,31,2026-03-10 05:01:52,Returned,Credit Card,1432.52
9807,520,84,2026-04-22 17:07:51,Cancelled,Net Banking,4484.72
9808,779,44,2024-09-14 08:35:58,Completed,Cash,950.17
9809,98,9,2025-01-13 10:56:58,Completed,Net Banking,4087.72
9810,724,96,2024-07-29 12:45:07,Returned,Cash,4031.15
9811,646,65,2026-01-31 21:32:05,Pending,Net Banking,4215.09
9812,539,43,2025-01-04 17:51:44,Returned,Cash,1976.23
9813,821,16,2024-07-14 22:24:56,Cancelled,Net Banking,387.45
9814,264,37,2025-12-20 14:21:40,Pending,UPI,3051.31
9815,109,39,2025-03-13 09:51:09,Pending,Debit Card,1369.81
9816,42,71,2024-10-14 20:45:53,Returned,Net Banking,2876.56
9817,301,98,2026-05-11 20:05:46,Pending,UPI,3629.15
9818,955,59,2025-05-05 04:19:05,Pending,Net Banking,367.64
9819,974,14,2026-03-15 05:09:04,Cancelled,Debit Card,1594.12
9820,798,45,2025-02-08 07:54:59,Pending,Net Banking,1102.19
9821,62,51,2026-01-24 23:26:00,Pending,Credit Card,1365.52
9822,194,8,2025-03-02 17:46:33,Returned,Net Banking,3819.92
9823,289,82,2024-08-27 12:37:06,Returned,Net Banking,2945.85
9824,837,47,2025-07-09 16:58:55,Returned,Net Banking,504.11
9825,63,86,2026-01-27 15:34:37,Cancelled,Net Banking,2987.63
9826,76,67,2025-11-30 12:05:51,Returned,UPI,4600.1
9827,77,99,2025-06-30 20:55:17,Returned,Debit Card,4911.61
9828,355,99,2026-05-18 07:59:23,Cancelled,Debit Card,2813.62
9829,658,10,2025-09-08 04:26:33,Completed,UPI,1377.42
9830,97,7,2026-03-12 01:07:19,Pending,Debit Card,202.13
9831,400,44,2025-08-28 21:53:33,Pending,UPI,2651.85
9832,391,1,2026-01-05 21:07:48,Cancelled,UPI,2153.42
9833,479,93,2024-10-25 16:48:27,Returned,Credit Card,701.08
9834,895,14,2025-02-09 13:25:59,Completed,Debit Card,4477.93
9835,751,29,2026-03-09 11:55:42,Returned,Cash,4460.05
9836,413,42,2024-06-05 19:31:58,Completed,UPI,1349.76
9837,928,29,2025-06-16 17:07:31,Cancelled,Net Banking,1666.62
9838,372,10,2026-03-31 04:20:02,Pending,UPI,4715.86
9839,493,83,2025-03-11 16:08:34,Pending,UPI,4849.86
9840,317,51,2026-05-18 10:03:32,Pending,Net Banking,1523.94
9841,513,69,2025-09-09 12:39:00,Cancelled,Debit Card,4003.68
9842,628,47,2025-11-05 19:46:03,Returned,Credit Card,1907.07
9843,220,89,2025-04-03 10:59:12,Completed,UPI,2256.31
9844,12,95,2026-01-15 23:45:56,Pending,Cash,2814.43
9845,882,88,2025-10-03 04:26:06,Completed,Cash,3506.63
9846,619,32,2026-02-09 02:19:01,Completed,Credit Card,1109.11
9847,282,34,2024-07-02 04:15:40,Returned,Cash,2445.26
9848,78,68,2025-12-01 02:39:26,Returned,Debit Card,2045.04
9849,344,10,2024-06-28 09:35:14,Cancelled,UPI,4050.94
9850,8,95,2024-06-01 08:18:19,Cancelled,Credit Card,3520.64
9851,174,57,2025-12-18 08:32:15,Cancelled,Debit Card,1203.01
9852,129,20,2026-02-21 01:01:06,Cancelled,Debit Card,303.58
9853,993,2,2025-02-14 02:14:20,Cancelled,Cash,4369.96
9854,882,12,2025-05-02 06:26:31,Completed,Credit Card,3139.19
9855,259,39,2026-03-31 01:41:31,Completed,Net Banking,3693.07
9856,567,55,2025-01-19 04:34:06,Pending,Net Banking,3435.12
9857,823,18,2025-06-09 15:15:44,Pending,UPI,2565.41
9858,466,11,2025-03-28 15:56:01,Returned,Net Banking,4697.58
9859,642,93,2024-09-24 13:12:59,Completed,Debit Card,3172.49
9860,730,1,2024-12-09 22:30:17,Pending,Debit Card,426.57
9861,992,57,2026-02-05 09:23:05,Cancelled,Net Banking,2702.32
9862,695,88,2025-06-30 01:10:52,Returned,Debit Card,3580.19
9863,583,64,2025-10-30 01:26:25,Cancelled,Net Banking,3014.86
9864,760,23,2025-06-10 21:49:20,Pending,Credit Card,1812.5
9865,724,27,2025-11-23 02:13:58,Cancelled,Credit Card,3847.59
9866,299,2,2025-07-07 10:39:23,Cancelled,UPI,397.52
9867,741,100,2024-12-25 18:42:00,Completed,Cash,4554.82
9868,196,58,2024-10-13 22:08:23,Pending,UPI,193.78
9869,933,70,2025-03-03 22:35:46,Pending,Debit Card,1617.61
9870,234,69,2025-03-17 23:14:07,Cancelled,Debit Card,2187.93
9871,474,37,2024-09-08 12:25:04,Cancelled,Cash,4917.56
9872,503,63,2024-10-14 02:54:25,Completed,Net Banking,1582.08
9873,453,71,2024-11-03 02:44:08,Pending,Net Banking,4830.16
9874,766,8,2025-09-27 22:18:51,Pending,Net Banking,997.25
9875,300,47,2025-04-12 02:31:21,Pending,Debit Card,441.75
9876,539,90,2026-01-24 07:58:34,Cancelled,Credit Card,1822.29
9877,947,69,2025-02-08 19:13:10,Completed,Net Banking,327.99
9878,191,70,2026-02-05 15:31:34,Returned,Credit Card,2575.81
9879,683,56,2024-06-24 20:06:33,Returned,Net Banking,1702.58
9880,590,64,2025-12-12 00:04:54,Pending,Cash,373.28
9881,521,43,2025-09-22 03:22:16,Pending,Cash,4188.33
9882,523,85,2026-02-03 02:33:54,Pending,Credit Card,978.2
9883,461,37,2024-09-12 18:05:09,Returned,Cash,3795.69
9884,351,4,2024-05-27 15:55:09,Cancelled,Credit Card,4656.38
9885,827,84,2024-06-23 04:29:52,Pending,Net Banking,4581.5
9886,326,59,2025-01-04 07:20:33,Cancelled,Credit Card,3908.26
9887,804,39,2024-06-04 18:38:45,Cancelled,Debit Card,2124.57
9888,746,78,2025-03-22 02:03:14,Cancelled,UPI,3444.09
9889,957,85,2025-02-10 13:43:24,Returned,Credit Card,4319.17
9890,980,61,2024-07-19 13:03:19,Returned,Cash,980.88
9891,221,36,2025-11-21 11:03:52,Returned,Debit Card,2055.14
9892,965,6,2025-01-23 00:23:29,Cancelled,Cash,906.35
9893,909,81,2025-10-08 15:09:55,Pending,Cash,4788.64
9894,28,50,2025-05-15 05:37:19,Returned,Credit Card,399.74
9895,548,2,2025-12-29 15:19:45,Pending,Credit Card,4882.3
9896,271,15,2026-02-16 02:00:05,Cancelled,Net Banking,4762.07
9897,893,3,2025-08-13 19:20:57,Returned,Debit Card,3315.47
9898,791,48,2026-04-06 04:06:13,Pending,Net Banking,4312.64
9899,128,40,2025-08-14 04:54:13,Completed,UPI,3626.32
9900,271,16,2025-08-30 18:13:29,Completed,Debit Card,1017.48
9901,200,46,2025-09-19 09:13:54,Cancelled,UPI,4702.8
9902,567,16,2025-11-14 15:12:20,Returned,Cash,4943.67
9903,528,77,2025-10-05 08:53:19,Completed,Debit Card,890.15
9904,646,99,2024-07-04 12:30:27,Completed,Net Banking,767.78
9905,416,68,2024-09-19 22:06:33,Cancelled,UPI,691.13
9906,138,89,2025-08-16 01:16:33,Cancelled,Cash,3696.1
9907,354,35,2025-07-20 00:45:56,Completed,UPI,29.82
9908,243,64,2025-04-08 14:38:56,Pending,Debit Card,3939.06
9909,512,5,2024-07-07 02:30:32,Returned,Debit Card,1774.68
9910,349,36,2025-01-30 01:42:37,Pending,Debit Card,1744.61
9911,211,11,2025-10-31 15:42:50,Completed,UPI,1468.93
9912,271,53,2026-04-28 16:32:22,Returned,Debit Card,816.2
9913,123,3,2026-04-13 07:46:29,Cancelled,UPI,1643.23
9914,989,9,2025-09-14 18:35:00,Pending,Cash,4005.8
9915,409,56,2024-11-22 15:23:30,Completed,Debit Card,3506.86
9916,455,91,2024-10-24 23:20:17,Completed,Debit Card,4855.23
9917,34,11,2026-04-01 11:20:43,Pending,Net Banking,1426.69
9918,292,87,2025-10-27 14:42:24,Cancelled,Debit Card,2015.54
9919,655,96,2025-07-07 05:13:07,Returned,UPI,2997.35
9920,751,53,2024-11-17 19:29:29,Completed,Credit Card,689.88
9921,142,44,2026-04-25 01:21:48,Cancelled,Cash,210.5
9922,114,94,2025-12-31 02:46:36,Cancelled,Net Banking,2260.88
9923,723,43,2025-12-31 02:50:07,Completed,Net Banking,1021.14
9924,504,81,2024-12-30 02:28:55,Completed,Net Banking,260.01
9925,668,28,2025-07-12 02:09:00,Pending,Debit Card,2056.41
9926,659,80,2024-06-16 07:35:48,Pending,Debit Card,99.02
9927,537,40,2025-08-19 02:41:19,Cancelled,Net Banking,2536.32
9928,85,32,2025-09-04 19:59:38,Cancelled,UPI,2805.73
9929,119,78,2025-11-13 11:31:31,Pending,Net Banking,576.34
9930,428,48,2024-07-07 13:45:53,Returned,Debit Card,2007.46
9931,38,12,2024-06-27 20:50:58,Cancelled,Debit Card,672.42
9932,580,67,2025-03-14 22:21:12,Cancelled,Net Banking,2223.99
9933,15,87,2026-02-19 04:21:56,Cancelled,Debit Card,2661.57
9934,795,63,2024-07-15 05:00:20,Cancelled,Debit Card,4673.9
9935,850,1,2024-08-17 03:19:41,Cancelled,Cash,887.28
9936,137,84,2026-03-04 05:16:20,Completed,Debit Card,3487.12
9937,458,57,2024-10-08 12:38:11,Cancelled,Debit Card,4252.64
9938,307,17,2025-02-18 11:21:29,Pending,Net Banking,315.76
9939,644,13,2024-12-05 06:26:52,Pending,Cash,53.91
9940,919,58,2024-10-15 04:40:08,Returned,Cash,1013.0
9941,207,17,2025-05-31 20:37:25,Completed,Debit Card,4966.71
9942,102,38,2025-06-10 03:13:26,Returned,Credit Card,1836.62
9943,729,69,2024-10-24 02:42:54,Cancelled,Cash,4519.91
9944,774,26,2024-06-10 12:03:51,Cancelled,Net Banking,4868.05
9945,496,30,2026-03-30 06:22:21,Cancelled,Credit Card,3071.01
9946,12,94,2025-02-03 14:23:30,Returned,Cash,1671.16
9947,19,47,2025-09-08 19:55:51,Returned,Credit Card,4062.64
9948,302,85,2024-09-14 11:41:23,Pending,Credit Card,4265.48
9949,759,31,2024-12-21 07:20:20,Cancelled,UPI,1220.74
9950,615,71,2024-11-08 22:11:43,Pending,UPI,2554.64
9951,801,53,2026-04-30 20:56:07,Completed,Cash,1878.37
9952,525,19,2025-04-27 04:36:58,Completed,Credit Card,429.92
9953,458,35,2025-01-07 06:09:03,Pending,Cash,1934.07
9954,531,27,2025-09-25 14:37:33,Completed,Net Banking,2164.91
9955,540,46,2025-01-02 12:32:12,Completed,Credit Card,1815.1
9956,234,19,2025-02-11 05:03:47,Completed,Credit Card,2120.86
9957,6,76,2025-10-29 19:08:31,Returned,Cash,4807.95
9958,679,46,2024-08-21 07:46:51,Pending,Cash,1512.21
9959,707,63,2025-08-11 13:58:54,Completed,Net Banking,386.62
9960,184,86,2026-03-20 23:45:10,Pending,Credit Card,1976.48
9961,540,34,2025-09-07 21:17:51,Cancelled,Credit Card,2149.44
9962,17,79,2025-08-13 14:33:33,Completed,Cash,3928.78
9963,661,28,2024-07-13 22:59:51,Cancelled,Cash,1394.0
9964,347,90,2024-07-07 18:33:48,Cancelled,Credit Card,2140.21
9965,62,35,2024-10-25 14:58:48,Completed,UPI,2039.63
9966,106,34,2025-10-05 16:52:32,Returned,Credit Card,2399.58
9967,277,79,2024-09-21 03:52:20,Pending,Cash,1221.0
9968,634,46,2025-04-12 18:35:06,Pending,Cash,79.13
9969,466,72,2025-12-08 17:39:11,Completed,Credit Card,3872.87
9970,581,71,2026-05-23 03:37:14,Returned,UPI,186.73
9971,833,34,2026-02-07 15:33:11,Completed,Net Banking,4395.92
9972,117,84,2025-07-22 08:22:16,Cancelled,Credit Card,1418.17
9973,993,48,2025-05-06 23:34:07,Pending,UPI,4256.87
9974,981,15,2024-10-10 23:44:50,Returned,Cash,156.44
9975,894,84,2026-04-29 19:40:54,Returned,Credit Card,3642.72
9976,263,11,2026-05-12 10:23:43,Returned,Debit Card,2598.15
9977,356,4,2026-03-27 19:38:32,Cancelled,Cash,3458.54
9978,532,22,2024-08-11 08:17:20,Returned,Credit Card,2163.23
9979,125,81,2025-10-08 16:41:02,Cancelled,Credit Card,2130.39
9980,303,55,2024-07-04 19:37:41,Completed,UPI,4521.54
9981,362,37,2025-08-13 21:20:15,Cancelled,Cash,860.35
9982,579,33,2025-11-21 23:52:32,Completed,Credit Card,4075.19
9983,536,16,2025-06-24 16:34:20,Cancelled,Credit Card,673.91
9984,949,6,2025-05-09 13:06:19,Returned,Debit Card,220.64
9985,276,73,2025-12-26 06:12:15,Completed,Credit Card,243.24
9986,236,8,2024-12-24 21:07:43,Completed,Net Banking,4013.91
9987,929,42,2024-10-07 07:14:54,Returned,Net Banking,1544.74
9988,134,65,2024-09-02 22:43:44,Cancelled,Cash,2391.14
9989,642,21,2024-07-31 05:36:06,Pending,Credit Card,4514.55
9990,698,21,2024-11-16 19:19:52,Returned,Debit Card,2306.03
9991,108,19,2026-04-22 05:56:20,Pending,Debit Card,3578.74
9992,80,93,2025-04-21 07:54:39,Completed,UPI,362.9
9993,604,78,2024-07-20 04:50:13,Returned,Cash,2179.77
9994,971,10,2025-11-01 08:40:30,Completed,Credit Card,2352.65
9995,324,75,2025-07-19 11:04:34,Cancelled,Debit Card,3010.22
9996,636,93,2026-04-06 02:28:49,Completed,Debit Card,1041.48
9997,925,67,2024-11-06 21:09:27,Completed,Cash,3615.49
9998,860,36,2024-11-29 09:37:43,Pending,UPI,32.69
9999,778,73,2025-04-07 13:17:00,Completed,Debit Card,2618.01
10000,483,57,2026-02-18 13:41:26,Completed,Net Banking,3557.19
