payment_id,order_id,customer_id,payment_method,payment_status,payment_amount,payment_date
1,1,329,Credit Card,Success,1011.64,2024-07-21 01:21:59
2,2,712,Debit Card,Success,2643.95,2025-05-16 18:18:24
3,3,539,UPI,Pending,4588.99,2024-08-17 15:33:41
4,4,39,Debit Card,Pending,4636.14,2025-10-02 15:31:15
5,5,598,Net Banking,Pending,2581.95,2025-03-05 17:21:17
6,6,347,Net Banking,Success,3300.76,2025-09-09 17:18:58
7,7,539,Cash,Success,1316.73,2024-10-03 14:06:25
8,8,235,Net Banking,Success,2758.62,2025-03-31 15:37:44
9,9,204,Net Banking,Pending,4196.33,2025-08-15 09:54:41
10,10,893,Net Banking,Success,3880.8,2024-07-03 08:44:24
11,11,783,Net Banking,Failed,3538.87,2025-02-01 15:13:57
12,12,979,Credit Card,Success,384.07,2025-02-14 12:05:32
13,13,835,Cash,Success,2443.45,2026-05-13 07:41:31
14,14,604,Credit Card,Pending,4052.16,2024-08-08 17:37:12
15,15,425,UPI,Pending,4838.93,2024-12-13 13:37:05
16,16,170,Net Banking,Success,1822.87,2024-12-16 20:39:50
17,17,950,Credit Card,Success,4184.07,2025-11-25 15:46:32
18,18,978,Credit Card,Success,759.69,2025-12-02 05:01:23
19,19,411,Credit Card,Failed,4939.21,2025-11-07 20:42:51
20,20,234,UPI,Success,2611.91,2024-08-02 19:40:54
21,21,310,Net Banking,Failed,3610.28,2024-10-27 08:19:08
22,22,810,Debit Card,Success,1299.11,2025-05-30 04:49:18
23,23,43,Net Banking,Success,2812.96,2026-01-28 23:44:55
24,24,736,Credit Card,Pending,3180.63,2024-11-17 16:39:44
25,25,79,Cash,Success,3657.83,2024-08-15 19:34:35
26,26,697,Net Banking,Pending,1666.37,2024-08-16 07:17:02
27,27,300,Debit Card,Success,2979.58,2024-10-11 03:14:15
28,28,774,Debit Card,Failed,563.0,2025-09-30 05:00:49
29,29,129,Debit Card,Failed,4662.82,2025-03-01 04:58:13
30,30,472,Credit Card,Pending,3532.2,2025-05-31 16:34:44
31,31,151,Credit Card,Failed,3610.41,2025-05-01 13:17:28
32,32,837,Cash,Success,1953.5,2025-05-17 07:52:03
33,33,766,Net Banking,Pending,3549.78,2025-10-23 13:13:05
34,34,991,Cash,Pending,1336.18,2025-11-20 00:49:32
35,35,731,UPI,Success,2354.58,2025-02-16 16:05:01
36,36,456,UPI,Success,1743.24,2024-10-29 06:56:52
37,37,997,Debit Card,Success,1478.7,2025-04-21 22:45:06
38,38,893,UPI,Failed,886.19,2025-09-06 03:21:17
39,39,266,Net Banking,Failed,4740.9,2025-03-12 02:55:52
40,40,735,Net Banking,Pending,2158.32,2024-12-21 19:23:58
41,41,445,UPI,Success,2072.8,2024-11-23 08:38:10
42,42,647,Debit Card,Failed,2835.0,2025-05-01 00:03:53
43,43,623,Cash,Pending,2368.47,2025-07-24 21:57:46
44,44,1,Debit Card,Success,4215.68,2024-10-18 07:52:40
45,45,996,Cash,Failed,1634.22,2024-09-18 00:09:17
46,46,828,UPI,Success,804.34,2025-09-21 07:41:33
47,47,559,Credit Card,Pending,1614.34,2025-10-30 18:03:01
48,48,908,Debit Card,Pending,4287.11,2025-02-21 04:39:25
49,49,981,UPI,Success,2538.11,2025-11-01 10:48:43
50,50,460,Net Banking,Pending,4826.28,2024-11-12 21:53:19
51,51,679,Net Banking,Success,51.15,2026-05-26 13:06:52
52,52,88,Net Banking,Success,1787.05,2025-07-12 17:08:43
53,53,164,Credit Card,Pending,3632.69,2026-02-27 22:15:34
54,54,630,Cash,Success,1465.09,2025-06-25 07:23:01
55,55,228,Debit Card,Failed,2232.34,2025-08-07 04:31:34
56,56,661,Net Banking,Failed,961.07,2026-04-13 03:18:50
57,57,746,Cash,Pending,4445.45,2025-04-18 17:04:59
58,58,990,Debit Card,Success,2202.54,2026-05-04 02:25:39
59,59,81,Net Banking,Failed,4165.79,2025-05-31 23:41:04
60,60,587,Cash,Pending,3786.02,2025-05-01 22:20:18
61,61,843,Credit Card,Failed,3866.25,2024-07-25 18:45:13
62,62,299,Net Banking,Pending,4381.07,2024-05-29 12:52:24
63,63,848,UPI,Success,52.4,2025-06-06 00:01:26
64,64,12,Cash,Failed,3006.91,2024-09-05 19:20:30
65,65,670,Credit Card,Success,3082.05,2025-12-28 23:19:01
66,66,994,Net Banking,Success,4677.54,2025-02-22 14:23:56
67,67,261,Cash,Pending,3718.33,2024-11-23 02:34:00
68,68,576,Credit Card,Success,312.95,2026-03-08 23:12:48
69,69,427,Debit Card,Success,2812.99,2025-06-02 06:12:15
70,70,495,Net Banking,Failed,1646.05,2024-12-18 16:48:51
71,71,746,Credit Card,Success,2177.04,2026-01-09 11:52:08
72,72,119,Debit Card,Failed,3893.0,2026-03-29 16:02:33
73,73,584,Debit Card,Pending,4802.54,2024-06-05 16:14:04
74,74,372,Credit Card,Success,788.5,2025-12-19 23:13:06
75,75,386,Net Banking,Failed,2988.78,2024-09-13 00:02:03
76,76,895,Credit Card,Pending,4984.57,2024-12-10 10:18:57
77,77,290,Net Banking,Pending,600.48,2026-02-06 11:37:47
78,78,870,UPI,Success,3032.53,2024-11-25 08:46:36
79,79,139,Cash,Pending,130.71,2025-07-01 15:16:05
80,80,343,UPI,Pending,3440.64,2025-07-04 15:51:58
81,81,142,Net Banking,Pending,3866.27,2025-08-25 13:53:16
82,82,534,Credit Card,Pending,670.99,2026-03-09 22:34:49
83,83,834,UPI,Failed,538.17,2026-05-18 05:50:37
84,84,658,UPI,Success,1373.75,2024-06-15 07:56:11
85,85,576,UPI,Pending,2733.85,2025-12-20 17:28:15
86,86,208,UPI,Success,2037.44,2025-03-24 01:55:51
87,87,354,Cash,Pending,520.03,2024-12-20 04:58:34
88,88,912,UPI,Pending,2900.53,2026-03-28 18:46:38
89,89,395,Credit Card,Success,2241.85,2025-07-07 06:31:34
90,90,79,UPI,Success,456.11,2025-02-20 05:14:04
91,91,164,Credit Card,Pending,2727.29,2024-08-08 04:28:49
92,92,505,UPI,Failed,557.26,2025-08-09 11:49:19
93,93,681,Credit Card,Success,4887.48,2025-11-12 03:14:28
94,94,715,Net Banking,Success,289.01,2025-11-30 10:56:29
95,95,272,Debit Card,Failed,4071.6,2025-03-09 03:10:38
96,96,183,Credit Card,Success,1611.26,2026-04-20 15:50:36
97,97,668,Cash,Success,3681.69,2025-06-18 19:53:03
98,98,899,Credit Card,Failed,940.8,2025-06-09 13:20:52
99,99,705,Net Banking,Pending,2516.15,2026-01-31 13:50:16
100,100,752,Credit Card,Pending,3804.8,2026-04-05 04:40:28
101,101,106,Net Banking,Pending,1435.82,2025-10-18 01:48:58
102,102,850,Debit Card,Pending,4286.91,2024-12-02 22:50:27
103,103,367,Cash,Failed,1948.06,2025-07-17 03:51:28
104,104,611,Net Banking,Pending,4615.34,2025-10-05 19:05:48
105,105,88,Credit Card,Pending,154.78,2024-10-29 19:35:13
106,106,502,Net Banking,Failed,463.78,2024-10-30 19:26:02
107,107,873,Net Banking,Pending,2622.61,2026-04-26 11:59:02
108,108,921,Cash,Pending,1525.81,2024-09-16 17:52:23
109,109,618,Cash,Pending,4607.3,2024-10-10 15:03:29
110,110,441,Net Banking,Pending,2146.7,2025-02-08 18:05:54
111,111,467,UPI,Failed,2745.95,2026-02-16 10:40:04
112,112,970,Credit Card,Success,3200.79,2024-12-20 05:14:58
113,113,972,Debit Card,Success,2141.99,2025-11-14 06:31:07
114,114,364,UPI,Success,1332.84,2025-01-06 19:45:21
115,115,234,Debit Card,Success,204.15,2024-06-28 09:52:49
116,116,361,UPI,Failed,1348.85,2025-11-04 01:12:59
117,117,447,UPI,Success,3011.02,2026-01-28 12:38:43
118,118,942,Credit Card,Pending,176.63,2026-04-22 03:00:50
119,119,99,Cash,Failed,2924.27,2024-09-17 20:24:05
120,120,307,Net Banking,Success,3276.96,2024-12-04 09:28:14
121,121,883,Credit Card,Failed,3472.66,2024-12-19 20:55:54
122,122,384,Credit Card,Success,3973.21,2024-08-05 23:23:29
123,123,981,Credit Card,Pending,4391.14,2025-12-18 21:29:25
124,124,445,Cash,Pending,1962.03,2025-05-23 23:05:59
125,125,208,UPI,Failed,4566.37,2024-06-15 01:59:19
126,126,858,Net Banking,Pending,963.15,2024-10-16 08:06:06
127,127,8,UPI,Failed,3725.93,2025-07-06 01:11:04
128,128,249,UPI,Success,1487.27,2024-11-01 14:00:30
129,129,150,Debit Card,Pending,3796.74,2024-07-20 18:40:16
130,130,49,Cash,Failed,2265.39,2025-10-29 06:52:40
131,131,192,Net Banking,Pending,1538.03,2026-03-03 12:25:10
132,132,206,Net Banking,Success,634.82,2024-06-11 10:08:17
133,133,184,Credit Card,Pending,4768.44,2025-01-29 10:58:47
134,134,545,Net Banking,Failed,3207.98,2025-06-08 23:07:11
135,135,760,UPI,Pending,2409.75,2025-01-14 20:56:48
136,136,863,UPI,Failed,573.24,2026-02-10 22:16:57
137,137,654,Credit Card,Success,1633.27,2025-09-08 01:16:16
138,138,544,Credit Card,Failed,2485.56,2025-12-16 08:24:18
139,139,882,Credit Card,Success,4206.73,2024-09-03 16:56:43
140,140,407,Credit Card,Success,4657.9,2026-02-26 08:12:35
141,141,861,Debit Card,Failed,1443.19,2024-07-06 04:15:00
142,142,806,Cash,Failed,742.3,2025-12-03 10:47:06
143,143,805,UPI,Success,1985.89,2025-07-22 18:47:54
144,144,947,Credit Card,Success,2288.42,2024-07-09 21:51:29
145,145,764,UPI,Failed,2010.08,2025-01-24 21:40:46
146,146,553,Cash,Success,651.83,2025-01-30 01:22:52
147,147,380,Credit Card,Pending,2701.9,2025-01-15 14:27:19
148,148,185,Cash,Failed,1089.89,2025-06-15 03:22:18
149,149,57,Net Banking,Pending,4441.25,2026-05-22 21:06:14
150,150,95,UPI,Pending,4789.85,2025-02-03 15:01:43
151,151,859,Debit Card,Failed,697.29,2024-10-05 12:35:25
152,152,312,Credit Card,Pending,188.16,2024-09-16 13:43:01
153,153,604,UPI,Success,4465.83,2024-12-05 21:55:21
154,154,166,UPI,Failed,3694.12,2024-10-23 06:06:05
155,155,994,UPI,Success,4882.31,2025-06-19 00:13:05
156,156,561,Cash,Success,2056.43,2024-08-05 04:40:57
157,157,76,UPI,Failed,1107.14,2024-12-13 02:43:22
158,158,723,Net Banking,Pending,3546.01,2024-06-02 16:18:17
159,159,83,Debit Card,Success,2730.45,2025-07-10 03:37:52
160,160,712,UPI,Success,4817.62,2024-09-22 18:57:42
161,161,797,Cash,Success,3740.55,2026-01-14 10:16:41
162,162,269,UPI,Pending,4858.04,2026-04-03 03:13:27
163,163,527,Debit Card,Pending,4356.88,2025-06-08 10:38:03
164,164,847,Cash,Pending,3638.8,2026-05-09 10:14:11
165,165,252,Cash,Failed,1834.54,2025-06-26 04:37:44
166,166,319,UPI,Success,4025.97,2026-01-26 06:06:51
167,167,303,Credit Card,Pending,4716.31,2025-12-20 10:01:00
168,168,631,Net Banking,Failed,3506.84,2025-02-26 22:23:51
169,169,266,Credit Card,Pending,511.55,2026-01-04 01:47:45
170,170,995,Debit Card,Success,1484.74,2025-06-06 11:48:28
171,171,558,Credit Card,Failed,3353.39,2026-02-23 21:21:09
172,172,792,Cash,Success,1210.51,2025-10-12 01:07:04
173,173,650,Net Banking,Pending,1028.73,2025-07-25 04:27:56
174,174,996,Credit Card,Failed,3145.61,2025-01-25 19:48:00
175,175,157,Cash,Success,2123.54,2026-02-04 05:02:45
176,176,398,UPI,Failed,1383.3,2025-05-24 04:20:20
177,177,361,Debit Card,Success,1839.57,2025-12-06 00:11:58
178,178,914,Net Banking,Success,3661.18,2026-01-09 04:43:46
179,179,109,Debit Card,Pending,2529.6,2026-02-20 05:40:22
180,180,694,Net Banking,Success,762.23,2025-08-11 00:45:16
181,181,546,UPI,Failed,2348.85,2025-03-07 02:58:09
182,182,689,Net Banking,Success,1912.8,2025-12-19 18:45:10
183,183,268,Debit Card,Success,911.01,2024-12-12 03:03:03
184,184,976,Cash,Success,1444.76,2025-02-23 22:26:39
185,185,373,Cash,Failed,1251.33,2025-09-11 16:50:12
186,186,499,Credit Card,Success,1749.56,2024-05-27 13:26:36
187,187,136,UPI,Pending,2088.42,2025-05-09 18:12:30
188,188,487,Credit Card,Pending,1583.56,2025-12-23 06:33:11
189,189,576,Credit Card,Failed,2215.83,2026-04-14 03:33:06
190,190,228,Net Banking,Failed,1974.68,2024-06-05 17:53:46
191,191,252,Debit Card,Pending,3018.46,2025-05-20 11:44:01
192,192,413,UPI,Pending,3295.98,2025-07-19 17:51:40
193,193,348,Cash,Failed,2978.32,2025-03-02 00:48:40
194,194,689,Cash,Pending,199.43,2024-10-21 01:13:50
195,195,172,Net Banking,Pending,3782.86,2025-03-06 04:39:33
196,196,376,UPI,Success,86.66,2025-06-12 08:05:34
197,197,731,Net Banking,Failed,3076.89,2024-10-07 11:52:42
198,198,391,Cash,Success,705.39,2025-02-06 08:47:30
199,199,572,Debit Card,Failed,2261.38,2025-10-21 10:17:54
200,200,61,Debit Card,Success,4686.51,2026-05-21 10:48:05
201,201,822,Net Banking,Failed,1624.88,2025-01-26 20:12:53
202,202,552,Debit Card,Failed,2422.39,2025-05-18 02:12:02
203,203,352,Net Banking,Failed,1711.14,2025-04-16 03:17:30
204,204,126,Debit Card,Success,855.53,2024-10-22 06:51:49
205,205,263,Debit Card,Failed,3395.22,2024-08-05 03:03:51
206,206,648,Cash,Failed,4711.71,2026-02-17 23:02:42
207,207,38,Cash,Pending,973.66,2026-02-08 15:20:59
208,208,34,Net Banking,Pending,959.79,2024-12-18 16:48:53
209,209,308,UPI,Failed,2412.94,2025-04-28 23:05:33
210,210,556,UPI,Pending,1358.86,2025-08-16 11:08:56
211,211,257,UPI,Success,3591.5,2026-05-25 13:47:07
212,212,921,Cash,Success,1471.54,2025-08-09 08:58:09
213,213,902,Cash,Success,736.94,2024-07-03 03:45:45
214,214,861,Cash,Pending,751.7,2025-04-19 12:07:01
215,215,185,Debit Card,Pending,2969.91,2024-06-04 04:19:19
216,216,555,Debit Card,Success,124.23,2025-11-11 01:51:58
217,217,252,UPI,Pending,804.32,2024-06-24 06:15:28
218,218,500,Debit Card,Pending,2275.75,2025-08-26 22:50:05
219,219,275,Debit Card,Success,4978.6,2026-01-19 08:01:41
220,220,425,Credit Card,Pending,1857.76,2026-01-24 15:56:10
221,221,476,UPI,Pending,3118.4,2025-09-09 13:48:16
222,222,469,Cash,Failed,1646.49,2026-04-05 06:21:09
223,223,905,Net Banking,Pending,2869.57,2026-01-03 07:32:27
224,224,359,UPI,Pending,809.52,2025-08-30 08:13:32
225,225,350,Cash,Pending,4263.64,2025-10-23 09:39:55
226,226,2,Cash,Success,2881.27,2024-10-22 02:42:27
227,227,234,Debit Card,Success,2605.96,2024-12-04 14:12:47
228,228,862,Debit Card,Failed,295.06,2025-09-08 11:46:32
229,229,481,Net Banking,Success,2079.34,2025-08-31 02:53:44
230,230,512,Debit Card,Pending,4236.62,2024-10-31 04:58:02
231,231,967,UPI,Failed,988.16,2025-11-26 21:35:24
232,232,388,Net Banking,Success,3004.55,2026-03-14 03:24:04
233,233,779,Credit Card,Failed,108.6,2025-09-11 08:09:29
234,234,507,Debit Card,Pending,2688.86,2025-04-17 04:01:29
235,235,976,Cash,Pending,4038.85,2024-10-12 17:40:12
236,236,831,UPI,Pending,1495.83,2025-02-14 14:43:34
237,237,27,Cash,Failed,3984.62,2025-04-28 00:44:17
238,238,953,Debit Card,Pending,4057.66,2024-08-16 16:47:24
239,239,116,Cash,Success,161.91,2025-11-12 02:44:52
240,240,123,UPI,Success,2955.15,2025-12-18 07:55:47
241,241,334,Net Banking,Pending,1593.17,2025-07-22 09:59:55
242,242,5,Debit Card,Failed,547.03,2026-01-24 05:59:19
243,243,523,Cash,Pending,3699.16,2025-05-10 14:01:35
244,244,114,UPI,Success,1440.34,2024-08-14 20:06:42
245,245,960,Cash,Pending,4886.62,2026-04-11 13:04:28
246,246,195,UPI,Failed,291.69,2025-11-01 01:55:01
247,247,20,Net Banking,Pending,4233.96,2024-08-04 04:23:37
248,248,166,Credit Card,Success,2920.59,2025-07-18 02:11:12
249,249,114,Cash,Success,691.37,2025-07-21 12:21:04
250,250,754,Debit Card,Success,2953.93,2025-12-04 19:28:29
251,251,666,Credit Card,Pending,3691.28,2024-09-23 09:02:44
252,252,810,Debit Card,Success,3209.72,2024-11-22 08:39:59
253,253,474,Credit Card,Success,1365.6,2025-01-07 20:50:01
254,254,604,Credit Card,Success,2128.22,2025-01-15 10:10:48
255,255,729,Debit Card,Success,3306.0,2024-07-19 14:43:38
256,256,577,Cash,Pending,3384.37,2026-02-10 06:23:21
257,257,561,Debit Card,Failed,1398.9,2024-07-12 17:00:44
258,258,165,Credit Card,Failed,4965.35,2025-08-12 02:26:34
259,259,784,Net Banking,Success,4900.74,2026-04-06 17:21:30
260,260,866,UPI,Success,1317.85,2024-10-21 01:42:15
261,261,23,Net Banking,Failed,1649.08,2026-01-03 18:06:15
262,262,427,Cash,Pending,2865.56,2025-10-15 06:07:34
263,263,909,Credit Card,Pending,3396.58,2025-12-24 16:37:34
264,264,9,Debit Card,Failed,2412.71,2025-07-31 09:26:01
265,265,198,Debit Card,Pending,2240.86,2026-03-18 03:42:56
266,266,156,UPI,Success,4411.89,2025-02-01 10:20:08
267,267,448,Cash,Failed,171.56,2025-09-09 11:51:59
268,268,881,Debit Card,Success,4552.35,2024-06-14 10:16:25
269,269,655,Net Banking,Failed,4069.81,2025-05-04 02:22:50
270,270,801,Cash,Success,4724.21,2026-01-10 12:39:11
271,271,1000,Debit Card,Success,1166.45,2025-12-12 18:51:02
272,272,358,Debit Card,Failed,640.86,2025-06-04 19:11:30
273,273,330,Debit Card,Failed,1568.81,2024-10-23 08:12:05
274,274,85,Debit Card,Pending,643.72,2025-01-23 14:51:11
275,275,611,Net Banking,Failed,3142.52,2024-09-17 13:13:28
276,276,924,Credit Card,Success,4336.87,2025-12-26 15:27:12
277,277,31,Debit Card,Failed,3383.26,2025-03-27 16:31:53
278,278,491,UPI,Success,350.84,2025-10-11 09:48:02
279,279,510,Cash,Pending,4841.59,2024-07-23 01:19:58
280,280,850,UPI,Success,3951.22,2025-03-30 11:12:13
281,281,986,Cash,Pending,2785.94,2026-05-04 07:47:31
282,282,712,UPI,Failed,3360.29,2025-07-16 23:59:21
283,283,936,Cash,Failed,560.12,2024-10-08 04:43:23
284,284,674,Net Banking,Failed,466.62,2026-02-26 22:41:39
285,285,450,Debit Card,Success,3709.81,2025-04-18 15:47:39
286,286,809,Cash,Failed,3614.7,2025-05-06 17:28:41
287,287,969,UPI,Failed,43.43,2025-01-13 08:44:30
288,288,540,Credit Card,Failed,192.62,2025-06-02 06:51:01
289,289,62,Debit Card,Success,2159.26,2026-04-02 10:43:05
290,290,279,Credit Card,Success,126.01,2025-07-23 23:55:03
291,291,596,UPI,Success,3072.9,2025-04-20 03:18:29
292,292,540,Credit Card,Failed,4079.68,2025-01-21 12:23:09
293,293,978,Debit Card,Pending,457.2,2026-02-04 03:10:26
294,294,478,Debit Card,Failed,632.69,2025-07-27 01:51:35
295,295,417,Credit Card,Failed,4621.02,2024-06-29 16:56:13
296,296,683,Credit Card,Failed,3541.73,2026-01-11 06:03:25
297,297,353,Credit Card,Failed,1761.46,2025-07-22 03:01:41
298,298,343,Credit Card,Failed,659.94,2024-12-10 16:36:46
299,299,869,Credit Card,Failed,4296.63,2025-04-09 19:04:58
300,300,958,Net Banking,Success,3090.21,2025-08-20 12:12:33
301,301,430,Debit Card,Pending,2512.06,2025-09-10 08:00:28
302,302,332,Net Banking,Pending,2365.59,2026-04-05 15:59:17
303,303,31,Net Banking,Success,783.91,2026-02-12 00:27:13
304,304,161,Debit Card,Success,3842.95,2025-09-23 07:00:28
305,305,370,Credit Card,Pending,4347.13,2025-12-21 21:30:46
306,306,244,Credit Card,Success,3785.57,2024-09-14 15:24:33
307,307,164,Debit Card,Pending,766.0,2026-02-02 05:17:09
308,308,90,Net Banking,Failed,4670.11,2025-07-08 09:10:50
309,309,774,Debit Card,Failed,4442.77,2025-04-14 15:56:19
310,310,368,UPI,Pending,4726.03,2026-05-07 01:47:04
311,311,322,Debit Card,Failed,3800.79,2024-07-29 12:24:10
312,312,20,Credit Card,Failed,1419.49,2026-02-03 15:42:21
313,313,722,Debit Card,Success,4249.17,2025-08-23 07:01:28
314,314,328,UPI,Failed,4719.38,2025-09-16 02:10:30
315,315,597,Debit Card,Pending,4475.14,2025-05-30 19:02:11
316,316,44,UPI,Failed,297.52,2024-08-05 09:08:33
317,317,918,Net Banking,Success,2762.03,2025-01-22 15:53:01
318,318,654,Cash,Success,739.22,2025-06-16 20:43:00
319,319,756,Cash,Success,3426.53,2026-01-14 07:00:02
320,320,864,Credit Card,Failed,4193.49,2025-03-22 02:18:45
321,321,295,Debit Card,Failed,517.97,2025-12-15 01:16:11
322,322,501,Credit Card,Success,1509.25,2025-03-26 21:38:38
323,323,553,Credit Card,Success,1250.54,2026-04-01 06:09:18
324,324,638,Cash,Failed,2637.1,2026-04-17 16:15:21
325,325,633,Net Banking,Pending,532.68,2025-07-13 18:52:37
326,326,820,UPI,Pending,2353.09,2025-10-10 05:10:04
327,327,7,Net Banking,Pending,2233.8,2024-12-05 21:25:01
328,328,804,Debit Card,Pending,2420.98,2025-10-12 06:23:45
329,329,943,UPI,Success,636.76,2025-11-27 06:07:13
330,330,209,Cash,Failed,2179.41,2025-05-26 21:28:19
331,331,802,Debit Card,Pending,2622.91,2025-08-01 18:02:52
332,332,985,UPI,Success,3238.72,2025-10-30 05:47:33
333,333,450,Credit Card,Success,480.71,2026-01-15 18:25:00
334,334,446,UPI,Failed,3846.07,2026-05-08 00:54:56
335,335,571,Debit Card,Pending,4167.75,2024-07-16 21:08:36
336,336,113,UPI,Success,1717.0,2026-05-13 08:13:17
337,337,190,Net Banking,Success,676.45,2026-02-09 23:48:50
338,338,339,Net Banking,Success,2136.58,2025-11-18 18:34:02
339,339,879,Credit Card,Pending,1659.45,2024-11-28 02:33:22
340,340,283,Credit Card,Failed,1305.87,2024-08-04 22:49:19
341,341,545,Credit Card,Failed,1953.02,2024-07-28 15:30:21
342,342,122,Debit Card,Pending,354.91,2025-08-28 02:26:24
343,343,342,Credit Card,Pending,2772.48,2024-10-18 22:32:33
344,344,886,Cash,Failed,1593.89,2024-08-26 09:00:09
345,345,319,UPI,Failed,141.6,2025-09-09 04:18:59
346,346,516,Credit Card,Failed,3337.98,2025-12-05 12:48:13
347,347,2,Cash,Failed,1503.21,2025-01-25 08:27:22
348,348,999,Net Banking,Failed,3191.04,2026-03-17 10:36:42
349,349,813,UPI,Pending,1393.2,2026-02-08 19:28:27
350,350,338,Credit Card,Pending,3355.49,2026-04-27 03:07:59
351,351,668,Cash,Pending,4542.22,2026-02-08 01:36:54
352,352,893,Debit Card,Failed,3745.52,2025-04-12 05:40:25
353,353,205,Cash,Pending,2481.48,2025-01-08 03:11:53
354,354,764,Net Banking,Success,4175.14,2025-07-13 21:05:50
355,355,390,Cash,Pending,4712.01,2024-09-25 18:36:49
356,356,484,Cash,Failed,4913.67,2025-07-06 13:15:07
357,357,747,UPI,Failed,495.26,2024-06-14 15:20:29
358,358,95,Net Banking,Pending,474.55,2024-11-19 06:04:21
359,359,1,Cash,Failed,2835.38,2025-05-31 08:12:02
360,360,382,Credit Card,Pending,1261.53,2025-04-30 11:54:28
361,361,712,Net Banking,Pending,2957.29,2024-09-20 21:28:55
362,362,414,Net Banking,Failed,2312.26,2024-10-28 23:23:38
363,363,405,UPI,Pending,4164.09,2024-10-29 13:39:19
364,364,274,Debit Card,Failed,423.59,2025-10-29 16:44:30
365,365,590,Net Banking,Failed,1862.99,2025-06-19 03:54:41
366,366,294,Debit Card,Failed,866.29,2024-10-25 13:56:12
367,367,149,Cash,Failed,713.13,2026-05-25 09:20:31
368,368,223,Debit Card,Pending,3181.27,2024-12-30 14:16:09
369,369,322,Debit Card,Failed,240.13,2026-05-19 15:20:26
370,370,280,Credit Card,Success,4194.47,2026-04-15 23:43:26
371,371,233,Credit Card,Success,184.41,2025-12-31 02:54:09
372,372,697,Net Banking,Failed,4167.91,2024-06-03 18:58:25
373,373,202,Debit Card,Success,4215.81,2024-12-07 08:28:23
374,374,715,UPI,Pending,3543.83,2025-08-24 04:16:54
375,375,505,Debit Card,Pending,3696.22,2026-01-10 17:47:42
376,376,22,Cash,Success,572.84,2025-05-01 07:56:36
377,377,713,Credit Card,Pending,4161.25,2025-07-11 07:21:35
378,378,573,Net Banking,Pending,1495.03,2025-09-26 02:16:34
379,379,264,Debit Card,Failed,514.54,2026-04-07 12:18:44
380,380,432,Cash,Pending,4511.46,2024-09-14 18:01:56
381,381,859,UPI,Success,4318.42,2024-10-24 21:09:14
382,382,523,Net Banking,Success,4749.27,2026-01-09 17:02:46
383,383,191,Debit Card,Pending,2238.27,2025-01-22 22:03:40
384,384,637,UPI,Success,198.27,2025-12-01 05:58:10
385,385,314,Cash,Failed,2874.91,2024-08-15 20:26:23
386,386,192,Net Banking,Pending,4546.7,2025-09-18 05:10:46
387,387,101,Credit Card,Success,3947.37,2024-11-06 07:04:41
388,388,360,Net Banking,Success,3109.26,2025-10-06 13:36:38
389,389,745,Credit Card,Pending,1158.26,2025-05-19 18:54:23
390,390,676,Debit Card,Pending,2008.28,2025-03-29 07:47:29
391,391,192,Cash,Success,1643.14,2025-02-24 03:49:52
392,392,645,UPI,Pending,1992.21,2026-05-05 14:26:17
393,393,236,Net Banking,Pending,1229.68,2024-06-23 11:42:13
394,394,396,UPI,Failed,1166.57,2024-07-15 16:46:12
395,395,218,Debit Card,Failed,2587.9,2025-06-16 18:04:45
396,396,792,Credit Card,Pending,4759.3,2026-03-20 19:02:55
397,397,224,Credit Card,Failed,2587.73,2024-12-28 21:06:43
398,398,284,Cash,Pending,434.96,2026-02-06 22:47:23
399,399,681,UPI,Pending,4292.63,2024-07-17 01:58:16
400,400,545,Credit Card,Pending,1295.34,2025-04-24 03:20:50
401,401,807,Net Banking,Pending,3059.87,2026-01-20 20:09:42
402,402,787,Debit Card,Failed,737.41,2025-06-25 22:35:55
403,403,1000,UPI,Success,4469.32,2024-11-01 20:00:02
404,404,412,UPI,Pending,4435.43,2025-06-02 04:36:08
405,405,147,UPI,Success,2179.0,2025-03-13 11:44:27
406,406,917,Debit Card,Failed,154.5,2026-01-19 23:01:35
407,407,315,Cash,Success,2448.5,2024-07-19 06:56:27
408,408,278,UPI,Failed,855.37,2024-06-16 02:32:49
409,409,801,UPI,Failed,3186.97,2025-03-01 22:01:02
410,410,428,UPI,Pending,4387.43,2025-12-23 13:55:10
411,411,229,Debit Card,Failed,2101.03,2025-09-10 08:16:20
412,412,824,Net Banking,Failed,3591.33,2024-06-01 16:57:21
413,413,677,Net Banking,Failed,1686.94,2024-07-21 23:49:48
414,414,740,Debit Card,Success,355.27,2024-06-24 05:06:34
415,415,360,Credit Card,Success,2816.21,2025-02-09 21:51:00
416,416,929,Cash,Success,3810.74,2025-03-24 16:36:14
417,417,1,UPI,Failed,2968.0,2025-07-30 03:07:09
418,418,199,Cash,Pending,98.56,2026-02-14 18:54:02
419,419,458,Credit Card,Failed,1413.22,2025-10-05 23:19:18
420,420,775,Net Banking,Success,2918.92,2026-01-08 06:28:44
421,421,872,UPI,Success,2356.49,2025-11-22 10:39:40
422,422,698,UPI,Failed,1461.09,2024-09-10 23:55:59
423,423,783,Debit Card,Success,560.17,2026-04-06 23:55:47
424,424,954,Cash,Failed,1973.55,2026-04-29 00:53:50
425,425,428,UPI,Success,1959.9,2024-07-25 23:40:38
426,426,529,Debit Card,Pending,3117.82,2024-09-13 07:54:30
427,427,191,UPI,Success,528.48,2024-07-24 09:35:54
428,428,867,Cash,Success,1741.01,2025-05-17 20:28:52
429,429,626,Debit Card,Success,4438.84,2025-04-19 10:33:19
430,430,119,UPI,Failed,2726.07,2026-05-11 14:16:51
431,431,127,Net Banking,Success,3456.63,2025-01-15 04:41:08
432,432,977,Net Banking,Success,4592.08,2026-05-19 01:14:03
433,433,898,Cash,Success,1308.81,2025-03-19 09:00:03
434,434,143,Cash,Success,2507.76,2024-08-31 07:45:48
435,435,164,UPI,Pending,3901.65,2025-07-18 17:19:48
436,436,879,Cash,Success,1999.93,2025-05-13 04:25:25
437,437,660,Debit Card,Pending,4403.97,2026-02-03 02:36:36
438,438,414,Net Banking,Failed,3915.82,2025-06-05 10:41:32
439,439,678,UPI,Pending,771.15,2025-07-23 06:01:05
440,440,35,Cash,Failed,3771.74,2026-01-19 00:57:01
441,441,355,Debit Card,Failed,3719.26,2025-05-10 00:18:52
442,442,948,Credit Card,Failed,4134.06,2024-12-18 18:24:45
443,443,359,UPI,Failed,3521.43,2024-09-23 09:35:17
444,444,810,Cash,Failed,1710.24,2026-03-31 22:10:50
445,445,838,Credit Card,Success,532.65,2025-12-12 01:47:21
446,446,91,Cash,Success,4355.05,2026-04-02 11:17:03
447,447,810,Debit Card,Pending,3187.23,2026-04-12 17:55:04
448,448,503,Credit Card,Failed,4064.05,2025-02-03 12:05:25
449,449,244,Net Banking,Pending,1587.49,2025-05-12 05:11:05
450,450,903,Credit Card,Pending,3270.02,2024-06-10 10:19:49
451,451,47,Debit Card,Success,133.0,2024-07-05 18:35:42
452,452,254,Cash,Failed,3045.66,2026-03-07 17:25:32
453,453,144,Debit Card,Failed,4330.13,2025-10-12 11:09:09
454,454,719,Debit Card,Success,466.05,2025-03-20 21:29:52
455,455,889,Cash,Pending,2288.09,2024-09-23 03:03:01
456,456,440,Cash,Failed,2540.61,2025-10-10 04:39:54
457,457,621,UPI,Pending,1368.27,2025-04-25 03:53:51
458,458,907,UPI,Success,2927.02,2025-11-18 09:16:02
459,459,436,UPI,Pending,1541.67,2025-05-21 12:17:07
460,460,517,Net Banking,Failed,2795.41,2024-09-05 13:59:02
461,461,237,Net Banking,Success,3139.02,2025-07-26 08:13:48
462,462,522,Credit Card,Failed,4214.79,2025-11-08 20:48:02
463,463,554,Credit Card,Pending,3360.45,2025-09-28 04:36:47
464,464,207,Credit Card,Success,2040.66,2024-05-27 00:24:42
465,465,412,UPI,Success,863.83,2024-10-15 00:51:19
466,466,509,Credit Card,Success,3749.94,2026-04-03 01:47:29
467,467,272,UPI,Success,3693.42,2025-03-10 10:55:57
468,468,815,UPI,Failed,3035.76,2024-06-06 23:24:13
469,469,850,Net Banking,Success,86.43,2025-06-19 19:16:34
470,470,789,UPI,Pending,2039.48,2024-09-21 20:47:23
471,471,60,Credit Card,Failed,2366.3,2026-01-31 22:03:48
472,472,882,Cash,Success,3342.46,2025-12-18 06:07:49
473,473,644,Credit Card,Failed,3422.49,2025-03-19 06:52:32
474,474,921,UPI,Failed,3878.79,2025-02-11 09:45:38
475,475,801,Credit Card,Failed,2271.11,2026-02-24 01:42:27
476,476,732,Cash,Success,828.78,2026-05-14 19:14:48
477,477,181,UPI,Success,3523.15,2024-10-30 19:09:12
478,478,719,Debit Card,Failed,379.08,2025-11-25 06:59:38
479,479,692,Credit Card,Pending,3119.78,2025-01-14 15:57:22
480,480,211,Net Banking,Failed,1540.06,2025-12-17 07:38:35
481,481,319,Debit Card,Success,532.07,2025-09-19 13:55:14
482,482,305,UPI,Success,4209.59,2025-04-27 14:35:48
483,483,658,Cash,Success,1379.01,2026-05-09 05:31:21
484,484,545,Cash,Failed,2888.28,2025-01-09 09:13:32
485,485,467,Cash,Pending,433.14,2025-04-14 05:20:12
486,486,680,Credit Card,Pending,4493.18,2025-01-10 05:10:23
487,487,394,Credit Card,Failed,556.8,2025-07-04 20:23:58
488,488,164,Cash,Success,3175.56,2025-04-02 20:24:47
489,489,211,Cash,Success,4347.45,2024-09-29 00:28:52
490,490,393,UPI,Success,4603.29,2026-02-12 13:32:41
491,491,898,Credit Card,Failed,3459.26,2025-03-24 18:18:54
492,492,18,UPI,Success,586.01,2025-12-07 03:53:13
493,493,500,Credit Card,Success,819.99,2025-03-07 02:01:46
494,494,20,Cash,Pending,3536.04,2025-05-17 14:29:14
495,495,739,Net Banking,Failed,4290.52,2026-04-24 19:15:13
496,496,226,Debit Card,Success,4720.17,2026-05-24 08:57:57
497,497,475,Debit Card,Failed,4874.21,2025-03-25 16:02:36
498,498,582,Debit Card,Pending,1013.3,2026-01-31 11:18:24
499,499,117,Net Banking,Success,3038.29,2025-04-04 13:35:28
500,500,798,Credit Card,Failed,4466.74,2025-08-08 01:04:31
501,501,974,UPI,Success,2849.41,2024-11-06 05:24:37
502,502,855,Net Banking,Success,3653.02,2025-05-29 04:27:44
503,503,163,UPI,Failed,4673.65,2025-12-13 12:27:30
504,504,571,Cash,Pending,3133.16,2025-03-10 23:06:35
505,505,11,Debit Card,Success,1124.89,2025-01-14 04:58:08
506,506,561,Credit Card,Success,1136.21,2026-01-19 19:46:17
507,507,795,Cash,Success,4317.91,2026-03-07 07:25:03
508,508,868,UPI,Success,3231.1,2025-05-11 06:43:02
509,509,436,Debit Card,Success,3222.55,2024-11-03 00:41:45
510,510,139,Credit Card,Failed,152.61,2026-03-30 19:23:14
511,511,771,Cash,Success,978.81,2025-02-28 05:14:30
512,512,307,Credit Card,Success,926.3,2026-04-14 05:57:22
513,513,185,UPI,Failed,4140.79,2024-12-31 09:03:10
514,514,623,Net Banking,Failed,3664.33,2024-06-29 03:19:49
515,515,363,Credit Card,Failed,4500.59,2024-08-31 01:23:42
516,516,956,UPI,Success,1129.42,2026-05-11 23:50:19
517,517,23,UPI,Pending,3896.34,2025-11-07 15:53:25
518,518,860,Debit Card,Failed,273.51,2025-04-06 00:30:04
519,519,770,UPI,Success,2145.68,2024-12-25 11:27:57
520,520,515,Net Banking,Success,4161.93,2024-07-01 11:51:17
521,521,317,UPI,Failed,1937.5,2025-03-01 16:44:17
522,522,449,Debit Card,Pending,3184.22,2025-03-26 07:28:41
523,523,426,Cash,Pending,1537.03,2025-08-13 18:30:31
524,524,926,UPI,Failed,2344.89,2024-07-04 19:45:01
525,525,53,Debit Card,Failed,2599.66,2024-12-19 13:02:20
526,526,266,UPI,Failed,1912.46,2025-09-11 15:58:13
527,527,5,Credit Card,Pending,1051.26,2026-03-21 19:23:51
528,528,968,UPI,Pending,3237.55,2025-05-07 22:12:33
529,529,239,Debit Card,Pending,2238.82,2025-11-01 10:35:53
530,530,450,Debit Card,Success,28.28,2025-10-06 21:09:32
531,531,756,UPI,Success,1850.7,2024-06-14 16:09:42
532,532,840,Net Banking,Success,2229.12,2025-03-13 19:48:50
533,533,125,UPI,Success,3273.81,2026-04-26 23:12:16
534,534,866,UPI,Pending,552.85,2025-01-15 23:17:24
535,535,249,Credit Card,Success,2801.94,2024-11-16 01:09:34
536,536,519,Cash,Failed,3759.39,2026-03-09 02:27:53
537,537,615,Cash,Success,2340.62,2026-03-09 22:53:21
538,538,849,Cash,Success,4312.81,2025-08-04 18:39:33
539,539,454,UPI,Pending,484.08,2025-12-28 17:52:18
540,540,70,Debit Card,Failed,2453.26,2025-02-04 00:50:02
541,541,55,UPI,Failed,2092.07,2024-11-29 05:17:48
542,542,336,Debit Card,Success,224.7,2024-09-06 19:38:53
543,543,307,Debit Card,Pending,3952.38,2024-09-17 03:27:34
544,544,543,Credit Card,Failed,1751.68,2025-09-23 10:28:50
545,545,789,Credit Card,Failed,2789.3,2025-07-27 09:09:44
546,546,575,Net Banking,Pending,4177.29,2026-04-19 21:29:33
547,547,739,Cash,Success,139.21,2025-06-10 13:52:15
548,548,415,Net Banking,Failed,4677.03,2024-07-09 10:17:34
549,549,133,Cash,Pending,1190.45,2024-10-27 06:50:32
550,550,685,Cash,Failed,726.19,2025-02-17 02:31:35
551,551,126,Credit Card,Success,1260.8,2024-07-08 09:41:39
552,552,363,Credit Card,Success,4744.39,2024-07-06 05:04:18
553,553,973,Cash,Pending,2581.1,2025-09-21 07:11:43
554,554,213,Debit Card,Success,3343.35,2026-05-03 11:25:30
555,555,791,Credit Card,Pending,550.11,2025-11-21 15:54:48
556,556,72,Credit Card,Failed,4650.19,2025-05-24 16:02:12
557,557,293,Net Banking,Success,678.76,2024-12-20 18:07:38
558,558,11,Debit Card,Success,3489.84,2026-02-10 20:34:38
559,559,9,Credit Card,Pending,150.39,2024-07-03 04:12:22
560,560,870,Net Banking,Pending,674.5,2025-03-21 14:25:32
561,561,714,Net Banking,Success,3138.81,2025-01-08 19:18:03
562,562,547,Net Banking,Pending,4618.65,2026-02-01 20:36:22
563,563,729,Cash,Success,2096.05,2026-04-14 12:31:17
564,564,905,Net Banking,Failed,3353.99,2024-05-29 00:16:16
565,565,847,Debit Card,Failed,318.1,2025-05-08 15:23:46
566,566,790,Credit Card,Pending,381.0,2024-12-20 13:24:33
567,567,671,UPI,Pending,2094.97,2026-04-19 04:34:12
568,568,121,Net Banking,Pending,2852.12,2025-05-15 13:53:42
569,569,973,Debit Card,Success,2679.69,2025-08-11 17:16:37
570,570,60,Debit Card,Failed,1479.9,2025-02-05 12:56:47
571,571,843,UPI,Success,2418.33,2024-11-16 07:40:03
572,572,302,Credit Card,Failed,4793.93,2025-03-19 23:57:42
573,573,37,Net Banking,Success,3381.54,2025-08-31 17:43:43
574,574,663,Credit Card,Pending,740.35,2024-10-20 13:17:07
575,575,735,Cash,Failed,1672.43,2026-05-02 06:36:19
576,576,762,Credit Card,Pending,710.46,2025-07-02 21:44:48
577,577,725,Net Banking,Failed,2146.75,2025-10-01 08:00:46
578,578,904,UPI,Pending,1252.74,2025-03-10 06:45:25
579,579,877,UPI,Success,2372.86,2024-09-10 11:44:48
580,580,173,Debit Card,Pending,1890.62,2025-03-05 12:51:19
581,581,280,UPI,Pending,458.25,2024-12-25 05:51:05
582,582,16,Credit Card,Failed,1512.28,2024-07-26 04:49:06
583,583,819,UPI,Pending,2044.37,2025-07-10 19:13:32
584,584,559,Debit Card,Pending,2354.5,2025-01-31 17:41:13
585,585,70,Cash,Failed,1065.39,2025-09-09 03:06:18
586,586,415,UPI,Failed,1998.0,2025-11-20 08:06:41
587,587,735,Credit Card,Pending,3194.98,2024-09-28 00:15:21
588,588,777,Net Banking,Failed,4888.54,2025-01-31 15:18:15
589,589,586,UPI,Pending,1357.99,2024-10-28 15:58:33
590,590,139,Cash,Pending,2482.63,2024-06-17 18:08:46
591,591,231,Debit Card,Failed,1277.88,2025-08-20 09:51:00
592,592,112,Debit Card,Failed,2921.67,2024-11-27 17:35:16
593,593,15,Credit Card,Success,3151.84,2024-06-13 16:15:55
594,594,249,Debit Card,Success,3727.15,2025-11-23 05:30:48
595,595,593,UPI,Pending,4115.58,2026-02-27 22:26:07
596,596,951,Net Banking,Failed,1689.07,2026-03-07 13:46:38
597,597,713,Cash,Pending,1708.15,2025-10-31 01:10:41
598,598,709,Cash,Failed,2742.77,2026-02-15 04:44:27
599,599,704,Cash,Pending,1244.27,2024-07-18 22:39:21
600,600,508,Net Banking,Pending,4127.78,2024-10-23 01:03:48
601,601,417,UPI,Pending,2917.83,2025-07-03 07:28:48
602,602,247,UPI,Pending,2901.75,2025-05-14 09:44:12
603,603,889,Net Banking,Pending,4610.06,2026-05-15 07:09:41
604,604,670,Net Banking,Failed,3174.45,2025-02-21 21:30:10
605,605,464,Net Banking,Failed,3490.6,2025-05-25 17:27:39
606,606,50,Cash,Pending,440.07,2026-01-14 23:21:17
607,607,78,Credit Card,Failed,635.34,2024-06-15 16:29:36
608,608,373,Credit Card,Pending,3085.12,2024-12-20 03:53:05
609,609,629,Credit Card,Pending,2009.05,2025-08-30 13:18:13
610,610,609,Net Banking,Pending,2607.58,2025-09-23 11:30:59
611,611,196,UPI,Success,309.13,2026-01-10 19:12:58
612,612,245,Net Banking,Failed,3689.26,2025-07-02 01:28:09
613,613,895,Credit Card,Success,4491.86,2026-05-06 12:55:54
614,614,925,Net Banking,Success,1244.43,2025-07-28 17:06:15
615,615,110,Net Banking,Success,163.33,2025-05-09 04:14:16
616,616,795,Debit Card,Pending,1372.17,2026-03-09 21:21:37
617,617,542,Debit Card,Pending,888.98,2025-12-22 02:17:26
618,618,531,Credit Card,Success,1414.94,2025-05-20 07:14:34
619,619,414,Cash,Pending,2860.68,2025-07-25 08:45:36
620,620,902,Debit Card,Pending,1943.94,2024-11-23 00:44:13
621,621,257,UPI,Failed,633.08,2025-02-16 13:49:08
622,622,588,Net Banking,Success,4561.63,2025-05-06 12:13:33
623,623,982,Debit Card,Failed,4862.95,2024-12-04 09:39:49
624,624,764,UPI,Success,1930.11,2024-07-21 14:37:43
625,625,582,Credit Card,Pending,4833.98,2026-04-07 12:10:31
626,626,387,Debit Card,Success,4384.26,2026-05-01 21:46:47
627,627,226,Debit Card,Pending,4951.62,2025-12-19 10:21:18
628,628,745,UPI,Pending,616.7,2026-03-27 01:05:16
629,629,961,Credit Card,Pending,2642.68,2024-06-14 06:35:01
630,630,525,Cash,Pending,3211.25,2026-01-16 03:50:19
631,631,723,Cash,Pending,585.89,2026-05-21 10:31:18
632,632,512,Net Banking,Failed,2774.74,2026-03-13 16:02:00
633,633,437,Debit Card,Pending,941.95,2024-10-08 10:51:31
634,634,526,UPI,Failed,2219.78,2025-12-30 23:26:29
635,635,477,Credit Card,Success,1527.31,2026-03-31 11:55:23
636,636,134,Credit Card,Failed,4570.21,2024-07-27 03:55:54
637,637,251,Cash,Success,1680.84,2026-05-24 04:56:53
638,638,115,Credit Card,Success,1270.16,2025-06-28 04:00:16
639,639,905,Cash,Success,4842.69,2025-12-18 21:36:34
640,640,697,Net Banking,Success,2595.69,2025-02-09 08:42:21
641,641,102,UPI,Success,152.88,2025-05-13 10:01:07
642,642,986,Credit Card,Pending,1427.71,2026-05-07 17:15:19
643,643,141,Credit Card,Failed,172.19,2025-02-12 12:10:11
644,644,947,UPI,Pending,4387.23,2024-12-01 00:52:44
645,645,973,Debit Card,Success,3962.22,2024-10-15 09:37:56
646,646,495,Credit Card,Failed,3623.71,2024-07-17 23:20:10
647,647,67,UPI,Success,3222.71,2025-11-21 06:20:26
648,648,777,Net Banking,Failed,1748.57,2025-05-19 00:07:49
649,649,363,Net Banking,Pending,2409.51,2026-04-13 03:22:43
650,650,214,UPI,Success,1190.27,2025-08-10 16:34:48
651,651,46,UPI,Pending,1567.99,2025-06-13 11:45:26
652,652,443,Cash,Success,3949.01,2025-01-05 11:09:33
653,653,107,Cash,Success,2089.09,2024-06-21 06:14:48
654,654,860,Cash,Failed,1308.69,2024-12-08 16:06:00
655,655,189,Debit Card,Pending,2812.95,2025-01-13 08:47:58
656,656,173,Net Banking,Failed,3300.05,2025-03-02 15:56:36
657,657,952,Credit Card,Success,2114.06,2025-07-30 21:40:35
658,658,352,Net Banking,Failed,3249.28,2025-05-03 00:53:40
659,659,258,UPI,Failed,2832.87,2026-05-06 23:56:54
660,660,662,Credit Card,Failed,3061.7,2026-04-07 06:26:22
661,661,270,Cash,Success,2927.9,2024-09-03 15:20:35
662,662,444,Debit Card,Success,4417.72,2025-12-07 08:47:10
663,663,473,Net Banking,Success,1072.69,2026-04-27 09:00:16
664,664,395,Net Banking,Success,3908.75,2025-11-02 09:43:07
665,665,128,Net Banking,Success,890.92,2025-06-26 20:02:24
666,666,532,Cash,Failed,2694.44,2025-10-22 06:13:48
667,667,905,Cash,Pending,3987.76,2025-04-07 18:05:58
668,668,224,UPI,Pending,3427.27,2024-10-24 19:27:29
669,669,684,Credit Card,Failed,2328.23,2026-03-22 03:17:04
670,670,341,Net Banking,Pending,2328.34,2025-10-05 07:04:04
671,671,69,Debit Card,Pending,1909.95,2025-03-26 01:59:25
672,672,888,UPI,Success,48.66,2024-07-19 20:17:27
673,673,410,Net Banking,Success,3188.6,2026-04-07 07:43:21
674,674,35,Net Banking,Success,1107.52,2024-08-13 16:14:38
675,675,356,Cash,Pending,3978.34,2024-07-09 16:38:16
676,676,265,UPI,Success,1578.64,2025-02-08 09:18:21
677,677,535,Credit Card,Pending,1778.19,2025-01-22 13:08:55
678,678,129,UPI,Failed,4496.15,2024-11-20 01:20:36
679,679,690,Credit Card,Success,597.2,2024-08-24 07:14:39
680,680,332,UPI,Pending,1948.85,2026-01-08 18:45:10
681,681,653,Cash,Failed,1194.06,2024-07-29 13:43:20
682,682,9,Debit Card,Success,3177.26,2025-09-11 15:22:26
683,683,256,Credit Card,Failed,1480.99,2025-10-03 20:13:44
684,684,256,Cash,Pending,4667.19,2025-03-27 09:03:26
685,685,79,Credit Card,Success,4832.92,2025-03-19 21:07:12
686,686,791,Net Banking,Failed,4309.07,2026-02-23 02:31:09
687,687,708,Cash,Failed,4341.61,2025-02-17 06:31:44
688,688,684,Debit Card,Success,2271.37,2025-12-31 22:57:58
689,689,536,Debit Card,Success,661.35,2025-07-28 18:10:29
690,690,152,UPI,Pending,1721.63,2026-03-16 01:15:09
691,691,66,Net Banking,Pending,3880.93,2025-10-20 18:50:22
692,692,910,Cash,Pending,4482.01,2025-01-24 05:14:44
693,693,787,Net Banking,Failed,4452.47,2025-01-19 21:48:13
694,694,73,Debit Card,Failed,21.85,2025-06-20 12:31:19
695,695,88,Debit Card,Failed,2776.26,2026-05-14 21:55:19
696,696,289,UPI,Success,2599.2,2025-07-21 04:40:45
697,697,175,UPI,Failed,4966.81,2025-01-05 22:14:04
698,698,832,Credit Card,Failed,1119.67,2026-03-04 07:29:20
699,699,894,Cash,Success,4825.98,2026-05-13 20:49:43
700,700,430,UPI,Pending,1746.75,2026-05-25 15:45:38
701,701,452,Debit Card,Success,187.29,2025-10-19 18:06:28
702,702,365,Cash,Failed,3225.4,2024-09-13 21:15:04
703,703,63,Credit Card,Failed,2167.21,2025-11-05 20:35:36
704,704,129,Debit Card,Failed,3971.23,2024-08-21 03:03:59
705,705,15,Cash,Pending,3208.55,2025-04-21 20:37:53
706,706,527,Credit Card,Success,803.76,2026-05-15 03:51:00
707,707,859,Net Banking,Failed,4000.49,2025-12-28 10:44:04
708,708,374,Debit Card,Failed,1889.41,2025-09-26 09:51:37
709,709,91,Debit Card,Pending,1055.14,2025-03-20 04:29:27
710,710,950,Net Banking,Failed,2392.41,2025-11-17 14:19:16
711,711,215,UPI,Pending,2659.62,2026-04-27 10:08:18
712,712,944,Cash,Pending,3902.3,2025-05-15 23:30:41
713,713,371,Credit Card,Failed,3879.42,2026-05-23 15:16:55
714,714,908,Debit Card,Success,1767.24,2024-08-07 02:01:20
715,715,675,Net Banking,Success,4891.06,2025-04-05 08:07:58
716,716,891,Cash,Success,2738.67,2024-10-05 05:29:34
717,717,150,Debit Card,Success,1492.17,2024-12-21 20:46:07
718,718,211,UPI,Failed,1338.91,2026-01-25 16:58:38
719,719,878,Net Banking,Pending,2953.82,2025-03-25 21:24:46
720,720,216,Credit Card,Success,1481.11,2025-12-17 22:17:22
721,721,731,Net Banking,Pending,3871.63,2025-04-07 03:47:31
722,722,719,Cash,Pending,4120.15,2026-02-15 19:14:46
723,723,376,Net Banking,Pending,377.46,2025-02-25 03:00:27
724,724,599,Cash,Failed,2763.1,2025-01-05 09:41:25
725,725,782,Cash,Pending,3377.14,2025-08-04 16:53:14
726,726,138,Cash,Failed,4203.49,2026-01-08 06:46:25
727,727,671,UPI,Success,1775.94,2025-07-01 12:10:53
728,728,886,Net Banking,Pending,1897.54,2025-01-09 13:04:25
729,729,916,UPI,Failed,4425.16,2025-06-27 00:29:44
730,730,706,Cash,Failed,3979.79,2025-06-14 06:04:33
731,731,314,Net Banking,Success,3019.39,2025-05-11 12:28:30
732,732,720,UPI,Pending,493.33,2024-09-03 00:57:00
733,733,894,Cash,Pending,2534.6,2024-06-30 21:19:25
734,734,148,Debit Card,Pending,88.11,2024-07-17 12:41:04
735,735,758,UPI,Pending,3240.84,2024-06-16 02:12:35
736,736,892,Debit Card,Failed,3718.34,2025-08-06 18:04:56
737,737,250,Debit Card,Failed,3737.53,2025-03-12 17:09:54
738,738,986,Debit Card,Success,415.45,2026-05-21 20:24:35
739,739,758,Cash,Success,2375.05,2026-02-18 23:24:18
740,740,594,Net Banking,Failed,281.87,2025-09-17 23:05:10
741,741,570,UPI,Pending,775.55,2025-08-26 05:39:27
742,742,598,Credit Card,Success,2030.42,2024-06-15 14:26:50
743,743,384,Cash,Pending,3576.52,2025-04-24 13:12:37
744,744,455,Debit Card,Pending,801.86,2025-02-25 02:30:18
745,745,493,UPI,Failed,909.75,2025-08-06 08:29:52
746,746,891,Debit Card,Pending,241.17,2024-09-15 09:10:31
747,747,673,Debit Card,Failed,2816.43,2024-08-30 07:58:38
748,748,256,Debit Card,Failed,460.59,2024-09-06 19:37:42
749,749,7,Credit Card,Success,3857.22,2024-10-30 09:40:30
750,750,89,Cash,Failed,2851.24,2024-11-13 18:57:19
751,751,207,Credit Card,Failed,4327.94,2025-01-31 01:26:45
752,752,627,Cash,Failed,4071.6,2024-08-18 12:56:49
753,753,286,Cash,Success,1951.74,2025-04-15 15:05:25
754,754,402,Cash,Failed,3513.3,2024-06-10 17:02:22
755,755,849,Net Banking,Success,548.57,2025-02-15 09:48:42
756,756,821,Credit Card,Success,3134.18,2024-11-24 05:38:56
757,757,629,UPI,Success,1319.11,2026-03-20 07:57:28
758,758,199,Credit Card,Failed,2717.93,2024-11-05 21:24:07
759,759,754,Net Banking,Pending,1367.21,2025-01-04 23:47:10
760,760,554,Net Banking,Success,2043.91,2025-02-21 03:11:13
761,761,711,UPI,Pending,2427.46,2025-08-02 12:29:36
762,762,575,Net Banking,Failed,1183.31,2025-02-27 17:51:38
763,763,881,Debit Card,Pending,808.32,2025-05-17 03:24:10
764,764,750,Debit Card,Success,2329.07,2025-09-11 16:21:05
765,765,998,Credit Card,Success,2869.47,2025-06-19 06:41:52
766,766,5,UPI,Success,919.71,2025-02-13 06:38:47
767,767,975,Credit Card,Pending,3550.65,2025-11-09 15:33:02
768,768,387,Credit Card,Pending,3009.94,2024-11-20 09:49:53
769,769,303,UPI,Pending,4630.36,2024-07-14 11:32:10
770,770,363,Cash,Failed,3093.78,2026-02-24 21:49:28
771,771,634,Cash,Failed,1762.34,2025-03-21 18:35:19
772,772,429,Debit Card,Success,958.82,2025-08-01 02:52:18
773,773,634,Net Banking,Pending,514.11,2026-03-12 08:24:25
774,774,154,UPI,Failed,271.06,2025-04-27 09:38:37
775,775,699,Credit Card,Failed,4091.14,2025-12-18 16:02:02
776,776,855,Credit Card,Pending,2813.91,2026-04-19 20:27:05
777,777,723,UPI,Failed,158.96,2025-10-22 10:34:41
778,778,636,Debit Card,Pending,1265.36,2025-06-11 07:19:39
779,779,234,Cash,Pending,1163.2,2025-10-03 09:52:35
780,780,545,UPI,Success,2542.96,2025-11-23 03:22:30
781,781,1,Net Banking,Pending,2444.79,2025-11-04 05:52:24
782,782,600,UPI,Pending,2073.62,2024-08-30 07:33:33
783,783,728,Cash,Pending,3066.62,2024-11-15 12:26:37
784,784,111,Debit Card,Failed,4897.85,2024-06-23 05:15:47
785,785,382,Debit Card,Pending,1204.65,2024-12-02 11:14:33
786,786,436,Credit Card,Failed,1169.24,2025-05-16 06:08:33
787,787,961,UPI,Pending,1543.1,2024-06-08 20:17:54
788,788,997,Debit Card,Pending,3201.08,2024-11-24 03:08:41
789,789,357,Credit Card,Success,4225.38,2024-10-19 20:36:08
790,790,937,Net Banking,Failed,1152.57,2025-03-24 07:50:10
791,791,662,UPI,Failed,3943.89,2025-10-04 08:02:28
792,792,772,Credit Card,Pending,2462.55,2025-11-09 17:14:14
793,793,250,Cash,Failed,3789.76,2024-10-28 13:19:28
794,794,3,Cash,Pending,1264.37,2025-01-24 00:55:13
795,795,197,Net Banking,Failed,3831.65,2025-12-12 06:10:31
796,796,998,Debit Card,Pending,1100.38,2025-11-16 12:36:09
797,797,757,Net Banking,Success,1002.47,2025-05-23 01:32:21
798,798,541,Net Banking,Failed,3251.36,2025-07-21 11:12:20
799,799,951,Debit Card,Failed,1727.78,2025-01-23 13:45:52
800,800,452,Cash,Success,1477.07,2025-08-06 00:38:11
801,801,949,Cash,Pending,3790.97,2025-06-29 12:06:44
802,802,440,Debit Card,Success,184.36,2025-06-17 07:18:58
803,803,133,Credit Card,Success,328.0,2026-03-01 04:32:22
804,804,112,Debit Card,Pending,3366.21,2025-12-30 11:39:12
805,805,574,Credit Card,Failed,3097.19,2024-06-11 16:48:02
806,806,989,UPI,Pending,4813.31,2025-04-02 00:28:08
807,807,248,Debit Card,Success,4848.23,2026-02-10 04:25:07
808,808,916,Net Banking,Pending,4734.43,2025-07-19 21:16:24
809,809,582,Debit Card,Failed,3838.23,2025-09-13 23:15:05
810,810,179,Debit Card,Failed,1729.75,2025-02-18 13:05:24
811,811,35,Credit Card,Failed,1384.67,2024-07-29 16:33:26
812,812,278,Cash,Failed,3535.75,2025-09-21 06:14:21
813,813,120,UPI,Failed,2679.7,2025-06-29 03:05:07
814,814,52,UPI,Pending,2556.76,2026-01-20 18:51:44
815,815,495,Credit Card,Failed,3867.44,2024-09-29 11:32:29
816,816,650,Net Banking,Pending,1368.17,2024-12-10 16:40:49
817,817,532,Cash,Failed,4978.71,2025-02-22 13:36:09
818,818,963,UPI,Success,3862.87,2024-06-04 01:30:51
819,819,314,Debit Card,Failed,3509.38,2025-07-06 11:57:39
820,820,256,Credit Card,Pending,1288.54,2025-10-20 23:16:30
821,821,491,Credit Card,Success,3730.23,2025-11-24 10:45:40
822,822,336,Net Banking,Failed,2941.82,2025-05-08 09:12:36
823,823,328,Cash,Pending,3226.19,2025-10-11 08:23:22
824,824,392,UPI,Success,2916.1,2025-03-25 14:41:02
825,825,171,Credit Card,Success,1059.77,2024-09-21 04:19:40
826,826,4,Credit Card,Success,1661.05,2026-01-21 10:19:58
827,827,568,Net Banking,Success,1227.82,2026-02-17 10:51:13
828,828,558,Debit Card,Success,1312.04,2025-10-16 02:32:07
829,829,994,UPI,Pending,3720.17,2025-08-20 12:51:05
830,830,9,Cash,Success,2627.36,2024-09-21 21:31:26
831,831,762,Debit Card,Pending,1086.82,2026-05-14 04:45:29
832,832,774,Net Banking,Pending,2600.58,2024-09-02 05:29:35
833,833,281,UPI,Failed,885.2,2024-06-28 17:20:36
834,834,833,Debit Card,Failed,156.49,2025-06-01 21:09:09
835,835,710,Cash,Success,141.69,2024-07-07 07:05:05
836,836,396,Cash,Success,1643.09,2025-07-30 01:37:16
837,837,858,UPI,Failed,3092.5,2025-10-23 19:05:11
838,838,327,Debit Card,Success,2181.05,2026-04-10 17:57:53
839,839,568,Credit Card,Success,1045.76,2025-10-09 05:13:43
840,840,844,Net Banking,Failed,2463.29,2025-09-25 05:13:47
841,841,510,Debit Card,Failed,2342.97,2025-04-15 22:24:23
842,842,521,Debit Card,Success,2968.55,2025-08-05 20:10:32
843,843,328,Net Banking,Success,4225.48,2025-02-28 03:50:00
844,844,520,Debit Card,Success,2448.95,2024-06-29 08:57:30
845,845,777,Credit Card,Success,2873.11,2025-08-16 15:59:04
846,846,502,Cash,Success,2895.97,2025-07-23 01:46:24
847,847,240,Net Banking,Success,3688.29,2024-10-12 16:35:39
848,848,339,Cash,Success,986.22,2026-04-20 02:33:28
849,849,393,Debit Card,Success,4155.05,2026-04-26 04:27:43
850,850,771,Net Banking,Success,1547.87,2025-05-09 23:50:45
851,851,819,Cash,Pending,3785.45,2025-12-17 02:01:26
852,852,582,UPI,Success,4011.04,2024-09-17 11:02:01
853,853,439,Debit Card,Pending,952.99,2024-05-31 03:44:49
854,854,800,Credit Card,Success,2052.67,2025-08-31 21:11:15
855,855,170,Cash,Success,1181.85,2024-07-03 05:44:19
856,856,470,Credit Card,Failed,874.86,2026-02-12 16:09:52
857,857,479,Debit Card,Pending,4054.0,2026-02-06 17:50:09
858,858,434,Credit Card,Success,138.99,2026-02-28 18:44:26
859,859,843,Cash,Failed,925.82,2025-03-01 16:01:13
860,860,249,UPI,Failed,4402.9,2025-11-04 21:24:05
861,861,919,Credit Card,Pending,3931.14,2025-01-03 19:51:46
862,862,390,Cash,Success,4650.32,2026-04-13 06:15:01
863,863,307,Credit Card,Success,2236.5,2024-11-19 23:38:41
864,864,683,UPI,Pending,930.49,2025-11-16 21:43:43
865,865,258,Net Banking,Failed,1508.23,2024-07-22 14:09:31
866,866,58,Cash,Success,3899.3,2025-10-01 20:45:17
867,867,840,Net Banking,Success,211.73,2024-11-25 13:32:37
868,868,886,Debit Card,Pending,3767.05,2025-09-14 04:30:14
869,869,412,Net Banking,Failed,176.79,2025-09-07 13:25:45
870,870,250,UPI,Failed,3396.38,2025-01-12 23:58:38
871,871,137,UPI,Failed,414.17,2025-08-01 20:56:10
872,872,835,Cash,Success,2005.92,2026-01-28 04:43:01
873,873,322,Credit Card,Pending,2608.8,2024-07-07 00:27:35
874,874,858,Net Banking,Success,3169.41,2026-04-27 02:57:17
875,875,35,UPI,Failed,626.81,2025-12-01 16:39:13
876,876,217,Debit Card,Failed,1947.87,2024-08-19 00:56:56
877,877,19,Credit Card,Success,3843.06,2025-12-15 02:30:34
878,878,326,Debit Card,Pending,318.45,2024-09-19 07:35:09
879,879,952,Debit Card,Failed,1691.33,2026-01-18 13:55:09
880,880,574,Net Banking,Pending,3505.51,2026-01-12 10:20:30
881,881,365,Debit Card,Pending,2220.08,2025-08-13 00:22:29
882,882,949,Cash,Success,1367.57,2025-05-25 18:31:53
883,883,858,Debit Card,Success,1378.09,2024-07-29 18:26:37
884,884,310,Credit Card,Pending,4246.06,2024-11-18 15:43:53
885,885,829,Credit Card,Failed,2497.2,2024-11-15 10:19:24
886,886,74,Net Banking,Pending,3811.11,2024-10-06 18:19:53
887,887,832,UPI,Failed,1711.53,2025-03-24 20:45:42
888,888,499,Credit Card,Pending,2564.38,2025-11-28 01:22:25
889,889,51,Cash,Success,2555.7,2025-05-03 12:13:18
890,890,819,UPI,Failed,1207.56,2025-05-31 11:49:42
891,891,151,Cash,Failed,4356.77,2024-11-21 04:43:06
892,892,727,UPI,Failed,2773.16,2026-05-02 03:50:51
893,893,448,UPI,Pending,2011.91,2025-01-10 05:27:54
894,894,248,Cash,Success,920.14,2025-04-15 22:27:57
895,895,931,Net Banking,Failed,3612.67,2025-12-13 21:05:32
896,896,436,UPI,Failed,642.45,2026-01-21 05:07:38
897,897,264,Net Banking,Pending,2790.05,2024-06-06 13:57:13
898,898,822,Net Banking,Pending,4543.43,2024-11-02 17:27:54
899,899,615,Debit Card,Pending,2752.59,2024-12-29 16:01:55
900,900,697,Cash,Failed,3119.24,2025-11-18 17:37:12
901,901,739,Debit Card,Success,1452.07,2024-11-25 11:20:20
902,902,676,UPI,Failed,3281.24,2024-07-09 07:02:04
903,903,44,Credit Card,Failed,3967.04,2025-03-02 00:45:46
904,904,396,Net Banking,Pending,2850.98,2026-05-01 04:13:01
905,905,890,Credit Card,Pending,546.45,2024-11-19 13:19:58
906,906,883,Debit Card,Failed,795.59,2025-05-07 06:18:30
907,907,492,UPI,Pending,3313.73,2025-07-26 04:11:14
908,908,101,Net Banking,Pending,4670.46,2025-09-04 12:08:22
909,909,568,Cash,Success,844.67,2025-06-26 21:34:41
910,910,624,Debit Card,Failed,3178.17,2025-03-21 06:55:32
911,911,984,Credit Card,Success,2499.73,2025-09-25 22:59:35
912,912,304,Credit Card,Pending,3311.93,2025-08-13 20:42:00
913,913,735,Credit Card,Failed,4552.48,2025-06-30 21:06:15
914,914,482,Cash,Success,1665.8,2025-08-27 01:13:31
915,915,767,Credit Card,Failed,3930.99,2025-06-24 02:17:43
916,916,805,Credit Card,Success,1026.37,2025-11-03 05:58:46
917,917,501,Cash,Failed,4860.93,2025-12-20 03:24:29
918,918,44,Debit Card,Failed,2573.59,2025-02-26 02:24:10
919,919,904,Cash,Pending,1972.74,2026-03-26 19:13:14
920,920,321,Net Banking,Pending,925.74,2024-09-08 04:04:15
921,921,194,Credit Card,Pending,4205.81,2025-02-24 13:08:50
922,922,810,Net Banking,Success,2871.07,2025-10-01 23:17:00
923,923,31,Net Banking,Failed,2877.74,2024-09-22 03:28:39
924,924,583,Debit Card,Pending,1579.19,2025-03-14 15:25:14
925,925,156,UPI,Failed,2709.44,2025-09-24 09:26:50
926,926,916,Net Banking,Pending,1138.52,2025-08-28 11:36:45
927,927,68,Credit Card,Success,1015.13,2025-06-14 15:24:10
928,928,130,Cash,Success,4952.6,2025-10-25 22:58:52
929,929,101,Net Banking,Pending,3130.58,2025-01-02 17:57:19
930,930,988,Debit Card,Pending,820.02,2025-11-20 22:50:10
931,931,102,Net Banking,Pending,464.96,2025-05-03 23:48:41
932,932,909,Debit Card,Success,845.08,2025-01-15 14:04:14
933,933,681,Cash,Failed,3355.7,2025-06-21 13:28:47
934,934,349,Credit Card,Success,508.28,2024-09-01 07:05:26
935,935,370,Debit Card,Pending,3549.3,2026-03-04 05:37:21
936,936,646,Debit Card,Failed,492.71,2025-10-10 07:15:02
937,937,82,Debit Card,Pending,2695.13,2025-03-28 02:41:58
938,938,541,Net Banking,Success,3550.02,2026-04-13 09:31:54
939,939,632,Net Banking,Pending,2906.55,2025-05-01 06:59:58
940,940,756,Net Banking,Pending,1028.29,2026-03-15 02:37:45
941,941,462,Net Banking,Pending,4156.67,2025-09-26 12:32:22
942,942,439,UPI,Success,1332.83,2026-04-05 01:59:03
943,943,466,Cash,Pending,2001.18,2024-09-21 02:35:59
944,944,488,Credit Card,Success,3891.6,2026-03-21 07:44:44
945,945,261,Cash,Pending,3915.39,2026-04-03 22:33:56
946,946,766,Credit Card,Success,2698.55,2025-04-25 20:55:53
947,947,597,Debit Card,Success,1511.87,2025-08-04 02:50:00
948,948,754,UPI,Failed,1137.06,2024-08-15 03:54:57
949,949,466,Debit Card,Failed,3451.84,2025-07-22 23:59:25
950,950,762,Debit Card,Success,4763.67,2024-07-05 04:08:10
951,951,83,Debit Card,Success,4814.7,2025-06-09 16:33:21
952,952,245,Debit Card,Pending,1425.31,2024-12-24 11:53:07
953,953,26,Cash,Failed,4782.17,2025-05-11 18:09:44
954,954,515,Cash,Pending,1029.27,2025-08-08 16:35:28
955,955,373,Net Banking,Pending,3308.47,2024-12-21 10:37:31
956,956,114,UPI,Success,3006.72,2024-12-29 14:33:39
957,957,385,UPI,Success,3627.85,2024-07-05 09:37:35
958,958,645,UPI,Pending,1182.12,2024-11-05 19:26:32
959,959,246,UPI,Failed,1580.1,2025-06-29 17:02:03
960,960,667,Cash,Pending,2807.77,2024-10-10 23:27:46
961,961,471,Credit Card,Success,2310.72,2025-12-17 07:22:25
962,962,246,Debit Card,Success,997.3,2026-05-15 22:53:33
963,963,875,UPI,Pending,4525.64,2025-11-29 18:35:07
964,964,366,Credit Card,Failed,3070.35,2024-06-14 10:51:33
965,965,291,Credit Card,Success,888.96,2025-07-11 15:47:04
966,966,456,Credit Card,Pending,896.68,2024-08-04 12:16:54
967,967,841,UPI,Failed,2178.2,2024-09-19 09:15:05
968,968,195,Cash,Pending,1402.23,2024-11-21 05:17:04
969,969,476,UPI,Failed,4976.09,2024-08-29 07:41:12
970,970,303,Cash,Pending,3034.33,2026-01-14 04:02:08
971,971,993,UPI,Success,3159.81,2025-07-13 01:22:33
972,972,8,Cash,Success,3210.14,2024-09-23 23:28:46
973,973,968,Net Banking,Pending,4565.61,2025-03-30 08:37:57
974,974,117,Credit Card,Success,1945.25,2025-09-10 09:59:52
975,975,550,Cash,Failed,1558.39,2026-05-03 00:28:32
976,976,83,Net Banking,Pending,2287.72,2024-11-02 18:40:00
977,977,189,Credit Card,Failed,1185.05,2024-09-26 01:21:41
978,978,482,Cash,Success,2709.69,2025-03-07 17:24:33
979,979,332,UPI,Pending,442.44,2024-06-25 20:27:46
980,980,380,Net Banking,Success,2762.49,2025-12-31 15:32:28
981,981,732,Net Banking,Pending,1152.56,2025-10-11 12:16:02
982,982,262,Net Banking,Success,1710.01,2025-09-08 16:18:26
983,983,309,Credit Card,Pending,3969.79,2024-08-06 23:03:02
984,984,15,Debit Card,Success,2060.03,2026-02-24 13:13:49
985,985,55,Net Banking,Success,3159.15,2024-07-08 06:13:37
986,986,432,UPI,Success,4276.04,2025-01-27 15:20:44
987,987,978,Credit Card,Failed,1585.17,2026-03-27 02:56:50
988,988,23,Cash,Success,3072.71,2025-05-14 11:41:19
989,989,178,Credit Card,Success,2702.18,2024-12-29 12:56:21
990,990,154,Credit Card,Failed,2722.05,2024-09-10 10:28:26
991,991,63,Net Banking,Pending,3448.43,2024-07-17 19:16:53
992,992,412,Net Banking,Failed,3500.08,2025-05-06 14:24:08
993,993,783,Debit Card,Pending,1327.43,2025-09-25 21:34:38
994,994,68,Credit Card,Failed,1923.22,2024-06-30 11:48:59
995,995,880,Cash,Pending,2770.51,2026-04-24 16:17:32
996,996,297,Credit Card,Failed,2802.13,2024-07-09 19:17:46
997,997,891,UPI,Pending,1372.9,2024-06-17 05:13:04
998,998,149,Debit Card,Failed,2863.76,2025-11-02 17:40:04
999,999,620,Net Banking,Failed,134.51,2025-10-19 19:19:56
1000,1000,994,Cash,Failed,490.81,2025-03-19 09:02:35
1001,1001,728,UPI,Success,4442.77,2024-10-26 08:33:39
1002,1002,277,Credit Card,Pending,1742.44,2025-07-17 09:12:51
1003,1003,481,UPI,Pending,2819.51,2025-03-27 07:13:16
1004,1004,822,UPI,Pending,1694.66,2024-06-11 20:22:35
1005,1005,862,UPI,Failed,2629.4,2026-03-17 04:55:01
1006,1006,765,Net Banking,Failed,3207.96,2025-09-30 02:15:45
1007,1007,193,Credit Card,Pending,4207.84,2025-11-14 11:10:11
1008,1008,420,Cash,Failed,3467.6,2025-04-26 12:52:45
1009,1009,583,UPI,Pending,2150.12,2024-11-04 19:54:49
1010,1010,360,Net Banking,Pending,4471.85,2024-12-05 01:04:11
1011,1011,171,Debit Card,Success,4096.24,2025-08-14 17:24:43
1012,1012,124,Debit Card,Success,4768.27,2024-07-28 06:53:42
1013,1013,608,Cash,Pending,4354.07,2025-01-04 14:09:01
1014,1014,250,Debit Card,Success,1741.27,2025-06-30 09:54:30
1015,1015,899,UPI,Pending,2376.17,2025-03-30 18:25:22
1016,1016,667,Debit Card,Success,3211.06,2025-08-09 15:43:47
1017,1017,13,Debit Card,Success,1253.81,2024-11-22 03:53:09
1018,1018,549,Net Banking,Failed,1257.48,2024-11-21 08:45:42
1019,1019,649,Cash,Failed,776.49,2026-02-08 12:30:43
1020,1020,666,UPI,Success,2781.53,2025-10-09 09:07:27
1021,1021,834,Net Banking,Failed,2982.91,2025-06-28 23:55:12
1022,1022,570,UPI,Success,3279.73,2025-06-08 08:46:06
1023,1023,753,Debit Card,Pending,1225.35,2025-04-15 00:48:36
1024,1024,487,Cash,Failed,2088.33,2025-09-27 14:18:57
1025,1025,76,UPI,Failed,1132.26,2025-10-11 16:44:04
1026,1026,798,Credit Card,Pending,880.56,2026-04-26 18:39:04
1027,1027,503,Credit Card,Pending,4784.45,2024-11-18 21:09:03
1028,1028,190,Debit Card,Pending,2433.1,2026-02-24 19:39:08
1029,1029,680,Net Banking,Failed,1249.1,2025-07-03 05:47:05
1030,1030,129,Cash,Pending,3307.58,2024-08-16 05:30:30
1031,1031,31,Debit Card,Success,1322.46,2026-04-26 17:53:09
1032,1032,474,Debit Card,Pending,600.71,2025-08-30 17:26:23
1033,1033,788,Credit Card,Failed,426.35,2024-06-30 22:36:02
1034,1034,842,Net Banking,Success,4653.61,2025-01-23 13:43:37
1035,1035,906,Debit Card,Failed,4136.46,2025-09-30 18:31:32
1036,1036,53,Debit Card,Failed,3257.83,2025-05-30 12:11:34
1037,1037,276,Net Banking,Failed,4641.18,2025-10-23 14:29:23
1038,1038,150,Cash,Pending,159.56,2025-07-29 14:07:27
1039,1039,754,Cash,Failed,3113.23,2025-08-09 22:25:55
1040,1040,735,Cash,Success,2430.26,2024-08-06 04:32:53
1041,1041,139,UPI,Pending,3895.41,2026-03-30 07:37:39
1042,1042,540,Debit Card,Pending,3882.67,2024-07-16 09:54:02
1043,1043,861,Net Banking,Failed,4325.28,2024-08-24 20:11:11
1044,1044,232,Cash,Success,4502.03,2025-05-16 09:42:28
1045,1045,529,Debit Card,Success,4566.01,2024-09-14 05:40:00
1046,1046,760,Cash,Failed,4561.54,2025-04-16 05:49:05
1047,1047,965,Credit Card,Pending,3027.39,2024-06-21 05:47:45
1048,1048,348,Debit Card,Success,2500.52,2025-05-04 06:44:29
1049,1049,690,Debit Card,Pending,580.65,2025-12-04 20:55:04
1050,1050,277,Credit Card,Failed,4102.57,2026-05-24 04:52:00
1051,1051,221,Cash,Success,4392.78,2025-09-08 21:06:26
1052,1052,112,Cash,Success,858.86,2025-09-10 19:33:06
1053,1053,253,Credit Card,Failed,2471.43,2025-10-16 07:39:47
1054,1054,291,Credit Card,Success,4517.38,2025-07-20 07:05:19
1055,1055,328,Debit Card,Failed,4615.58,2026-01-10 03:29:24
1056,1056,686,Net Banking,Pending,2901.06,2025-09-09 20:41:02
1057,1057,553,Credit Card,Success,773.3,2024-10-02 05:34:17
1058,1058,2,Debit Card,Success,4633.23,2024-10-10 06:59:21
1059,1059,492,Cash,Pending,1270.57,2024-11-10 14:14:46
1060,1060,29,Credit Card,Failed,4277.55,2024-08-11 18:21:13
1061,1061,357,Credit Card,Failed,3530.61,2024-11-02 19:18:02
1062,1062,684,Credit Card,Pending,2484.57,2025-09-29 08:30:06
1063,1063,546,UPI,Success,3809.63,2025-06-17 04:38:33
1064,1064,182,Debit Card,Pending,3739.52,2024-10-04 16:07:52
1065,1065,76,Net Banking,Success,340.57,2025-01-03 09:22:19
1066,1066,22,Cash,Pending,3503.15,2026-01-23 02:54:09
1067,1067,730,UPI,Success,228.17,2025-03-17 09:36:53
1068,1068,902,UPI,Pending,2106.28,2025-12-04 21:57:30
1069,1069,738,Credit Card,Success,2274.8,2025-07-05 06:12:01
1070,1070,254,Cash,Failed,257.61,2024-06-15 02:45:11
1071,1071,674,Credit Card,Failed,1497.0,2025-04-07 04:16:07
1072,1072,294,Credit Card,Pending,4801.86,2026-05-17 08:30:48
1073,1073,891,Net Banking,Pending,1417.79,2026-01-16 08:53:21
1074,1074,395,UPI,Pending,538.77,2025-05-25 01:51:26
1075,1075,280,Cash,Pending,4435.54,2026-02-12 02:36:54
1076,1076,952,Credit Card,Success,4713.49,2024-08-28 23:38:38
1077,1077,825,Net Banking,Failed,3789.27,2025-12-23 19:25:57
1078,1078,593,Debit Card,Success,400.0,2025-04-19 11:00:11
1079,1079,813,Debit Card,Pending,3374.16,2025-08-26 00:13:31
1080,1080,626,Net Banking,Success,683.45,2025-05-16 11:08:10
1081,1081,152,Credit Card,Success,2842.67,2025-04-05 23:26:10
1082,1082,46,Credit Card,Success,4383.09,2025-10-21 16:26:14
1083,1083,814,Net Banking,Pending,4208.8,2025-12-27 17:41:50
1084,1084,314,UPI,Pending,1060.9,2025-08-23 19:25:16
1085,1085,240,Cash,Success,239.1,2025-09-01 08:10:12
1086,1086,746,Cash,Failed,399.14,2024-06-01 16:20:19
1087,1087,927,Credit Card,Pending,1589.37,2024-07-28 00:21:08
1088,1088,679,Credit Card,Pending,4499.54,2025-06-01 18:28:33
1089,1089,56,UPI,Pending,1691.26,2026-01-16 20:58:29
1090,1090,483,Credit Card,Failed,1861.24,2026-04-04 04:38:41
1091,1091,975,Debit Card,Failed,1015.55,2025-08-01 14:41:50
1092,1092,582,UPI,Success,3642.31,2026-04-14 13:06:31
1093,1093,132,Credit Card,Pending,674.92,2024-11-06 15:27:14
1094,1094,279,Net Banking,Success,23.76,2025-08-31 13:45:54
1095,1095,388,Cash,Failed,453.46,2025-07-17 21:08:18
1096,1096,659,Cash,Success,894.59,2025-08-12 10:03:31
1097,1097,525,Debit Card,Pending,460.36,2025-10-12 11:14:54
1098,1098,163,UPI,Failed,1391.73,2026-04-04 03:07:33
1099,1099,686,Net Banking,Success,4782.18,2025-04-27 03:27:55
1100,1100,440,UPI,Pending,1558.88,2025-05-05 17:51:44
1101,1101,908,Net Banking,Success,3493.25,2024-12-11 02:22:56
1102,1102,147,Credit Card,Pending,439.04,2024-06-11 06:56:52
1103,1103,201,Cash,Failed,4324.53,2025-03-28 16:02:08
1104,1104,240,Credit Card,Success,733.3,2025-07-18 01:55:09
1105,1105,112,Net Banking,Success,1825.09,2026-01-25 09:29:01
1106,1106,490,Debit Card,Pending,97.9,2025-07-20 02:47:03
1107,1107,425,Credit Card,Failed,2200.75,2024-10-31 05:07:28
1108,1108,888,Credit Card,Failed,1588.46,2024-09-07 16:14:41
1109,1109,451,Cash,Success,1419.28,2024-07-19 12:27:46
1110,1110,127,Net Banking,Failed,2292.72,2025-10-06 00:10:20
1111,1111,682,Cash,Failed,3316.26,2026-01-03 18:02:10
1112,1112,30,Net Banking,Failed,4999.46,2025-01-20 20:52:52
1113,1113,746,Debit Card,Success,389.26,2024-08-14 20:51:59
1114,1114,176,Credit Card,Pending,2304.53,2025-05-25 23:40:12
1115,1115,96,Debit Card,Failed,4950.83,2025-02-03 02:14:01
1116,1116,358,Credit Card,Success,598.19,2025-05-17 12:15:59
1117,1117,454,Net Banking,Pending,2407.93,2025-03-28 21:48:46
1118,1118,339,UPI,Pending,1620.61,2026-01-29 06:19:43
1119,1119,566,Debit Card,Success,4583.81,2026-01-01 23:05:31
1120,1120,942,Debit Card,Success,2647.59,2026-04-11 09:49:04
1121,1121,830,UPI,Pending,4702.22,2024-08-03 07:09:49
1122,1122,269,Credit Card,Pending,3899.29,2025-01-23 05:32:37
1123,1123,919,Cash,Pending,3207.95,2026-05-25 18:17:24
1124,1124,877,UPI,Failed,456.42,2024-10-13 19:43:18
1125,1125,714,UPI,Success,165.61,2024-08-07 10:03:23
1126,1126,598,Net Banking,Failed,3217.65,2024-07-23 14:49:34
1127,1127,811,Debit Card,Pending,914.81,2025-03-21 04:18:18
1128,1128,664,Cash,Success,727.51,2025-05-23 10:15:15
1129,1129,129,Debit Card,Pending,35.14,2025-12-25 03:33:47
1130,1130,245,Net Banking,Success,2706.84,2024-09-12 22:45:16
1131,1131,232,UPI,Success,4918.31,2026-05-05 04:44:25
1132,1132,336,Cash,Pending,2137.21,2024-12-28 17:32:47
1133,1133,250,UPI,Success,2335.38,2025-05-11 15:03:28
1134,1134,598,Credit Card,Success,4391.17,2024-07-27 15:57:40
1135,1135,804,Credit Card,Pending,2405.22,2024-09-30 20:07:54
1136,1136,696,Cash,Pending,4258.48,2024-05-30 04:02:40
1137,1137,951,Debit Card,Pending,2489.64,2026-04-08 02:18:11
1138,1138,545,Net Banking,Failed,3104.24,2025-09-17 13:49:49
1139,1139,240,Net Banking,Pending,1047.02,2024-08-22 12:55:40
1140,1140,125,Cash,Success,728.9,2024-05-30 22:16:50
1141,1141,66,Debit Card,Success,755.83,2024-09-18 02:52:31
1142,1142,456,Debit Card,Success,594.33,2026-02-21 19:51:02
1143,1143,288,Cash,Success,3473.25,2025-06-02 03:06:00
1144,1144,761,Credit Card,Failed,1987.08,2025-03-12 04:30:11
1145,1145,926,Cash,Failed,3578.11,2024-12-12 13:37:14
1146,1146,280,Cash,Pending,3330.62,2026-02-21 07:05:41
1147,1147,364,Net Banking,Success,2404.62,2024-06-19 11:38:49
1148,1148,399,UPI,Pending,3056.96,2026-01-26 21:56:47
1149,1149,385,Credit Card,Pending,59.85,2025-09-28 06:05:27
1150,1150,557,Debit Card,Success,1061.71,2024-08-04 15:28:42
1151,1151,43,Debit Card,Pending,3770.96,2026-05-11 10:59:01
1152,1152,453,Net Banking,Pending,4906.41,2025-07-31 06:33:02
1153,1153,522,UPI,Pending,3471.08,2026-03-19 06:16:06
1154,1154,873,Debit Card,Failed,1720.41,2025-05-15 17:47:32
1155,1155,411,Net Banking,Failed,979.85,2025-04-14 09:04:16
1156,1156,899,Cash,Failed,491.94,2024-09-17 05:52:38
1157,1157,225,Debit Card,Failed,2765.24,2025-05-15 18:36:02
1158,1158,53,Net Banking,Success,1791.66,2025-04-13 02:15:07
1159,1159,791,Net Banking,Pending,2163.35,2026-01-15 14:48:29
1160,1160,273,Credit Card,Success,3734.43,2024-09-20 09:58:37
1161,1161,393,Debit Card,Failed,1202.58,2025-05-30 11:21:40
1162,1162,162,Credit Card,Success,951.78,2026-03-07 10:32:18
1163,1163,723,Cash,Success,2840.4,2025-05-04 19:32:23
1164,1164,831,Credit Card,Success,4908.14,2025-03-10 21:39:27
1165,1165,854,Net Banking,Failed,1733.66,2024-05-30 19:27:28
1166,1166,863,Debit Card,Pending,3250.6,2024-10-05 04:07:29
1167,1167,417,Net Banking,Failed,4144.26,2024-12-21 00:30:53
1168,1168,440,UPI,Success,4739.24,2025-12-09 13:19:07
1169,1169,520,Net Banking,Failed,3663.61,2026-03-15 07:46:38
1170,1170,670,Cash,Failed,4395.54,2025-03-10 10:20:59
1171,1171,883,Credit Card,Pending,813.47,2024-08-16 10:08:30
1172,1172,168,Cash,Failed,1978.11,2024-08-31 07:21:09
1173,1173,319,Debit Card,Success,489.6,2026-05-13 17:11:16
1174,1174,882,Net Banking,Failed,2084.73,2024-09-20 14:59:46
1175,1175,594,Net Banking,Success,4659.08,2025-05-04 04:32:03
1176,1176,411,Debit Card,Pending,3458.76,2025-01-15 06:27:44
1177,1177,805,Cash,Pending,2619.27,2025-05-31 07:14:17
1178,1178,82,Credit Card,Success,2528.07,2025-08-23 15:51:47
1179,1179,169,UPI,Failed,1556.95,2024-07-23 00:30:07
1180,1180,432,Credit Card,Failed,350.67,2024-08-17 19:35:23
1181,1181,174,Net Banking,Failed,3422.18,2024-12-01 06:56:43
1182,1182,933,UPI,Success,27.18,2025-11-15 17:22:44
1183,1183,46,Cash,Failed,2238.88,2026-02-18 14:34:29
1184,1184,281,Net Banking,Failed,1556.22,2026-03-13 03:23:18
1185,1185,524,Net Banking,Failed,1734.62,2025-10-25 00:27:43
1186,1186,175,Net Banking,Pending,4599.5,2024-10-15 11:21:26
1187,1187,659,Debit Card,Failed,94.62,2026-04-15 05:38:13
1188,1188,756,Debit Card,Failed,2038.88,2025-04-30 18:24:38
1189,1189,834,Cash,Pending,4922.77,2026-01-17 04:55:42
1190,1190,287,Net Banking,Pending,34.25,2026-03-10 13:17:43
1191,1191,741,Credit Card,Failed,166.65,2026-05-08 03:57:48
1192,1192,685,Debit Card,Success,4007.27,2026-04-25 16:52:04
1193,1193,632,Cash,Success,1961.49,2024-08-01 22:56:20
1194,1194,485,Debit Card,Success,4332.56,2025-10-01 20:32:40
1195,1195,292,Net Banking,Failed,1640.25,2025-10-26 19:23:21
1196,1196,277,UPI,Success,1695.37,2024-05-31 01:39:52
1197,1197,588,Debit Card,Pending,1874.17,2025-09-06 18:34:12
1198,1198,551,Debit Card,Pending,1718.77,2025-09-10 12:25:40
1199,1199,995,Cash,Failed,2154.96,2026-05-15 00:09:44
1200,1200,989,Credit Card,Pending,2432.72,2024-11-01 06:02:58
1201,1201,744,Net Banking,Failed,1046.86,2025-06-20 22:14:06
1202,1202,154,Credit Card,Pending,3479.87,2025-06-01 23:32:18
1203,1203,939,Debit Card,Success,796.98,2025-11-26 22:36:20
1204,1204,997,Net Banking,Success,1767.68,2024-11-02 09:05:48
1205,1205,80,UPI,Failed,2831.25,2026-01-31 18:54:02
1206,1206,220,Debit Card,Failed,3296.19,2025-08-31 09:13:46
1207,1207,551,Debit Card,Failed,4763.6,2026-04-16 21:25:49
1208,1208,115,UPI,Failed,205.95,2024-08-17 12:45:13
1209,1209,433,Cash,Pending,2111.94,2025-11-03 06:40:04
1210,1210,671,UPI,Failed,3816.73,2025-09-16 19:31:00
1211,1211,618,UPI,Pending,2492.62,2025-10-15 14:09:45
1212,1212,77,UPI,Pending,3264.9,2024-09-23 12:06:42
1213,1213,802,Debit Card,Success,3072.61,2025-04-19 23:19:14
1214,1214,558,UPI,Success,3539.98,2025-05-31 08:16:09
1215,1215,398,Net Banking,Success,4927.57,2025-07-10 11:34:35
1216,1216,272,UPI,Pending,539.73,2025-06-18 23:52:59
1217,1217,171,Credit Card,Success,4119.97,2025-07-04 08:35:33
1218,1218,323,Cash,Success,4164.91,2024-12-24 22:43:30
1219,1219,827,UPI,Pending,1771.88,2026-01-04 00:25:00
1220,1220,839,Credit Card,Pending,524.25,2025-08-31 14:09:19
1221,1221,688,Cash,Pending,1722.91,2024-07-05 17:51:19
1222,1222,446,Debit Card,Success,2726.54,2024-08-28 10:24:34
1223,1223,109,Net Banking,Pending,3318.37,2026-04-24 01:45:19
1224,1224,14,Net Banking,Pending,2270.48,2024-10-16 17:43:58
1225,1225,814,UPI,Pending,971.06,2024-08-06 08:31:05
1226,1226,933,Net Banking,Failed,3439.34,2025-03-07 13:22:20
1227,1227,512,Net Banking,Failed,3252.5,2025-03-01 11:40:21
1228,1228,990,Debit Card,Failed,331.43,2025-12-24 07:03:55
1229,1229,65,UPI,Success,3379.14,2025-08-16 11:48:51
1230,1230,891,Credit Card,Pending,3036.48,2026-05-07 19:15:42
1231,1231,182,Net Banking,Success,1736.82,2025-04-11 00:12:55
1232,1232,600,Debit Card,Failed,1524.76,2025-03-18 06:40:10
1233,1233,555,Cash,Pending,2913.78,2025-09-25 09:37:55
1234,1234,115,Credit Card,Pending,627.61,2025-10-03 19:13:09
1235,1235,753,Cash,Success,1942.26,2025-07-21 13:35:55
1236,1236,155,Debit Card,Pending,2369.52,2024-09-13 05:51:00
1237,1237,363,Net Banking,Pending,791.81,2025-03-01 07:13:59
1238,1238,91,Debit Card,Pending,719.41,2024-07-20 03:07:55
1239,1239,315,UPI,Success,185.48,2026-02-19 13:39:38
1240,1240,406,Debit Card,Failed,1762.97,2024-06-14 22:17:19
1241,1241,821,Net Banking,Pending,1730.06,2025-10-19 21:50:57
1242,1242,674,Debit Card,Success,3145.07,2026-01-30 19:08:25
1243,1243,925,Debit Card,Failed,2089.24,2025-06-11 01:56:51
1244,1244,876,Credit Card,Success,4016.62,2025-10-05 14:21:59
1245,1245,631,UPI,Failed,1185.75,2026-02-04 00:34:47
1246,1246,830,Cash,Failed,2130.43,2026-01-20 05:31:14
1247,1247,13,Net Banking,Pending,2434.96,2024-05-27 12:40:39
1248,1248,86,Net Banking,Success,3201.52,2025-01-15 18:46:57
1249,1249,527,Debit Card,Failed,2993.72,2024-07-24 11:10:40
1250,1250,605,Debit Card,Pending,2090.2,2026-02-08 16:17:09
1251,1251,224,Credit Card,Pending,1440.91,2024-09-03 09:01:52
1252,1252,463,Credit Card,Pending,4919.04,2025-12-31 19:58:34
1253,1253,652,Net Banking,Success,3675.42,2024-07-03 15:24:50
1254,1254,151,Cash,Pending,3586.25,2024-08-17 14:45:59
1255,1255,102,Cash,Failed,4643.51,2025-06-29 21:02:48
1256,1256,786,Debit Card,Pending,4526.47,2024-10-25 06:08:21
1257,1257,914,UPI,Pending,3701.89,2025-02-17 19:53:56
1258,1258,945,Debit Card,Success,4888.86,2026-01-11 22:18:33
1259,1259,600,Debit Card,Pending,1966.88,2024-08-25 02:05:11
1260,1260,332,Debit Card,Success,1085.7,2026-01-24 11:14:31
1261,1261,779,Credit Card,Failed,3938.11,2024-08-26 01:14:22
1262,1262,496,Credit Card,Failed,3539.33,2024-05-29 17:47:11
1263,1263,195,UPI,Success,2963.07,2025-09-10 17:21:16
1264,1264,984,Net Banking,Success,3853.45,2024-12-12 15:09:39
1265,1265,355,UPI,Pending,371.78,2025-04-19 22:00:54
1266,1266,963,Cash,Success,455.28,2025-09-30 11:16:38
1267,1267,786,Net Banking,Failed,1869.98,2024-07-18 12:44:56
1268,1268,786,Credit Card,Failed,1789.64,2025-12-05 10:13:28
1269,1269,946,UPI,Failed,4450.56,2025-12-18 00:06:28
1270,1270,289,Cash,Success,4459.57,2025-03-30 13:49:53
1271,1271,438,Credit Card,Failed,221.07,2024-05-28 17:27:30
1272,1272,829,Net Banking,Pending,2081.66,2025-06-21 13:34:28
1273,1273,441,Cash,Failed,4245.76,2026-02-20 14:35:08
1274,1274,310,Credit Card,Pending,581.2,2025-06-21 08:21:57
1275,1275,379,Credit Card,Success,4169.68,2025-01-24 03:58:20
1276,1276,630,Cash,Success,2382.97,2024-10-08 04:16:16
1277,1277,12,Net Banking,Failed,4412.53,2025-03-09 19:45:43
1278,1278,591,Debit Card,Failed,1149.49,2026-04-06 11:33:30
1279,1279,169,Net Banking,Pending,3811.43,2025-01-01 13:14:09
1280,1280,643,Debit Card,Pending,1438.39,2025-01-03 18:15:09
1281,1281,484,UPI,Pending,2991.2,2025-09-07 12:07:22
1282,1282,106,Net Banking,Failed,105.2,2025-11-30 11:06:27
1283,1283,427,Cash,Success,3434.49,2025-07-03 02:51:35
1284,1284,397,Credit Card,Failed,641.28,2024-09-27 15:31:13
1285,1285,149,Net Banking,Pending,1098.07,2025-07-31 14:52:45
1286,1286,638,UPI,Failed,4381.84,2024-06-17 14:16:11
1287,1287,924,Net Banking,Success,4686.41,2025-08-06 05:24:29
1288,1288,422,Cash,Pending,1285.17,2025-06-24 23:06:24
1289,1289,826,Cash,Failed,3350.19,2025-02-20 18:44:40
1290,1290,606,Credit Card,Pending,2025.17,2026-01-06 10:38:54
1291,1291,283,UPI,Success,1177.17,2024-05-28 12:25:58
1292,1292,863,Credit Card,Failed,3994.12,2024-09-02 07:11:40
1293,1293,384,UPI,Failed,3566.64,2025-02-09 23:31:55
1294,1294,680,Cash,Failed,1063.35,2025-03-28 16:28:58
1295,1295,6,Credit Card,Success,659.23,2024-07-06 15:46:03
1296,1296,584,Net Banking,Pending,1938.52,2024-09-10 00:48:23
1297,1297,893,Debit Card,Failed,1627.06,2025-12-09 23:43:41
1298,1298,542,Net Banking,Failed,2186.17,2026-02-18 08:30:05
1299,1299,238,Cash,Success,747.78,2025-05-18 12:18:29
1300,1300,868,Credit Card,Pending,232.62,2025-11-13 18:28:31
1301,1301,867,Net Banking,Pending,987.61,2026-04-26 10:40:43
1302,1302,757,Cash,Pending,1354.45,2026-04-13 19:03:52
1303,1303,71,Cash,Pending,3413.35,2026-01-31 06:55:43
1304,1304,907,UPI,Pending,4749.35,2025-01-05 08:21:07
1305,1305,274,Cash,Pending,3378.79,2026-03-18 14:41:40
1306,1306,646,Net Banking,Failed,1464.54,2025-12-01 05:34:07
1307,1307,865,UPI,Pending,2112.18,2024-08-31 01:55:20
1308,1308,906,Net Banking,Failed,4734.56,2025-03-13 19:44:19
1309,1309,228,Debit Card,Pending,1984.18,2026-01-18 00:13:36
1310,1310,874,Cash,Pending,4827.28,2025-06-11 03:10:35
1311,1311,458,Net Banking,Pending,209.62,2026-01-02 06:30:55
1312,1312,806,Debit Card,Pending,235.07,2025-07-07 13:31:55
1313,1313,301,Debit Card,Success,3538.1,2024-07-15 12:04:34
1314,1314,733,UPI,Pending,1112.45,2025-02-12 05:33:48
1315,1315,45,Credit Card,Success,1912.49,2024-06-28 11:54:05
1316,1316,109,Cash,Failed,2449.95,2025-09-09 09:49:28
1317,1317,881,UPI,Success,1309.66,2026-02-16 19:07:37
1318,1318,32,Cash,Pending,4090.58,2024-07-14 10:34:08
1319,1319,548,UPI,Pending,1541.88,2025-04-02 05:13:05
1320,1320,320,Credit Card,Failed,2947.03,2025-09-13 05:50:24
1321,1321,49,UPI,Pending,1531.38,2025-05-31 21:32:47
1322,1322,79,Cash,Failed,1093.35,2026-05-26 10:39:25
1323,1323,514,Net Banking,Success,1142.91,2026-05-13 18:01:52
1324,1324,27,UPI,Failed,325.43,2025-11-02 07:59:28
1325,1325,611,Cash,Pending,245.74,2024-07-31 19:38:52
1326,1326,407,Credit Card,Pending,2714.48,2025-03-15 23:55:01
1327,1327,453,Debit Card,Success,3069.58,2024-08-22 21:12:33
1328,1328,816,UPI,Success,3912.58,2025-08-15 03:17:31
1329,1329,296,Credit Card,Failed,4490.99,2024-08-10 22:47:17
1330,1330,785,UPI,Failed,1089.78,2025-03-05 05:50:53
1331,1331,234,Net Banking,Pending,1199.47,2025-06-30 22:58:17
1332,1332,362,Credit Card,Success,520.84,2026-03-26 03:54:24
1333,1333,685,Credit Card,Failed,290.83,2025-07-08 03:37:37
1334,1334,809,UPI,Failed,4976.74,2026-02-08 01:54:21
1335,1335,312,Credit Card,Success,4985.81,2024-11-23 22:16:36
1336,1336,970,Debit Card,Success,1050.59,2024-06-22 05:50:07
1337,1337,914,Credit Card,Success,4693.38,2024-06-11 13:27:53
1338,1338,856,Debit Card,Pending,3174.19,2025-08-13 13:41:41
1339,1339,393,Debit Card,Failed,3317.92,2026-05-01 03:25:36
1340,1340,264,UPI,Success,3937.78,2024-12-11 03:29:35
1341,1341,78,Net Banking,Pending,29.49,2025-12-13 17:06:52
1342,1342,97,UPI,Pending,3902.0,2025-09-29 14:23:06
1343,1343,877,Cash,Success,4560.33,2026-03-27 14:35:15
1344,1344,7,Credit Card,Failed,2958.68,2025-08-17 07:05:32
1345,1345,621,Credit Card,Failed,3617.41,2024-12-28 18:49:37
1346,1346,630,Credit Card,Pending,589.64,2024-11-22 21:59:21
1347,1347,74,UPI,Success,4571.5,2025-08-26 18:05:00
1348,1348,424,Credit Card,Success,112.48,2026-03-20 07:14:39
1349,1349,686,Credit Card,Success,1485.93,2025-03-20 15:55:06
1350,1350,706,Debit Card,Pending,3087.9,2024-07-25 23:46:33
1351,1351,592,UPI,Pending,2003.56,2025-06-10 13:08:26
1352,1352,620,Credit Card,Failed,1147.03,2026-05-16 22:43:43
1353,1353,56,Net Banking,Pending,961.9,2025-08-18 07:53:33
1354,1354,658,UPI,Failed,186.08,2024-07-21 05:59:26
1355,1355,972,Debit Card,Failed,3614.55,2025-02-14 13:23:55
1356,1356,112,UPI,Pending,2549.72,2026-04-10 02:55:44
1357,1357,241,Net Banking,Pending,2808.83,2024-12-27 21:53:48
1358,1358,962,Cash,Success,2114.53,2025-07-06 14:14:24
1359,1359,834,Cash,Success,1642.87,2025-01-19 23:14:30
1360,1360,244,Net Banking,Failed,3913.72,2024-07-17 06:02:18
1361,1361,776,Cash,Failed,1012.57,2025-02-01 22:48:26
1362,1362,481,Credit Card,Success,2878.57,2026-03-10 18:51:31
1363,1363,818,Debit Card,Success,3764.33,2025-06-21 22:41:02
1364,1364,365,Cash,Pending,2221.11,2026-02-03 11:06:47
1365,1365,480,Credit Card,Pending,3771.65,2024-07-20 21:46:35
1366,1366,62,Cash,Failed,3470.38,2025-08-18 08:24:14
1367,1367,365,UPI,Pending,3335.53,2025-04-23 07:14:58
1368,1368,112,Debit Card,Failed,3506.14,2025-08-25 09:17:41
1369,1369,381,Cash,Success,283.86,2024-10-07 01:38:46
1370,1370,570,Net Banking,Pending,1645.23,2025-05-27 07:48:54
1371,1371,356,Credit Card,Pending,3228.35,2025-03-31 02:36:13
1372,1372,795,UPI,Success,1787.27,2024-08-13 04:20:43
1373,1373,38,Debit Card,Pending,242.8,2025-09-29 07:49:51
1374,1374,928,Debit Card,Pending,4158.61,2025-02-19 14:52:13
1375,1375,53,UPI,Success,2625.15,2025-08-04 13:10:09
1376,1376,545,Debit Card,Failed,3259.0,2025-05-30 13:02:54
1377,1377,460,Credit Card,Pending,1774.6,2026-02-12 01:50:32
1378,1378,157,Cash,Pending,391.29,2026-02-17 08:50:57
1379,1379,914,Cash,Success,2656.02,2024-09-13 18:02:18
1380,1380,321,UPI,Failed,2802.43,2025-06-10 23:58:13
1381,1381,845,Debit Card,Failed,4258.21,2026-01-20 08:15:03
1382,1382,961,Net Banking,Pending,4810.17,2025-01-03 06:34:01
1383,1383,344,Cash,Failed,2288.9,2026-04-17 22:41:11
1384,1384,831,Cash,Success,2047.23,2024-12-23 11:23:36
1385,1385,529,Net Banking,Failed,2749.63,2024-06-30 08:17:47
1386,1386,160,Cash,Failed,2044.7,2024-09-28 06:28:15
1387,1387,394,Cash,Success,2474.69,2025-05-15 08:46:35
1388,1388,698,Cash,Pending,1204.32,2025-01-11 20:07:52
1389,1389,878,UPI,Pending,3125.76,2025-08-10 23:26:17
1390,1390,771,Debit Card,Pending,815.61,2024-12-15 00:04:36
1391,1391,727,Credit Card,Pending,4943.56,2025-08-25 12:49:45
1392,1392,773,Debit Card,Failed,2370.04,2024-06-20 12:27:30
1393,1393,449,Cash,Success,3383.97,2025-12-27 04:16:37
1394,1394,603,Credit Card,Failed,2093.7,2026-04-29 04:14:24
1395,1395,96,Net Banking,Success,1683.69,2025-02-19 05:24:11
1396,1396,738,Net Banking,Failed,4023.87,2024-06-12 00:59:18
1397,1397,821,Credit Card,Success,3332.5,2025-03-15 12:14:41
1398,1398,46,Debit Card,Pending,2320.14,2025-03-15 05:03:05
1399,1399,536,Net Banking,Failed,2443.29,2024-08-01 06:04:23
1400,1400,884,Net Banking,Pending,2470.78,2026-05-02 22:42:38
1401,1401,432,UPI,Success,2967.46,2025-08-28 20:07:22
1402,1402,405,UPI,Pending,4845.16,2026-01-16 07:43:05
1403,1403,962,Credit Card,Failed,917.38,2026-03-30 23:06:25
1404,1404,668,Net Banking,Pending,1859.2,2025-11-12 12:45:55
1405,1405,850,UPI,Failed,4676.83,2025-10-31 05:06:41
1406,1406,878,Debit Card,Success,2582.85,2026-03-16 19:07:47
1407,1407,956,Credit Card,Pending,4754.09,2025-07-26 09:26:42
1408,1408,867,Credit Card,Pending,2778.53,2025-03-22 18:32:20
1409,1409,555,Debit Card,Success,1603.3,2024-06-01 20:41:22
1410,1410,242,Credit Card,Failed,2408.36,2024-12-05 07:06:02
1411,1411,779,Net Banking,Failed,2597.26,2024-06-24 15:54:03
1412,1412,433,UPI,Success,443.76,2024-07-29 13:49:52
1413,1413,632,Cash,Failed,1947.2,2025-08-01 05:44:55
1414,1414,844,UPI,Success,3152.44,2025-04-19 04:04:43
1415,1415,547,Cash,Pending,3519.62,2025-03-03 14:01:15
1416,1416,394,Net Banking,Pending,3065.71,2025-12-04 14:39:49
1417,1417,117,Cash,Failed,163.96,2024-09-05 03:34:13
1418,1418,584,Debit Card,Failed,84.55,2024-10-13 10:48:58
1419,1419,120,Cash,Success,735.79,2024-08-13 15:32:10
1420,1420,465,Debit Card,Success,2064.92,2024-12-15 22:53:55
1421,1421,326,Net Banking,Failed,424.4,2026-04-09 01:36:52
1422,1422,920,Cash,Failed,3940.4,2025-12-27 14:27:16
1423,1423,112,Debit Card,Success,3706.84,2025-07-09 20:48:55
1424,1424,279,Cash,Failed,1889.58,2025-05-13 13:00:29
1425,1425,50,UPI,Failed,2807.75,2025-09-06 09:41:39
1426,1426,668,Cash,Failed,1770.01,2026-04-19 15:32:00
1427,1427,276,Credit Card,Success,1975.01,2025-07-22 01:58:23
1428,1428,87,Cash,Failed,2699.11,2026-03-23 09:45:03
1429,1429,733,Debit Card,Pending,3637.46,2025-06-11 08:17:54
1430,1430,584,Cash,Failed,3521.0,2025-05-28 03:30:34
1431,1431,115,Cash,Failed,1941.77,2025-11-23 11:47:47
1432,1432,239,Net Banking,Pending,4325.29,2024-06-29 07:09:52
1433,1433,949,Credit Card,Pending,4522.04,2025-10-28 08:49:36
1434,1434,859,Net Banking,Success,279.99,2026-05-13 04:21:15
1435,1435,669,UPI,Pending,2811.08,2026-02-01 19:27:02
1436,1436,399,Debit Card,Success,798.11,2025-11-03 19:29:19
1437,1437,537,Debit Card,Success,2539.22,2024-11-29 21:50:47
1438,1438,424,Net Banking,Success,2032.11,2024-10-30 02:02:57
1439,1439,79,UPI,Success,2293.29,2026-02-17 12:13:07
1440,1440,335,Cash,Failed,316.71,2024-12-30 08:10:44
1441,1441,438,Net Banking,Success,1475.81,2024-12-02 14:29:12
1442,1442,702,Net Banking,Failed,925.74,2025-11-01 22:36:12
1443,1443,840,Credit Card,Failed,1785.66,2024-09-30 23:03:59
1444,1444,323,UPI,Success,2935.31,2025-06-23 02:34:41
1445,1445,74,UPI,Success,2578.39,2025-02-02 23:03:25
1446,1446,35,Cash,Pending,2061.85,2024-12-27 23:37:40
1447,1447,349,UPI,Pending,3860.32,2025-11-23 04:35:38
1448,1448,816,Credit Card,Failed,1069.38,2025-04-08 08:07:16
1449,1449,934,UPI,Pending,4250.75,2026-02-28 02:51:26
1450,1450,937,Credit Card,Pending,3173.9,2025-02-06 09:42:16
1451,1451,572,Cash,Success,3411.19,2026-05-18 06:26:35
1452,1452,242,UPI,Success,198.11,2025-12-07 11:23:02
1453,1453,573,UPI,Failed,2060.34,2025-12-08 09:01:48
1454,1454,545,UPI,Success,2061.8,2026-05-07 02:08:03
1455,1455,574,Net Banking,Pending,3958.52,2024-06-30 03:55:36
1456,1456,392,Net Banking,Success,1342.76,2024-08-04 11:03:12
1457,1457,142,Credit Card,Failed,3643.02,2025-12-11 02:41:47
1458,1458,534,Debit Card,Pending,1618.09,2024-10-03 20:15:09
1459,1459,251,UPI,Failed,650.59,2026-03-26 10:28:35
1460,1460,730,Cash,Failed,1435.02,2026-03-07 10:50:22
1461,1461,105,Credit Card,Pending,2825.1,2024-08-30 01:00:56
1462,1462,780,Credit Card,Success,1293.6,2026-04-22 22:07:29
1463,1463,947,Cash,Failed,1345.85,2026-04-01 02:51:50
1464,1464,889,Net Banking,Failed,2972.18,2024-07-25 13:22:27
1465,1465,180,Credit Card,Pending,3238.03,2025-01-19 00:03:56
1466,1466,499,UPI,Success,752.46,2025-11-27 01:12:11
1467,1467,389,Cash,Failed,799.42,2024-11-27 14:10:44
1468,1468,346,Credit Card,Success,732.66,2024-06-13 09:05:36
1469,1469,291,Net Banking,Failed,165.82,2024-10-12 11:09:24
1470,1470,843,Net Banking,Failed,516.88,2025-03-02 05:01:06
1471,1471,291,Net Banking,Success,4502.78,2026-01-24 02:53:35
1472,1472,814,Credit Card,Failed,3480.81,2026-03-30 19:12:40
1473,1473,150,Debit Card,Success,1498.73,2024-12-02 19:05:28
1474,1474,511,Credit Card,Failed,2198.04,2025-12-28 03:44:08
1475,1475,121,UPI,Failed,415.24,2025-03-10 19:08:57
1476,1476,912,Cash,Pending,2293.29,2024-12-18 16:52:38
1477,1477,308,Cash,Success,645.18,2024-08-13 04:14:28
1478,1478,656,Debit Card,Pending,2324.98,2025-05-27 11:20:05
1479,1479,429,UPI,Failed,4874.32,2025-01-10 04:23:37
1480,1480,621,Credit Card,Pending,2120.0,2025-06-13 04:40:54
1481,1481,994,Cash,Success,2894.88,2025-09-01 00:11:43
1482,1482,820,Debit Card,Failed,1852.41,2026-05-17 11:40:48
1483,1483,939,Net Banking,Failed,4969.92,2025-01-23 07:48:25
1484,1484,326,Net Banking,Failed,2478.66,2025-04-09 21:40:14
1485,1485,105,UPI,Success,2681.48,2026-01-10 10:09:58
1486,1486,962,UPI,Success,1085.45,2026-03-05 02:04:38
1487,1487,45,Net Banking,Success,2395.89,2024-12-06 01:52:17
1488,1488,43,Debit Card,Pending,1540.97,2025-07-07 20:36:48
1489,1489,761,Net Banking,Failed,2150.28,2025-02-07 11:16:44
1490,1490,101,UPI,Pending,2679.58,2025-07-26 22:16:28
1491,1491,434,Credit Card,Pending,2037.0,2025-08-12 04:26:25
1492,1492,631,UPI,Pending,1047.03,2024-07-18 00:50:24
1493,1493,687,Debit Card,Failed,2786.06,2025-01-13 10:24:51
1494,1494,584,Credit Card,Success,2750.41,2024-12-16 03:08:12
1495,1495,16,Debit Card,Success,1518.95,2026-05-25 06:17:44
1496,1496,572,UPI,Failed,562.21,2026-01-31 16:24:30
1497,1497,399,Debit Card,Failed,569.49,2025-05-31 13:55:56
1498,1498,8,UPI,Failed,2672.64,2024-07-12 18:28:19
1499,1499,816,Cash,Failed,513.1,2026-05-11 10:20:25
1500,1500,855,Debit Card,Success,3663.82,2025-06-03 09:03:03
1501,1501,207,Debit Card,Success,4694.59,2025-12-15 11:36:58
1502,1502,998,Cash,Failed,494.5,2024-06-28 02:30:24
1503,1503,649,Net Banking,Failed,1529.55,2025-11-09 04:25:26
1504,1504,884,Net Banking,Pending,3451.53,2025-09-16 18:12:24
1505,1505,910,Cash,Success,3581.95,2025-03-18 11:33:45
1506,1506,400,Net Banking,Failed,3013.22,2025-04-03 03:15:35
1507,1507,516,Debit Card,Pending,3792.57,2026-02-04 09:27:58
1508,1508,483,UPI,Success,307.07,2024-10-01 04:06:41
1509,1509,916,Cash,Failed,731.16,2026-05-01 15:45:43
1510,1510,983,Cash,Success,2325.52,2025-01-30 15:13:27
1511,1511,19,UPI,Failed,965.77,2024-10-14 13:46:45
1512,1512,986,UPI,Pending,2635.92,2025-03-13 18:25:00
1513,1513,524,Debit Card,Success,563.42,2026-03-09 02:56:03
1514,1514,847,Credit Card,Failed,2189.04,2025-11-19 10:00:22
1515,1515,248,Credit Card,Pending,484.58,2026-02-13 12:30:31
1516,1516,620,Credit Card,Success,1869.47,2026-05-19 19:57:30
1517,1517,450,Debit Card,Pending,2203.3,2026-03-28 19:56:45
1518,1518,81,Cash,Pending,3440.11,2025-10-08 21:46:58
1519,1519,888,Net Banking,Failed,1358.35,2024-08-10 12:59:29
1520,1520,682,UPI,Pending,952.06,2024-07-18 12:47:00
1521,1521,716,UPI,Success,2096.87,2026-02-22 02:36:32
1522,1522,568,Cash,Pending,2281.75,2024-08-16 18:12:04
1523,1523,659,UPI,Pending,1191.97,2025-03-18 18:12:43
1524,1524,296,Credit Card,Pending,3003.45,2024-11-21 16:45:50
1525,1525,539,Debit Card,Pending,1668.55,2025-05-28 16:04:06
1526,1526,335,Debit Card,Success,2781.97,2025-10-24 13:54:36
1527,1527,928,Cash,Pending,4663.97,2025-12-22 17:05:34
1528,1528,792,Credit Card,Pending,3330.58,2025-01-10 10:43:55
1529,1529,340,Cash,Success,4174.57,2024-08-02 06:17:57
1530,1530,510,Cash,Success,1172.98,2024-05-27 00:48:20
1531,1531,365,Debit Card,Failed,4891.26,2025-06-25 01:09:46
1532,1532,229,Net Banking,Success,1860.0,2026-01-19 20:06:01
1533,1533,757,Credit Card,Pending,276.34,2024-10-05 21:38:57
1534,1534,59,Credit Card,Failed,3907.23,2024-09-14 06:46:43
1535,1535,501,Debit Card,Failed,4167.87,2024-12-02 23:33:20
1536,1536,933,Debit Card,Failed,3816.56,2025-02-16 03:37:16
1537,1537,166,Cash,Failed,2446.58,2024-07-20 08:52:42
1538,1538,808,UPI,Pending,4794.52,2024-10-21 11:58:37
1539,1539,841,Cash,Pending,2366.86,2026-02-18 14:10:57
1540,1540,258,Net Banking,Success,997.45,2024-10-24 20:56:40
1541,1541,827,Debit Card,Pending,2285.99,2025-04-08 04:10:34
1542,1542,45,UPI,Failed,2624.56,2024-09-07 06:19:27
1543,1543,59,Net Banking,Pending,2564.47,2024-12-01 07:42:24
1544,1544,546,Debit Card,Pending,3011.12,2025-01-27 02:40:47
1545,1545,327,Cash,Failed,648.78,2025-02-19 07:38:32
1546,1546,894,Credit Card,Success,759.88,2024-08-12 11:39:23
1547,1547,243,Cash,Pending,114.71,2026-05-01 01:30:14
1548,1548,855,Net Banking,Pending,3052.11,2026-05-24 14:39:22
1549,1549,867,Cash,Pending,3446.38,2026-01-10 06:32:17
1550,1550,187,UPI,Pending,599.51,2024-08-23 05:12:20
1551,1551,469,Credit Card,Failed,3424.59,2025-03-07 09:08:53
1552,1552,429,Credit Card,Failed,2799.44,2025-03-13 09:15:22
1553,1553,916,Debit Card,Success,4627.82,2025-04-01 14:15:34
1554,1554,238,Credit Card,Success,821.71,2024-06-29 16:15:05
1555,1555,971,Credit Card,Success,4990.54,2025-03-15 08:09:14
1556,1556,551,Cash,Success,815.31,2024-09-13 23:34:12
1557,1557,126,Credit Card,Failed,1449.63,2024-06-03 20:40:19
1558,1558,909,Net Banking,Pending,2595.49,2024-09-28 09:54:15
1559,1559,933,Credit Card,Failed,1898.91,2024-10-15 17:05:27
1560,1560,719,Cash,Failed,4861.85,2025-06-08 06:10:56
1561,1561,943,Credit Card,Pending,4590.16,2025-07-27 15:50:13
1562,1562,430,Net Banking,Pending,3278.9,2025-08-20 22:08:35
1563,1563,278,Debit Card,Success,824.64,2024-10-27 00:25:53
1564,1564,153,Net Banking,Pending,3966.12,2024-12-01 14:54:00
1565,1565,85,Credit Card,Success,171.58,2026-01-28 04:24:50
1566,1566,777,Net Banking,Pending,2226.41,2024-10-21 17:32:03
1567,1567,544,Debit Card,Failed,89.76,2024-07-25 23:26:22
1568,1568,991,Debit Card,Pending,777.52,2026-03-22 09:23:03
1569,1569,249,Debit Card,Success,3722.77,2026-03-05 04:20:03
1570,1570,27,Credit Card,Success,887.21,2026-03-19 13:01:46
1571,1571,35,Debit Card,Failed,3673.54,2024-08-13 05:50:02
1572,1572,500,Credit Card,Success,4353.78,2025-04-08 23:01:09
1573,1573,370,Credit Card,Success,1408.86,2024-10-20 20:07:31
1574,1574,857,Credit Card,Failed,3535.6,2024-10-16 04:03:28
1575,1575,649,Credit Card,Success,4100.19,2026-02-20 07:13:35
1576,1576,666,Debit Card,Success,2230.88,2024-12-06 10:32:02
1577,1577,167,UPI,Pending,1517.09,2024-12-26 22:23:05
1578,1578,801,Credit Card,Success,3142.03,2025-06-14 03:42:10
1579,1579,107,Net Banking,Failed,2515.74,2024-12-19 12:19:50
1580,1580,652,UPI,Failed,70.17,2025-11-08 22:37:54
1581,1581,941,UPI,Pending,1467.12,2024-09-28 19:34:01
1582,1582,113,Net Banking,Pending,304.47,2026-05-15 02:42:02
1583,1583,705,Debit Card,Pending,4079.8,2024-06-03 10:21:12
1584,1584,589,UPI,Success,58.5,2025-11-17 00:28:09
1585,1585,568,Credit Card,Pending,1334.55,2026-05-14 17:20:15
1586,1586,186,Net Banking,Success,1996.0,2025-03-30 13:13:20
1587,1587,354,Credit Card,Pending,1725.81,2024-09-01 01:05:00
1588,1588,902,Net Banking,Pending,2683.47,2024-12-11 08:38:06
1589,1589,220,UPI,Success,988.28,2025-09-10 04:37:13
1590,1590,846,UPI,Pending,2237.12,2025-10-19 02:08:18
1591,1591,957,Net Banking,Success,2438.47,2025-06-18 20:34:38
1592,1592,213,Credit Card,Failed,1629.69,2025-10-16 00:08:57
1593,1593,133,Cash,Pending,4680.94,2025-12-05 01:32:19
1594,1594,590,Debit Card,Pending,1684.97,2025-08-07 03:59:41
1595,1595,848,UPI,Pending,1391.32,2024-08-21 02:10:15
1596,1596,989,Net Banking,Success,4232.02,2024-10-06 07:27:04
1597,1597,389,Debit Card,Pending,3959.58,2026-01-17 18:07:39
1598,1598,342,Credit Card,Failed,996.8,2026-04-11 17:37:59
1599,1599,301,Net Banking,Success,2845.21,2025-12-13 07:16:19
1600,1600,386,Net Banking,Pending,1698.8,2025-11-29 21:56:23
1601,1601,434,Net Banking,Success,4295.13,2026-04-13 00:50:59
1602,1602,789,Credit Card,Failed,1540.83,2025-05-31 22:57:34
1603,1603,28,Net Banking,Pending,3097.93,2024-12-03 07:24:17
1604,1604,884,Credit Card,Failed,3480.49,2025-04-24 18:16:58
1605,1605,170,UPI,Failed,4416.04,2024-11-20 04:56:20
1606,1606,774,Net Banking,Pending,3092.2,2026-01-27 23:07:21
1607,1607,474,Debit Card,Success,4210.31,2024-10-06 16:32:06
1608,1608,681,Credit Card,Success,1409.51,2024-06-17 13:26:40
1609,1609,516,UPI,Pending,49.87,2025-05-30 21:03:09
1610,1610,539,Debit Card,Failed,1846.42,2025-09-19 07:25:07
1611,1611,525,Net Banking,Success,2674.12,2024-10-27 15:03:43
1612,1612,175,Debit Card,Success,3156.56,2025-02-01 18:09:13
1613,1613,670,Debit Card,Success,209.22,2024-10-28 18:41:20
1614,1614,31,Debit Card,Failed,3756.39,2025-12-07 03:51:15
1615,1615,370,Net Banking,Success,4653.7,2025-09-09 18:34:31
1616,1616,374,Debit Card,Pending,1231.96,2026-03-13 11:55:01
1617,1617,82,Cash,Failed,1020.11,2024-08-16 20:02:31
1618,1618,714,Debit Card,Success,3561.74,2025-03-06 12:59:02
1619,1619,474,Net Banking,Success,4525.21,2026-05-10 04:47:12
1620,1620,69,Debit Card,Pending,102.36,2026-05-13 09:32:09
1621,1621,499,Debit Card,Pending,117.66,2024-06-02 03:35:41
1622,1622,49,Credit Card,Success,701.17,2024-10-02 06:23:18
1623,1623,585,Net Banking,Pending,1050.9,2024-08-10 10:23:16
1624,1624,99,Cash,Success,2752.53,2025-10-04 14:38:22
1625,1625,88,Cash,Pending,3455.04,2026-02-07 06:10:12
1626,1626,293,UPI,Pending,3177.57,2024-10-11 03:53:01
1627,1627,400,UPI,Pending,1697.53,2024-11-07 11:18:17
1628,1628,435,Credit Card,Pending,458.05,2025-04-08 13:11:55
1629,1629,509,UPI,Success,145.53,2025-10-10 09:48:21
1630,1630,315,Credit Card,Success,3610.71,2025-09-11 00:48:06
1631,1631,365,Cash,Success,1366.35,2025-04-25 14:12:34
1632,1632,712,Cash,Pending,4683.45,2026-03-28 21:48:40
1633,1633,938,Credit Card,Failed,3343.89,2025-11-13 07:46:36
1634,1634,166,Debit Card,Success,100.3,2025-11-02 04:57:04
1635,1635,368,Credit Card,Failed,1706.81,2025-03-12 02:21:09
1636,1636,420,Debit Card,Success,2961.42,2024-07-05 14:33:21
1637,1637,671,Net Banking,Success,663.63,2024-09-06 07:24:37
1638,1638,703,Credit Card,Failed,3830.73,2025-09-02 15:00:33
1639,1639,508,UPI,Failed,4990.68,2025-08-03 01:37:03
1640,1640,425,Debit Card,Success,3373.28,2025-07-07 11:18:14
1641,1641,943,Debit Card,Failed,3135.08,2025-05-29 13:04:53
1642,1642,154,Credit Card,Success,745.74,2025-06-13 14:27:40
1643,1643,436,Debit Card,Failed,81.09,2026-04-06 12:28:14
1644,1644,492,UPI,Success,1008.44,2025-12-29 18:33:59
1645,1645,222,Cash,Success,3359.49,2024-06-07 08:06:31
1646,1646,732,Net Banking,Pending,169.89,2025-05-16 13:44:13
1647,1647,331,Net Banking,Failed,1455.06,2024-06-09 13:30:07
1648,1648,467,Cash,Success,3956.58,2025-08-26 05:25:38
1649,1649,448,UPI,Success,238.56,2024-12-09 06:10:27
1650,1650,54,Net Banking,Success,922.26,2026-03-01 11:37:11
1651,1651,357,UPI,Pending,367.66,2024-07-16 02:19:16
1652,1652,294,Cash,Success,4107.02,2025-02-09 01:54:48
1653,1653,678,Credit Card,Failed,1653.71,2025-03-13 04:08:29
1654,1654,753,Cash,Failed,2053.9,2024-09-04 19:36:08
1655,1655,926,Credit Card,Pending,3510.87,2026-02-21 22:31:16
1656,1656,416,Credit Card,Failed,3042.05,2024-10-26 02:16:18
1657,1657,56,UPI,Success,2884.42,2024-12-30 05:15:32
1658,1658,802,UPI,Pending,1158.54,2025-06-04 17:20:37
1659,1659,159,Debit Card,Failed,870.46,2025-08-08 21:47:56
1660,1660,944,UPI,Failed,2753.49,2025-06-24 12:44:13
1661,1661,257,UPI,Pending,1644.32,2024-10-28 22:37:04
1662,1662,515,Credit Card,Pending,3762.67,2024-10-20 02:16:50
1663,1663,721,Debit Card,Success,3731.93,2026-01-04 14:33:16
1664,1664,538,UPI,Failed,2356.03,2026-04-17 19:38:05
1665,1665,117,UPI,Success,1935.8,2025-07-31 23:13:37
1666,1666,380,UPI,Pending,1095.05,2026-04-28 06:17:01
1667,1667,898,UPI,Success,3665.94,2026-01-16 03:54:55
1668,1668,695,Credit Card,Success,4782.55,2024-10-10 22:26:44
1669,1669,373,Net Banking,Success,4324.86,2025-01-09 16:14:47
1670,1670,384,Credit Card,Pending,3663.6,2025-02-24 20:34:20
1671,1671,331,UPI,Failed,4400.63,2026-04-20 05:31:46
1672,1672,791,Debit Card,Pending,1122.36,2026-02-18 15:40:18
1673,1673,535,Net Banking,Failed,3983.66,2025-03-03 01:20:27
1674,1674,979,Credit Card,Success,531.82,2026-02-15 06:30:02
1675,1675,768,Credit Card,Success,3237.64,2026-05-26 08:32:50
1676,1676,992,Net Banking,Pending,1413.77,2024-06-15 15:36:31
1677,1677,325,Cash,Success,3586.49,2024-06-13 18:19:47
1678,1678,831,Credit Card,Pending,1126.79,2025-08-26 23:02:25
1679,1679,529,Credit Card,Failed,2840.79,2025-03-01 10:00:09
1680,1680,93,Credit Card,Pending,2684.87,2024-07-20 13:48:51
1681,1681,770,Credit Card,Failed,1212.35,2025-12-15 21:01:45
1682,1682,436,Cash,Failed,1028.5,2025-07-09 08:01:03
1683,1683,508,UPI,Pending,4485.62,2025-02-24 12:24:50
1684,1684,589,Net Banking,Success,288.99,2025-02-17 00:16:13
1685,1685,957,Cash,Success,2583.68,2025-10-21 16:49:07
1686,1686,958,Net Banking,Success,2609.62,2026-03-04 03:32:57
1687,1687,315,Credit Card,Success,4723.92,2024-08-17 21:25:39
1688,1688,765,UPI,Pending,1416.1,2025-12-24 16:08:08
1689,1689,289,Credit Card,Success,4473.72,2025-11-14 06:01:58
1690,1690,745,Debit Card,Failed,2007.41,2024-08-17 08:05:33
1691,1691,354,Credit Card,Failed,399.85,2025-02-15 04:35:22
1692,1692,55,Debit Card,Failed,2576.13,2025-07-25 19:13:35
1693,1693,826,Debit Card,Failed,357.12,2025-02-22 19:54:48
1694,1694,559,Credit Card,Pending,2169.04,2025-05-27 11:41:04
1695,1695,135,Credit Card,Failed,2677.85,2026-03-03 21:45:45
1696,1696,542,Debit Card,Pending,2901.38,2025-06-18 10:07:35
1697,1697,682,UPI,Failed,4227.36,2025-05-13 05:20:00
1698,1698,745,Cash,Pending,2974.36,2025-04-18 08:35:11
1699,1699,274,Cash,Failed,3156.28,2025-02-12 19:56:37
1700,1700,785,Credit Card,Pending,4009.26,2024-12-22 13:49:40
1701,1701,995,Debit Card,Success,3146.84,2024-12-05 10:03:39
1702,1702,584,Net Banking,Success,1011.74,2024-08-18 09:24:52
1703,1703,521,Debit Card,Failed,4984.21,2025-09-03 04:35:56
1704,1704,387,Credit Card,Success,3224.63,2025-10-27 22:10:26
1705,1705,299,Credit Card,Pending,542.18,2026-04-29 02:46:50
1706,1706,504,UPI,Pending,2248.3,2024-11-28 00:37:52
1707,1707,339,UPI,Success,3562.38,2024-08-08 12:51:03
1708,1708,267,Debit Card,Pending,3081.82,2025-01-09 17:01:53
1709,1709,90,UPI,Pending,3554.37,2025-06-21 01:27:55
1710,1710,768,Net Banking,Pending,3201.62,2025-12-01 01:40:30
1711,1711,186,Debit Card,Failed,2484.93,2025-09-13 12:19:28
1712,1712,916,UPI,Pending,1993.79,2026-05-09 22:03:55
1713,1713,716,Credit Card,Failed,2035.7,2025-07-10 23:01:04
1714,1714,877,Debit Card,Pending,1718.05,2025-07-07 02:01:44
1715,1715,949,Net Banking,Pending,1700.89,2025-06-18 18:40:38
1716,1716,915,Net Banking,Failed,3282.92,2024-07-29 13:48:15
1717,1717,32,Credit Card,Pending,4640.26,2025-02-09 20:32:54
1718,1718,247,UPI,Pending,1376.81,2025-01-23 12:43:32
1719,1719,316,UPI,Pending,402.09,2025-06-18 03:06:18
1720,1720,120,Cash,Pending,4508.29,2026-03-30 14:51:55
1721,1721,255,Cash,Failed,381.07,2025-12-06 10:03:14
1722,1722,237,Net Banking,Success,1030.03,2024-09-28 08:47:22
1723,1723,229,Net Banking,Failed,2893.98,2024-11-09 13:43:33
1724,1724,891,Credit Card,Pending,838.1,2025-05-25 06:54:35
1725,1725,107,Cash,Failed,3758.7,2024-11-22 03:18:00
1726,1726,563,Net Banking,Failed,210.0,2025-04-21 11:57:56
1727,1727,969,Debit Card,Pending,2285.96,2024-07-06 11:14:04
1728,1728,191,Cash,Pending,2305.73,2025-02-15 07:13:48
1729,1729,226,Cash,Success,2129.27,2025-10-04 05:33:16
1730,1730,888,Debit Card,Failed,2816.53,2025-04-01 11:21:07
1731,1731,671,Debit Card,Failed,2282.59,2024-12-11 23:56:07
1732,1732,400,Credit Card,Pending,3997.48,2025-09-06 01:21:43
1733,1733,21,Debit Card,Success,400.16,2024-11-21 14:31:30
1734,1734,778,UPI,Success,4805.19,2024-07-07 12:37:48
1735,1735,828,Credit Card,Success,1109.47,2025-06-03 21:40:29
1736,1736,224,UPI,Success,1127.5,2025-01-04 06:07:07
1737,1737,134,Credit Card,Success,4535.41,2025-01-08 02:30:55
1738,1738,707,UPI,Pending,51.07,2025-07-21 07:40:43
1739,1739,547,Cash,Pending,968.56,2026-04-12 01:02:27
1740,1740,228,Debit Card,Success,4934.26,2024-12-13 19:32:04
1741,1741,255,Cash,Failed,3628.9,2025-07-06 01:37:07
1742,1742,642,Net Banking,Pending,2202.83,2025-07-15 19:37:25
1743,1743,106,UPI,Pending,3441.61,2025-05-24 23:33:54
1744,1744,611,Cash,Success,4529.71,2024-10-29 17:38:19
1745,1745,769,UPI,Pending,2660.48,2026-03-24 21:59:31
1746,1746,153,UPI,Pending,1743.01,2025-03-27 03:03:25
1747,1747,796,Debit Card,Success,1446.37,2026-01-24 19:01:57
1748,1748,911,Net Banking,Pending,1270.37,2026-01-07 12:04:37
1749,1749,611,Debit Card,Pending,3250.88,2026-03-10 03:46:05
1750,1750,517,Credit Card,Pending,2540.96,2025-04-25 22:35:56
1751,1751,740,Debit Card,Success,4137.05,2024-12-01 19:25:09
1752,1752,728,Cash,Success,1683.62,2025-05-11 21:29:43
1753,1753,274,Debit Card,Success,1398.02,2026-03-23 05:01:37
1754,1754,168,Net Banking,Pending,2249.91,2024-11-08 16:14:19
1755,1755,47,Debit Card,Success,3227.56,2024-10-10 01:35:24
1756,1756,354,Cash,Success,4072.39,2025-01-02 12:15:52
1757,1757,995,UPI,Pending,1501.08,2025-03-22 21:20:02
1758,1758,512,Debit Card,Pending,1529.67,2025-04-29 05:10:26
1759,1759,106,Credit Card,Success,4827.71,2024-07-03 10:56:29
1760,1760,929,UPI,Failed,4742.99,2025-07-19 19:09:50
1761,1761,891,Credit Card,Pending,2902.07,2025-07-05 19:13:28
1762,1762,863,Debit Card,Pending,3721.17,2025-09-30 02:46:51
1763,1763,203,Debit Card,Success,3143.29,2025-05-13 09:50:00
1764,1764,476,UPI,Pending,3868.39,2025-04-23 10:15:58
1765,1765,280,Cash,Failed,2170.79,2025-05-18 11:52:23
1766,1766,919,Cash,Failed,1701.41,2025-09-27 13:15:16
1767,1767,576,UPI,Pending,1106.72,2026-03-18 09:53:46
1768,1768,957,Credit Card,Success,3481.42,2025-02-13 12:27:43
1769,1769,731,Credit Card,Failed,2338.04,2024-10-28 19:51:20
1770,1770,813,Credit Card,Pending,2253.85,2024-07-21 01:47:15
1771,1771,597,Cash,Pending,3521.39,2026-04-13 11:44:35
1772,1772,296,Credit Card,Pending,1248.27,2025-11-30 09:34:37
1773,1773,932,Credit Card,Pending,4458.95,2024-12-15 19:55:40
1774,1774,754,UPI,Failed,3012.38,2025-06-15 23:36:20
1775,1775,882,Debit Card,Pending,3389.2,2024-11-08 05:32:25
1776,1776,177,Credit Card,Failed,4369.63,2025-05-18 05:04:20
1777,1777,232,Cash,Pending,4146.75,2025-06-18 03:45:00
1778,1778,342,Credit Card,Pending,4709.17,2024-10-12 19:26:18
1779,1779,362,Net Banking,Pending,1557.05,2024-08-23 15:00:50
1780,1780,813,Credit Card,Success,447.87,2024-07-07 13:47:45
1781,1781,297,Cash,Success,923.32,2026-01-06 16:33:46
1782,1782,982,UPI,Pending,1460.59,2025-05-25 04:09:44
1783,1783,477,Debit Card,Success,4459.59,2024-08-16 22:17:50
1784,1784,429,Net Banking,Failed,2637.58,2025-03-28 00:02:16
1785,1785,851,Cash,Failed,2338.17,2026-03-06 05:22:02
1786,1786,146,Debit Card,Pending,1438.91,2024-06-04 02:30:28
1787,1787,161,Cash,Failed,2959.25,2026-01-09 18:11:27
1788,1788,956,Credit Card,Success,3125.95,2025-10-31 18:52:38
1789,1789,558,UPI,Success,1624.41,2025-10-16 13:32:13
1790,1790,957,Cash,Pending,4579.42,2025-01-30 14:38:38
1791,1791,403,Credit Card,Pending,729.27,2026-01-12 03:10:58
1792,1792,733,UPI,Failed,1584.76,2024-07-27 01:07:43
1793,1793,252,Debit Card,Success,1712.79,2025-04-03 16:11:26
1794,1794,788,Debit Card,Success,1142.54,2026-04-16 02:12:22
1795,1795,284,UPI,Success,1910.57,2026-03-27 06:39:20
1796,1796,881,UPI,Success,156.08,2026-01-23 21:19:04
1797,1797,436,Cash,Pending,858.27,2024-12-27 20:35:51
1798,1798,175,UPI,Success,3901.78,2024-12-15 20:38:07
1799,1799,782,UPI,Failed,1974.89,2024-07-07 14:35:00
1800,1800,322,Credit Card,Failed,3903.66,2025-01-18 10:57:22
1801,1801,17,Cash,Success,3804.34,2026-05-24 06:34:17
1802,1802,810,Cash,Success,3984.85,2025-12-06 07:10:50
1803,1803,41,Net Banking,Failed,4961.82,2025-05-22 19:50:02
1804,1804,61,Credit Card,Pending,1089.13,2025-04-18 19:01:09
1805,1805,653,Net Banking,Pending,3393.19,2026-01-17 19:20:02
1806,1806,884,Credit Card,Success,3524.62,2025-07-11 10:08:06
1807,1807,461,Debit Card,Success,964.05,2025-09-20 15:06:46
1808,1808,997,Debit Card,Pending,2082.32,2025-12-26 00:37:06
1809,1809,742,Cash,Success,2686.27,2025-06-20 21:07:56
1810,1810,316,UPI,Failed,4412.77,2024-07-21 03:49:30
1811,1811,574,Debit Card,Success,777.78,2025-04-15 05:12:49
1812,1812,936,Net Banking,Success,3008.76,2026-03-31 19:27:26
1813,1813,908,Net Banking,Failed,1628.47,2025-08-06 04:09:37
1814,1814,126,UPI,Success,4875.66,2026-04-10 09:14:14
1815,1815,371,Credit Card,Success,931.8,2026-04-10 15:24:36
1816,1816,173,Cash,Failed,2787.59,2026-04-28 16:51:15
1817,1817,386,Cash,Success,4682.16,2026-04-13 02:32:56
1818,1818,12,UPI,Failed,471.46,2026-01-04 23:41:30
1819,1819,459,Debit Card,Failed,3159.39,2024-09-07 03:49:39
1820,1820,496,Credit Card,Pending,4153.58,2025-11-29 01:04:01
1821,1821,420,Cash,Success,1106.13,2024-09-06 14:58:54
1822,1822,853,Credit Card,Failed,1897.33,2026-03-13 04:38:23
1823,1823,823,Cash,Success,2429.4,2024-12-06 14:11:32
1824,1824,745,Debit Card,Success,4912.1,2024-12-29 01:18:47
1825,1825,982,Debit Card,Success,470.19,2025-08-27 14:45:48
1826,1826,906,Credit Card,Failed,572.19,2026-04-30 02:25:31
1827,1827,998,Net Banking,Failed,4580.0,2025-08-15 11:06:06
1828,1828,632,Credit Card,Failed,2721.59,2025-07-29 06:28:31
1829,1829,660,Debit Card,Success,373.56,2025-11-30 04:51:08
1830,1830,30,UPI,Pending,2026.8,2026-01-18 03:46:36
1831,1831,667,Cash,Failed,1225.27,2024-12-07 11:33:34
1832,1832,277,Cash,Success,1190.61,2026-03-17 19:48:15
1833,1833,438,Debit Card,Pending,4957.65,2026-04-18 19:45:48
1834,1834,670,Debit Card,Pending,4171.74,2025-01-07 20:32:12
1835,1835,118,Credit Card,Failed,2149.79,2026-05-17 22:38:57
1836,1836,499,Net Banking,Failed,3550.07,2025-06-03 03:22:02
1837,1837,92,Credit Card,Success,1388.87,2025-09-18 18:51:36
1838,1838,988,Cash,Pending,2145.53,2025-01-30 13:59:01
1839,1839,326,Net Banking,Success,4111.97,2024-07-28 01:37:05
1840,1840,68,Net Banking,Success,4498.16,2026-03-25 17:43:59
1841,1841,376,Credit Card,Pending,2973.78,2024-11-23 06:02:07
1842,1842,433,Debit Card,Pending,2296.21,2025-06-30 11:44:14
1843,1843,296,UPI,Success,1652.28,2024-08-23 19:56:57
1844,1844,978,Net Banking,Pending,1502.41,2026-01-31 06:41:01
1845,1845,920,Credit Card,Success,4929.73,2026-02-19 16:54:20
1846,1846,167,Debit Card,Success,918.57,2024-07-27 21:21:52
1847,1847,455,Debit Card,Pending,3946.25,2025-10-07 18:41:29
1848,1848,26,Debit Card,Failed,1751.55,2025-06-21 02:08:36
1849,1849,843,Debit Card,Failed,3344.5,2025-04-23 16:22:30
1850,1850,105,Cash,Pending,686.43,2026-04-28 07:27:07
1851,1851,623,Cash,Success,4387.22,2024-07-20 17:46:57
1852,1852,363,Net Banking,Failed,1163.81,2024-11-05 16:11:03
1853,1853,993,UPI,Failed,3511.1,2025-08-10 17:13:51
1854,1854,189,UPI,Failed,2932.31,2024-07-16 19:13:58
1855,1855,641,Cash,Pending,3918.77,2024-05-28 17:08:43
1856,1856,308,Credit Card,Failed,3153.1,2024-12-05 00:08:51
1857,1857,667,Cash,Success,4357.46,2025-12-20 21:06:09
1858,1858,656,Cash,Pending,3044.08,2026-03-08 01:05:36
1859,1859,233,Credit Card,Success,4676.6,2025-05-25 10:32:15
1860,1860,792,Debit Card,Success,3482.81,2024-07-14 07:31:15
1861,1861,974,UPI,Failed,4404.84,2024-06-07 19:22:11
1862,1862,154,Debit Card,Pending,2561.36,2025-12-03 01:23:34
1863,1863,772,Cash,Success,1972.53,2026-02-09 10:38:43
1864,1864,310,Credit Card,Success,3331.35,2026-02-01 14:35:30
1865,1865,274,UPI,Pending,1761.24,2026-02-11 16:14:57
1866,1866,932,Debit Card,Pending,3442.75,2024-08-31 07:00:56
1867,1867,10,UPI,Failed,2332.4,2025-05-27 00:45:48
1868,1868,611,Net Banking,Success,77.62,2025-04-22 22:05:54
1869,1869,836,Credit Card,Success,223.12,2024-10-26 14:57:01
1870,1870,490,Credit Card,Success,3595.78,2025-10-30 12:49:24
1871,1871,105,Debit Card,Pending,4805.12,2024-12-24 23:57:09
1872,1872,311,Cash,Failed,695.48,2025-01-14 21:51:24
1873,1873,839,UPI,Pending,3042.68,2025-10-20 15:29:03
1874,1874,586,Cash,Failed,3660.74,2025-10-01 17:30:59
1875,1875,147,Net Banking,Success,4004.22,2025-02-10 16:28:07
1876,1876,112,Cash,Failed,4028.72,2026-02-09 12:02:28
1877,1877,368,Credit Card,Failed,273.27,2025-02-13 18:09:33
1878,1878,201,Debit Card,Failed,3871.09,2025-01-01 06:26:57
1879,1879,193,Credit Card,Pending,3542.39,2025-05-25 21:48:47
1880,1880,362,Credit Card,Success,1649.48,2026-04-22 00:30:04
1881,1881,202,Net Banking,Failed,1931.76,2026-05-08 21:39:30
1882,1882,217,Net Banking,Success,2494.51,2025-03-05 13:14:00
1883,1883,400,Credit Card,Success,2484.14,2025-04-30 17:45:23
1884,1884,147,UPI,Pending,3091.21,2025-02-24 04:59:23
1885,1885,202,Net Banking,Failed,979.31,2025-01-17 03:52:22
1886,1886,680,Cash,Failed,3597.53,2024-09-09 05:55:14
1887,1887,316,UPI,Failed,3809.56,2025-04-09 12:40:06
1888,1888,816,Debit Card,Success,1136.91,2026-02-21 03:07:27
1889,1889,884,Credit Card,Pending,2721.43,2025-01-09 07:22:58
1890,1890,618,Debit Card,Pending,2275.68,2026-02-22 07:58:40
1891,1891,65,Debit Card,Failed,2446.43,2024-11-14 08:41:45
1892,1892,550,Cash,Success,1875.26,2024-08-11 00:28:33
1893,1893,499,Net Banking,Pending,3023.65,2024-08-02 07:25:35
1894,1894,375,Credit Card,Success,4527.72,2026-03-04 08:37:38
1895,1895,75,Debit Card,Pending,4550.87,2026-02-08 12:38:42
1896,1896,121,Cash,Success,2435.11,2025-05-09 20:10:51
1897,1897,11,Net Banking,Failed,2914.72,2024-10-04 12:41:21
1898,1898,518,Credit Card,Failed,4039.55,2025-10-22 03:41:36
1899,1899,705,Net Banking,Failed,1506.08,2026-05-07 00:48:29
1900,1900,443,Net Banking,Pending,3844.1,2026-05-01 18:55:13
1901,1901,602,Net Banking,Failed,1101.61,2025-09-15 20:37:16
1902,1902,745,Net Banking,Failed,3630.57,2026-01-30 21:28:23
1903,1903,654,Debit Card,Pending,900.1,2026-04-29 01:08:38
1904,1904,413,Credit Card,Failed,4973.87,2024-07-28 12:32:07
1905,1905,314,Credit Card,Pending,4216.28,2025-08-21 03:27:23
1906,1906,59,Net Banking,Failed,1455.61,2025-06-02 04:30:19
1907,1907,348,UPI,Pending,1520.17,2026-04-29 05:32:22
1908,1908,113,Net Banking,Failed,1142.78,2025-09-20 22:36:50
1909,1909,25,Credit Card,Failed,1182.79,2024-07-13 17:47:05
1910,1910,867,UPI,Failed,3371.96,2025-04-14 10:10:45
1911,1911,601,UPI,Failed,2777.85,2024-09-06 15:29:34
1912,1912,181,Cash,Success,2774.41,2024-07-01 06:25:43
1913,1913,25,Debit Card,Failed,3553.64,2024-11-19 14:14:42
1914,1914,723,Debit Card,Success,3007.45,2025-01-03 18:53:23
1915,1915,852,UPI,Pending,2832.64,2026-03-10 04:58:14
1916,1916,718,UPI,Pending,2448.99,2024-08-27 00:56:56
1917,1917,549,Cash,Failed,1809.54,2025-08-17 14:53:51
1918,1918,616,UPI,Success,4617.71,2025-03-13 08:42:43
1919,1919,139,Credit Card,Failed,2829.3,2026-04-05 23:52:05
1920,1920,728,Cash,Pending,4483.44,2025-03-24 16:26:59
1921,1921,363,Debit Card,Failed,722.73,2026-03-02 05:40:55
1922,1922,475,Cash,Pending,3426.75,2026-05-20 16:03:34
1923,1923,118,Credit Card,Pending,1987.43,2025-03-29 04:19:22
1924,1924,569,Debit Card,Failed,224.54,2024-10-08 02:32:44
1925,1925,592,Credit Card,Pending,2238.25,2024-07-04 15:07:22
1926,1926,638,Credit Card,Pending,1853.43,2024-10-06 15:40:31
1927,1927,644,Credit Card,Failed,2133.33,2025-03-08 03:28:41
1928,1928,60,Cash,Pending,4629.7,2026-05-15 23:30:43
1929,1929,342,UPI,Success,2717.0,2025-05-22 03:23:18
1930,1930,469,Credit Card,Failed,2135.72,2024-11-11 18:45:26
1931,1931,876,Credit Card,Success,4113.5,2026-02-01 07:02:31
1932,1932,882,Net Banking,Failed,1240.28,2026-03-15 14:50:00
1933,1933,367,Cash,Success,3234.95,2025-02-11 23:28:19
1934,1934,338,Credit Card,Success,4344.08,2025-11-25 16:06:05
1935,1935,153,UPI,Failed,1990.01,2025-08-25 18:08:04
1936,1936,491,Credit Card,Pending,1356.55,2024-07-24 03:36:57
1937,1937,250,Net Banking,Success,2471.75,2025-05-10 20:12:37
1938,1938,382,Credit Card,Pending,419.83,2025-12-22 23:49:27
1939,1939,780,Credit Card,Failed,2848.68,2026-01-07 03:47:58
1940,1940,691,Debit Card,Pending,2612.19,2024-07-20 18:11:00
1941,1941,464,UPI,Failed,2196.85,2024-07-19 19:34:20
1942,1942,763,Net Banking,Failed,308.53,2026-03-02 00:08:47
1943,1943,328,Debit Card,Failed,1549.65,2025-03-12 23:45:48
1944,1944,681,Net Banking,Failed,2520.0,2024-09-09 14:01:12
1945,1945,16,Net Banking,Pending,1753.63,2025-02-27 04:53:56
1946,1946,988,UPI,Failed,128.82,2025-02-18 15:42:04
1947,1947,450,Credit Card,Success,2561.1,2025-06-10 16:26:21
1948,1948,738,Cash,Success,3150.67,2024-08-17 16:18:09
1949,1949,357,Debit Card,Success,3093.76,2024-07-22 10:32:42
1950,1950,104,Credit Card,Success,1904.16,2025-09-03 02:41:49
1951,1951,755,Credit Card,Success,355.94,2024-12-27 10:22:37
1952,1952,742,Cash,Success,2115.55,2024-12-11 17:15:54
1953,1953,30,Net Banking,Pending,3226.71,2025-02-14 19:29:30
1954,1954,859,Debit Card,Success,531.47,2025-08-22 06:48:47
1955,1955,386,Credit Card,Pending,4480.46,2025-05-06 21:31:55
1956,1956,1,UPI,Failed,908.91,2025-06-16 18:56:55
1957,1957,468,Credit Card,Pending,637.37,2025-08-08 07:24:43
1958,1958,117,Debit Card,Failed,1515.01,2025-09-10 01:46:53
1959,1959,764,Cash,Success,1070.05,2026-03-29 11:16:07
1960,1960,351,Cash,Failed,4589.18,2025-07-13 15:19:39
1961,1961,331,Cash,Failed,366.94,2024-07-15 14:35:29
1962,1962,21,Cash,Pending,2712.44,2024-10-16 14:42:23
1963,1963,396,UPI,Failed,4991.43,2025-06-04 11:40:40
1964,1964,252,UPI,Failed,1101.78,2024-06-27 00:46:00
1965,1965,184,Debit Card,Pending,866.77,2026-03-12 11:51:22
1966,1966,153,Cash,Failed,4513.85,2024-06-24 13:37:16
1967,1967,253,Credit Card,Pending,3835.69,2025-10-27 18:31:34
1968,1968,948,Credit Card,Failed,1715.01,2025-09-03 02:39:25
1969,1969,241,Debit Card,Failed,4868.21,2025-07-19 10:21:32
1970,1970,733,Debit Card,Pending,4735.0,2024-09-01 16:06:00
1971,1971,128,Net Banking,Success,3231.48,2024-08-07 21:41:46
1972,1972,646,Net Banking,Success,1178.5,2024-09-11 07:15:02
1973,1973,964,Credit Card,Failed,480.53,2026-02-25 06:31:25
1974,1974,217,Net Banking,Success,1324.07,2025-12-29 11:36:46
1975,1975,830,Credit Card,Success,950.35,2024-10-31 16:20:11
1976,1976,766,UPI,Pending,501.32,2024-12-10 04:23:29
1977,1977,497,Net Banking,Success,2629.47,2025-05-08 07:24:48
1978,1978,709,Credit Card,Success,374.5,2024-08-01 15:38:39
1979,1979,751,Net Banking,Failed,3592.47,2025-11-17 12:01:18
1980,1980,18,Cash,Success,4217.4,2025-10-07 00:20:55
1981,1981,795,Net Banking,Success,4096.98,2025-03-04 17:53:22
1982,1982,679,UPI,Failed,3859.68,2025-08-01 00:09:16
1983,1983,669,Credit Card,Pending,2760.03,2025-07-27 22:57:54
1984,1984,888,Cash,Failed,206.72,2025-11-23 05:37:10
1985,1985,773,UPI,Pending,2473.86,2026-03-14 15:44:58
1986,1986,195,Debit Card,Failed,1074.34,2025-05-15 05:20:31
1987,1987,829,UPI,Failed,3681.29,2025-06-09 15:50:34
1988,1988,62,Cash,Success,348.12,2025-01-28 22:30:13
1989,1989,620,Debit Card,Success,2764.21,2025-12-03 06:29:59
1990,1990,814,Debit Card,Failed,2284.02,2024-07-14 17:53:51
1991,1991,192,Credit Card,Success,2059.74,2026-05-23 01:00:55
1992,1992,1,Credit Card,Success,1226.77,2026-04-22 05:57:47
1993,1993,773,Cash,Pending,4779.23,2026-05-08 05:04:40
1994,1994,145,UPI,Success,1978.66,2025-02-14 01:46:06
1995,1995,297,Debit Card,Success,3464.29,2026-04-30 20:35:19
1996,1996,204,UPI,Failed,4499.5,2026-03-31 04:31:46
1997,1997,187,UPI,Failed,4638.45,2025-12-07 18:06:24
1998,1998,380,Debit Card,Failed,1831.42,2026-03-10 06:30:13
1999,1999,959,Credit Card,Failed,2227.05,2025-05-11 00:40:13
2000,2000,786,UPI,Pending,706.81,2024-10-28 06:07:34
2001,2001,422,Cash,Success,3876.33,2025-05-07 13:29:54
2002,2002,52,Cash,Pending,895.88,2025-09-13 01:47:27
2003,2003,452,UPI,Success,527.4,2025-09-22 14:42:23
2004,2004,427,Credit Card,Pending,2690.7,2024-07-17 02:15:07
2005,2005,123,Cash,Success,4722.03,2025-08-01 09:09:02
2006,2006,463,UPI,Success,590.31,2024-12-27 18:43:48
2007,2007,912,Cash,Success,3390.36,2024-10-29 20:57:20
2008,2008,664,Credit Card,Success,2347.49,2025-11-10 12:13:57
2009,2009,997,Cash,Failed,756.82,2024-10-07 22:45:30
2010,2010,540,Credit Card,Success,2560.74,2025-09-15 14:45:44
2011,2011,401,UPI,Pending,1416.06,2024-06-26 10:43:09
2012,2012,803,Credit Card,Pending,527.58,2024-12-29 09:51:55
2013,2013,454,Cash,Failed,1143.16,2025-11-04 14:45:00
2014,2014,15,Net Banking,Pending,957.34,2024-08-24 02:46:44
2015,2015,430,UPI,Pending,4747.38,2025-09-23 18:22:45
2016,2016,374,Debit Card,Pending,4982.15,2025-09-12 01:00:02
2017,2017,692,Credit Card,Failed,2570.85,2024-12-03 21:03:02
2018,2018,188,Net Banking,Failed,4846.56,2026-03-25 05:57:05
2019,2019,938,Debit Card,Success,3366.04,2025-12-05 12:23:52
2020,2020,377,Credit Card,Pending,2409.13,2025-06-27 21:10:56
2021,2021,934,Cash,Success,3641.1,2025-08-22 16:16:37
2022,2022,690,UPI,Pending,3481.83,2024-11-28 16:46:53
2023,2023,690,Credit Card,Failed,278.82,2024-05-30 11:25:26
2024,2024,56,Net Banking,Pending,3046.72,2026-05-11 02:54:03
2025,2025,31,Net Banking,Success,3528.86,2024-08-12 21:40:25
2026,2026,965,Debit Card,Pending,3248.85,2026-02-23 01:38:21
2027,2027,492,UPI,Success,2328.93,2024-06-10 01:35:24
2028,2028,234,Cash,Failed,4182.61,2026-03-31 11:44:23
2029,2029,433,Credit Card,Failed,2685.26,2024-10-16 08:52:24
2030,2030,134,Debit Card,Pending,3457.63,2026-04-03 10:22:34
2031,2031,27,Credit Card,Failed,3665.88,2025-05-11 12:22:35
2032,2032,493,Credit Card,Pending,789.29,2026-03-17 08:32:07
2033,2033,729,Credit Card,Failed,3200.66,2024-08-22 02:46:22
2034,2034,315,Cash,Failed,340.33,2024-08-22 15:57:37
2035,2035,598,UPI,Pending,2553.31,2026-01-22 21:10:49
2036,2036,442,Credit Card,Failed,2245.42,2025-11-23 17:58:01
2037,2037,926,Debit Card,Failed,3436.66,2026-03-31 03:14:35
2038,2038,489,UPI,Success,3210.45,2024-07-28 14:23:01
2039,2039,428,Credit Card,Success,1348.03,2025-01-17 23:24:41
2040,2040,785,Credit Card,Failed,1959.21,2024-12-22 22:05:09
2041,2041,846,Cash,Pending,662.98,2025-09-27 02:34:30
2042,2042,774,Cash,Failed,494.92,2026-05-07 17:50:46
2043,2043,767,Net Banking,Failed,1145.12,2024-06-19 00:43:56
2044,2044,193,UPI,Failed,3410.75,2025-09-08 04:27:35
2045,2045,335,Cash,Success,1462.85,2025-05-19 05:42:35
2046,2046,774,Cash,Pending,3587.86,2026-04-27 15:04:27
2047,2047,13,Credit Card,Pending,808.01,2025-08-29 13:41:06
2048,2048,710,Credit Card,Pending,432.36,2025-07-03 09:28:03
2049,2049,223,Cash,Failed,4253.95,2024-08-27 22:54:59
2050,2050,230,Net Banking,Success,3323.18,2026-04-17 20:01:27
2051,2051,529,UPI,Success,1992.81,2025-02-14 06:20:57
2052,2052,377,Cash,Failed,2150.12,2024-12-12 20:04:57
2053,2053,922,Cash,Pending,2448.72,2026-02-17 10:40:10
2054,2054,957,Credit Card,Failed,3730.43,2024-11-10 06:20:00
2055,2055,323,Debit Card,Pending,4086.84,2024-09-09 11:57:13
2056,2056,146,UPI,Failed,3561.05,2025-04-05 10:23:55
2057,2057,25,Debit Card,Pending,1649.84,2026-02-03 18:52:08
2058,2058,694,Cash,Success,4564.11,2025-08-07 20:34:59
2059,2059,286,Cash,Success,1334.49,2025-08-20 06:27:50
2060,2060,424,UPI,Success,925.56,2025-11-16 13:11:52
2061,2061,871,Credit Card,Pending,3597.85,2025-10-03 03:19:45
2062,2062,200,Cash,Pending,1354.42,2025-10-08 19:21:21
2063,2063,846,Net Banking,Success,4946.08,2024-08-11 16:41:22
2064,2064,380,Credit Card,Success,3094.24,2024-08-19 22:25:00
2065,2065,134,Credit Card,Success,761.84,2025-02-17 21:44:55
2066,2066,59,Credit Card,Failed,1456.22,2026-02-28 05:59:34
2067,2067,632,Net Banking,Failed,1565.25,2026-03-20 12:40:16
2068,2068,193,Credit Card,Pending,1911.24,2024-10-23 01:58:49
2069,2069,802,Debit Card,Pending,4431.05,2024-06-02 04:06:23
2070,2070,36,Net Banking,Pending,4633.64,2024-10-08 06:47:23
2071,2071,815,UPI,Failed,4374.84,2025-11-19 18:55:53
2072,2072,134,Debit Card,Pending,2218.69,2025-11-21 14:41:34
2073,2073,652,Net Banking,Failed,2332.87,2025-01-03 08:09:53
2074,2074,804,Credit Card,Failed,499.62,2025-06-30 23:30:56
2075,2075,678,Cash,Pending,2000.65,2025-10-06 18:25:30
2076,2076,467,UPI,Failed,4078.1,2025-04-20 16:44:17
2077,2077,193,Credit Card,Pending,4986.39,2025-05-10 08:48:09
2078,2078,839,Cash,Failed,1084.97,2024-10-31 10:04:17
2079,2079,587,Cash,Pending,808.57,2025-04-06 02:30:37
2080,2080,56,Net Banking,Pending,4801.27,2025-04-30 18:01:47
2081,2081,613,UPI,Failed,1781.39,2025-11-05 05:57:56
2082,2082,618,Cash,Pending,935.8,2024-10-04 09:01:18
2083,2083,188,Net Banking,Failed,1385.38,2025-07-07 00:09:21
2084,2084,202,Cash,Failed,1758.05,2024-10-23 16:54:27
2085,2085,3,UPI,Pending,4506.25,2025-06-01 13:21:43
2086,2086,288,Debit Card,Failed,2578.2,2024-12-04 12:38:34
2087,2087,629,Net Banking,Success,1849.56,2024-11-15 20:26:47
2088,2088,647,Cash,Pending,285.79,2025-12-26 06:26:12
2089,2089,116,Net Banking,Success,1731.94,2026-05-14 03:53:50
2090,2090,274,UPI,Success,4931.05,2026-01-28 13:10:36
2091,2091,90,Debit Card,Success,941.25,2025-02-02 04:31:57
2092,2092,827,Credit Card,Pending,3616.71,2025-01-05 11:20:20
2093,2093,871,Debit Card,Success,2191.39,2025-08-03 21:08:04
2094,2094,785,UPI,Pending,3028.18,2025-08-06 16:27:07
2095,2095,917,Credit Card,Pending,2285.24,2024-10-13 07:12:20
2096,2096,958,Cash,Failed,1781.22,2025-09-13 00:30:43
2097,2097,44,Net Banking,Failed,4936.82,2024-06-23 06:01:06
2098,2098,875,Net Banking,Pending,1953.06,2025-01-12 20:11:44
2099,2099,539,Net Banking,Failed,4465.41,2024-06-12 12:10:34
2100,2100,685,Net Banking,Failed,697.19,2025-09-20 09:41:39
2101,2101,910,Cash,Failed,353.96,2025-02-27 12:20:26
2102,2102,934,Credit Card,Failed,971.25,2025-04-16 03:44:22
2103,2103,806,Debit Card,Success,554.07,2026-02-09 16:48:19
2104,2104,669,UPI,Pending,912.24,2025-06-04 13:32:32
2105,2105,655,Cash,Pending,284.52,2024-10-19 13:03:11
2106,2106,365,UPI,Failed,2304.49,2026-04-16 06:17:32
2107,2107,144,Debit Card,Pending,2365.27,2024-09-27 03:04:26
2108,2108,415,Debit Card,Success,1368.93,2024-08-19 03:49:55
2109,2109,62,Cash,Pending,2339.64,2025-12-26 09:06:01
2110,2110,496,Credit Card,Pending,645.11,2024-07-27 12:57:30
2111,2111,453,Credit Card,Pending,4557.21,2026-02-01 08:48:50
2112,2112,203,Debit Card,Success,3816.45,2024-06-04 00:19:02
2113,2113,767,Credit Card,Pending,3596.05,2024-11-10 14:01:04
2114,2114,71,Debit Card,Pending,1083.7,2026-01-13 17:56:30
2115,2115,729,Debit Card,Pending,751.38,2026-05-01 11:43:23
2116,2116,897,Cash,Pending,2054.59,2024-11-01 06:19:53
2117,2117,866,Debit Card,Success,3962.6,2026-04-04 21:08:00
2118,2118,419,Debit Card,Pending,3277.39,2024-09-05 18:33:37
2119,2119,979,Net Banking,Pending,3929.73,2025-08-20 18:45:41
2120,2120,74,Net Banking,Pending,2691.92,2025-02-19 14:17:41
2121,2121,996,UPI,Success,3765.27,2025-07-01 16:04:47
2122,2122,198,UPI,Success,555.31,2024-07-11 20:32:30
2123,2123,836,Debit Card,Success,4467.1,2025-10-07 16:26:01
2124,2124,872,Credit Card,Pending,4983.23,2024-07-08 09:07:47
2125,2125,824,Credit Card,Success,2963.36,2025-03-16 23:47:44
2126,2126,467,Credit Card,Success,2758.23,2025-01-19 21:06:17
2127,2127,653,Cash,Pending,4459.44,2025-09-30 16:22:50
2128,2128,297,UPI,Pending,2213.35,2025-06-18 20:43:26
2129,2129,479,Credit Card,Failed,1838.07,2025-08-21 10:27:00
2130,2130,920,Net Banking,Pending,4489.05,2025-02-18 10:50:36
2131,2131,735,Net Banking,Pending,2695.02,2025-08-01 03:04:35
2132,2132,621,UPI,Success,1577.73,2024-11-21 16:38:18
2133,2133,779,Cash,Pending,3195.38,2024-08-27 04:53:46
2134,2134,792,UPI,Failed,562.11,2025-12-21 01:02:33
2135,2135,952,Debit Card,Failed,4223.44,2026-01-11 05:17:54
2136,2136,802,Debit Card,Pending,4597.15,2024-08-09 02:41:37
2137,2137,663,Debit Card,Failed,3060.89,2024-12-31 16:00:18
2138,2138,970,Cash,Success,606.41,2024-08-02 10:06:44
2139,2139,221,Net Banking,Pending,628.84,2024-07-05 12:03:47
2140,2140,421,Cash,Success,3771.38,2024-10-15 08:30:53
2141,2141,506,Debit Card,Failed,4291.75,2025-07-21 10:44:54
2142,2142,228,Cash,Failed,701.72,2025-01-17 12:32:17
2143,2143,862,UPI,Pending,4960.88,2026-05-17 07:26:34
2144,2144,296,UPI,Success,2006.82,2025-09-10 05:11:33
2145,2145,342,Credit Card,Success,4370.0,2025-04-08 21:58:41
2146,2146,357,Cash,Failed,3255.23,2024-11-12 14:13:34
2147,2147,168,Cash,Success,3268.94,2025-08-31 00:38:05
2148,2148,405,Debit Card,Failed,416.98,2026-03-28 15:24:01
2149,2149,895,UPI,Success,2822.42,2026-02-25 04:38:52
2150,2150,693,Net Banking,Pending,1787.16,2024-06-09 03:30:29
2151,2151,604,Credit Card,Pending,1502.81,2024-07-01 05:41:51
2152,2152,487,Debit Card,Success,4534.37,2025-07-08 10:01:23
2153,2153,968,Credit Card,Success,1099.75,2024-10-05 09:44:58
2154,2154,880,Net Banking,Pending,3942.46,2024-11-28 13:10:25
2155,2155,288,UPI,Failed,776.08,2026-04-30 02:31:57
2156,2156,825,Credit Card,Pending,2609.13,2024-12-01 15:13:17
2157,2157,674,Debit Card,Failed,3811.67,2024-12-20 17:46:25
2158,2158,778,Credit Card,Success,4982.78,2025-06-10 16:45:33
2159,2159,630,UPI,Success,4276.85,2025-12-22 01:19:38
2160,2160,328,UPI,Failed,4025.92,2024-07-14 16:23:51
2161,2161,451,Cash,Failed,770.66,2026-02-01 11:49:14
2162,2162,761,Cash,Success,4568.12,2025-01-06 23:58:50
2163,2163,940,UPI,Pending,498.32,2026-03-04 23:03:04
2164,2164,74,Cash,Success,3840.72,2025-02-25 00:02:06
2165,2165,803,Net Banking,Failed,2845.51,2024-10-26 14:35:58
2166,2166,854,Debit Card,Failed,1951.35,2024-11-15 21:22:10
2167,2167,546,Credit Card,Pending,122.95,2025-04-29 22:05:40
2168,2168,374,Credit Card,Failed,4206.56,2024-12-03 19:06:06
2169,2169,650,Debit Card,Failed,3230.93,2025-09-09 20:02:03
2170,2170,387,Cash,Failed,3478.63,2025-11-09 05:24:22
2171,2171,501,UPI,Success,4260.69,2026-03-31 14:47:08
2172,2172,499,Net Banking,Pending,2621.63,2026-01-08 08:02:34
2173,2173,474,UPI,Success,1432.49,2025-01-23 22:07:19
2174,2174,188,Debit Card,Pending,2235.21,2025-08-04 08:39:26
2175,2175,645,Cash,Failed,4506.29,2024-06-24 20:29:28
2176,2176,448,Cash,Success,2906.7,2024-08-22 05:56:39
2177,2177,289,UPI,Success,3790.97,2025-05-23 04:00:17
2178,2178,196,UPI,Success,1508.59,2025-06-09 06:24:30
2179,2179,96,UPI,Pending,4146.4,2025-07-28 03:48:26
2180,2180,653,Cash,Failed,2222.93,2025-12-18 06:54:47
2181,2181,375,Credit Card,Failed,4640.45,2024-06-24 16:46:05
2182,2182,122,Credit Card,Pending,3096.81,2026-03-25 08:56:23
2183,2183,606,Cash,Pending,1905.36,2025-03-06 09:25:08
2184,2184,377,Cash,Success,1056.1,2024-06-01 04:04:01
2185,2185,834,UPI,Failed,1601.18,2024-10-17 04:54:06
2186,2186,153,Net Banking,Pending,3955.07,2025-02-15 23:42:42
2187,2187,91,Debit Card,Success,1987.25,2024-07-12 17:22:20
2188,2188,176,Credit Card,Failed,3424.54,2024-12-12 17:36:07
2189,2189,133,Net Banking,Pending,334.73,2025-11-05 07:52:37
2190,2190,883,Cash,Failed,1810.83,2025-05-17 12:35:10
2191,2191,190,Net Banking,Success,1839.69,2025-07-02 11:22:03
2192,2192,297,Debit Card,Pending,1072.78,2024-12-30 14:34:26
2193,2193,15,Credit Card,Failed,22.69,2024-08-27 23:20:52
2194,2194,767,Cash,Failed,4133.99,2025-01-25 01:12:42
2195,2195,564,UPI,Success,4835.37,2024-06-12 04:07:06
2196,2196,871,UPI,Failed,2870.44,2024-11-16 04:42:58
2197,2197,489,Net Banking,Pending,4236.87,2025-05-18 13:50:33
2198,2198,511,UPI,Failed,1344.19,2025-03-05 13:48:20
2199,2199,790,UPI,Pending,3990.15,2025-06-22 19:24:43
2200,2200,639,Cash,Pending,4864.76,2026-04-04 09:13:40
2201,2201,613,Credit Card,Pending,3780.38,2024-08-25 02:54:40
2202,2202,322,Debit Card,Pending,851.34,2025-12-07 15:37:49
2203,2203,843,UPI,Success,572.87,2026-04-25 23:13:26
2204,2204,463,Cash,Failed,2648.76,2026-02-16 07:19:04
2205,2205,590,Cash,Failed,963.66,2026-02-22 06:34:51
2206,2206,525,Cash,Failed,583.26,2026-01-04 09:56:01
2207,2207,300,Credit Card,Success,1425.15,2024-07-09 07:47:08
2208,2208,363,Net Banking,Failed,4004.35,2024-10-13 14:03:58
2209,2209,72,Cash,Failed,384.97,2025-08-18 18:56:05
2210,2210,626,Net Banking,Success,4924.0,2025-12-25 18:24:19
2211,2211,304,UPI,Pending,2719.06,2025-10-02 08:45:31
2212,2212,499,Cash,Success,4384.24,2025-01-01 21:23:49
2213,2213,811,Credit Card,Success,3473.45,2024-07-06 13:24:32
2214,2214,8,UPI,Success,2749.46,2025-03-03 12:39:24
2215,2215,496,Credit Card,Success,1100.23,2025-06-03 10:22:46
2216,2216,614,Credit Card,Pending,2389.83,2026-05-02 00:52:58
2217,2217,84,Debit Card,Failed,2840.72,2025-10-10 22:28:06
2218,2218,290,Cash,Failed,1687.78,2025-08-30 14:27:18
2219,2219,441,UPI,Pending,4400.15,2025-01-01 18:23:38
2220,2220,662,Credit Card,Pending,1563.3,2024-07-06 09:04:24
2221,2221,529,Debit Card,Failed,4967.17,2026-03-22 19:54:50
2222,2222,213,Net Banking,Failed,450.33,2025-01-07 04:45:05
2223,2223,365,Cash,Success,4760.51,2025-04-14 02:14:40
2224,2224,169,Cash,Failed,3621.7,2025-02-03 21:18:58
2225,2225,883,Credit Card,Failed,1737.48,2026-01-20 12:28:48
2226,2226,827,Credit Card,Failed,4261.11,2025-06-14 20:36:56
2227,2227,139,Debit Card,Success,3335.86,2024-12-04 23:35:07
2228,2228,178,Credit Card,Failed,3906.14,2026-05-15 03:54:41
2229,2229,83,UPI,Failed,2267.4,2024-08-04 05:38:05
2230,2230,120,UPI,Failed,2413.49,2025-06-14 09:06:06
2231,2231,522,Debit Card,Pending,2612.0,2025-07-06 19:05:56
2232,2232,812,Cash,Failed,3608.22,2025-02-27 11:41:19
2233,2233,578,Credit Card,Pending,87.5,2024-12-23 16:37:41
2234,2234,491,UPI,Pending,2501.82,2025-09-08 07:21:06
2235,2235,733,UPI,Success,2397.09,2025-08-23 22:23:25
2236,2236,393,Credit Card,Success,1221.38,2025-11-20 13:20:31
2237,2237,815,Cash,Failed,4340.7,2025-11-13 08:36:39
2238,2238,170,Credit Card,Success,4330.21,2025-02-03 20:10:28
2239,2239,956,Cash,Failed,3696.6,2025-04-10 23:37:45
2240,2240,806,Credit Card,Failed,2868.3,2026-03-18 04:11:59
2241,2241,499,Debit Card,Failed,2822.88,2025-12-29 05:19:14
2242,2242,678,Cash,Failed,3028.74,2024-10-04 14:06:11
2243,2243,517,UPI,Pending,4201.83,2026-01-20 08:30:59
2244,2244,279,Net Banking,Pending,122.7,2026-01-19 21:00:51
2245,2245,85,Debit Card,Success,4428.14,2024-06-24 00:56:20
2246,2246,73,UPI,Success,1181.79,2024-11-23 04:17:17
2247,2247,955,Credit Card,Success,2581.34,2025-02-15 15:00:34
2248,2248,256,Debit Card,Success,1721.94,2025-09-19 23:10:59
2249,2249,414,UPI,Failed,3074.67,2025-08-14 17:18:34
2250,2250,333,Credit Card,Pending,855.89,2025-01-10 01:14:25
2251,2251,705,Debit Card,Pending,4502.61,2026-03-20 06:12:49
2252,2252,117,Cash,Failed,758.4,2024-10-02 21:18:44
2253,2253,460,Credit Card,Failed,436.1,2025-01-25 19:33:30
2254,2254,35,Credit Card,Failed,4696.2,2025-08-20 17:15:52
2255,2255,522,Debit Card,Pending,3728.23,2026-01-20 18:23:41
2256,2256,511,Net Banking,Pending,640.99,2024-12-07 19:10:19
2257,2257,321,Net Banking,Failed,1207.6,2024-06-06 05:00:00
2258,2258,314,Debit Card,Success,2100.13,2025-10-25 00:22:17
2259,2259,947,Cash,Pending,3116.44,2026-02-05 15:02:16
2260,2260,658,Debit Card,Success,4845.26,2026-03-08 22:22:19
2261,2261,637,Net Banking,Failed,199.42,2024-12-02 08:57:40
2262,2262,888,Net Banking,Pending,2944.92,2025-06-22 16:34:34
2263,2263,230,Credit Card,Success,234.92,2024-12-20 16:40:53
2264,2264,776,Credit Card,Success,3515.8,2025-12-21 14:12:40
2265,2265,324,Credit Card,Pending,4843.57,2025-08-19 21:39:10
2266,2266,88,UPI,Pending,1519.03,2024-11-19 15:40:10
2267,2267,820,Credit Card,Success,943.3,2024-10-20 17:04:46
2268,2268,892,UPI,Success,2653.48,2026-04-24 18:59:45
2269,2269,141,Credit Card,Failed,1202.4,2024-12-14 15:00:18
2270,2270,426,Debit Card,Failed,890.68,2024-07-06 20:18:39
2271,2271,496,Net Banking,Failed,2723.57,2025-11-23 14:29:45
2272,2272,910,Net Banking,Success,2054.53,2025-08-23 12:30:09
2273,2273,384,Cash,Success,1291.61,2026-02-11 01:54:36
2274,2274,746,Net Banking,Pending,3805.33,2024-06-29 11:15:11
2275,2275,133,Credit Card,Pending,1151.15,2026-03-09 13:46:45
2276,2276,104,Net Banking,Pending,1921.57,2025-07-01 17:00:05
2277,2277,638,Net Banking,Failed,2147.01,2026-04-15 11:09:45
2278,2278,727,Net Banking,Pending,1875.99,2024-10-08 03:48:44
2279,2279,672,Credit Card,Failed,1781.42,2024-11-07 14:52:28
2280,2280,986,UPI,Failed,2601.9,2024-05-31 15:19:34
2281,2281,280,Debit Card,Pending,2622.42,2025-05-18 16:11:27
2282,2282,125,UPI,Success,4110.69,2024-10-07 04:07:15
2283,2283,953,Net Banking,Failed,893.54,2025-03-30 03:41:14
2284,2284,293,UPI,Pending,912.94,2025-11-25 12:38:09
2285,2285,620,Net Banking,Success,1649.03,2024-05-30 19:22:50
2286,2286,151,UPI,Pending,4447.39,2025-02-11 18:11:55
2287,2287,413,Net Banking,Failed,1430.72,2026-01-07 10:24:00
2288,2288,834,Net Banking,Success,3820.88,2024-11-19 01:41:13
2289,2289,434,Net Banking,Success,645.19,2026-04-14 02:46:41
2290,2290,763,Net Banking,Success,3357.26,2025-03-15 11:51:31
2291,2291,742,Cash,Pending,1999.95,2024-09-19 22:38:33
2292,2292,355,UPI,Success,3461.36,2026-03-01 05:53:21
2293,2293,809,Debit Card,Failed,4986.26,2026-03-16 04:32:04
2294,2294,795,UPI,Success,2961.79,2025-11-01 08:48:21
2295,2295,953,Net Banking,Failed,1636.47,2026-05-14 07:53:32
2296,2296,106,Cash,Pending,1370.68,2026-05-03 14:00:07
2297,2297,481,Debit Card,Failed,385.15,2024-11-29 02:01:01
2298,2298,211,UPI,Failed,1244.85,2025-08-29 20:10:20
2299,2299,327,UPI,Success,2729.19,2025-12-24 07:56:46
2300,2300,668,Credit Card,Success,4389.8,2025-07-12 23:06:58
2301,2301,727,Net Banking,Pending,4976.39,2026-05-18 17:59:59
2302,2302,609,Cash,Success,2075.01,2024-09-19 01:39:23
2303,2303,30,UPI,Failed,2091.24,2025-11-06 10:51:35
2304,2304,881,UPI,Pending,1050.82,2025-02-05 16:55:23
2305,2305,878,Net Banking,Success,2765.34,2026-04-05 01:36:42
2306,2306,420,UPI,Success,3199.14,2025-07-17 18:16:24
2307,2307,182,Net Banking,Pending,3253.93,2026-05-10 16:59:37
2308,2308,450,Debit Card,Failed,413.4,2024-11-29 15:28:25
2309,2309,976,Debit Card,Pending,988.11,2026-05-03 02:34:30
2310,2310,962,Debit Card,Failed,3933.02,2024-07-22 03:57:04
2311,2311,143,Debit Card,Failed,4895.27,2026-02-24 06:07:44
2312,2312,532,Credit Card,Success,977.1,2025-03-30 06:03:33
2313,2313,687,Cash,Success,3921.61,2025-08-17 00:49:56
2314,2314,697,Cash,Pending,424.26,2025-10-22 22:53:22
2315,2315,477,UPI,Pending,1409.88,2024-10-06 09:17:59
2316,2316,565,UPI,Pending,3321.47,2025-11-14 22:46:58
2317,2317,914,Net Banking,Pending,392.27,2024-08-01 03:14:07
2318,2318,622,Credit Card,Success,1186.07,2025-06-18 16:36:59
2319,2319,813,Debit Card,Failed,1813.82,2025-09-28 13:51:27
2320,2320,804,Cash,Success,4426.63,2025-09-09 16:28:26
2321,2321,741,Net Banking,Pending,1893.45,2025-02-27 08:47:46
2322,2322,62,Net Banking,Success,4848.22,2024-05-31 07:54:48
2323,2323,829,UPI,Success,2546.79,2026-04-16 06:21:06
2324,2324,198,UPI,Success,3512.0,2025-02-12 14:48:59
2325,2325,791,Credit Card,Failed,729.54,2025-09-29 17:54:37
2326,2326,693,Credit Card,Failed,4696.07,2024-09-30 03:05:16
2327,2327,769,Credit Card,Success,4348.43,2026-01-04 15:40:10
2328,2328,907,UPI,Success,4674.81,2025-05-29 01:02:38
2329,2329,651,UPI,Failed,4744.68,2025-08-28 20:25:22
2330,2330,635,Credit Card,Pending,1889.73,2025-08-26 02:14:01
2331,2331,388,Credit Card,Success,3203.57,2025-07-09 13:21:07
2332,2332,427,Debit Card,Success,723.55,2025-11-16 07:06:00
2333,2333,933,Credit Card,Pending,2922.86,2025-02-23 14:28:25
2334,2334,563,Net Banking,Pending,1053.82,2025-05-17 11:22:31
2335,2335,128,Cash,Pending,149.15,2025-05-10 06:17:50
2336,2336,328,Credit Card,Success,3033.73,2024-06-28 09:55:40
2337,2337,888,Net Banking,Failed,667.89,2025-01-23 23:35:31
2338,2338,676,Debit Card,Pending,1324.24,2026-04-24 01:00:57
2339,2339,915,Debit Card,Success,434.19,2025-06-13 12:57:36
2340,2340,32,Debit Card,Success,1082.39,2025-04-17 19:28:50
2341,2341,309,Debit Card,Failed,2970.97,2025-03-25 00:03:50
2342,2342,970,Credit Card,Success,3039.94,2026-05-05 05:26:38
2343,2343,942,Debit Card,Pending,3747.7,2025-10-04 03:41:35
2344,2344,126,Debit Card,Success,2023.25,2025-05-23 16:19:06
2345,2345,415,UPI,Failed,3776.58,2025-04-23 21:27:47
2346,2346,484,Cash,Success,3735.76,2025-01-18 08:17:37
2347,2347,281,Credit Card,Success,1536.07,2026-05-03 06:22:21
2348,2348,78,UPI,Success,3002.07,2026-03-21 12:46:19
2349,2349,522,Net Banking,Success,2045.8,2025-09-11 18:29:45
2350,2350,642,Cash,Pending,2065.24,2025-09-30 03:43:42
2351,2351,131,Credit Card,Pending,1221.75,2024-11-17 16:08:00
2352,2352,975,Net Banking,Pending,4401.73,2025-09-25 15:29:35
2353,2353,411,Cash,Failed,3682.13,2025-12-28 23:44:02
2354,2354,745,UPI,Failed,2769.43,2024-11-25 00:04:54
2355,2355,822,Cash,Pending,3126.64,2025-11-04 03:09:36
2356,2356,629,UPI,Success,2523.73,2024-09-06 08:19:19
2357,2357,854,Credit Card,Success,54.16,2025-07-02 05:13:21
2358,2358,660,Cash,Success,3967.64,2025-06-20 16:05:51
2359,2359,451,UPI,Failed,323.04,2026-02-22 18:25:58
2360,2360,514,Debit Card,Pending,3921.79,2024-06-21 11:54:38
2361,2361,951,Net Banking,Success,3156.84,2024-11-20 10:01:24
2362,2362,403,Debit Card,Pending,4973.01,2025-03-07 11:54:46
2363,2363,114,Debit Card,Pending,59.7,2024-07-29 05:19:40
2364,2364,383,Debit Card,Failed,2593.55,2025-02-06 06:49:16
2365,2365,38,Net Banking,Success,924.39,2024-11-22 16:33:25
2366,2366,17,Cash,Failed,292.99,2025-05-02 07:49:26
2367,2367,723,Cash,Pending,198.55,2025-07-15 15:39:26
2368,2368,369,Cash,Failed,4973.96,2024-09-06 04:24:09
2369,2369,78,Net Banking,Failed,4677.22,2025-01-30 14:41:45
2370,2370,195,Cash,Success,3071.28,2024-08-18 18:14:48
2371,2371,127,Cash,Failed,2574.69,2025-04-11 14:39:39
2372,2372,311,Credit Card,Failed,2279.51,2025-12-24 13:41:36
2373,2373,440,Cash,Success,500.78,2024-08-15 20:48:20
2374,2374,530,Debit Card,Pending,155.49,2024-09-06 03:47:34
2375,2375,267,Net Banking,Pending,2941.45,2025-06-28 08:52:45
2376,2376,404,Cash,Pending,1440.56,2025-02-05 15:29:47
2377,2377,166,Cash,Pending,299.33,2024-12-25 09:42:27
2378,2378,60,Cash,Failed,1390.82,2026-03-18 05:38:28
2379,2379,43,UPI,Failed,1318.63,2025-04-03 22:14:34
2380,2380,581,Cash,Success,3198.03,2025-03-17 21:15:49
2381,2381,966,Net Banking,Failed,1256.19,2024-06-04 06:17:27
2382,2382,682,Debit Card,Success,4112.96,2024-08-01 09:41:49
2383,2383,517,Credit Card,Failed,3112.25,2026-01-30 19:08:53
2384,2384,615,UPI,Failed,760.31,2025-10-23 07:34:18
2385,2385,157,Credit Card,Success,3106.13,2024-07-08 15:02:17
2386,2386,601,UPI,Success,4108.35,2026-03-10 07:44:15
2387,2387,445,Credit Card,Failed,2511.97,2024-11-08 06:08:52
2388,2388,224,Net Banking,Success,1884.71,2025-03-16 21:01:39
2389,2389,929,Cash,Failed,3209.85,2024-12-31 01:52:37
2390,2390,7,Net Banking,Success,565.61,2024-11-04 17:16:27
2391,2391,215,Debit Card,Failed,709.1,2025-05-25 00:45:37
2392,2392,972,UPI,Failed,4621.6,2024-10-24 17:30:57
2393,2393,428,UPI,Success,2543.17,2026-03-31 10:18:03
2394,2394,293,UPI,Failed,4223.61,2026-02-03 03:51:18
2395,2395,98,Credit Card,Failed,1731.15,2025-01-04 00:57:34
2396,2396,884,UPI,Success,3825.65,2025-07-31 19:39:13
2397,2397,148,Credit Card,Failed,2297.26,2025-12-12 22:14:45
2398,2398,951,Credit Card,Pending,3582.87,2025-02-09 08:29:36
2399,2399,527,Debit Card,Pending,1065.16,2024-12-24 03:37:27
2400,2400,16,Credit Card,Success,2744.22,2024-11-08 03:19:37
2401,2401,757,Credit Card,Pending,2831.44,2025-03-03 05:43:08
2402,2402,249,Credit Card,Success,4247.01,2026-03-19 17:48:49
2403,2403,785,Debit Card,Failed,4191.64,2025-12-07 03:48:39
2404,2404,303,Net Banking,Pending,563.55,2025-03-11 21:52:30
2405,2405,975,Debit Card,Failed,3051.99,2024-10-09 09:29:12
2406,2406,389,Credit Card,Pending,2923.46,2024-09-15 21:16:41
2407,2407,377,Cash,Failed,3651.32,2025-08-04 18:05:40
2408,2408,59,Net Banking,Pending,3764.58,2025-06-21 19:50:44
2409,2409,768,Credit Card,Failed,911.86,2024-05-29 19:46:58
2410,2410,189,UPI,Failed,4685.1,2024-10-18 23:00:15
2411,2411,902,Debit Card,Failed,2080.23,2026-05-17 21:38:45
2412,2412,495,Cash,Failed,1322.45,2026-03-03 09:48:41
2413,2413,411,Net Banking,Failed,1600.96,2024-07-25 03:39:21
2414,2414,912,UPI,Pending,1161.68,2025-12-29 04:04:36
2415,2415,991,UPI,Success,130.65,2024-09-02 02:10:39
2416,2416,250,Debit Card,Failed,4742.32,2025-07-22 21:55:15
2417,2417,677,Credit Card,Success,4571.24,2025-09-20 22:35:19
2418,2418,562,Credit Card,Failed,3207.47,2025-09-24 12:28:33
2419,2419,144,Credit Card,Pending,4401.03,2026-04-21 16:28:50
2420,2420,757,Net Banking,Success,269.02,2024-09-30 13:49:51
2421,2421,708,Debit Card,Pending,1967.13,2024-06-07 14:50:21
2422,2422,910,Net Banking,Success,958.13,2026-01-26 05:49:31
2423,2423,191,UPI,Success,1668.03,2024-12-14 21:33:10
2424,2424,132,Debit Card,Pending,1746.78,2025-12-18 10:47:15
2425,2425,732,UPI,Success,4287.33,2024-06-15 13:05:29
2426,2426,4,UPI,Pending,4725.88,2025-06-11 15:38:42
2427,2427,959,Credit Card,Pending,2852.95,2025-05-07 14:29:56
2428,2428,708,Cash,Failed,4814.34,2025-08-14 17:37:12
2429,2429,840,Debit Card,Failed,438.15,2026-03-20 08:42:28
2430,2430,408,Debit Card,Success,2904.57,2025-11-23 15:00:57
2431,2431,43,Cash,Pending,1937.43,2025-07-08 07:09:58
2432,2432,885,Credit Card,Failed,4431.07,2026-01-15 12:15:37
2433,2433,165,Debit Card,Pending,1481.09,2025-01-26 09:57:27
2434,2434,903,Cash,Failed,4086.16,2025-12-10 11:00:26
2435,2435,550,Net Banking,Success,4159.98,2025-08-19 18:19:38
2436,2436,984,UPI,Success,2479.17,2024-10-29 17:22:23
2437,2437,456,Cash,Failed,3850.07,2025-06-25 22:50:44
2438,2438,243,UPI,Success,4078.39,2025-11-15 14:07:24
2439,2439,132,Debit Card,Pending,4212.92,2024-07-09 20:22:51
2440,2440,74,Debit Card,Failed,3938.08,2025-06-04 02:49:10
2441,2441,29,Cash,Success,1794.65,2026-02-09 03:31:59
2442,2442,707,UPI,Pending,4103.1,2025-07-22 04:35:33
2443,2443,567,Credit Card,Pending,1150.57,2025-11-09 17:12:05
2444,2444,888,UPI,Success,3567.78,2025-01-11 08:42:56
2445,2445,500,Debit Card,Success,2417.61,2025-08-13 22:21:10
2446,2446,125,Debit Card,Pending,3454.41,2025-10-01 16:54:02
2447,2447,484,Net Banking,Success,2843.65,2025-07-15 02:07:18
2448,2448,487,Cash,Failed,2159.03,2024-09-04 17:26:01
2449,2449,675,UPI,Pending,3818.31,2025-06-19 19:20:53
2450,2450,24,Debit Card,Pending,4778.88,2024-09-06 18:42:22
2451,2451,607,Credit Card,Success,1639.48,2025-02-17 01:10:19
2452,2452,316,UPI,Success,301.07,2026-03-19 04:17:47
2453,2453,9,UPI,Failed,4219.43,2026-05-12 06:59:28
2454,2454,708,Cash,Pending,584.96,2025-04-25 04:09:11
2455,2455,561,Cash,Pending,4123.17,2024-12-06 21:51:10
2456,2456,388,Net Banking,Pending,2044.29,2026-02-20 07:54:56
2457,2457,226,UPI,Failed,2845.82,2026-02-20 11:29:51
2458,2458,663,Credit Card,Failed,2233.28,2024-11-04 12:32:58
2459,2459,667,Net Banking,Failed,1853.54,2025-10-05 10:47:23
2460,2460,348,Debit Card,Success,2903.29,2026-01-07 22:54:16
2461,2461,808,UPI,Failed,2404.54,2025-02-01 23:49:47
2462,2462,399,Credit Card,Pending,3051.4,2024-10-24 02:06:30
2463,2463,657,UPI,Pending,1012.97,2024-12-07 13:36:57
2464,2464,337,Credit Card,Pending,3914.57,2026-01-27 21:38:45
2465,2465,256,Cash,Failed,2068.5,2025-01-09 17:41:50
2466,2466,533,Cash,Failed,3744.15,2026-05-02 08:39:20
2467,2467,193,Cash,Success,3646.79,2025-03-20 01:39:14
2468,2468,985,UPI,Pending,3529.46,2024-07-28 14:13:47
2469,2469,14,Cash,Failed,915.67,2025-12-05 15:25:02
2470,2470,407,Credit Card,Pending,517.64,2025-03-20 17:59:09
2471,2471,234,Cash,Success,2033.84,2026-04-08 08:50:42
2472,2472,458,Cash,Pending,786.0,2025-07-01 08:00:06
2473,2473,34,Net Banking,Failed,4010.48,2025-11-25 23:40:44
2474,2474,247,UPI,Success,2119.2,2024-11-21 04:05:41
2475,2475,974,Cash,Success,67.58,2024-06-03 22:23:55
2476,2476,966,Debit Card,Failed,4170.04,2024-08-30 07:24:01
2477,2477,143,Credit Card,Failed,445.82,2025-04-02 03:28:36
2478,2478,368,Credit Card,Failed,3710.7,2025-10-23 10:35:52
2479,2479,599,UPI,Failed,1038.04,2024-11-09 14:12:54
2480,2480,815,Net Banking,Pending,1330.32,2025-01-03 03:21:18
2481,2481,996,Net Banking,Failed,400.41,2024-10-24 03:21:12
2482,2482,68,UPI,Success,997.15,2025-02-23 07:51:01
2483,2483,703,Cash,Failed,2776.05,2025-07-31 16:33:42
2484,2484,406,Credit Card,Success,1660.8,2026-03-22 03:34:28
2485,2485,965,Net Banking,Pending,1834.76,2025-05-06 06:12:38
2486,2486,800,Credit Card,Success,311.36,2026-02-10 11:27:29
2487,2487,548,UPI,Pending,1756.52,2025-03-12 13:09:29
2488,2488,451,Credit Card,Pending,3318.75,2024-12-27 10:07:16
2489,2489,829,Debit Card,Pending,2762.58,2025-03-11 09:52:49
2490,2490,211,Debit Card,Failed,284.7,2025-01-10 16:34:09
2491,2491,532,Cash,Pending,3470.61,2024-06-01 06:29:19
2492,2492,132,Cash,Failed,1085.2,2026-01-14 13:52:25
2493,2493,89,Cash,Pending,4667.97,2024-12-24 00:11:15
2494,2494,563,Debit Card,Success,300.7,2024-08-18 00:10:02
2495,2495,165,Debit Card,Pending,1741.47,2025-06-07 04:42:34
2496,2496,411,Credit Card,Success,3512.99,2025-03-12 13:44:09
2497,2497,657,UPI,Pending,4681.8,2025-11-18 15:35:59
2498,2498,529,Cash,Failed,2324.46,2025-06-24 16:05:01
2499,2499,48,Net Banking,Pending,988.22,2025-03-26 18:42:38
2500,2500,818,Credit Card,Failed,3842.89,2024-12-20 14:31:44
2501,2501,980,Debit Card,Failed,4043.22,2025-09-17 12:26:35
2502,2502,629,Cash,Pending,4880.04,2024-09-11 12:59:12
2503,2503,983,Net Banking,Pending,2787.03,2025-12-17 17:12:21
2504,2504,559,Credit Card,Success,3495.28,2025-03-21 11:03:07
2505,2505,811,Cash,Failed,1987.4,2025-06-14 22:10:05
2506,2506,157,Net Banking,Pending,3591.89,2026-01-22 22:46:37
2507,2507,495,UPI,Failed,800.75,2024-11-23 01:36:57
2508,2508,558,Cash,Failed,607.2,2025-02-10 07:18:44
2509,2509,425,Debit Card,Success,622.86,2025-08-22 09:37:33
2510,2510,196,Net Banking,Pending,2593.9,2026-05-21 11:20:34
2511,2511,666,Net Banking,Pending,4519.39,2025-01-22 15:14:43
2512,2512,327,Net Banking,Failed,2463.44,2024-09-30 12:31:20
2513,2513,980,Credit Card,Failed,4396.29,2024-07-25 02:52:54
2514,2514,434,Credit Card,Success,285.96,2024-12-04 16:37:34
2515,2515,47,UPI,Failed,1787.16,2025-03-06 13:25:58
2516,2516,684,Credit Card,Failed,4532.54,2025-04-25 10:17:32
2517,2517,685,Cash,Success,3190.31,2025-08-02 09:02:53
2518,2518,296,Debit Card,Failed,4567.26,2025-06-22 13:48:26
2519,2519,707,UPI,Pending,574.18,2025-06-09 23:10:54
2520,2520,807,Cash,Pending,1627.66,2025-08-17 10:05:38
2521,2521,225,UPI,Success,3016.89,2025-03-24 02:42:39
2522,2522,7,Net Banking,Failed,2304.46,2025-01-28 09:38:30
2523,2523,883,Debit Card,Failed,2552.06,2025-01-29 05:35:32
2524,2524,207,UPI,Pending,3886.52,2026-02-08 01:00:14
2525,2525,66,Cash,Success,4675.05,2025-05-21 03:42:20
2526,2526,164,Credit Card,Success,339.91,2025-01-26 04:18:04
2527,2527,344,Debit Card,Failed,327.66,2025-04-10 21:54:27
2528,2528,601,UPI,Pending,469.57,2025-11-30 14:38:56
2529,2529,992,Debit Card,Success,3992.03,2024-07-27 19:12:00
2530,2530,164,Net Banking,Success,2700.53,2025-12-17 00:47:14
2531,2531,19,Cash,Failed,4674.18,2025-11-28 01:25:47
2532,2532,541,UPI,Pending,4222.74,2024-08-31 01:46:31
2533,2533,574,Debit Card,Success,3348.76,2026-02-25 18:03:00
2534,2534,832,Cash,Pending,3650.59,2025-08-12 20:22:09
2535,2535,983,UPI,Failed,1061.57,2026-02-23 06:39:44
2536,2536,992,Credit Card,Success,2689.57,2024-07-11 08:20:49
2537,2537,116,Net Banking,Failed,1761.69,2026-02-21 15:28:58
2538,2538,411,Cash,Success,1764.17,2025-05-21 22:59:05
2539,2539,282,Credit Card,Success,1536.31,2025-07-16 02:22:33
2540,2540,198,Cash,Failed,1174.43,2024-06-04 03:11:41
2541,2541,790,Debit Card,Pending,4536.41,2025-05-15 17:05:25
2542,2542,612,Credit Card,Pending,3966.93,2025-07-14 04:32:43
2543,2543,418,Net Banking,Failed,3395.38,2026-05-25 06:29:37
2544,2544,293,Debit Card,Success,326.89,2026-03-25 10:05:26
2545,2545,965,Cash,Failed,4906.58,2026-05-01 13:04:38
2546,2546,849,Debit Card,Success,2397.04,2024-09-17 20:58:29
2547,2547,182,UPI,Pending,2244.24,2025-06-21 11:08:33
2548,2548,302,Credit Card,Failed,305.79,2026-05-15 02:09:40
2549,2549,833,Debit Card,Pending,781.31,2026-04-10 04:26:34
2550,2550,640,Net Banking,Success,3826.08,2025-04-12 06:57:08
2551,2551,667,Credit Card,Failed,2315.33,2025-01-31 18:18:14
2552,2552,399,Credit Card,Success,971.85,2025-06-08 17:40:29
2553,2553,919,Credit Card,Pending,230.96,2025-06-24 12:07:04
2554,2554,28,Cash,Success,4489.52,2025-04-12 08:48:00
2555,2555,844,Net Banking,Pending,3522.7,2025-01-06 15:59:16
2556,2556,926,Cash,Failed,4130.08,2026-05-18 17:10:39
2557,2557,22,UPI,Failed,2002.28,2026-02-02 14:55:47
2558,2558,602,Cash,Success,4841.24,2026-05-10 04:15:34
2559,2559,928,Cash,Success,3352.57,2025-08-12 23:39:52
2560,2560,733,Credit Card,Pending,4812.69,2025-11-01 06:19:11
2561,2561,925,Credit Card,Success,1786.33,2025-01-23 23:10:05
2562,2562,171,Credit Card,Failed,4043.37,2025-12-12 04:26:03
2563,2563,546,Credit Card,Success,3331.62,2025-09-12 04:17:46
2564,2564,855,Net Banking,Failed,423.45,2025-02-02 12:01:08
2565,2565,265,Debit Card,Failed,2761.92,2024-08-04 04:58:44
2566,2566,522,Cash,Success,1693.76,2025-05-26 05:07:33
2567,2567,797,Credit Card,Failed,3826.17,2024-10-06 22:02:59
2568,2568,824,Debit Card,Success,159.98,2025-08-05 07:19:47
2569,2569,844,Credit Card,Success,2126.81,2026-03-26 00:25:21
2570,2570,577,Debit Card,Success,1217.57,2024-09-16 14:16:59
2571,2571,336,Credit Card,Success,4048.24,2025-02-07 13:55:17
2572,2572,578,Debit Card,Failed,4226.52,2024-06-10 05:49:10
2573,2573,45,Cash,Success,4642.78,2026-03-11 15:26:41
2574,2574,436,UPI,Success,1596.96,2025-08-04 11:44:55
2575,2575,957,UPI,Pending,4965.1,2025-09-29 04:17:33
2576,2576,812,Debit Card,Success,3005.89,2026-03-01 19:35:42
2577,2577,700,Credit Card,Failed,3084.79,2026-02-18 13:56:26
2578,2578,720,Debit Card,Success,3191.82,2024-07-01 13:55:20
2579,2579,177,Debit Card,Failed,2032.17,2026-03-03 20:07:34
2580,2580,274,Credit Card,Failed,816.23,2025-01-02 19:10:58
2581,2581,751,Net Banking,Failed,2162.59,2025-05-02 08:50:04
2582,2582,86,Debit Card,Success,3434.55,2025-02-16 09:03:48
2583,2583,74,Debit Card,Pending,2540.75,2026-02-21 00:31:14
2584,2584,726,UPI,Pending,45.87,2025-02-28 10:00:05
2585,2585,664,Net Banking,Failed,687.89,2024-09-25 14:44:39
2586,2586,850,Cash,Success,3000.49,2024-09-05 21:17:56
2587,2587,244,Debit Card,Success,4170.57,2025-09-30 00:10:39
2588,2588,416,Debit Card,Failed,4563.74,2025-02-03 06:03:27
2589,2589,689,Net Banking,Success,4286.99,2025-08-15 03:13:56
2590,2590,87,Net Banking,Failed,3341.86,2024-11-04 19:54:48
2591,2591,77,Credit Card,Failed,1184.21,2024-12-23 12:28:45
2592,2592,330,Cash,Pending,1539.56,2024-10-15 05:17:00
2593,2593,264,Cash,Success,784.75,2024-12-22 09:55:56
2594,2594,187,Credit Card,Pending,1169.76,2024-11-18 11:09:14
2595,2595,505,UPI,Pending,2508.27,2026-01-07 02:57:00
2596,2596,914,UPI,Failed,498.47,2025-08-03 22:55:26
2597,2597,380,Net Banking,Pending,1157.54,2025-09-13 20:32:36
2598,2598,426,Net Banking,Success,3947.29,2024-08-20 08:08:35
2599,2599,211,Cash,Pending,1690.56,2024-09-15 23:39:30
2600,2600,67,Debit Card,Pending,3354.92,2026-01-18 05:43:03
2601,2601,380,Debit Card,Failed,1903.69,2025-09-18 22:15:33
2602,2602,897,Debit Card,Pending,3054.54,2025-11-20 13:21:32
2603,2603,500,Net Banking,Pending,4011.96,2026-05-21 22:53:17
2604,2604,446,Net Banking,Failed,1021.66,2024-06-22 12:17:17
2605,2605,982,UPI,Failed,3199.74,2024-10-23 19:57:30
2606,2606,594,Credit Card,Success,2681.24,2024-09-23 09:51:18
2607,2607,780,UPI,Success,3639.13,2024-06-23 06:46:47
2608,2608,385,Credit Card,Success,1618.28,2026-05-21 14:21:42
2609,2609,931,Cash,Failed,2885.54,2024-09-03 08:47:46
2610,2610,249,UPI,Pending,861.08,2026-02-20 13:24:54
2611,2611,868,Credit Card,Pending,315.89,2025-09-20 14:17:13
2612,2612,945,UPI,Pending,3064.61,2025-08-05 02:58:49
2613,2613,110,Debit Card,Pending,4750.5,2025-06-09 10:43:31
2614,2614,971,UPI,Pending,3120.42,2025-05-05 14:05:51
2615,2615,576,Cash,Pending,3134.97,2025-08-18 08:03:35
2616,2616,631,Credit Card,Failed,1804.3,2025-11-02 06:01:30
2617,2617,827,Cash,Success,112.64,2025-04-11 05:32:04
2618,2618,730,Net Banking,Pending,2536.94,2025-12-30 09:27:42
2619,2619,349,Cash,Failed,3334.72,2026-05-05 02:44:11
2620,2620,253,Net Banking,Failed,173.87,2025-04-20 19:06:53
2621,2621,903,Net Banking,Pending,1810.05,2024-12-29 06:26:17
2622,2622,283,Credit Card,Failed,4308.46,2025-01-29 16:01:08
2623,2623,146,Credit Card,Failed,264.07,2025-03-14 02:02:46
2624,2624,753,Cash,Success,4861.28,2025-11-18 02:58:42
2625,2625,766,Net Banking,Success,429.58,2025-01-11 18:16:45
2626,2626,696,Credit Card,Pending,4093.7,2024-10-01 13:58:01
2627,2627,68,Net Banking,Failed,3863.43,2025-01-03 19:35:52
2628,2628,228,Net Banking,Failed,396.28,2024-08-28 07:47:07
2629,2629,732,Net Banking,Failed,4837.72,2025-05-10 11:24:33
2630,2630,77,Debit Card,Success,2707.5,2026-02-07 03:21:51
2631,2631,187,Credit Card,Success,4708.58,2025-06-18 06:29:52
2632,2632,227,Cash,Success,1603.08,2024-12-04 01:12:57
2633,2633,327,Net Banking,Pending,3591.91,2024-09-25 17:59:00
2634,2634,307,UPI,Pending,2905.66,2025-09-19 10:59:06
2635,2635,543,UPI,Success,3857.45,2026-02-16 23:27:22
2636,2636,579,Debit Card,Success,3371.37,2024-08-01 23:33:18
2637,2637,10,Credit Card,Failed,845.97,2024-12-03 02:59:20
2638,2638,543,Credit Card,Failed,3487.64,2024-07-20 05:42:25
2639,2639,849,Net Banking,Failed,4643.74,2025-05-28 05:58:15
2640,2640,578,Net Banking,Failed,2986.07,2025-01-26 00:24:34
2641,2641,650,Credit Card,Failed,1488.72,2025-11-09 21:00:07
2642,2642,655,Net Banking,Failed,2033.21,2024-11-06 12:57:38
2643,2643,59,Cash,Pending,3941.16,2025-03-18 01:54:27
2644,2644,81,Cash,Pending,814.26,2025-11-20 10:57:35
2645,2645,610,Credit Card,Failed,2257.19,2025-06-25 15:10:48
2646,2646,580,Net Banking,Success,4404.84,2025-11-19 07:32:30
2647,2647,326,UPI,Pending,4901.58,2026-04-18 18:35:42
2648,2648,526,Debit Card,Pending,3417.4,2025-11-12 13:19:24
2649,2649,342,Cash,Pending,745.2,2025-12-01 19:47:18
2650,2650,232,Net Banking,Success,1484.44,2025-09-14 20:30:15
2651,2651,953,Credit Card,Success,3615.25,2025-08-19 21:49:03
2652,2652,496,Credit Card,Success,2390.07,2024-11-04 05:00:42
2653,2653,519,Cash,Pending,72.18,2025-08-20 03:50:02
2654,2654,877,Cash,Success,3262.18,2024-10-08 02:37:08
2655,2655,519,Debit Card,Pending,4059.22,2026-03-23 21:27:29
2656,2656,495,Credit Card,Success,3752.65,2025-05-29 04:40:53
2657,2657,44,UPI,Success,752.6,2024-11-07 01:53:22
2658,2658,926,Credit Card,Success,3788.37,2025-09-07 14:16:41
2659,2659,881,Cash,Pending,4421.68,2025-09-12 17:21:06
2660,2660,277,Debit Card,Success,2623.33,2026-03-24 23:57:07
2661,2661,569,UPI,Failed,2635.98,2025-05-31 14:23:14
2662,2662,5,Cash,Pending,818.65,2025-02-26 22:49:30
2663,2663,525,UPI,Failed,428.46,2024-06-27 03:19:21
2664,2664,617,Net Banking,Failed,606.3,2025-12-18 09:02:52
2665,2665,902,Net Banking,Success,4170.41,2025-07-16 04:38:11
2666,2666,246,Credit Card,Failed,4632.1,2026-04-29 18:25:57
2667,2667,985,Cash,Failed,4020.69,2024-10-24 09:19:32
2668,2668,577,Net Banking,Success,3730.05,2025-08-29 05:27:42
2669,2669,576,UPI,Pending,1939.23,2026-03-27 07:27:45
2670,2670,167,Cash,Failed,2098.0,2024-06-25 22:18:16
2671,2671,423,Credit Card,Failed,423.37,2026-03-25 21:48:17
2672,2672,783,Debit Card,Success,1743.91,2025-02-14 02:03:20
2673,2673,467,Credit Card,Failed,3401.18,2024-09-22 18:22:56
2674,2674,718,Credit Card,Success,384.87,2025-12-28 17:25:48
2675,2675,162,Debit Card,Failed,1410.93,2024-12-23 10:23:43
2676,2676,118,Cash,Pending,390.89,2025-12-20 16:09:49
2677,2677,803,Cash,Failed,4298.39,2025-08-18 04:01:42
2678,2678,561,Net Banking,Pending,1389.71,2024-08-25 02:37:40
2679,2679,139,Net Banking,Pending,2852.3,2025-11-26 09:21:49
2680,2680,745,UPI,Failed,2561.53,2025-11-16 03:02:14
2681,2681,787,Cash,Pending,1838.85,2025-12-06 09:30:20
2682,2682,152,Cash,Failed,1369.87,2025-08-19 01:03:27
2683,2683,900,Net Banking,Failed,2312.59,2024-09-17 04:50:43
2684,2684,492,Credit Card,Failed,4591.57,2025-03-27 22:05:30
2685,2685,885,Debit Card,Failed,2215.15,2025-01-18 14:29:45
2686,2686,435,Cash,Success,3662.99,2026-03-12 03:55:01
2687,2687,809,Net Banking,Success,4457.21,2025-05-15 13:15:45
2688,2688,994,Cash,Failed,53.1,2026-04-10 23:22:59
2689,2689,332,UPI,Failed,766.67,2025-06-04 04:17:01
2690,2690,360,Debit Card,Failed,3223.03,2024-07-27 07:42:24
2691,2691,164,UPI,Failed,1964.33,2024-09-04 01:04:50
2692,2692,380,Credit Card,Pending,3011.41,2025-03-08 09:24:12
2693,2693,775,Debit Card,Failed,1063.46,2025-01-21 06:59:38
2694,2694,65,Net Banking,Pending,1640.69,2025-03-14 01:49:42
2695,2695,290,Credit Card,Success,3371.32,2024-12-28 18:46:13
2696,2696,742,Debit Card,Failed,3582.28,2026-02-02 16:21:44
2697,2697,766,UPI,Success,2692.25,2025-09-14 01:03:01
2698,2698,363,Net Banking,Pending,3070.11,2025-05-09 21:53:52
2699,2699,724,Net Banking,Success,2361.02,2024-12-15 19:04:57
2700,2700,325,Cash,Pending,2963.52,2026-04-17 22:25:59
2701,2701,882,Cash,Failed,1955.03,2025-01-07 04:10:55
2702,2702,479,Debit Card,Success,3600.65,2024-06-15 10:19:33
2703,2703,919,Debit Card,Failed,2567.12,2025-03-08 00:17:27
2704,2704,543,Cash,Success,732.48,2024-10-14 22:02:26
2705,2705,650,Net Banking,Success,3044.78,2025-10-11 11:32:51
2706,2706,743,Cash,Success,1138.73,2025-01-06 22:36:07
2707,2707,297,Credit Card,Success,155.12,2025-02-25 00:12:26
2708,2708,225,Debit Card,Pending,3474.45,2024-12-14 18:48:18
2709,2709,855,Cash,Success,117.07,2024-10-16 11:09:38
2710,2710,56,UPI,Pending,646.91,2024-12-15 15:24:08
2711,2711,64,Credit Card,Success,3001.7,2025-12-03 02:39:05
2712,2712,17,Net Banking,Failed,454.52,2025-07-29 10:31:36
2713,2713,621,Net Banking,Pending,1589.43,2025-07-15 05:43:32
2714,2714,511,Debit Card,Pending,4485.65,2025-11-07 07:19:44
2715,2715,39,Cash,Pending,1040.48,2025-02-01 22:09:44
2716,2716,798,UPI,Pending,2668.94,2025-06-18 05:46:30
2717,2717,52,Net Banking,Success,1473.33,2024-11-11 07:25:07
2718,2718,507,UPI,Pending,3709.22,2024-08-28 12:55:16
2719,2719,567,Credit Card,Pending,753.17,2025-02-25 05:22:32
2720,2720,373,Cash,Success,4709.51,2025-07-12 04:11:02
2721,2721,396,Net Banking,Failed,3131.67,2026-02-21 12:49:42
2722,2722,783,Net Banking,Pending,2679.72,2025-05-19 18:41:02
2723,2723,26,Debit Card,Success,3439.36,2024-06-21 03:55:00
2724,2724,917,Net Banking,Pending,2521.09,2025-01-20 08:22:19
2725,2725,477,Cash,Success,3006.46,2025-10-18 06:50:48
2726,2726,726,Cash,Failed,1120.1,2025-05-18 12:13:26
2727,2727,973,Credit Card,Pending,4482.87,2026-05-10 04:47:22
2728,2728,347,Debit Card,Pending,3065.38,2026-04-04 15:34:45
2729,2729,702,Credit Card,Success,2882.15,2026-03-26 05:10:13
2730,2730,792,Net Banking,Failed,3584.49,2025-11-05 05:58:52
2731,2731,648,Credit Card,Success,2498.86,2024-08-17 04:42:59
2732,2732,651,Cash,Success,987.39,2026-04-25 08:24:58
2733,2733,988,Net Banking,Failed,883.4,2024-11-01 06:31:23
2734,2734,958,Cash,Success,975.91,2025-04-25 16:40:09
2735,2735,725,UPI,Pending,3652.88,2024-06-12 17:35:22
2736,2736,362,UPI,Failed,1696.28,2025-09-05 18:57:22
2737,2737,496,Cash,Success,1159.5,2025-06-19 00:01:58
2738,2738,990,UPI,Success,3671.07,2024-10-30 12:32:13
2739,2739,411,UPI,Success,171.21,2026-02-16 21:55:53
2740,2740,626,Debit Card,Failed,1062.51,2025-01-21 12:08:34
2741,2741,848,Debit Card,Failed,801.81,2024-08-31 08:09:47
2742,2742,865,Cash,Failed,3644.1,2025-03-12 15:37:44
2743,2743,405,Cash,Success,3515.28,2024-11-07 11:37:09
2744,2744,486,Debit Card,Failed,1765.74,2026-05-19 05:37:16
2745,2745,576,Credit Card,Failed,842.54,2025-11-27 07:58:51
2746,2746,702,Net Banking,Failed,3687.28,2024-08-15 21:37:59
2747,2747,463,Cash,Success,214.18,2024-11-10 03:21:44
2748,2748,939,UPI,Success,3786.43,2025-07-17 16:49:43
2749,2749,758,Credit Card,Failed,250.66,2025-05-26 10:44:19
2750,2750,339,Net Banking,Pending,4988.2,2025-10-16 17:12:55
2751,2751,421,Credit Card,Success,2339.72,2025-08-18 22:23:23
2752,2752,964,Credit Card,Failed,599.91,2024-08-08 03:24:34
2753,2753,899,Net Banking,Pending,3265.81,2024-07-19 03:13:08
2754,2754,315,UPI,Failed,2924.37,2024-11-23 20:52:51
2755,2755,289,Cash,Failed,107.58,2024-10-18 06:47:22
2756,2756,268,Net Banking,Pending,4490.89,2025-07-17 07:56:00
2757,2757,328,Cash,Failed,536.89,2026-05-03 09:02:33
2758,2758,541,UPI,Pending,2061.98,2024-06-06 04:25:57
2759,2759,983,Credit Card,Success,2744.34,2026-01-17 12:46:17
2760,2760,445,Debit Card,Success,1461.96,2024-09-14 06:47:53
2761,2761,539,Credit Card,Success,1855.93,2024-08-01 08:06:34
2762,2762,415,UPI,Success,3502.35,2025-12-13 15:50:43
2763,2763,410,Debit Card,Success,555.97,2025-11-02 17:28:47
2764,2764,743,Cash,Success,248.94,2025-05-25 18:12:26
2765,2765,919,Net Banking,Failed,3474.72,2025-12-24 05:59:44
2766,2766,265,Cash,Pending,1129.87,2024-06-17 00:53:53
2767,2767,605,Credit Card,Failed,4988.92,2024-10-08 12:35:58
2768,2768,425,Net Banking,Pending,4583.01,2024-06-20 03:16:53
2769,2769,535,Debit Card,Success,4875.43,2026-03-23 02:30:03
2770,2770,444,Debit Card,Failed,474.39,2026-03-24 16:27:31
2771,2771,230,Net Banking,Success,1120.76,2025-12-22 18:32:20
2772,2772,11,UPI,Success,4490.33,2026-02-05 21:36:42
2773,2773,951,Net Banking,Failed,1198.74,2025-02-12 17:09:42
2774,2774,75,Cash,Success,738.17,2025-09-25 04:56:42
2775,2775,627,UPI,Success,4031.0,2024-07-02 18:06:23
2776,2776,345,UPI,Pending,3344.71,2025-11-07 13:39:45
2777,2777,106,UPI,Success,4991.24,2024-06-21 13:57:22
2778,2778,172,Credit Card,Pending,564.82,2026-05-04 03:51:30
2779,2779,198,Debit Card,Success,1393.91,2025-08-16 15:14:06
2780,2780,49,UPI,Failed,3179.1,2025-08-20 06:23:09
2781,2781,436,Debit Card,Pending,997.03,2025-12-14 05:35:04
2782,2782,889,UPI,Failed,2247.04,2026-03-07 14:25:45
2783,2783,820,Debit Card,Pending,2880.56,2025-07-13 05:35:21
2784,2784,704,UPI,Failed,4110.98,2025-06-13 21:39:24
2785,2785,259,Net Banking,Success,936.26,2025-10-07 11:00:10
2786,2786,984,Net Banking,Failed,987.27,2025-02-09 12:13:51
2787,2787,244,Cash,Success,3218.54,2024-08-06 17:08:52
2788,2788,865,Debit Card,Failed,4207.32,2025-12-20 10:01:33
2789,2789,607,UPI,Pending,1273.35,2026-05-20 18:02:51
2790,2790,46,Cash,Failed,590.04,2025-02-26 23:14:32
2791,2791,756,Cash,Pending,1240.02,2025-08-04 13:15:46
2792,2792,597,Net Banking,Success,4654.23,2025-10-18 23:48:28
2793,2793,716,UPI,Success,1823.02,2026-01-29 06:39:07
2794,2794,841,UPI,Pending,663.52,2024-12-04 10:10:49
2795,2795,749,Net Banking,Failed,2608.18,2025-06-25 05:43:49
2796,2796,879,Cash,Success,4817.44,2025-06-06 12:15:38
2797,2797,490,UPI,Pending,2785.04,2024-09-30 12:03:06
2798,2798,927,Net Banking,Success,2383.52,2025-10-19 17:57:47
2799,2799,761,Credit Card,Failed,3668.04,2025-01-23 09:58:49
2800,2800,824,Net Banking,Success,4524.61,2025-01-02 03:15:56
2801,2801,768,Debit Card,Failed,3316.41,2025-12-26 23:18:43
2802,2802,242,Credit Card,Pending,1466.74,2025-02-28 21:49:27
2803,2803,107,Credit Card,Success,2132.32,2026-01-31 17:41:16
2804,2804,871,Net Banking,Success,615.71,2026-03-03 17:02:40
2805,2805,48,Credit Card,Failed,3943.35,2025-08-14 00:55:42
2806,2806,667,Debit Card,Success,2743.83,2026-01-29 17:36:07
2807,2807,803,UPI,Pending,3255.09,2024-09-15 20:12:21
2808,2808,899,Net Banking,Pending,1428.51,2024-09-25 17:50:02
2809,2809,838,Credit Card,Failed,225.63,2026-05-07 08:37:02
2810,2810,978,Net Banking,Pending,514.29,2026-04-08 12:29:12
2811,2811,778,Debit Card,Pending,2993.5,2025-08-20 20:10:02
2812,2812,47,Net Banking,Pending,998.09,2025-09-09 04:20:31
2813,2813,865,Net Banking,Failed,2794.52,2025-06-02 08:47:37
2814,2814,176,Net Banking,Failed,954.02,2025-12-23 21:40:20
2815,2815,61,Credit Card,Failed,4792.8,2024-11-25 23:13:47
2816,2816,755,Debit Card,Failed,315.55,2025-02-10 04:16:00
2817,2817,593,Net Banking,Pending,3348.95,2024-12-23 08:18:18
2818,2818,483,UPI,Success,2513.76,2025-09-11 04:06:02
2819,2819,99,UPI,Failed,1703.94,2025-02-01 09:03:15
2820,2820,978,Debit Card,Pending,2861.21,2024-06-08 17:06:37
2821,2821,870,Net Banking,Failed,507.01,2024-10-02 13:27:44
2822,2822,327,Cash,Pending,441.53,2026-02-16 21:38:58
2823,2823,64,Net Banking,Failed,3203.03,2025-05-07 04:56:48
2824,2824,535,Cash,Failed,1157.42,2024-08-16 20:46:31
2825,2825,654,UPI,Failed,4256.23,2026-04-04 18:06:40
2826,2826,952,Net Banking,Failed,319.06,2025-11-25 18:42:03
2827,2827,44,Credit Card,Failed,2053.07,2025-01-09 21:40:22
2828,2828,654,Cash,Failed,2285.92,2025-12-22 05:02:00
2829,2829,325,Credit Card,Pending,962.56,2024-11-02 16:43:41
2830,2830,78,Debit Card,Success,4876.13,2025-01-30 03:39:23
2831,2831,119,UPI,Pending,3838.26,2025-07-21 21:08:51
2832,2832,533,Debit Card,Failed,535.05,2025-07-23 05:03:09
2833,2833,923,UPI,Success,1674.98,2025-10-16 06:33:52
2834,2834,92,Credit Card,Failed,4453.95,2025-08-02 03:46:40
2835,2835,314,Net Banking,Pending,2660.66,2025-12-28 10:39:14
2836,2836,30,Cash,Failed,3680.89,2025-06-21 02:19:06
2837,2837,938,Net Banking,Success,3721.74,2025-10-03 13:27:25
2838,2838,491,Net Banking,Success,2461.98,2024-06-14 13:13:31
2839,2839,209,Net Banking,Pending,1606.79,2025-08-07 23:56:20
2840,2840,807,Net Banking,Success,3734.66,2024-10-14 04:40:41
2841,2841,122,UPI,Pending,1419.61,2024-10-22 00:08:29
2842,2842,576,Debit Card,Failed,4109.07,2025-05-28 23:53:06
2843,2843,611,Credit Card,Pending,2228.22,2026-01-02 11:08:18
2844,2844,28,UPI,Failed,1302.09,2025-08-11 15:56:23
2845,2845,545,UPI,Pending,4986.95,2024-10-20 10:14:19
2846,2846,253,UPI,Success,1387.56,2024-06-10 06:09:44
2847,2847,630,Cash,Pending,4008.95,2024-11-01 21:23:18
2848,2848,738,UPI,Pending,4289.94,2024-12-23 07:01:04
2849,2849,283,Cash,Success,2472.66,2024-08-21 06:33:58
2850,2850,701,Cash,Pending,2205.45,2024-09-04 11:51:50
2851,2851,716,UPI,Pending,826.09,2026-02-04 22:39:44
2852,2852,217,Cash,Pending,2835.51,2024-09-11 01:37:55
2853,2853,959,Net Banking,Failed,779.72,2025-08-09 22:29:25
2854,2854,251,Credit Card,Success,603.51,2026-05-05 21:10:05
2855,2855,210,Debit Card,Pending,1949.99,2025-09-17 18:09:09
2856,2856,857,Credit Card,Pending,749.59,2025-11-26 16:06:31
2857,2857,718,Debit Card,Failed,4441.34,2026-04-16 01:32:29
2858,2858,800,Debit Card,Success,1914.52,2025-07-27 08:37:33
2859,2859,25,UPI,Success,1170.97,2024-07-21 02:07:26
2860,2860,790,Net Banking,Success,619.21,2025-09-12 18:43:33
2861,2861,908,Debit Card,Pending,2441.61,2025-05-16 08:22:07
2862,2862,282,UPI,Success,1914.12,2026-04-29 22:40:46
2863,2863,977,UPI,Success,2840.64,2024-09-25 18:47:43
2864,2864,321,Net Banking,Failed,3449.15,2024-10-01 13:27:50
2865,2865,836,Credit Card,Success,4030.36,2025-03-23 22:06:47
2866,2866,272,Cash,Success,4963.25,2024-08-31 16:44:48
2867,2867,193,Cash,Success,2451.81,2025-04-18 16:09:11
2868,2868,24,Cash,Failed,615.21,2025-07-26 20:47:33
2869,2869,111,UPI,Failed,2429.62,2024-12-15 07:07:26
2870,2870,994,Credit Card,Pending,2941.02,2024-08-14 05:54:47
2871,2871,886,Cash,Failed,4300.81,2025-06-07 02:06:03
2872,2872,84,Debit Card,Failed,4489.06,2025-02-07 18:54:04
2873,2873,551,Credit Card,Pending,60.34,2025-08-22 22:41:40
2874,2874,45,Credit Card,Pending,2526.19,2025-04-29 22:31:10
2875,2875,118,Debit Card,Failed,2896.17,2024-10-02 09:55:54
2876,2876,582,Credit Card,Failed,435.05,2026-05-02 01:42:06
2877,2877,918,Cash,Success,4005.72,2025-03-11 08:01:00
2878,2878,248,Cash,Pending,1182.64,2025-02-28 05:21:45
2879,2879,646,Net Banking,Failed,2374.3,2025-08-29 11:46:44
2880,2880,871,Net Banking,Pending,4674.37,2024-12-16 00:00:53
2881,2881,734,Cash,Success,4170.64,2025-04-04 07:00:11
2882,2882,671,UPI,Success,2176.09,2024-07-03 16:31:03
2883,2883,744,Net Banking,Success,916.19,2024-06-11 02:16:56
2884,2884,108,Debit Card,Success,3746.91,2024-09-22 23:43:08
2885,2885,779,Cash,Success,4914.01,2025-02-12 22:21:09
2886,2886,379,UPI,Success,3275.9,2026-02-28 23:53:50
2887,2887,398,Net Banking,Failed,1640.47,2024-10-09 17:18:51
2888,2888,582,UPI,Failed,1666.5,2026-01-20 17:09:11
2889,2889,388,Cash,Failed,2266.02,2025-03-24 12:29:36
2890,2890,782,Net Banking,Failed,3511.78,2024-08-17 07:25:28
2891,2891,203,UPI,Success,1476.81,2025-07-25 00:13:34
2892,2892,868,Debit Card,Failed,4369.25,2026-03-25 20:00:39
2893,2893,616,Cash,Pending,1412.83,2024-09-12 22:47:31
2894,2894,101,Credit Card,Failed,2163.01,2026-05-21 20:16:13
2895,2895,458,UPI,Failed,4336.73,2025-02-28 21:18:34
2896,2896,860,Credit Card,Pending,541.36,2025-01-26 14:51:48
2897,2897,981,Net Banking,Failed,613.5,2025-08-03 07:36:34
2898,2898,775,Debit Card,Failed,1836.06,2024-09-07 17:27:23
2899,2899,21,Credit Card,Failed,4829.7,2024-06-04 17:21:17
2900,2900,648,Credit Card,Failed,888.13,2025-06-01 09:53:23
2901,2901,656,Credit Card,Failed,4848.74,2025-10-10 06:51:43
2902,2902,940,Net Banking,Success,3972.0,2025-03-03 09:44:40
2903,2903,850,Net Banking,Pending,3935.31,2025-07-27 23:18:22
2904,2904,483,Debit Card,Pending,2258.49,2024-11-06 23:16:43
2905,2905,826,Net Banking,Failed,4402.28,2025-05-21 23:22:13
2906,2906,255,Credit Card,Pending,1944.66,2025-11-04 11:42:58
2907,2907,114,Debit Card,Failed,50.61,2025-10-09 13:22:27
2908,2908,260,UPI,Pending,3083.11,2026-01-05 11:34:58
2909,2909,774,Credit Card,Failed,2969.67,2026-01-12 16:56:31
2910,2910,189,Cash,Success,4407.34,2024-09-18 21:48:56
2911,2911,423,Net Banking,Pending,3871.57,2025-09-07 01:06:03
2912,2912,988,UPI,Failed,1724.33,2024-10-25 04:20:55
2913,2913,710,Debit Card,Failed,1994.62,2026-05-10 13:56:51
2914,2914,791,UPI,Pending,879.54,2024-09-05 14:20:56
2915,2915,592,Cash,Failed,4598.58,2024-12-20 02:59:13
2916,2916,313,UPI,Success,87.63,2025-02-02 17:03:13
2917,2917,240,Cash,Pending,4440.73,2026-03-04 14:07:01
2918,2918,117,Net Banking,Pending,1150.44,2026-02-21 01:38:55
2919,2919,11,Debit Card,Pending,77.11,2025-09-04 06:49:53
2920,2920,949,Credit Card,Success,2459.99,2024-11-18 08:12:40
2921,2921,712,UPI,Pending,1486.28,2025-11-14 15:20:59
2922,2922,609,UPI,Pending,3553.67,2024-05-28 08:42:26
2923,2923,355,Credit Card,Pending,121.55,2025-02-26 11:46:13
2924,2924,906,Credit Card,Failed,4351.25,2025-01-03 23:03:28
2925,2925,861,Credit Card,Pending,1337.96,2026-01-24 23:55:58
2926,2926,846,Cash,Success,1168.19,2025-11-19 16:18:09
2927,2927,161,Debit Card,Success,2119.86,2025-08-08 19:21:15
2928,2928,607,UPI,Pending,529.23,2026-02-01 18:58:47
2929,2929,320,UPI,Pending,854.96,2025-08-28 06:34:36
2930,2930,488,Credit Card,Pending,3102.88,2025-04-26 20:23:02
2931,2931,614,Debit Card,Pending,3093.04,2025-06-15 19:10:24
2932,2932,388,Cash,Failed,4445.75,2025-01-29 09:17:24
2933,2933,316,Net Banking,Failed,3301.33,2026-02-15 03:43:30
2934,2934,115,Credit Card,Success,2361.45,2024-11-28 09:09:37
2935,2935,628,Cash,Failed,2017.69,2025-08-10 19:41:49
2936,2936,774,Cash,Failed,4102.73,2025-01-13 06:08:50
2937,2937,305,Credit Card,Success,819.62,2024-10-16 19:30:22
2938,2938,286,Credit Card,Success,3156.82,2024-12-28 21:34:37
2939,2939,689,Debit Card,Success,2359.33,2026-04-05 16:26:27
2940,2940,636,Net Banking,Pending,2898.7,2025-12-17 00:44:42
2941,2941,492,Net Banking,Success,4369.62,2025-04-17 11:43:11
2942,2942,67,Cash,Pending,53.69,2024-11-24 07:52:54
2943,2943,913,Cash,Success,928.88,2025-07-15 14:53:52
2944,2944,994,Net Banking,Success,3974.16,2025-07-29 15:42:04
2945,2945,401,Debit Card,Success,3853.88,2025-04-05 15:17:34
2946,2946,67,Cash,Failed,3571.67,2025-06-05 16:10:50
2947,2947,770,Net Banking,Pending,3922.07,2025-01-24 18:37:31
2948,2948,828,Cash,Pending,1280.47,2024-11-29 11:11:47
2949,2949,866,Credit Card,Failed,1493.26,2024-11-28 16:09:14
2950,2950,25,Debit Card,Pending,573.84,2025-02-22 20:10:15
2951,2951,356,UPI,Pending,3762.4,2026-02-08 07:09:40
2952,2952,783,Debit Card,Failed,173.78,2025-12-03 03:23:03
2953,2953,917,Credit Card,Pending,751.9,2025-12-15 19:59:19
2954,2954,503,Cash,Failed,1594.28,2024-09-13 12:38:48
2955,2955,476,Net Banking,Failed,2874.61,2024-12-29 16:17:50
2956,2956,785,Net Banking,Pending,3715.89,2024-12-18 14:30:49
2957,2957,437,Cash,Success,4355.25,2026-03-01 07:41:57
2958,2958,989,Cash,Pending,617.34,2025-06-26 21:20:54
2959,2959,646,Debit Card,Failed,1075.46,2026-04-26 10:34:05
2960,2960,36,Credit Card,Failed,2353.18,2025-07-13 13:30:33
2961,2961,176,UPI,Success,4706.69,2025-10-03 02:01:25
2962,2962,241,Net Banking,Pending,2603.93,2024-07-11 23:30:30
2963,2963,577,Debit Card,Pending,2243.33,2025-01-23 05:45:50
2964,2964,336,UPI,Success,2627.58,2025-10-11 17:11:36
2965,2965,189,Cash,Pending,1990.01,2026-01-09 19:18:39
2966,2966,31,Debit Card,Pending,4839.25,2025-05-20 17:25:38
2967,2967,956,Credit Card,Pending,1422.73,2025-08-12 00:37:24
2968,2968,745,Net Banking,Pending,3098.15,2025-09-19 20:47:00
2969,2969,331,Credit Card,Failed,3321.0,2025-04-03 02:33:57
2970,2970,198,Cash,Success,3686.2,2025-01-29 09:11:50
2971,2971,753,Cash,Success,2996.07,2025-09-03 13:39:02
2972,2972,282,Credit Card,Pending,702.51,2026-01-14 21:07:41
2973,2973,664,Credit Card,Success,4373.29,2024-11-29 20:22:18
2974,2974,745,Credit Card,Failed,3386.27,2025-08-09 04:56:54
2975,2975,729,Net Banking,Pending,1942.21,2024-05-30 06:57:31
2976,2976,638,Cash,Failed,789.1,2025-02-20 15:40:38
2977,2977,283,Debit Card,Failed,4671.42,2026-03-01 08:56:48
2978,2978,612,Credit Card,Pending,2527.87,2025-10-16 05:14:48
2979,2979,502,Debit Card,Pending,2208.27,2024-10-13 06:51:23
2980,2980,54,Net Banking,Failed,1792.86,2026-04-01 20:28:13
2981,2981,913,Net Banking,Success,3581.53,2025-01-17 19:26:03
2982,2982,648,Credit Card,Pending,4651.47,2024-12-08 12:27:45
2983,2983,57,UPI,Pending,1035.13,2025-05-21 07:23:58
2984,2984,959,Debit Card,Pending,774.12,2025-04-07 13:35:25
2985,2985,182,Cash,Pending,2602.76,2025-06-11 09:19:30
2986,2986,474,Cash,Failed,2776.87,2025-02-13 13:45:56
2987,2987,82,UPI,Success,356.73,2025-09-20 23:30:21
2988,2988,706,Net Banking,Failed,3232.79,2025-02-23 20:36:29
2989,2989,355,Debit Card,Failed,347.42,2024-10-07 17:24:09
2990,2990,529,Debit Card,Pending,1513.62,2024-06-04 06:42:04
2991,2991,323,UPI,Success,357.48,2025-07-28 06:46:20
2992,2992,255,Net Banking,Success,637.69,2026-03-19 20:25:39
2993,2993,5,Credit Card,Success,3185.72,2025-10-13 04:13:11
2994,2994,464,Net Banking,Failed,3908.05,2024-06-21 04:50:44
2995,2995,156,Cash,Success,179.19,2024-11-23 22:43:51
2996,2996,479,Net Banking,Pending,2442.4,2025-02-27 02:56:38
2997,2997,918,Debit Card,Pending,1056.23,2025-09-21 18:33:36
2998,2998,931,UPI,Success,3943.4,2026-02-13 01:33:21
2999,2999,595,Cash,Pending,3723.46,2024-11-25 16:08:20
3000,3000,254,Credit Card,Failed,288.49,2025-08-01 22:53:44
3001,3001,296,Cash,Pending,3751.88,2024-08-03 17:04:29
3002,3002,103,Net Banking,Failed,1748.33,2025-01-14 12:40:39
3003,3003,353,Debit Card,Success,925.44,2024-10-01 05:24:48
3004,3004,290,Debit Card,Failed,1891.82,2026-04-30 08:08:03
3005,3005,301,Net Banking,Success,1427.26,2024-09-27 10:12:59
3006,3006,743,UPI,Success,737.42,2025-07-18 16:16:58
3007,3007,468,Net Banking,Failed,3800.08,2026-05-17 15:16:56
3008,3008,537,Debit Card,Failed,1248.98,2025-01-13 13:13:22
3009,3009,671,Cash,Pending,4574.82,2025-06-16 15:26:40
3010,3010,307,Net Banking,Pending,3751.44,2024-05-30 04:12:24
3011,3011,545,Credit Card,Failed,4156.29,2025-01-28 13:51:00
3012,3012,920,Cash,Success,1323.75,2025-06-30 14:51:26
3013,3013,748,UPI,Failed,261.23,2025-12-24 14:19:30
3014,3014,606,Debit Card,Pending,2088.22,2024-12-24 09:22:25
3015,3015,877,Credit Card,Failed,1423.07,2024-11-30 07:18:08
3016,3016,714,UPI,Failed,3004.1,2025-09-16 10:39:55
3017,3017,330,Net Banking,Pending,933.11,2025-07-02 17:13:35
3018,3018,87,Cash,Success,3206.87,2025-10-12 22:17:40
3019,3019,736,Net Banking,Pending,3551.24,2024-07-18 21:34:40
3020,3020,318,Net Banking,Pending,1996.23,2025-10-27 03:45:45
3021,3021,196,Net Banking,Failed,3314.75,2026-01-21 00:44:13
3022,3022,158,UPI,Failed,2602.18,2024-08-25 11:18:49
3023,3023,872,Debit Card,Pending,1569.13,2024-07-12 10:30:32
3024,3024,603,Debit Card,Failed,889.45,2024-09-11 17:40:37
3025,3025,511,Debit Card,Failed,1732.63,2025-08-07 17:49:20
3026,3026,516,Net Banking,Success,4570.86,2024-06-29 12:32:05
3027,3027,130,UPI,Pending,520.38,2025-06-25 03:11:43
3028,3028,598,Net Banking,Success,3323.47,2025-05-14 08:00:00
3029,3029,37,UPI,Success,338.82,2024-07-25 23:17:30
3030,3030,809,Net Banking,Pending,3280.22,2026-05-25 14:52:55
3031,3031,344,UPI,Success,210.89,2026-05-14 05:50:25
3032,3032,784,Cash,Success,2825.29,2024-10-26 04:28:05
3033,3033,943,Net Banking,Success,3056.99,2025-09-10 07:15:56
3034,3034,18,Cash,Failed,3525.31,2025-12-04 21:22:37
3035,3035,688,Credit Card,Pending,4401.1,2024-11-15 23:50:52
3036,3036,275,Debit Card,Pending,2411.29,2025-11-29 00:54:22
3037,3037,768,Cash,Failed,3764.75,2025-04-08 13:05:47
3038,3038,852,Debit Card,Success,2769.78,2026-02-14 16:47:39
3039,3039,843,Cash,Pending,2389.44,2026-05-20 18:42:59
3040,3040,877,Debit Card,Success,3618.47,2025-01-06 10:34:51
3041,3041,769,Net Banking,Failed,53.32,2025-12-04 09:20:18
3042,3042,788,Debit Card,Pending,4498.28,2024-12-13 23:52:54
3043,3043,448,Net Banking,Failed,1467.27,2025-08-21 13:13:50
3044,3044,840,UPI,Success,2167.77,2025-02-22 07:17:07
3045,3045,411,Net Banking,Failed,4147.17,2026-01-31 13:14:37
3046,3046,976,Net Banking,Pending,2545.25,2025-10-16 13:38:40
3047,3047,477,Credit Card,Pending,3053.99,2026-02-20 19:01:57
3048,3048,586,Credit Card,Failed,4468.99,2024-10-16 06:00:33
3049,3049,659,Debit Card,Pending,1698.04,2024-10-17 01:15:23
3050,3050,617,Credit Card,Success,4217.1,2025-06-04 01:56:38
3051,3051,705,Cash,Success,89.62,2025-10-29 18:43:45
3052,3052,862,Credit Card,Pending,4409.86,2026-05-23 20:11:57
3053,3053,664,Cash,Failed,4317.31,2025-12-29 11:46:05
3054,3054,746,UPI,Failed,75.76,2025-09-12 18:34:13
3055,3055,458,Credit Card,Success,2595.77,2025-07-11 12:59:38
3056,3056,756,Cash,Success,4319.65,2024-07-18 17:28:24
3057,3057,22,Debit Card,Failed,1156.99,2024-11-05 02:50:40
3058,3058,603,Cash,Pending,1100.47,2026-04-13 18:35:04
3059,3059,759,Net Banking,Success,791.15,2024-10-17 01:09:47
3060,3060,70,Debit Card,Pending,3473.36,2024-11-18 10:09:35
3061,3061,951,Cash,Success,3065.96,2025-11-20 18:35:00
3062,3062,4,Credit Card,Failed,3999.23,2025-03-16 14:06:07
3063,3063,74,Credit Card,Success,3081.13,2024-10-19 05:54:05
3064,3064,897,Cash,Success,1755.31,2025-07-31 01:00:20
3065,3065,257,UPI,Pending,2226.71,2026-04-30 05:56:28
3066,3066,140,Credit Card,Failed,784.73,2026-02-06 19:41:47
3067,3067,432,Cash,Success,343.58,2025-08-24 10:45:33
3068,3068,259,UPI,Failed,715.82,2024-08-29 20:28:00
3069,3069,799,UPI,Failed,2159.79,2025-01-25 23:05:19
3070,3070,400,Cash,Success,3074.74,2025-08-31 17:41:16
3071,3071,627,Net Banking,Success,3503.85,2025-09-05 03:08:24
3072,3072,719,Net Banking,Success,4720.32,2025-08-12 09:31:39
3073,3073,850,Debit Card,Failed,1663.36,2025-06-04 23:11:33
3074,3074,585,Net Banking,Pending,2371.95,2024-09-03 22:14:46
3075,3075,304,UPI,Failed,985.07,2026-02-07 23:24:57
3076,3076,822,Net Banking,Success,4908.12,2026-04-27 06:01:18
3077,3077,589,Net Banking,Success,1617.08,2026-05-17 19:55:00
3078,3078,580,UPI,Failed,3386.86,2025-12-02 17:15:57
3079,3079,772,Debit Card,Failed,439.34,2025-01-14 22:51:21
3080,3080,389,Net Banking,Success,3379.04,2025-02-28 22:11:57
3081,3081,623,Net Banking,Failed,1299.92,2025-04-21 06:26:24
3082,3082,682,Credit Card,Success,1726.47,2025-04-21 07:01:58
3083,3083,478,Credit Card,Failed,3441.18,2025-05-31 01:17:17
3084,3084,522,Credit Card,Success,1546.79,2026-01-10 19:09:42
3085,3085,466,Net Banking,Failed,1382.84,2025-05-15 04:08:11
3086,3086,226,Credit Card,Failed,331.7,2024-08-29 15:10:44
3087,3087,453,UPI,Failed,4874.7,2025-07-15 12:05:53
3088,3088,378,Cash,Success,2939.01,2026-04-19 08:30:29
3089,3089,232,Net Banking,Pending,1650.39,2025-06-22 12:34:15
3090,3090,332,UPI,Failed,3913.72,2025-06-26 23:12:08
3091,3091,16,Cash,Pending,1832.02,2026-03-01 14:07:49
3092,3092,732,Cash,Success,874.76,2025-07-09 10:34:16
3093,3093,365,Credit Card,Pending,574.86,2025-08-01 17:51:48
3094,3094,245,Credit Card,Failed,3223.94,2024-08-14 08:08:27
3095,3095,405,Cash,Pending,2096.01,2024-12-21 16:30:16
3096,3096,247,Cash,Success,2032.3,2025-07-14 03:49:36
3097,3097,847,Credit Card,Pending,3800.26,2026-03-27 21:12:05
3098,3098,880,Cash,Pending,1954.36,2025-08-06 10:56:04
3099,3099,93,Credit Card,Pending,4978.55,2024-10-19 11:16:17
3100,3100,610,Cash,Success,4078.02,2024-10-29 02:09:56
3101,3101,688,Cash,Failed,146.12,2025-12-13 13:00:08
3102,3102,267,Cash,Success,4223.38,2026-01-14 06:25:13
3103,3103,340,Debit Card,Pending,65.23,2025-04-08 06:52:58
3104,3104,339,Credit Card,Failed,2761.02,2024-09-17 04:16:43
3105,3105,218,Debit Card,Success,332.9,2025-12-28 02:53:42
3106,3106,123,UPI,Pending,3125.36,2024-10-28 15:47:24
3107,3107,867,Credit Card,Success,1366.2,2025-08-24 02:05:18
3108,3108,73,Credit Card,Failed,3190.18,2025-01-24 14:20:47
3109,3109,570,UPI,Pending,4367.42,2025-10-15 15:48:33
3110,3110,205,UPI,Pending,3014.66,2025-10-28 19:07:58
3111,3111,807,Cash,Pending,4358.05,2025-01-04 12:36:24
3112,3112,588,Debit Card,Pending,527.86,2026-05-12 18:48:53
3113,3113,234,Cash,Success,4672.78,2024-10-11 06:35:51
3114,3114,887,Credit Card,Failed,2264.91,2024-06-08 01:58:24
3115,3115,867,UPI,Pending,3184.08,2025-06-12 23:19:00
3116,3116,987,Debit Card,Pending,2563.17,2024-11-01 23:01:05
3117,3117,271,Debit Card,Success,2388.42,2025-03-13 18:36:43
3118,3118,344,Debit Card,Pending,4872.99,2026-02-16 20:03:31
3119,3119,603,Credit Card,Failed,1447.29,2024-06-29 13:02:11
3120,3120,826,Debit Card,Failed,4498.27,2024-09-16 10:45:20
3121,3121,946,Debit Card,Pending,1714.14,2024-11-30 13:22:42
3122,3122,559,Net Banking,Failed,568.71,2026-01-24 01:00:27
3123,3123,283,Net Banking,Success,600.47,2025-12-07 21:30:28
3124,3124,862,UPI,Success,2207.65,2025-01-17 16:42:41
3125,3125,479,UPI,Success,3956.08,2024-10-17 09:01:37
3126,3126,148,Net Banking,Pending,3971.12,2025-01-08 02:20:52
3127,3127,52,Debit Card,Success,1688.64,2024-06-10 08:24:18
3128,3128,759,UPI,Success,4428.71,2026-01-13 20:40:15
3129,3129,918,Credit Card,Success,1668.08,2024-09-30 07:50:46
3130,3130,317,Debit Card,Success,2314.68,2026-02-04 06:55:17
3131,3131,367,UPI,Success,2559.85,2026-01-20 13:12:03
3132,3132,977,Debit Card,Success,2902.32,2024-06-19 22:34:06
3133,3133,663,Net Banking,Pending,2076.47,2026-01-06 06:07:23
3134,3134,165,UPI,Success,2332.31,2024-09-08 04:27:26
3135,3135,985,Credit Card,Pending,1332.73,2024-07-20 14:42:34
3136,3136,47,Debit Card,Success,1448.28,2025-03-08 07:40:56
3137,3137,992,Cash,Failed,512.23,2026-04-07 11:59:31
3138,3138,780,Cash,Success,2935.61,2026-04-29 10:46:00
3139,3139,780,UPI,Success,177.11,2026-04-23 00:22:10
3140,3140,127,Debit Card,Failed,230.25,2025-08-12 07:21:31
3141,3141,189,Credit Card,Failed,129.67,2024-12-19 17:59:26
3142,3142,181,UPI,Pending,4814.65,2025-04-11 20:40:37
3143,3143,393,UPI,Pending,1364.55,2024-06-09 16:55:53
3144,3144,547,Debit Card,Success,2720.13,2025-09-23 12:59:20
3145,3145,93,Credit Card,Pending,4027.99,2026-02-25 12:00:01
3146,3146,691,Credit Card,Failed,3330.75,2026-04-01 06:48:10
3147,3147,42,Cash,Success,472.44,2025-04-28 12:26:13
3148,3148,112,UPI,Pending,3517.78,2025-03-22 09:04:31
3149,3149,393,Credit Card,Failed,1554.42,2026-02-13 01:01:40
3150,3150,596,Credit Card,Success,3785.87,2025-09-07 00:44:04
3151,3151,914,Cash,Success,3037.17,2025-11-07 08:26:21
3152,3152,958,UPI,Success,1831.46,2025-06-15 09:22:41
3153,3153,683,Cash,Pending,4346.0,2024-12-13 07:08:52
3154,3154,326,UPI,Failed,1019.46,2025-02-07 00:08:14
3155,3155,935,Net Banking,Pending,813.85,2024-12-22 06:22:50
3156,3156,893,Debit Card,Pending,3279.21,2024-09-13 21:13:03
3157,3157,930,Cash,Success,3169.05,2025-12-03 03:11:37
3158,3158,82,UPI,Failed,2591.92,2025-06-05 04:32:55
3159,3159,973,Cash,Success,3293.17,2026-03-10 16:02:37
3160,3160,423,Debit Card,Success,4985.57,2025-09-12 08:25:27
3161,3161,293,Debit Card,Failed,4649.57,2024-06-22 08:04:00
3162,3162,356,Credit Card,Failed,295.35,2024-12-05 04:45:48
3163,3163,701,UPI,Failed,2190.87,2025-10-21 07:39:48
3164,3164,314,Credit Card,Pending,3421.34,2024-09-25 17:03:02
3165,3165,531,Debit Card,Success,4402.7,2025-09-26 13:37:46
3166,3166,893,UPI,Pending,643.45,2024-11-03 05:30:28
3167,3167,827,Credit Card,Failed,2360.69,2025-09-26 19:41:35
3168,3168,97,UPI,Failed,2643.35,2024-06-09 05:20:29
3169,3169,556,Net Banking,Success,2235.4,2024-10-31 12:23:39
3170,3170,368,UPI,Pending,466.95,2025-06-04 09:25:10
3171,3171,619,Cash,Pending,4598.45,2024-11-21 19:44:19
3172,3172,236,Credit Card,Success,3539.83,2026-04-15 13:17:10
3173,3173,492,Cash,Success,4287.05,2026-05-02 10:13:55
3174,3174,206,Debit Card,Success,1783.21,2024-07-18 02:23:56
3175,3175,713,UPI,Pending,1098.87,2026-03-08 08:52:53
3176,3176,103,UPI,Failed,2414.18,2025-02-09 22:14:51
3177,3177,332,Net Banking,Pending,564.99,2025-02-10 04:37:33
3178,3178,749,Net Banking,Failed,2283.42,2024-12-30 19:09:02
3179,3179,808,UPI,Success,2524.71,2026-05-11 07:08:37
3180,3180,545,Net Banking,Pending,2027.4,2024-08-05 03:11:32
3181,3181,391,Cash,Success,583.59,2024-10-09 23:43:20
3182,3182,169,UPI,Failed,3030.7,2024-09-02 05:30:22
3183,3183,781,UPI,Failed,4716.66,2025-10-01 13:31:18
3184,3184,601,UPI,Failed,4396.58,2025-05-03 10:23:07
3185,3185,134,Cash,Success,3143.85,2026-02-23 08:51:53
3186,3186,904,Debit Card,Success,1086.82,2026-02-09 05:02:45
3187,3187,927,Debit Card,Pending,2429.33,2026-04-25 01:06:22
3188,3188,893,UPI,Failed,1147.07,2025-01-31 02:23:24
3189,3189,713,Debit Card,Failed,1692.88,2024-07-07 08:19:52
3190,3190,172,Net Banking,Failed,473.21,2024-12-01 16:06:44
3191,3191,711,Debit Card,Pending,748.36,2026-05-20 08:07:45
3192,3192,578,Net Banking,Failed,1846.54,2024-10-21 03:07:09
3193,3193,795,UPI,Success,1156.67,2024-09-13 23:24:12
3194,3194,682,Net Banking,Pending,4480.56,2025-12-04 16:02:44
3195,3195,287,Debit Card,Failed,729.84,2025-12-19 07:54:50
3196,3196,5,Debit Card,Pending,4706.93,2025-08-24 07:00:43
3197,3197,776,UPI,Failed,1493.84,2025-08-04 12:46:14
3198,3198,81,UPI,Success,2203.56,2024-05-29 05:09:43
3199,3199,78,Cash,Pending,2031.66,2025-12-03 10:18:17
3200,3200,941,Net Banking,Failed,2678.93,2025-02-14 13:20:58
3201,3201,726,Debit Card,Failed,4265.99,2025-04-20 17:58:01
3202,3202,35,Cash,Failed,4685.02,2025-07-23 23:03:24
3203,3203,119,Cash,Failed,528.93,2024-09-16 13:42:24
3204,3204,163,UPI,Failed,1059.93,2025-03-01 23:52:09
3205,3205,751,Cash,Failed,2593.04,2024-08-06 00:50:03
3206,3206,262,Cash,Success,1656.81,2025-05-15 06:04:17
3207,3207,663,Net Banking,Success,2780.77,2026-01-09 00:25:38
3208,3208,654,Cash,Failed,1920.68,2025-02-12 01:13:12
3209,3209,685,Net Banking,Failed,4580.49,2025-07-28 10:00:44
3210,3210,650,UPI,Pending,1373.01,2024-09-29 15:17:59
3211,3211,918,UPI,Pending,4450.68,2025-01-07 13:44:42
3212,3212,858,Credit Card,Failed,4988.53,2026-01-29 13:39:33
3213,3213,144,Credit Card,Failed,1012.22,2025-11-06 05:55:40
3214,3214,971,Credit Card,Pending,3685.72,2026-04-23 13:08:28
3215,3215,266,Net Banking,Failed,955.3,2024-11-20 07:37:39
3216,3216,19,Debit Card,Pending,4906.9,2024-10-14 09:56:19
3217,3217,640,Net Banking,Failed,3199.79,2025-04-01 09:40:27
3218,3218,952,Credit Card,Pending,4883.45,2024-08-05 11:45:50
3219,3219,359,Credit Card,Pending,4908.31,2025-08-20 03:07:29
3220,3220,83,Credit Card,Success,2433.03,2024-07-16 08:46:28
3221,3221,438,Credit Card,Pending,694.27,2025-02-24 21:39:46
3222,3222,40,UPI,Failed,3884.95,2025-10-12 12:11:28
3223,3223,661,Net Banking,Success,4449.59,2024-07-12 02:41:25
3224,3224,506,Credit Card,Failed,2032.11,2025-03-13 15:28:20
3225,3225,985,Credit Card,Pending,4231.09,2024-06-04 04:25:38
3226,3226,331,Cash,Success,1052.12,2025-11-12 14:54:12
3227,3227,389,Cash,Success,2027.36,2024-06-07 23:01:56
3228,3228,164,Net Banking,Failed,4726.62,2024-09-02 08:41:30
3229,3229,239,Net Banking,Pending,4770.69,2025-02-27 02:14:58
3230,3230,793,UPI,Success,3144.86,2025-12-05 09:28:10
3231,3231,146,Net Banking,Success,1431.29,2025-09-20 18:29:20
3232,3232,927,Net Banking,Success,3787.27,2025-01-28 14:14:51
3233,3233,593,Net Banking,Success,1878.07,2025-06-15 09:04:38
3234,3234,655,Credit Card,Success,3312.33,2025-05-02 04:54:24
3235,3235,940,Credit Card,Pending,1208.24,2025-12-04 02:27:03
3236,3236,398,Net Banking,Pending,1057.52,2024-06-27 05:13:17
3237,3237,330,UPI,Success,1116.93,2025-03-03 03:28:58
3238,3238,498,Cash,Failed,1546.58,2025-05-04 05:22:19
3239,3239,158,Credit Card,Success,4606.55,2025-06-14 23:24:48
3240,3240,183,Cash,Pending,2924.42,2024-07-15 09:01:02
3241,3241,779,Credit Card,Success,367.18,2024-08-09 13:40:43
3242,3242,897,Debit Card,Success,3247.21,2026-03-25 18:32:06
3243,3243,713,Credit Card,Pending,3144.16,2025-05-08 03:22:28
3244,3244,238,Credit Card,Pending,3580.52,2025-09-10 05:34:22
3245,3245,759,Cash,Failed,3305.93,2025-04-01 22:17:16
3246,3246,326,Credit Card,Pending,4539.22,2025-02-18 20:59:20
3247,3247,517,Debit Card,Pending,365.64,2025-12-31 16:03:24
3248,3248,945,UPI,Failed,4971.13,2025-08-14 08:38:13
3249,3249,272,Net Banking,Pending,4366.54,2024-10-29 00:24:23
3250,3250,400,Cash,Pending,4375.16,2025-07-31 17:12:10
3251,3251,493,Credit Card,Failed,3950.3,2026-05-02 11:06:45
3252,3252,531,Credit Card,Pending,1341.64,2025-02-27 17:10:33
3253,3253,284,Debit Card,Success,374.9,2024-09-23 13:38:00
3254,3254,766,UPI,Pending,1549.03,2025-04-01 18:17:46
3255,3255,617,Credit Card,Failed,4324.64,2025-07-10 12:19:53
3256,3256,98,Cash,Pending,3696.19,2026-03-13 03:58:21
3257,3257,874,Net Banking,Failed,4350.6,2025-09-01 12:27:01
3258,3258,188,Cash,Pending,1528.82,2025-05-15 03:37:11
3259,3259,749,Cash,Failed,565.29,2024-10-04 08:30:47
3260,3260,386,Cash,Success,40.3,2026-04-20 05:16:44
3261,3261,599,UPI,Success,2872.89,2025-03-18 06:39:52
3262,3262,163,Credit Card,Failed,487.97,2025-12-22 04:25:44
3263,3263,859,UPI,Failed,2224.41,2026-03-05 13:27:57
3264,3264,86,Net Banking,Success,3048.37,2024-11-02 21:33:40
3265,3265,585,UPI,Pending,1133.04,2025-01-04 19:33:46
3266,3266,257,UPI,Pending,2728.84,2025-03-14 19:08:53
3267,3267,927,Cash,Success,4816.82,2026-02-01 04:08:25
3268,3268,736,Cash,Pending,2699.69,2026-05-08 07:35:50
3269,3269,659,Cash,Failed,217.03,2025-04-11 13:56:17
3270,3270,636,Credit Card,Success,44.69,2025-11-17 17:20:05
3271,3271,155,Cash,Success,225.63,2025-07-18 17:51:17
3272,3272,739,Debit Card,Failed,1603.59,2024-11-15 04:23:10
3273,3273,249,UPI,Failed,1034.21,2025-05-05 12:42:35
3274,3274,292,UPI,Success,4589.82,2026-01-29 16:17:29
3275,3275,579,Cash,Pending,4480.81,2025-10-11 16:26:12
3276,3276,211,Net Banking,Failed,3595.4,2024-07-18 13:37:40
3277,3277,920,Cash,Pending,4865.3,2024-06-19 17:39:40
3278,3278,657,Credit Card,Pending,2969.77,2025-11-28 10:17:42
3279,3279,725,Debit Card,Failed,2260.6,2026-04-03 17:06:17
3280,3280,172,Credit Card,Pending,3205.85,2025-05-18 05:43:48
3281,3281,192,Net Banking,Failed,2976.87,2026-03-17 06:11:09
3282,3282,847,Credit Card,Failed,1292.93,2024-06-30 19:45:50
3283,3283,700,Debit Card,Failed,4383.11,2026-04-25 19:35:56
3284,3284,816,Debit Card,Failed,3585.11,2025-01-12 03:42:20
3285,3285,546,UPI,Success,815.69,2026-04-16 00:58:36
3286,3286,559,Debit Card,Pending,4405.51,2024-06-14 19:24:33
3287,3287,559,Net Banking,Failed,2951.29,2026-04-20 09:42:53
3288,3288,330,Credit Card,Pending,3525.3,2025-01-31 10:46:43
3289,3289,750,Cash,Failed,2501.71,2024-07-29 09:14:33
3290,3290,125,Credit Card,Pending,672.44,2026-04-17 03:11:45
3291,3291,733,Net Banking,Pending,790.92,2025-08-13 08:19:22
3292,3292,455,UPI,Failed,4616.36,2025-03-14 00:33:39
3293,3293,917,Debit Card,Failed,3016.01,2025-08-28 00:00:42
3294,3294,209,Credit Card,Pending,1834.92,2025-04-07 13:07:27
3295,3295,858,Net Banking,Pending,2247.4,2025-07-26 08:52:11
3296,3296,397,Credit Card,Pending,1358.65,2025-05-05 19:46:26
3297,3297,762,Credit Card,Success,2087.49,2025-04-02 08:33:02
3298,3298,535,UPI,Pending,4565.96,2024-12-26 13:36:52
3299,3299,634,Debit Card,Failed,3492.7,2026-04-09 12:27:05
3300,3300,369,Debit Card,Failed,2108.18,2026-02-22 14:20:19
3301,3301,795,Net Banking,Success,537.42,2024-09-28 23:45:26
3302,3302,421,UPI,Success,2234.22,2025-07-18 23:35:13
3303,3303,218,Credit Card,Pending,1041.38,2025-06-01 07:33:50
3304,3304,10,Credit Card,Pending,2625.85,2024-07-07 16:38:07
3305,3305,351,Debit Card,Success,4813.35,2025-03-23 06:39:07
3306,3306,732,Debit Card,Pending,4165.6,2024-10-20 13:33:03
3307,3307,168,Net Banking,Success,3166.74,2025-12-21 07:36:01
3308,3308,541,Net Banking,Pending,451.74,2025-03-22 18:21:52
3309,3309,997,Credit Card,Failed,4299.42,2024-08-11 02:12:08
3310,3310,705,Credit Card,Failed,549.09,2024-06-22 22:26:25
3311,3311,323,Credit Card,Failed,2521.33,2024-08-15 06:44:41
3312,3312,806,Cash,Failed,470.31,2024-11-13 18:34:15
3313,3313,769,UPI,Failed,2911.91,2024-08-14 22:56:14
3314,3314,599,UPI,Success,2444.82,2026-05-03 19:55:50
3315,3315,749,UPI,Failed,200.35,2026-02-04 18:18:26
3316,3316,975,Debit Card,Failed,1552.89,2024-12-17 17:36:07
3317,3317,652,Credit Card,Success,4426.65,2025-02-22 20:34:10
3318,3318,122,Debit Card,Failed,2882.86,2025-05-07 12:02:22
3319,3319,896,Credit Card,Failed,2607.65,2025-10-08 02:04:09
3320,3320,191,Debit Card,Failed,2600.59,2024-10-29 11:39:50
3321,3321,3,Cash,Success,3872.35,2026-01-20 15:27:42
3322,3322,411,Credit Card,Success,1686.96,2025-03-19 20:15:18
3323,3323,361,Debit Card,Success,3166.19,2025-03-20 20:33:38
3324,3324,675,UPI,Pending,3337.49,2025-02-16 13:05:36
3325,3325,192,Debit Card,Pending,3361.16,2024-12-23 01:52:10
3326,3326,517,Credit Card,Success,1841.62,2026-02-19 18:47:11
3327,3327,726,Debit Card,Success,2601.58,2025-09-06 17:22:50
3328,3328,346,Cash,Pending,1961.86,2024-09-03 16:41:07
3329,3329,34,UPI,Pending,1004.58,2025-08-02 09:15:52
3330,3330,158,Credit Card,Pending,4821.57,2025-02-14 21:52:01
3331,3331,409,Net Banking,Success,4191.17,2024-11-12 13:46:48
3332,3332,424,Net Banking,Pending,4767.58,2025-05-08 03:20:52
3333,3333,168,UPI,Failed,4054.95,2025-03-14 23:03:13
3334,3334,987,Debit Card,Success,1503.24,2026-04-23 12:13:44
3335,3335,427,Net Banking,Pending,98.88,2025-02-03 21:37:30
3336,3336,902,UPI,Pending,1117.97,2026-05-05 17:16:03
3337,3337,47,Net Banking,Success,1348.65,2025-12-19 08:53:48
3338,3338,25,Cash,Success,2749.2,2025-04-14 09:18:11
3339,3339,309,UPI,Pending,4579.75,2024-09-06 11:09:34
3340,3340,879,Credit Card,Success,154.14,2024-11-26 14:06:52
3341,3341,9,Net Banking,Pending,3351.88,2024-09-10 16:52:50
3342,3342,658,Cash,Success,3108.37,2025-05-23 18:43:21
3343,3343,235,UPI,Pending,464.26,2025-08-19 00:21:23
3344,3344,488,Cash,Success,2134.59,2025-07-22 19:48:20
3345,3345,476,Cash,Pending,3298.92,2026-03-26 11:48:27
3346,3346,70,UPI,Failed,92.41,2025-04-03 00:56:25
3347,3347,927,UPI,Failed,1401.96,2025-09-01 14:39:20
3348,3348,850,Net Banking,Success,4798.62,2024-09-18 09:40:44
3349,3349,747,UPI,Pending,2287.72,2026-02-27 17:43:58
3350,3350,312,Net Banking,Pending,3372.91,2025-05-16 17:18:56
3351,3351,749,Credit Card,Pending,4573.82,2026-05-07 04:31:01
3352,3352,876,Cash,Success,4427.57,2025-07-24 07:54:31
3353,3353,850,Net Banking,Success,4733.16,2025-10-18 01:48:07
3354,3354,255,Net Banking,Pending,3155.61,2024-07-05 17:54:58
3355,3355,376,Credit Card,Success,4197.54,2025-10-16 16:27:15
3356,3356,775,Credit Card,Pending,3810.66,2026-04-03 07:28:55
3357,3357,487,Credit Card,Failed,1652.53,2024-11-05 21:18:33
3358,3358,333,Net Banking,Success,1164.38,2025-07-16 08:16:20
3359,3359,153,Credit Card,Failed,3116.84,2024-06-26 06:02:03
3360,3360,561,Debit Card,Success,2127.83,2024-07-09 22:35:12
3361,3361,250,UPI,Failed,3708.73,2024-11-06 20:50:55
3362,3362,563,Cash,Failed,2882.71,2025-08-09 12:41:18
3363,3363,983,Net Banking,Failed,2799.02,2025-07-02 15:25:20
3364,3364,201,Cash,Pending,3636.11,2025-07-07 05:49:45
3365,3365,557,Credit Card,Pending,4411.95,2024-10-04 05:29:15
3366,3366,327,Debit Card,Failed,4195.58,2026-01-01 02:00:05
3367,3367,776,UPI,Failed,4183.22,2024-08-04 20:31:57
3368,3368,518,Cash,Success,3003.78,2026-02-05 08:02:58
3369,3369,787,Credit Card,Success,4508.11,2025-10-18 04:32:05
3370,3370,41,Credit Card,Pending,4113.59,2025-06-19 22:58:29
3371,3371,827,UPI,Pending,277.4,2025-08-07 20:35:46
3372,3372,891,Cash,Pending,1025.57,2026-03-23 18:01:54
3373,3373,461,Net Banking,Pending,1704.3,2024-11-17 09:08:00
3374,3374,339,Cash,Failed,4716.52,2024-08-27 06:16:58
3375,3375,143,Credit Card,Failed,3655.04,2025-01-11 22:21:13
3376,3376,500,Net Banking,Failed,3837.21,2025-07-08 01:55:08
3377,3377,961,Cash,Pending,2679.88,2024-05-27 08:07:14
3378,3378,373,Net Banking,Pending,4422.18,2025-12-23 01:43:24
3379,3379,427,Credit Card,Failed,4627.14,2024-10-17 01:44:46
3380,3380,663,UPI,Pending,4918.01,2026-04-01 06:45:10
3381,3381,711,UPI,Success,4524.32,2024-11-10 01:14:47
3382,3382,757,Debit Card,Success,4678.81,2024-09-30 22:14:48
3383,3383,495,Cash,Pending,1399.37,2025-04-28 08:48:36
3384,3384,645,Credit Card,Pending,2386.56,2025-12-19 02:45:50
3385,3385,490,Credit Card,Success,4972.22,2024-07-30 20:38:42
3386,3386,68,Debit Card,Pending,614.01,2024-10-06 23:22:12
3387,3387,775,Net Banking,Pending,284.77,2025-11-22 09:02:12
3388,3388,585,Cash,Success,2479.66,2024-09-01 20:27:11
3389,3389,267,Cash,Failed,706.63,2025-12-13 10:44:57
3390,3390,548,UPI,Pending,3104.54,2025-07-04 06:12:48
3391,3391,157,Debit Card,Success,4069.73,2025-11-28 22:19:47
3392,3392,759,Debit Card,Failed,4096.85,2026-02-20 08:41:17
3393,3393,154,Net Banking,Pending,2936.97,2026-02-15 19:38:35
3394,3394,425,Debit Card,Failed,1503.88,2024-08-17 06:17:54
3395,3395,22,Net Banking,Failed,2080.03,2025-07-15 01:05:12
3396,3396,544,Credit Card,Failed,4192.47,2026-03-12 21:59:40
3397,3397,235,Cash,Failed,3255.1,2024-06-15 19:53:08
3398,3398,79,Credit Card,Failed,1373.36,2025-06-25 06:33:22
3399,3399,830,Debit Card,Failed,4854.62,2024-06-08 23:21:52
3400,3400,124,Credit Card,Pending,3465.05,2024-10-27 12:46:32
3401,3401,653,UPI,Pending,382.0,2024-07-10 13:51:08
3402,3402,881,Debit Card,Failed,2652.71,2025-02-28 02:40:13
3403,3403,962,Credit Card,Pending,689.3,2024-07-12 14:43:58
3404,3404,633,UPI,Success,446.4,2026-02-20 13:45:10
3405,3405,145,UPI,Pending,3134.87,2025-07-24 21:43:08
3406,3406,961,UPI,Success,4016.08,2025-11-27 10:30:06
3407,3407,113,Cash,Failed,2840.64,2024-12-14 17:40:38
3408,3408,101,Net Banking,Success,3788.4,2024-12-10 18:21:39
3409,3409,26,Debit Card,Pending,2593.48,2026-05-18 01:19:50
3410,3410,717,Cash,Failed,3194.73,2024-08-22 05:25:24
3411,3411,675,Debit Card,Failed,1872.4,2024-10-14 05:20:57
3412,3412,816,Net Banking,Pending,2879.49,2025-05-03 04:57:07
3413,3413,531,Net Banking,Failed,4703.45,2025-12-30 15:19:35
3414,3414,341,UPI,Failed,4697.12,2025-08-08 22:21:46
3415,3415,251,Net Banking,Pending,3420.85,2025-03-12 14:10:25
3416,3416,880,Cash,Failed,321.96,2025-08-04 19:19:35
3417,3417,87,Cash,Pending,3733.19,2025-04-17 20:28:00
3418,3418,146,Cash,Failed,3721.73,2026-03-05 15:29:36
3419,3419,995,UPI,Failed,580.58,2026-01-29 22:58:21
3420,3420,169,Cash,Failed,1812.36,2025-05-16 12:39:55
3421,3421,411,Debit Card,Failed,3754.64,2024-12-13 16:01:56
3422,3422,479,Credit Card,Failed,4692.21,2025-07-08 10:32:31
3423,3423,133,Cash,Failed,4036.44,2026-03-16 23:03:08
3424,3424,661,Credit Card,Pending,1303.11,2026-04-19 00:28:34
3425,3425,776,UPI,Pending,4115.6,2024-11-21 02:46:26
3426,3426,39,Debit Card,Failed,1763.46,2025-07-17 10:36:23
3427,3427,328,Debit Card,Success,1805.75,2025-05-15 06:09:07
3428,3428,902,Cash,Pending,317.99,2026-01-25 15:26:46
3429,3429,835,Debit Card,Failed,2272.68,2026-05-17 03:32:21
3430,3430,985,Net Banking,Pending,914.08,2026-04-25 20:16:15
3431,3431,931,Cash,Failed,3563.89,2025-04-05 13:01:50
3432,3432,454,UPI,Success,2269.33,2024-10-07 22:46:59
3433,3433,456,Debit Card,Failed,995.58,2024-11-09 15:40:09
3434,3434,343,Cash,Failed,1429.46,2024-07-19 23:11:34
3435,3435,305,Cash,Failed,2333.73,2024-11-30 15:46:45
3436,3436,975,UPI,Failed,495.24,2024-10-25 20:23:00
3437,3437,773,Credit Card,Pending,1610.38,2024-10-24 10:33:33
3438,3438,989,Credit Card,Success,4823.43,2024-10-16 06:04:46
3439,3439,951,UPI,Pending,1418.83,2025-01-03 04:55:09
3440,3440,794,UPI,Failed,2161.18,2024-12-18 08:02:30
3441,3441,857,Credit Card,Success,588.03,2025-03-29 12:06:41
3442,3442,497,Cash,Pending,2460.12,2024-11-07 04:19:15
3443,3443,368,UPI,Pending,2881.75,2025-07-24 02:38:01
3444,3444,57,Cash,Failed,3116.33,2025-06-21 15:57:32
3445,3445,633,Debit Card,Pending,2773.44,2025-06-08 13:27:33
3446,3446,968,Cash,Failed,3554.77,2025-04-02 13:34:59
3447,3447,46,Credit Card,Pending,4023.68,2025-04-21 00:04:10
3448,3448,903,Debit Card,Failed,3675.69,2026-05-13 14:33:26
3449,3449,465,UPI,Pending,587.06,2026-05-25 03:04:09
3450,3450,749,Credit Card,Failed,1011.35,2024-07-08 22:30:17
3451,3451,300,Cash,Failed,318.36,2025-02-26 11:12:48
3452,3452,49,Debit Card,Pending,3748.99,2025-07-22 10:54:58
3453,3453,906,UPI,Pending,1091.83,2025-12-30 03:46:39
3454,3454,114,Debit Card,Pending,91.36,2026-05-15 15:35:41
3455,3455,371,Net Banking,Success,259.97,2024-12-11 02:21:59
3456,3456,25,Cash,Pending,3388.43,2025-09-21 10:30:52
3457,3457,282,Debit Card,Failed,4826.57,2025-02-21 16:47:00
3458,3458,403,Net Banking,Failed,3848.77,2024-12-10 03:28:52
3459,3459,849,Debit Card,Pending,4014.16,2026-03-15 22:29:44
3460,3460,339,UPI,Pending,572.77,2026-01-08 16:11:32
3461,3461,534,UPI,Failed,177.23,2025-10-05 05:43:27
3462,3462,900,Debit Card,Pending,2314.88,2025-11-05 06:17:02
3463,3463,484,UPI,Pending,4697.2,2024-07-01 12:17:36
3464,3464,514,Net Banking,Pending,3444.38,2024-06-19 15:56:07
3465,3465,846,Cash,Failed,1009.05,2026-03-19 09:14:20
3466,3466,639,Cash,Pending,1746.8,2026-01-25 02:53:02
3467,3467,945,Credit Card,Failed,322.96,2026-03-01 00:25:37
3468,3468,713,UPI,Success,3114.33,2025-04-13 02:33:35
3469,3469,194,Cash,Success,2067.58,2024-09-25 03:11:54
3470,3470,382,Credit Card,Pending,3856.36,2025-10-13 06:34:54
3471,3471,371,UPI,Pending,1455.64,2024-10-02 13:00:28
3472,3472,411,Cash,Failed,608.78,2024-12-27 15:56:51
3473,3473,446,Net Banking,Failed,3435.62,2025-03-23 10:31:02
3474,3474,74,Credit Card,Failed,2524.93,2024-09-18 09:13:14
3475,3475,674,UPI,Success,3092.19,2025-01-23 08:23:24
3476,3476,387,Credit Card,Success,3241.7,2024-08-11 13:31:26
3477,3477,134,Net Banking,Failed,3929.58,2025-01-02 01:26:09
3478,3478,821,Cash,Success,1637.57,2024-11-05 23:08:14
3479,3479,522,UPI,Pending,2202.58,2026-01-03 14:40:57
3480,3480,385,Cash,Pending,3735.8,2025-03-29 03:52:24
3481,3481,306,UPI,Failed,3180.87,2025-09-02 19:11:24
3482,3482,506,Credit Card,Pending,3483.01,2025-08-16 18:06:07
3483,3483,793,Cash,Success,3271.84,2025-09-15 21:44:25
3484,3484,212,Debit Card,Success,2592.51,2025-09-26 06:11:04
3485,3485,127,UPI,Failed,187.84,2025-09-09 00:09:19
3486,3486,501,Cash,Pending,634.74,2024-11-20 04:51:35
3487,3487,888,Credit Card,Failed,4201.63,2025-05-15 11:12:25
3488,3488,866,UPI,Success,1656.11,2025-10-16 02:52:05
3489,3489,929,Cash,Failed,1102.38,2024-08-20 07:01:34
3490,3490,117,Credit Card,Pending,1398.75,2024-10-08 01:54:15
3491,3491,431,Debit Card,Success,2592.38,2025-03-30 19:20:51
3492,3492,509,Credit Card,Pending,2465.33,2025-04-21 19:13:26
3493,3493,192,Cash,Failed,980.16,2025-03-14 11:31:54
3494,3494,492,Debit Card,Pending,3188.23,2024-07-24 01:00:30
3495,3495,89,Credit Card,Pending,2274.41,2025-09-28 04:50:56
3496,3496,416,UPI,Pending,2641.44,2026-04-21 10:39:29
3497,3497,378,UPI,Success,3354.51,2025-06-30 22:03:26
3498,3498,193,Credit Card,Failed,518.57,2026-03-21 06:26:56
3499,3499,432,Credit Card,Success,575.2,2025-12-13 22:29:41
3500,3500,68,Credit Card,Success,150.94,2025-01-30 23:13:04
3501,3501,255,Credit Card,Pending,2110.72,2026-05-03 21:08:20
3502,3502,568,Debit Card,Pending,3281.06,2025-04-21 09:04:20
3503,3503,903,Cash,Success,2923.72,2025-10-14 21:01:17
3504,3504,679,Net Banking,Success,773.42,2025-01-23 04:17:28
3505,3505,636,Credit Card,Failed,3276.46,2026-02-24 14:34:35
3506,3506,449,UPI,Failed,1108.75,2024-12-23 20:04:05
3507,3507,42,Cash,Failed,3527.47,2024-07-14 23:27:52
3508,3508,901,Cash,Pending,2815.29,2025-10-07 07:00:55
3509,3509,428,Credit Card,Pending,1186.2,2025-12-27 19:27:58
3510,3510,563,Debit Card,Pending,998.72,2025-08-17 08:06:57
3511,3511,781,Debit Card,Success,463.9,2024-07-19 18:24:53
3512,3512,789,Cash,Pending,4853.13,2025-12-07 23:35:51
3513,3513,894,UPI,Success,4910.92,2026-02-28 01:33:32
3514,3514,337,Credit Card,Success,1875.93,2024-07-19 12:47:13
3515,3515,188,Cash,Success,4548.42,2025-08-07 01:25:10
3516,3516,999,Net Banking,Success,2007.62,2026-04-29 05:17:03
3517,3517,297,Debit Card,Failed,1854.47,2025-04-26 06:59:19
3518,3518,29,UPI,Failed,904.8,2024-08-02 21:30:45
3519,3519,920,Cash,Pending,864.81,2024-12-22 15:08:45
3520,3520,805,Credit Card,Pending,2985.28,2025-09-08 06:45:33
3521,3521,115,Cash,Success,4831.72,2025-12-15 23:20:37
3522,3522,432,Net Banking,Pending,1798.16,2024-06-10 01:10:13
3523,3523,211,Credit Card,Success,2599.57,2024-10-28 21:03:46
3524,3524,777,UPI,Success,1062.82,2026-01-21 06:27:36
3525,3525,874,UPI,Failed,3106.48,2025-11-10 21:33:45
3526,3526,315,Debit Card,Failed,2425.68,2025-01-03 04:30:03
3527,3527,608,Net Banking,Success,2136.67,2025-07-14 08:07:45
3528,3528,760,Cash,Failed,1585.23,2025-02-26 16:18:18
3529,3529,738,Debit Card,Success,4565.91,2025-06-25 01:11:38
3530,3530,611,UPI,Success,4381.42,2024-11-29 15:08:39
3531,3531,612,Credit Card,Pending,2918.79,2025-12-10 11:31:32
3532,3532,134,Debit Card,Failed,1445.91,2025-05-14 17:15:13
3533,3533,447,Credit Card,Failed,1248.93,2025-05-22 02:01:30
3534,3534,182,Debit Card,Pending,507.66,2024-11-30 17:22:30
3535,3535,52,Credit Card,Failed,1078.28,2025-09-01 13:55:53
3536,3536,533,UPI,Failed,2790.72,2026-01-30 22:37:47
3537,3537,898,Credit Card,Success,3189.26,2026-01-18 18:37:39
3538,3538,31,Net Banking,Failed,4708.87,2026-03-17 09:31:43
3539,3539,948,Debit Card,Failed,2203.84,2025-03-03 23:16:38
3540,3540,948,Cash,Success,3389.27,2024-12-01 15:01:21
3541,3541,954,Credit Card,Success,836.05,2025-09-18 00:38:32
3542,3542,51,Cash,Failed,2865.73,2026-01-24 19:20:02
3543,3543,894,Net Banking,Pending,1133.22,2024-09-30 17:01:43
3544,3544,682,Credit Card,Failed,1805.02,2025-02-23 20:22:37
3545,3545,739,Debit Card,Pending,2267.84,2025-10-17 16:52:56
3546,3546,661,Credit Card,Success,4232.29,2025-09-22 18:53:49
3547,3547,818,Credit Card,Failed,1700.88,2024-10-29 21:59:55
3548,3548,310,Cash,Pending,2495.4,2025-11-10 07:51:06
3549,3549,472,Net Banking,Pending,3139.21,2026-03-04 17:08:25
3550,3550,467,Debit Card,Pending,1965.34,2025-09-01 20:26:07
3551,3551,729,Credit Card,Success,4057.09,2025-10-30 15:13:15
3552,3552,821,Credit Card,Pending,1694.15,2025-12-19 01:47:00
3553,3553,315,Debit Card,Success,2851.46,2024-09-23 02:32:35
3554,3554,892,Net Banking,Failed,3964.88,2024-09-09 06:38:13
3555,3555,579,UPI,Success,2753.18,2025-09-22 21:11:33
3556,3556,274,Debit Card,Success,2019.13,2025-05-23 08:02:55
3557,3557,610,UPI,Failed,2999.86,2025-03-18 06:08:08
3558,3558,504,Debit Card,Failed,2906.63,2024-09-10 22:04:47
3559,3559,463,UPI,Failed,4221.25,2024-10-01 08:34:24
3560,3560,274,Debit Card,Success,4025.3,2025-07-04 15:25:51
3561,3561,807,Net Banking,Success,1616.69,2026-03-03 17:28:08
3562,3562,166,Cash,Failed,1432.24,2026-04-21 14:45:39
3563,3563,442,Net Banking,Pending,3017.63,2026-02-19 19:13:50
3564,3564,126,Credit Card,Failed,977.29,2024-07-09 18:42:11
3565,3565,208,Net Banking,Pending,31.75,2025-04-24 13:37:33
3566,3566,5,Debit Card,Failed,3344.04,2025-07-13 15:35:37
3567,3567,655,Debit Card,Success,3068.53,2026-05-16 16:16:22
3568,3568,36,Credit Card,Failed,1643.08,2024-08-15 21:00:09
3569,3569,789,Credit Card,Failed,1862.37,2025-05-07 22:13:20
3570,3570,992,Credit Card,Pending,2139.85,2024-08-06 09:59:25
3571,3571,843,Credit Card,Failed,1123.94,2026-04-26 07:05:09
3572,3572,627,Cash,Success,2061.11,2025-05-07 07:31:43
3573,3573,225,Net Banking,Failed,4111.97,2024-08-24 11:14:34
3574,3574,553,Credit Card,Pending,4029.4,2025-08-19 16:57:58
3575,3575,780,UPI,Pending,1949.06,2026-01-28 15:13:47
3576,3576,937,Debit Card,Pending,2347.83,2025-07-02 08:42:02
3577,3577,818,Debit Card,Pending,1224.7,2025-01-16 15:32:37
3578,3578,911,Net Banking,Success,4416.37,2024-10-11 23:00:01
3579,3579,269,Debit Card,Failed,4424.41,2024-09-05 03:03:32
3580,3580,947,Debit Card,Success,3039.08,2024-09-28 03:39:42
3581,3581,359,Net Banking,Success,1369.21,2026-01-11 22:48:24
3582,3582,908,Net Banking,Success,1807.03,2024-12-02 10:27:14
3583,3583,96,UPI,Pending,1780.43,2026-02-20 18:30:48
3584,3584,880,Debit Card,Pending,4024.99,2024-08-10 01:10:06
3585,3585,933,Net Banking,Pending,2443.68,2025-09-02 15:50:05
3586,3586,902,Debit Card,Failed,1008.05,2025-04-20 12:02:46
3587,3587,781,Cash,Success,1387.42,2025-01-07 02:26:38
3588,3588,676,Debit Card,Success,3672.97,2026-03-23 11:01:25
3589,3589,241,UPI,Failed,3172.87,2025-09-28 03:02:22
3590,3590,961,Debit Card,Success,3456.21,2025-04-27 14:25:43
3591,3591,309,Cash,Pending,1329.35,2026-01-24 17:23:16
3592,3592,958,Debit Card,Success,220.4,2025-07-10 06:19:28
3593,3593,236,Net Banking,Success,4544.52,2025-01-21 09:15:56
3594,3594,569,Cash,Pending,1329.29,2026-01-22 12:33:41
3595,3595,754,Net Banking,Failed,1156.88,2025-03-13 17:51:45
3596,3596,414,UPI,Success,2383.83,2025-10-20 02:00:37
3597,3597,66,Debit Card,Success,923.91,2025-11-15 09:07:26
3598,3598,890,Cash,Success,1053.37,2024-08-20 03:42:20
3599,3599,608,Credit Card,Success,4087.04,2026-03-12 04:15:30
3600,3600,438,Debit Card,Failed,3397.11,2025-04-24 02:23:13
3601,3601,15,UPI,Failed,4512.35,2026-05-04 13:51:11
3602,3602,293,Debit Card,Pending,297.18,2025-12-05 04:53:27
3603,3603,496,UPI,Pending,1568.8,2025-08-21 21:12:58
3604,3604,132,Cash,Success,3859.15,2025-07-02 12:32:04
3605,3605,794,Net Banking,Failed,1135.33,2026-05-18 09:15:07
3606,3606,657,Debit Card,Failed,131.67,2025-02-08 00:48:01
3607,3607,972,Debit Card,Failed,958.76,2025-03-26 21:53:43
3608,3608,632,Debit Card,Pending,1169.79,2025-01-28 11:40:11
3609,3609,640,Net Banking,Success,169.36,2025-07-31 08:02:57
3610,3610,129,Credit Card,Pending,1044.07,2025-11-02 10:51:12
3611,3611,802,Cash,Pending,1517.27,2025-07-25 03:37:50
3612,3612,688,Debit Card,Pending,3385.9,2025-11-24 06:23:54
3613,3613,332,Cash,Success,2321.49,2026-05-07 00:56:32
3614,3614,359,Net Banking,Failed,4400.73,2025-02-28 13:36:51
3615,3615,350,Net Banking,Success,738.81,2025-03-08 12:01:01
3616,3616,263,Debit Card,Pending,4611.7,2024-09-01 17:39:46
3617,3617,68,Debit Card,Pending,4717.82,2025-09-15 01:29:13
3618,3618,48,Cash,Success,3034.09,2026-04-20 20:43:21
3619,3619,27,Credit Card,Success,4664.78,2025-07-20 14:48:28
3620,3620,393,UPI,Pending,3481.28,2025-08-22 03:50:19
3621,3621,194,Debit Card,Pending,3331.06,2024-07-12 18:36:03
3622,3622,52,Debit Card,Failed,1670.69,2025-12-16 11:56:52
3623,3623,1000,Debit Card,Success,1803.47,2024-09-19 10:25:09
3624,3624,720,Net Banking,Failed,4178.72,2024-10-25 15:26:24
3625,3625,763,Debit Card,Failed,1518.21,2026-04-13 14:44:43
3626,3626,332,Net Banking,Failed,3212.17,2026-03-08 14:48:12
3627,3627,181,Cash,Failed,1298.35,2024-08-15 15:21:16
3628,3628,750,Credit Card,Success,3830.52,2025-08-09 20:38:25
3629,3629,379,Net Banking,Failed,3287.28,2025-02-11 07:55:05
3630,3630,400,Net Banking,Failed,1853.83,2025-07-29 15:27:04
3631,3631,461,Credit Card,Pending,2360.86,2025-11-04 23:11:23
3632,3632,781,UPI,Failed,1276.18,2024-06-15 02:48:21
3633,3633,503,Credit Card,Pending,191.58,2026-03-17 15:12:41
3634,3634,618,Net Banking,Success,167.18,2024-07-10 19:23:53
3635,3635,354,Cash,Failed,1226.99,2025-05-08 16:48:56
3636,3636,390,Debit Card,Pending,3954.87,2026-02-18 22:19:36
3637,3637,269,Cash,Pending,28.28,2026-02-20 19:46:08
3638,3638,673,Cash,Success,1336.74,2025-04-28 07:42:55
3639,3639,417,Cash,Pending,2193.06,2024-10-24 19:33:33
3640,3640,348,Cash,Success,557.99,2024-11-08 14:10:28
3641,3641,982,Credit Card,Pending,1947.04,2026-04-11 03:37:04
3642,3642,997,UPI,Failed,755.64,2024-08-15 18:33:20
3643,3643,791,Net Banking,Success,2557.4,2024-05-28 19:47:33
3644,3644,846,UPI,Pending,4639.76,2025-10-01 04:31:57
3645,3645,426,Net Banking,Pending,3292.35,2025-06-05 15:40:09
3646,3646,517,Net Banking,Failed,3872.01,2025-06-01 18:08:11
3647,3647,219,UPI,Success,501.74,2024-08-30 16:32:55
3648,3648,275,Debit Card,Failed,1947.74,2024-07-23 22:14:23
3649,3649,957,UPI,Pending,2696.93,2025-03-29 09:37:06
3650,3650,250,Credit Card,Success,3676.33,2025-11-20 19:38:23
3651,3651,347,Debit Card,Pending,431.77,2026-01-25 05:17:43
3652,3652,717,UPI,Pending,4604.8,2024-09-07 05:51:01
3653,3653,79,Net Banking,Failed,1010.94,2025-03-04 14:18:09
3654,3654,881,Debit Card,Failed,4861.69,2025-03-07 18:26:23
3655,3655,427,Cash,Failed,1459.13,2024-11-22 04:38:25
3656,3656,105,UPI,Pending,412.21,2024-07-24 19:53:20
3657,3657,227,UPI,Success,1337.92,2024-11-15 13:29:29
3658,3658,412,Net Banking,Failed,801.95,2024-12-20 23:49:33
3659,3659,275,Net Banking,Pending,2293.22,2025-01-09 02:13:04
3660,3660,117,Credit Card,Pending,151.6,2024-10-10 06:16:59
3661,3661,774,Debit Card,Pending,2891.95,2024-08-04 13:55:09
3662,3662,760,Debit Card,Success,942.35,2026-04-23 05:10:32
3663,3663,894,Net Banking,Failed,4262.74,2025-03-28 16:44:58
3664,3664,958,UPI,Failed,2974.24,2024-06-08 03:57:18
3665,3665,392,Net Banking,Pending,578.88,2026-02-16 17:41:55
3666,3666,14,Debit Card,Success,1589.07,2024-11-09 21:19:26
3667,3667,925,Debit Card,Pending,2006.59,2026-04-05 12:46:06
3668,3668,756,Debit Card,Pending,977.28,2026-03-29 11:39:40
3669,3669,150,Cash,Pending,3120.25,2024-10-02 11:33:48
3670,3670,237,Credit Card,Success,149.32,2024-08-21 09:55:16
3671,3671,246,Credit Card,Failed,909.13,2026-04-17 19:57:51
3672,3672,104,Debit Card,Pending,2127.11,2024-08-01 08:16:30
3673,3673,97,Debit Card,Failed,4207.37,2025-08-07 09:16:38
3674,3674,5,Cash,Pending,3894.9,2024-09-06 10:12:40
3675,3675,293,Cash,Failed,4671.38,2025-11-01 17:06:12
3676,3676,558,Net Banking,Success,2664.07,2025-05-29 09:42:08
3677,3677,684,UPI,Pending,41.0,2025-06-08 18:23:41
3678,3678,568,Debit Card,Success,3800.05,2026-05-24 03:05:17
3679,3679,747,UPI,Success,4000.52,2026-04-30 21:49:52
3680,3680,659,Cash,Pending,3086.88,2026-01-14 04:11:24
3681,3681,587,Credit Card,Failed,1582.58,2025-06-08 14:04:27
3682,3682,955,Debit Card,Success,766.32,2025-01-30 01:21:13
3683,3683,741,Net Banking,Success,1039.88,2025-11-16 05:15:43
3684,3684,143,Credit Card,Success,1024.6,2024-12-03 04:13:21
3685,3685,204,Credit Card,Success,2634.24,2025-12-04 19:16:43
3686,3686,665,UPI,Failed,4366.4,2025-02-04 19:14:49
3687,3687,488,Debit Card,Failed,3603.6,2025-04-04 06:43:30
3688,3688,462,Debit Card,Success,4461.95,2026-01-16 14:14:38
3689,3689,559,Cash,Failed,2268.29,2025-04-06 04:46:48
3690,3690,281,Cash,Success,4672.32,2025-08-16 11:57:51
3691,3691,387,Net Banking,Success,3029.16,2025-03-14 05:56:14
3692,3692,860,Credit Card,Success,2175.19,2024-11-13 07:14:06
3693,3693,916,Net Banking,Failed,4982.39,2024-09-11 13:31:52
3694,3694,731,Credit Card,Success,1397.3,2025-10-20 10:18:45
3695,3695,379,Net Banking,Pending,489.55,2024-11-25 18:52:32
3696,3696,290,Cash,Pending,3128.18,2025-01-11 05:44:43
3697,3697,300,Credit Card,Failed,2120.95,2024-11-30 01:46:56
3698,3698,843,Debit Card,Pending,1769.73,2025-03-13 12:37:34
3699,3699,44,Credit Card,Failed,4303.26,2025-09-06 20:20:35
3700,3700,836,Credit Card,Pending,2954.51,2025-11-13 13:55:14
3701,3701,135,Debit Card,Pending,2900.57,2026-02-19 22:04:09
3702,3702,805,Debit Card,Pending,4569.69,2025-12-02 00:47:22
3703,3703,443,UPI,Pending,491.12,2024-09-22 15:08:51
3704,3704,929,Net Banking,Success,3140.91,2024-09-21 10:53:49
3705,3705,44,UPI,Success,1466.17,2025-09-02 16:04:22
3706,3706,237,UPI,Success,3510.56,2025-10-11 18:19:58
3707,3707,312,Debit Card,Success,3897.02,2026-01-17 01:45:28
3708,3708,339,Net Banking,Success,2613.12,2025-01-16 16:03:10
3709,3709,35,UPI,Failed,556.88,2026-03-15 20:19:22
3710,3710,237,Credit Card,Success,1794.68,2025-11-21 19:47:00
3711,3711,34,Cash,Success,1456.8,2026-03-08 21:26:51
3712,3712,303,Credit Card,Success,4306.58,2025-08-27 00:24:36
3713,3713,799,UPI,Success,2113.49,2025-08-17 22:31:32
3714,3714,613,Debit Card,Pending,2050.06,2024-08-11 14:31:03
3715,3715,109,Debit Card,Success,3964.2,2025-10-26 21:08:26
3716,3716,206,Net Banking,Pending,4201.39,2024-08-10 05:03:07
3717,3717,300,UPI,Pending,1174.02,2025-11-15 02:13:40
3718,3718,825,Credit Card,Failed,4865.58,2024-07-04 10:02:43
3719,3719,7,Credit Card,Success,4247.65,2025-07-17 08:16:03
3720,3720,730,Credit Card,Failed,1542.95,2024-11-09 05:40:27
3721,3721,203,UPI,Pending,1698.79,2025-12-25 13:41:50
3722,3722,284,Net Banking,Success,3464.43,2026-03-29 18:48:36
3723,3723,278,UPI,Pending,1471.39,2024-11-26 23:20:09
3724,3724,441,Credit Card,Pending,1846.91,2024-12-30 23:27:07
3725,3725,999,Cash,Pending,792.64,2025-12-08 07:22:22
3726,3726,482,Cash,Pending,4648.52,2024-09-20 07:18:14
3727,3727,985,Debit Card,Success,2181.47,2024-07-18 01:55:06
3728,3728,805,Credit Card,Failed,2039.03,2025-07-08 06:16:12
3729,3729,728,Debit Card,Failed,2708.18,2024-10-08 20:05:01
3730,3730,77,Debit Card,Pending,2816.71,2026-05-06 17:34:44
3731,3731,915,Debit Card,Success,3466.85,2025-08-07 10:05:33
3732,3732,383,Cash,Success,3428.93,2025-10-17 19:08:23
3733,3733,355,Debit Card,Pending,4153.72,2024-12-09 00:07:45
3734,3734,633,UPI,Pending,1329.19,2025-04-06 22:43:22
3735,3735,509,Debit Card,Success,4832.66,2024-09-15 05:48:31
3736,3736,572,Debit Card,Pending,757.43,2025-07-25 06:27:15
3737,3737,672,Credit Card,Failed,396.39,2026-03-03 20:41:13
3738,3738,768,Net Banking,Failed,2914.97,2024-11-08 12:09:30
3739,3739,249,Credit Card,Pending,4002.59,2025-06-15 14:07:42
3740,3740,321,UPI,Failed,3608.22,2025-06-02 22:35:25
3741,3741,743,Credit Card,Failed,3678.19,2026-03-31 16:18:22
3742,3742,435,Cash,Failed,3126.01,2026-04-01 05:21:35
3743,3743,244,UPI,Failed,3857.36,2025-04-27 02:27:38
3744,3744,308,Cash,Pending,2667.49,2024-08-27 03:15:18
3745,3745,510,Net Banking,Failed,3047.32,2024-12-06 06:02:28
3746,3746,959,Cash,Success,3631.58,2025-09-27 23:25:53
3747,3747,16,Cash,Pending,2004.87,2024-10-01 05:17:14
3748,3748,270,Debit Card,Success,3237.64,2026-05-08 01:40:48
3749,3749,863,Net Banking,Failed,2629.71,2025-11-15 08:48:17
3750,3750,252,Credit Card,Success,393.05,2025-03-04 15:58:35
3751,3751,753,Net Banking,Pending,2207.24,2026-03-04 12:28:01
3752,3752,195,Debit Card,Pending,413.42,2025-11-25 11:07:06
3753,3753,470,Credit Card,Pending,345.69,2025-04-23 03:18:44
3754,3754,1000,Cash,Failed,1930.72,2026-05-01 04:29:30
3755,3755,88,Cash,Success,3137.25,2024-07-19 17:09:19
3756,3756,688,Credit Card,Failed,3074.09,2024-09-28 00:10:34
3757,3757,799,Cash,Failed,320.26,2026-05-13 19:08:59
3758,3758,688,UPI,Failed,610.46,2025-05-25 15:02:30
3759,3759,120,UPI,Success,4863.59,2025-03-13 17:10:35
3760,3760,443,Cash,Pending,1979.79,2025-11-20 07:48:29
3761,3761,677,Net Banking,Failed,4346.58,2024-06-24 19:42:29
3762,3762,463,Net Banking,Failed,2778.8,2025-03-23 20:23:36
3763,3763,707,Cash,Success,4044.46,2024-07-02 01:12:33
3764,3764,745,UPI,Success,3948.73,2025-01-21 12:45:13
3765,3765,433,UPI,Success,457.26,2024-07-28 11:44:40
3766,3766,107,UPI,Pending,284.88,2025-04-07 09:48:40
3767,3767,292,Credit Card,Failed,1225.76,2026-01-03 05:44:58
3768,3768,261,Debit Card,Success,331.61,2026-02-15 09:18:42
3769,3769,33,Cash,Success,2642.58,2026-01-01 01:28:00
3770,3770,170,Debit Card,Success,1365.58,2026-02-26 18:36:10
3771,3771,784,UPI,Success,3484.14,2025-11-22 17:11:59
3772,3772,654,Credit Card,Pending,4248.63,2026-05-16 18:14:20
3773,3773,790,Credit Card,Failed,4687.03,2025-05-20 06:00:01
3774,3774,778,Cash,Success,3362.48,2025-02-06 01:39:51
3775,3775,87,Net Banking,Pending,4169.77,2025-05-07 00:12:35
3776,3776,965,UPI,Failed,383.12,2025-07-28 17:36:25
3777,3777,434,UPI,Success,1040.82,2025-07-27 09:03:50
3778,3778,210,Cash,Success,3292.29,2025-02-20 09:01:34
3779,3779,540,Net Banking,Success,2545.38,2025-12-25 11:08:29
3780,3780,494,Cash,Success,2959.67,2024-06-04 06:33:44
3781,3781,754,UPI,Failed,4790.99,2024-11-11 18:33:51
3782,3782,668,Credit Card,Pending,384.84,2025-07-31 00:45:46
3783,3783,989,UPI,Pending,3438.99,2025-07-27 17:14:04
3784,3784,469,Credit Card,Pending,1038.97,2025-07-01 07:32:01
3785,3785,636,Cash,Pending,1984.43,2025-08-27 10:20:53
3786,3786,553,Cash,Pending,4664.88,2025-05-03 18:58:53
3787,3787,645,Net Banking,Pending,3795.07,2025-04-01 03:38:39
3788,3788,770,Cash,Pending,2071.32,2026-01-26 13:39:03
3789,3789,152,UPI,Success,3409.45,2024-05-26 19:47:18
3790,3790,300,Credit Card,Pending,4896.99,2024-07-04 06:16:38
3791,3791,174,Net Banking,Success,3239.55,2025-10-06 23:07:38
3792,3792,996,Debit Card,Success,4338.8,2024-06-15 14:29:08
3793,3793,576,Debit Card,Failed,969.36,2025-05-26 11:21:14
3794,3794,797,Cash,Success,2849.04,2026-03-26 21:41:19
3795,3795,414,UPI,Success,3884.73,2024-11-19 16:37:29
3796,3796,307,Net Banking,Pending,3226.11,2025-05-28 13:36:37
3797,3797,579,Credit Card,Pending,4792.06,2025-06-06 20:50:12
3798,3798,833,Cash,Failed,895.2,2026-05-02 03:49:43
3799,3799,796,Debit Card,Pending,2300.79,2025-11-11 22:05:40
3800,3800,512,Credit Card,Success,4587.03,2024-06-09 08:50:05
3801,3801,915,Net Banking,Success,3916.05,2025-01-19 15:02:33
3802,3802,257,UPI,Failed,2193.36,2024-11-13 02:52:11
3803,3803,609,Debit Card,Failed,1295.05,2025-02-08 05:40:56
3804,3804,508,Net Banking,Pending,1762.68,2025-05-22 23:10:49
3805,3805,106,Debit Card,Failed,2995.83,2024-10-09 16:34:55
3806,3806,204,Debit Card,Success,3366.55,2025-12-28 19:43:03
3807,3807,836,Net Banking,Pending,3256.7,2025-10-12 19:00:06
3808,3808,544,UPI,Pending,3196.41,2024-12-28 22:44:17
3809,3809,600,Cash,Failed,4916.8,2025-12-31 05:55:49
3810,3810,673,Cash,Pending,1906.41,2025-08-09 13:07:37
3811,3811,67,UPI,Success,3200.72,2024-06-29 05:27:31
3812,3812,854,Net Banking,Pending,4969.78,2025-11-04 08:12:44
3813,3813,709,UPI,Failed,749.95,2024-12-20 23:51:09
3814,3814,443,Credit Card,Failed,3735.18,2025-04-08 03:02:32
3815,3815,490,Cash,Pending,956.0,2026-05-11 20:00:47
3816,3816,299,Credit Card,Failed,1159.71,2024-12-26 18:45:05
3817,3817,694,Debit Card,Success,2999.34,2025-11-03 10:09:25
3818,3818,992,UPI,Failed,1178.76,2026-05-07 09:43:21
3819,3819,225,Credit Card,Failed,3569.8,2024-12-17 11:19:10
3820,3820,521,Cash,Pending,279.02,2025-03-31 06:56:01
3821,3821,805,Net Banking,Failed,2365.28,2026-01-22 19:24:44
3822,3822,494,Credit Card,Pending,1650.01,2025-04-30 03:38:16
3823,3823,922,Debit Card,Pending,4541.28,2025-01-01 12:53:21
3824,3824,759,Cash,Success,936.04,2024-08-24 21:53:08
3825,3825,179,Credit Card,Failed,4749.69,2025-12-28 21:47:13
3826,3826,89,Net Banking,Failed,305.68,2024-12-05 20:26:46
3827,3827,898,Net Banking,Pending,3804.54,2024-08-14 05:19:01
3828,3828,879,Net Banking,Failed,878.1,2025-05-04 13:12:37
3829,3829,155,Net Banking,Pending,4568.15,2025-02-13 18:54:53
3830,3830,577,UPI,Failed,2198.04,2024-08-24 05:39:47
3831,3831,373,Net Banking,Success,2034.33,2025-06-09 02:31:00
3832,3832,845,Debit Card,Pending,3580.15,2024-06-11 23:20:28
3833,3833,442,Credit Card,Success,4866.5,2024-05-26 14:00:52
3834,3834,268,Credit Card,Success,3145.53,2026-04-27 08:15:55
3835,3835,787,UPI,Success,3232.13,2025-03-16 16:02:50
3836,3836,162,Cash,Pending,4619.32,2026-05-23 23:56:36
3837,3837,927,Debit Card,Failed,3736.64,2025-10-15 06:44:03
3838,3838,525,Credit Card,Pending,4309.22,2026-05-05 09:36:14
3839,3839,530,Cash,Success,23.28,2024-09-26 11:18:07
3840,3840,266,UPI,Failed,1135.13,2025-01-11 01:56:04
3841,3841,278,Debit Card,Success,2071.42,2025-05-06 19:58:28
3842,3842,884,Credit Card,Pending,2438.85,2025-09-10 04:07:34
3843,3843,612,Debit Card,Success,1594.49,2025-03-07 10:58:58
3844,3844,324,UPI,Pending,765.95,2024-12-01 17:53:21
3845,3845,530,Credit Card,Failed,3918.6,2025-12-13 13:45:49
3846,3846,242,Credit Card,Failed,2586.22,2025-04-09 07:02:56
3847,3847,344,UPI,Pending,3776.02,2025-03-23 16:06:08
3848,3848,592,Net Banking,Success,1805.57,2026-03-23 14:07:18
3849,3849,883,Credit Card,Pending,2964.1,2024-08-07 18:33:47
3850,3850,425,UPI,Failed,3791.01,2025-08-22 05:27:19
3851,3851,927,Credit Card,Failed,752.72,2025-03-20 12:51:17
3852,3852,460,Net Banking,Success,2684.01,2025-11-30 22:39:16
3853,3853,116,Credit Card,Failed,3025.96,2025-04-29 13:01:26
3854,3854,622,UPI,Pending,1009.11,2025-11-11 01:19:33
3855,3855,290,Debit Card,Pending,2021.68,2026-03-25 10:33:15
3856,3856,486,Debit Card,Success,3668.13,2024-05-29 00:24:15
3857,3857,832,Cash,Failed,1663.97,2024-10-16 14:01:12
3858,3858,116,Cash,Pending,953.8,2024-08-05 20:13:16
3859,3859,363,Credit Card,Failed,3583.52,2025-01-15 02:37:16
3860,3860,82,UPI,Pending,3748.09,2026-02-16 06:10:12
3861,3861,594,Cash,Pending,1263.44,2026-05-18 10:15:25
3862,3862,125,Net Banking,Failed,2754.99,2024-08-15 05:58:10
3863,3863,54,Credit Card,Pending,705.55,2025-10-13 00:53:44
3864,3864,674,Net Banking,Failed,876.5,2026-01-19 10:14:57
3865,3865,808,UPI,Success,3534.4,2024-06-19 10:24:15
3866,3866,288,UPI,Pending,4820.03,2025-06-07 13:13:03
3867,3867,217,Debit Card,Pending,3882.98,2025-01-22 12:22:15
3868,3868,500,Credit Card,Success,3873.39,2026-03-23 20:20:49
3869,3869,425,Net Banking,Failed,1722.14,2025-02-01 19:25:12
3870,3870,881,Debit Card,Success,3750.52,2024-05-31 16:39:22
3871,3871,688,Credit Card,Success,4404.05,2024-09-26 17:39:50
3872,3872,766,Debit Card,Success,2640.89,2024-10-15 13:17:48
3873,3873,444,Debit Card,Pending,4385.58,2026-04-01 02:04:34
3874,3874,489,Debit Card,Pending,2250.27,2025-05-28 07:26:13
3875,3875,259,Cash,Failed,3064.15,2025-06-26 00:10:45
3876,3876,659,UPI,Pending,718.09,2024-12-04 19:23:25
3877,3877,902,Cash,Pending,3441.21,2026-05-11 07:31:03
3878,3878,73,Net Banking,Success,4319.83,2025-02-24 00:42:18
3879,3879,505,UPI,Failed,1977.68,2025-06-05 01:41:40
3880,3880,934,UPI,Pending,4748.98,2026-03-07 06:55:07
3881,3881,194,Cash,Failed,2475.15,2025-03-26 04:25:01
3882,3882,44,Net Banking,Failed,2178.98,2024-12-12 19:40:31
3883,3883,145,Net Banking,Success,4940.72,2025-02-28 05:08:30
3884,3884,922,UPI,Success,4979.03,2026-01-11 07:54:22
3885,3885,320,Cash,Failed,900.2,2024-08-19 19:51:16
3886,3886,218,Credit Card,Failed,771.89,2025-10-01 22:58:56
3887,3887,702,Debit Card,Success,2039.38,2025-11-21 11:10:31
3888,3888,940,Net Banking,Pending,4371.14,2025-09-27 07:56:33
3889,3889,430,Cash,Pending,929.24,2026-03-23 21:34:34
3890,3890,439,Credit Card,Pending,2734.84,2025-02-27 23:09:32
3891,3891,883,UPI,Success,4001.2,2024-07-26 08:02:05
3892,3892,888,Cash,Failed,3176.52,2025-03-02 01:58:31
3893,3893,793,Debit Card,Pending,4920.97,2026-01-26 23:35:23
3894,3894,84,Net Banking,Pending,701.65,2024-09-30 16:32:23
3895,3895,895,Cash,Success,1263.1,2025-07-03 22:38:11
3896,3896,791,Cash,Failed,3458.21,2025-05-04 11:50:11
3897,3897,443,Cash,Failed,4319.9,2026-01-30 00:25:03
3898,3898,673,Net Banking,Pending,1898.96,2025-03-14 22:36:14
3899,3899,471,Credit Card,Success,2473.59,2025-05-07 04:33:17
3900,3900,430,Credit Card,Pending,4791.44,2026-05-21 13:30:50
3901,3901,289,UPI,Failed,702.03,2025-04-09 11:24:58
3902,3902,941,Net Banking,Pending,4665.99,2024-07-17 07:06:25
3903,3903,158,Cash,Pending,1468.72,2024-09-12 17:54:34
3904,3904,49,UPI,Success,1136.0,2026-03-13 20:31:11
3905,3905,131,Cash,Success,1114.01,2025-11-22 09:19:18
3906,3906,43,UPI,Success,1181.8,2025-12-29 09:04:46
3907,3907,919,Cash,Success,1881.42,2026-03-10 03:25:59
3908,3908,524,Net Banking,Pending,2423.89,2026-02-16 20:00:06
3909,3909,26,Credit Card,Pending,373.07,2025-04-29 23:38:53
3910,3910,391,UPI,Success,393.18,2025-06-13 10:43:42
3911,3911,787,Credit Card,Pending,2314.82,2025-11-02 13:40:30
3912,3912,853,UPI,Failed,3195.61,2026-02-15 02:52:09
3913,3913,645,Cash,Pending,3450.1,2026-03-08 12:30:47
3914,3914,346,Cash,Success,1200.86,2024-07-27 10:02:48
3915,3915,663,Credit Card,Success,1852.84,2025-10-21 08:58:12
3916,3916,605,Cash,Pending,1703.68,2025-12-09 16:18:54
3917,3917,658,Net Banking,Failed,659.42,2024-06-10 12:54:15
3918,3918,935,Credit Card,Success,270.72,2025-08-15 19:54:01
3919,3919,406,Debit Card,Failed,4082.08,2026-05-25 10:15:44
3920,3920,107,Debit Card,Success,2533.1,2026-03-31 01:50:27
3921,3921,710,Net Banking,Success,998.02,2025-01-12 07:51:03
3922,3922,194,UPI,Failed,1105.47,2025-12-14 23:15:08
3923,3923,544,UPI,Success,4217.7,2024-08-31 18:20:48
3924,3924,685,Debit Card,Failed,4821.67,2026-03-23 07:03:38
3925,3925,993,Cash,Pending,4372.74,2024-12-06 23:59:41
3926,3926,997,Debit Card,Failed,3235.67,2025-09-07 16:07:26
3927,3927,978,UPI,Pending,191.68,2024-08-14 21:39:35
3928,3928,172,UPI,Success,414.73,2025-05-29 05:07:24
3929,3929,14,Cash,Success,542.96,2024-07-19 23:21:25
3930,3930,821,Cash,Pending,3162.13,2025-07-05 22:21:57
3931,3931,952,Net Banking,Failed,1357.03,2024-08-17 20:47:06
3932,3932,413,Cash,Success,3473.39,2024-08-04 15:25:01
3933,3933,879,UPI,Success,1683.96,2026-01-03 02:54:45
3934,3934,170,Debit Card,Failed,3299.68,2026-01-22 03:26:47
3935,3935,944,Net Banking,Pending,901.9,2026-01-26 17:09:11
3936,3936,898,Debit Card,Pending,2125.75,2024-06-21 07:42:15
3937,3937,845,UPI,Pending,4721.24,2026-05-12 01:00:41
3938,3938,590,UPI,Pending,1518.86,2025-05-03 14:31:24
3939,3939,569,UPI,Success,4587.68,2025-08-19 01:57:36
3940,3940,251,UPI,Pending,2517.17,2024-08-02 23:29:57
3941,3941,65,UPI,Pending,1402.28,2024-11-28 00:33:27
3942,3942,144,Credit Card,Failed,3367.65,2025-04-21 05:56:46
3943,3943,679,Cash,Failed,1026.76,2024-10-02 07:20:04
3944,3944,891,Net Banking,Success,4633.07,2024-12-08 15:32:14
3945,3945,27,Cash,Failed,3814.72,2024-09-21 07:40:11
3946,3946,358,Debit Card,Pending,1965.64,2024-06-18 02:41:09
3947,3947,864,Cash,Failed,3202.86,2026-01-19 15:00:36
3948,3948,818,Cash,Failed,2504.96,2024-10-02 03:46:42
3949,3949,768,Credit Card,Success,4875.59,2025-09-06 18:56:45
3950,3950,680,Debit Card,Pending,4596.29,2025-08-11 18:58:37
3951,3951,629,Debit Card,Pending,1069.5,2026-05-20 22:08:10
3952,3952,505,Net Banking,Pending,1910.91,2025-03-17 17:47:59
3953,3953,218,Credit Card,Success,464.48,2025-02-05 17:49:21
3954,3954,315,Credit Card,Success,183.62,2026-01-14 07:21:52
3955,3955,483,Net Banking,Success,2788.24,2026-01-09 20:23:13
3956,3956,372,Cash,Pending,922.13,2026-04-09 19:54:31
3957,3957,15,Cash,Pending,1832.52,2025-05-10 08:49:35
3958,3958,856,Credit Card,Pending,3035.42,2025-09-25 13:40:44
3959,3959,429,Debit Card,Pending,907.55,2026-03-29 15:23:48
3960,3960,89,Net Banking,Pending,3395.26,2024-10-22 05:36:21
3961,3961,255,Credit Card,Success,3334.05,2025-02-04 05:24:23
3962,3962,480,Net Banking,Pending,3170.03,2025-05-22 15:31:02
3963,3963,548,Credit Card,Success,4868.22,2026-01-04 09:26:09
3964,3964,173,Cash,Success,4470.95,2024-09-12 12:39:06
3965,3965,518,Credit Card,Pending,1817.0,2025-08-24 17:47:27
3966,3966,908,Credit Card,Success,3891.61,2024-12-05 09:44:38
3967,3967,736,Credit Card,Success,2633.56,2025-03-19 00:27:17
3968,3968,381,Cash,Failed,2705.29,2024-12-13 13:32:35
3969,3969,561,Net Banking,Pending,3087.52,2024-10-01 13:31:47
3970,3970,2,UPI,Success,3662.9,2025-07-14 20:12:25
3971,3971,784,Debit Card,Failed,2462.45,2025-10-24 10:47:07
3972,3972,702,Net Banking,Pending,789.77,2024-06-25 03:38:18
3973,3973,135,Debit Card,Success,141.12,2025-06-17 02:40:33
3974,3974,233,Net Banking,Failed,425.18,2026-05-19 21:37:14
3975,3975,672,Cash,Success,3177.7,2025-07-26 19:22:32
3976,3976,942,Net Banking,Success,2167.48,2024-10-29 13:09:36
3977,3977,54,Debit Card,Success,773.15,2025-03-17 23:14:05
3978,3978,185,Cash,Success,4243.11,2025-08-13 19:56:23
3979,3979,415,Debit Card,Failed,4844.64,2026-05-04 17:50:21
3980,3980,292,UPI,Failed,2591.51,2025-09-08 11:58:40
3981,3981,856,Cash,Pending,2878.65,2026-01-20 16:41:19
3982,3982,499,Cash,Success,4308.77,2026-03-26 21:44:51
3983,3983,663,Credit Card,Success,1211.37,2026-04-26 23:50:19
3984,3984,925,Net Banking,Failed,4052.85,2025-05-12 03:16:15
3985,3985,980,Debit Card,Failed,4620.06,2024-06-19 07:32:21
3986,3986,574,Net Banking,Pending,4957.64,2025-09-08 16:57:55
3987,3987,772,Credit Card,Success,2773.58,2024-07-01 01:02:39
3988,3988,771,Credit Card,Failed,3715.73,2024-10-02 03:09:54
3989,3989,142,Net Banking,Success,2280.36,2024-05-28 07:34:31
3990,3990,341,Net Banking,Pending,4419.04,2024-12-18 16:05:58
3991,3991,628,Cash,Failed,4458.07,2025-12-22 05:09:49
3992,3992,178,Net Banking,Failed,3217.62,2024-12-19 15:14:35
3993,3993,73,Credit Card,Pending,4713.31,2025-05-26 07:52:15
3994,3994,502,Net Banking,Pending,1422.46,2024-07-31 18:27:57
3995,3995,513,Credit Card,Success,2824.15,2026-02-10 00:25:04
3996,3996,581,UPI,Pending,2192.48,2026-02-18 02:15:49
3997,3997,317,Net Banking,Pending,899.58,2025-01-12 16:20:17
3998,3998,200,Net Banking,Pending,3886.25,2025-01-28 22:51:17
3999,3999,783,UPI,Failed,1009.63,2026-01-26 10:53:38
4000,4000,173,Cash,Failed,2686.35,2025-03-14 12:24:18
4001,4001,479,Net Banking,Success,3039.39,2026-04-24 22:53:06
4002,4002,398,Cash,Success,1602.45,2025-02-09 04:15:09
4003,4003,796,Debit Card,Pending,364.15,2024-07-22 06:04:26
4004,4004,393,Credit Card,Failed,1073.94,2026-01-13 16:05:26
4005,4005,230,Net Banking,Pending,477.73,2025-08-03 16:14:49
4006,4006,893,Cash,Failed,1370.98,2025-02-23 03:52:22
4007,4007,749,Credit Card,Failed,2526.97,2026-02-24 00:23:44
4008,4008,172,Debit Card,Pending,4835.29,2025-07-28 06:28:19
4009,4009,662,Debit Card,Pending,2047.77,2025-11-14 20:12:22
4010,4010,692,Debit Card,Failed,1730.25,2025-01-25 18:41:18
4011,4011,682,UPI,Pending,3080.76,2025-12-28 14:28:12
4012,4012,400,Cash,Failed,1000.64,2025-11-11 09:30:05
4013,4013,259,UPI,Failed,2808.12,2024-10-20 15:23:44
4014,4014,973,UPI,Success,2253.09,2025-01-25 14:16:34
4015,4015,907,Net Banking,Success,1930.19,2025-09-09 06:56:05
4016,4016,560,Cash,Pending,727.96,2025-10-21 12:21:44
4017,4017,95,Net Banking,Failed,3334.89,2025-07-14 18:21:57
4018,4018,1000,UPI,Success,2264.55,2026-02-11 20:20:15
4019,4019,643,Net Banking,Failed,1521.56,2025-12-22 03:40:31
4020,4020,328,Cash,Pending,3031.98,2025-05-03 05:21:16
4021,4021,344,Credit Card,Success,1023.71,2026-01-12 12:13:07
4022,4022,882,UPI,Pending,1742.08,2025-11-23 16:10:04
4023,4023,257,UPI,Failed,4513.64,2025-03-06 18:29:39
4024,4024,375,Cash,Pending,250.43,2024-10-23 02:33:04
4025,4025,769,Credit Card,Success,2801.57,2025-12-02 12:49:01
4026,4026,974,Debit Card,Pending,2534.51,2025-12-06 03:40:57
4027,4027,645,UPI,Failed,4510.78,2024-07-17 08:16:59
4028,4028,69,Credit Card,Pending,3353.97,2025-01-13 12:26:04
4029,4029,153,Debit Card,Pending,1892.7,2024-07-27 19:43:27
4030,4030,227,Debit Card,Failed,888.07,2024-09-10 21:59:12
4031,4031,123,UPI,Pending,357.44,2025-09-30 21:54:21
4032,4032,17,Net Banking,Success,3890.87,2025-12-22 10:28:01
4033,4033,520,Credit Card,Pending,4083.41,2025-02-23 02:25:31
4034,4034,543,UPI,Failed,1875.02,2026-05-01 17:23:40
4035,4035,701,Debit Card,Pending,1199.11,2024-12-13 16:09:47
4036,4036,906,Net Banking,Pending,3451.0,2026-03-20 18:57:49
4037,4037,718,UPI,Failed,4443.61,2024-12-27 19:51:44
4038,4038,465,Credit Card,Success,4276.0,2025-10-20 22:43:23
4039,4039,14,Cash,Success,625.44,2025-12-12 10:39:19
4040,4040,148,UPI,Pending,2254.42,2024-11-14 12:45:08
4041,4041,183,Cash,Failed,1900.23,2025-03-14 18:19:59
4042,4042,356,Debit Card,Failed,571.59,2025-11-08 21:40:00
4043,4043,872,Net Banking,Success,169.93,2024-07-31 05:22:51
4044,4044,597,Credit Card,Success,1081.72,2026-03-03 03:56:15
4045,4045,16,UPI,Failed,1350.11,2025-10-09 23:48:11
4046,4046,65,Cash,Failed,4956.86,2024-06-29 14:18:08
4047,4047,174,UPI,Pending,2204.38,2024-08-18 10:42:57
4048,4048,727,Credit Card,Success,2526.91,2025-01-30 17:54:23
4049,4049,605,Credit Card,Success,3403.41,2025-12-15 02:18:40
4050,4050,504,Cash,Failed,2970.68,2024-08-31 23:20:28
4051,4051,616,Cash,Pending,1547.19,2024-09-30 18:29:58
4052,4052,246,Credit Card,Pending,1407.84,2025-04-25 15:13:30
4053,4053,560,Credit Card,Success,2904.99,2024-10-04 16:43:18
4054,4054,129,Net Banking,Pending,1452.98,2025-04-11 12:15:25
4055,4055,701,Cash,Pending,4805.21,2025-07-31 00:58:07
4056,4056,504,Credit Card,Success,1860.93,2026-03-16 18:34:43
4057,4057,639,Credit Card,Success,3249.87,2026-02-11 11:28:12
4058,4058,834,Cash,Success,541.93,2026-02-25 08:40:40
4059,4059,766,Cash,Success,3430.42,2025-08-26 09:30:17
4060,4060,633,UPI,Pending,1944.15,2025-03-12 09:19:23
4061,4061,402,Cash,Pending,4395.21,2024-08-05 02:09:46
4062,4062,647,Cash,Success,2732.99,2024-08-24 06:41:15
4063,4063,568,Debit Card,Success,4788.62,2025-10-01 23:07:40
4064,4064,625,Credit Card,Failed,178.49,2024-07-08 20:00:20
4065,4065,978,Net Banking,Pending,2240.72,2025-05-21 04:40:22
4066,4066,597,Debit Card,Success,672.56,2025-05-20 01:14:11
4067,4067,798,Cash,Success,570.34,2024-10-11 22:48:51
4068,4068,182,Debit Card,Failed,2318.99,2025-10-06 06:39:35
4069,4069,181,Debit Card,Pending,4156.7,2025-08-18 20:44:46
4070,4070,244,Cash,Success,3801.89,2025-08-01 03:26:17
4071,4071,106,Net Banking,Pending,2194.42,2026-01-25 01:51:04
4072,4072,413,Net Banking,Pending,3698.74,2024-08-04 04:53:16
4073,4073,439,Credit Card,Pending,2529.56,2025-05-13 23:27:35
4074,4074,492,Debit Card,Success,46.14,2025-03-04 14:34:39
4075,4075,291,Cash,Success,928.07,2026-05-17 17:48:32
4076,4076,404,Credit Card,Failed,2501.18,2025-12-14 02:46:14
4077,4077,800,Debit Card,Failed,4844.16,2024-10-03 17:24:03
4078,4078,624,Credit Card,Pending,1464.54,2024-07-09 04:53:26
4079,4079,316,UPI,Pending,4682.64,2026-04-06 06:53:40
4080,4080,229,Cash,Failed,282.63,2024-12-26 13:19:35
4081,4081,72,Credit Card,Failed,3249.48,2024-06-16 20:30:48
4082,4082,490,Credit Card,Failed,2497.07,2024-08-03 13:35:15
4083,4083,187,Net Banking,Success,4205.69,2025-05-31 20:44:01
4084,4084,167,Credit Card,Failed,2311.97,2026-02-10 09:40:21
4085,4085,655,Cash,Success,1665.59,2024-10-10 03:40:43
4086,4086,665,UPI,Pending,4051.77,2025-08-10 18:29:00
4087,4087,735,Credit Card,Failed,1577.13,2025-01-12 15:33:40
4088,4088,122,Credit Card,Failed,4397.76,2025-12-18 04:22:42
4089,4089,94,Cash,Pending,2146.76,2026-03-14 04:35:50
4090,4090,868,Net Banking,Success,1552.08,2025-10-19 16:52:18
4091,4091,102,Debit Card,Pending,2989.41,2025-04-15 15:55:06
4092,4092,716,Debit Card,Success,1891.08,2025-09-23 12:25:41
4093,4093,265,UPI,Success,4248.1,2024-09-02 22:52:07
4094,4094,159,Credit Card,Failed,3263.37,2024-06-16 18:12:47
4095,4095,153,Net Banking,Success,577.07,2024-10-24 10:22:14
4096,4096,880,Net Banking,Pending,1389.96,2025-08-28 04:14:39
4097,4097,219,UPI,Success,2623.39,2025-02-07 22:02:02
4098,4098,737,Debit Card,Pending,4123.14,2025-09-18 13:19:07
4099,4099,906,Net Banking,Success,1981.23,2024-07-13 00:25:55
4100,4100,867,UPI,Pending,4111.59,2024-08-17 05:08:25
4101,4101,466,Cash,Pending,2280.77,2026-02-06 18:36:16
4102,4102,50,Credit Card,Failed,2317.14,2025-04-07 23:16:09
4103,4103,584,Debit Card,Success,3275.61,2026-05-24 19:51:24
4104,4104,532,UPI,Failed,4676.63,2024-09-21 00:00:51
4105,4105,503,Credit Card,Pending,4793.55,2025-09-16 04:58:50
4106,4106,168,Net Banking,Pending,2122.12,2026-04-23 07:58:39
4107,4107,813,Cash,Pending,2186.97,2025-09-28 15:52:26
4108,4108,767,Net Banking,Pending,4355.89,2026-02-13 21:30:25
4109,4109,402,Debit Card,Success,4998.71,2025-04-29 14:22:08
4110,4110,978,Cash,Pending,2263.2,2025-06-26 11:20:39
4111,4111,245,UPI,Failed,2755.48,2026-04-04 22:16:43
4112,4112,347,Cash,Success,731.07,2025-11-19 01:04:07
4113,4113,588,Debit Card,Pending,3671.77,2025-08-06 05:47:43
4114,4114,722,Debit Card,Pending,2524.55,2025-06-20 05:58:08
4115,4115,982,Net Banking,Pending,1510.29,2025-09-17 20:36:43
4116,4116,776,Debit Card,Failed,3227.33,2025-05-17 05:21:33
4117,4117,465,Credit Card,Pending,2602.55,2025-04-27 22:14:27
4118,4118,153,Debit Card,Success,3226.92,2026-04-06 21:19:56
4119,4119,844,Net Banking,Pending,570.97,2026-02-04 00:58:53
4120,4120,697,Net Banking,Pending,2302.42,2025-04-29 13:14:06
4121,4121,883,Net Banking,Failed,1630.7,2025-01-30 07:41:14
4122,4122,587,Credit Card,Pending,4601.74,2026-01-12 02:12:50
4123,4123,300,Debit Card,Success,2484.43,2025-04-29 23:41:15
4124,4124,466,Cash,Failed,4576.47,2026-02-24 00:52:01
4125,4125,942,Credit Card,Success,1176.85,2025-02-14 02:01:52
4126,4126,873,Cash,Failed,4754.84,2024-10-20 05:47:21
4127,4127,3,Cash,Pending,2735.18,2025-12-08 21:57:51
4128,4128,793,Debit Card,Failed,807.94,2026-01-15 17:00:54
4129,4129,545,Credit Card,Pending,1968.83,2025-08-05 00:50:37
4130,4130,834,UPI,Pending,1637.2,2025-02-13 07:22:41
4131,4131,257,Cash,Pending,1777.65,2025-04-27 06:35:22
4132,4132,551,Net Banking,Pending,3336.86,2025-07-31 07:28:03
4133,4133,270,Credit Card,Success,2355.73,2024-08-06 03:34:46
4134,4134,266,UPI,Success,3637.46,2026-02-20 09:12:34
4135,4135,722,Credit Card,Success,3969.24,2024-07-09 13:32:41
4136,4136,910,Net Banking,Failed,3205.04,2025-07-05 16:56:37
4137,4137,958,Cash,Pending,2998.24,2024-12-30 10:37:31
4138,4138,166,Net Banking,Success,2868.07,2025-04-03 05:57:09
4139,4139,442,Debit Card,Pending,2726.29,2024-09-19 13:15:17
4140,4140,492,Net Banking,Pending,2258.76,2024-10-12 15:22:06
4141,4141,441,UPI,Failed,3733.34,2026-05-22 00:32:25
4142,4142,700,Cash,Failed,1967.15,2026-03-03 03:59:27
4143,4143,177,Cash,Success,1417.8,2024-08-14 12:28:46
4144,4144,369,UPI,Failed,1912.52,2025-10-28 01:12:55
4145,4145,565,Net Banking,Pending,3871.28,2025-03-20 05:56:48
4146,4146,216,Debit Card,Pending,1713.14,2026-05-03 17:34:34
4147,4147,127,Debit Card,Success,2838.08,2025-09-26 14:36:22
4148,4148,866,Cash,Failed,1878.14,2025-05-23 15:01:18
4149,4149,928,Credit Card,Failed,4474.46,2024-09-11 18:09:47
4150,4150,559,UPI,Pending,2439.32,2025-12-12 03:32:26
4151,4151,882,Net Banking,Success,2424.23,2024-07-02 17:26:29
4152,4152,945,Net Banking,Pending,4116.19,2024-07-09 19:59:52
4153,4153,157,Net Banking,Success,4860.92,2026-01-24 20:55:01
4154,4154,645,Credit Card,Pending,3195.95,2024-10-26 16:35:22
4155,4155,146,UPI,Success,2910.19,2024-11-02 23:36:13
4156,4156,947,Debit Card,Pending,3972.52,2026-03-05 20:49:02
4157,4157,517,Debit Card,Failed,2254.28,2024-06-26 23:51:05
4158,4158,833,UPI,Failed,2467.51,2026-05-17 11:18:47
4159,4159,127,Cash,Success,914.59,2026-04-12 01:12:11
4160,4160,995,Debit Card,Failed,2964.04,2025-02-15 19:19:11
4161,4161,133,Debit Card,Pending,4339.38,2024-10-19 00:09:47
4162,4162,605,Cash,Failed,2970.32,2026-01-14 10:38:19
4163,4163,816,Credit Card,Pending,3786.35,2024-07-08 20:24:49
4164,4164,548,UPI,Pending,4008.78,2024-06-25 13:21:40
4165,4165,640,Cash,Failed,1968.44,2025-07-07 02:13:46
4166,4166,87,Cash,Pending,1149.23,2025-07-25 15:30:40
4167,4167,278,Cash,Success,944.32,2025-02-24 11:59:17
4168,4168,673,Cash,Pending,2559.1,2025-04-25 12:11:49
4169,4169,227,Net Banking,Success,2699.12,2025-02-28 01:31:53
4170,4170,15,UPI,Success,2129.26,2026-01-09 15:52:55
4171,4171,884,Debit Card,Pending,2672.65,2025-11-29 20:07:24
4172,4172,146,Net Banking,Failed,3547.74,2024-11-28 14:17:21
4173,4173,12,Credit Card,Success,2104.46,2025-12-19 10:49:17
4174,4174,664,Credit Card,Failed,3812.45,2025-09-14 06:53:31
4175,4175,674,Net Banking,Failed,3164.66,2024-06-07 11:28:55
4176,4176,644,UPI,Pending,2942.81,2026-01-03 21:04:24
4177,4177,895,UPI,Success,3161.21,2025-06-17 21:38:06
4178,4178,934,Net Banking,Success,1135.39,2024-09-17 13:44:30
4179,4179,387,Cash,Failed,4675.78,2025-03-17 03:07:56
4180,4180,268,UPI,Success,433.57,2026-03-20 07:53:36
4181,4181,400,Credit Card,Pending,615.51,2025-02-14 03:14:48
4182,4182,836,UPI,Success,4708.27,2024-11-02 14:06:18
4183,4183,856,UPI,Failed,1548.49,2025-01-31 16:10:55
4184,4184,674,Net Banking,Failed,3859.65,2026-02-18 22:02:16
4185,4185,214,Credit Card,Success,3802.59,2024-05-27 08:25:56
4186,4186,563,Cash,Success,4098.5,2024-09-26 14:26:05
4187,4187,410,Credit Card,Pending,2046.79,2026-03-29 06:44:19
4188,4188,155,UPI,Failed,2619.12,2024-10-03 15:15:15
4189,4189,907,Credit Card,Pending,3486.35,2026-04-11 13:44:52
4190,4190,516,Cash,Success,183.84,2025-08-06 07:20:57
4191,4191,868,Net Banking,Success,2736.77,2026-04-16 20:18:46
4192,4192,101,UPI,Failed,2846.58,2024-10-25 19:05:22
4193,4193,65,Net Banking,Pending,766.26,2024-11-02 04:33:13
4194,4194,804,Debit Card,Failed,4353.55,2025-03-20 16:37:29
4195,4195,262,Net Banking,Failed,4898.25,2026-02-28 13:15:39
4196,4196,431,Debit Card,Success,3038.39,2025-09-09 23:46:34
4197,4197,668,UPI,Pending,1485.8,2026-05-03 07:34:57
4198,4198,320,Debit Card,Success,3809.07,2024-10-02 22:03:53
4199,4199,307,Cash,Failed,4135.56,2025-09-03 05:46:06
4200,4200,417,UPI,Success,3301.67,2025-10-01 19:32:57
4201,4201,312,Cash,Success,199.35,2025-05-16 23:42:25
4202,4202,690,Net Banking,Failed,1634.93,2025-02-19 06:48:10
4203,4203,227,Debit Card,Success,2393.49,2026-02-24 14:26:55
4204,4204,925,Net Banking,Success,3124.25,2026-04-09 22:27:18
4205,4205,462,Cash,Pending,635.52,2024-11-21 08:27:26
4206,4206,258,Cash,Failed,1776.99,2026-03-01 18:02:16
4207,4207,762,Cash,Failed,1016.14,2025-04-10 08:47:16
4208,4208,839,UPI,Failed,1137.69,2025-12-20 22:37:50
4209,4209,631,Debit Card,Failed,4471.3,2024-11-10 10:46:01
4210,4210,209,Debit Card,Pending,670.74,2024-12-30 03:09:04
4211,4211,629,Credit Card,Failed,811.34,2025-01-18 23:58:22
4212,4212,769,Credit Card,Pending,3029.4,2024-06-11 16:51:56
4213,4213,685,Debit Card,Success,1072.5,2025-06-29 10:19:37
4214,4214,723,Debit Card,Failed,3449.15,2025-05-30 08:07:47
4215,4215,610,UPI,Pending,649.5,2024-12-28 20:27:21
4216,4216,519,UPI,Failed,4341.73,2024-11-25 04:23:05
4217,4217,465,Cash,Success,1451.06,2025-03-18 21:46:09
4218,4218,206,UPI,Failed,3794.52,2025-04-13 21:51:27
4219,4219,467,Debit Card,Success,3161.21,2025-08-28 01:43:17
4220,4220,329,Credit Card,Success,1177.19,2025-06-26 16:43:46
4221,4221,688,Cash,Failed,835.99,2024-08-08 07:18:02
4222,4222,488,Credit Card,Pending,4815.62,2025-07-24 11:51:49
4223,4223,411,Net Banking,Success,340.26,2024-11-06 02:21:40
4224,4224,974,Debit Card,Success,3851.72,2025-07-11 10:56:11
4225,4225,471,Net Banking,Success,764.91,2025-08-20 23:08:18
4226,4226,889,Cash,Success,2577.31,2025-06-11 19:30:06
4227,4227,82,Debit Card,Failed,4275.48,2025-10-25 13:16:55
4228,4228,558,Debit Card,Success,3431.85,2025-07-04 01:58:00
4229,4229,866,Net Banking,Success,1176.76,2024-09-02 08:17:58
4230,4230,422,Debit Card,Success,4493.61,2024-12-06 18:09:51
4231,4231,479,Credit Card,Failed,4756.96,2025-03-11 15:35:38
4232,4232,539,UPI,Success,2852.46,2026-01-09 06:04:51
4233,4233,685,Credit Card,Success,2823.94,2025-11-09 11:16:35
4234,4234,231,UPI,Pending,3446.37,2025-02-01 14:19:57
4235,4235,379,Net Banking,Success,118.49,2026-02-28 22:17:09
4236,4236,652,Cash,Success,4498.78,2026-02-03 09:11:31
4237,4237,463,UPI,Success,1926.02,2026-05-16 07:39:21
4238,4238,31,Debit Card,Pending,1089.35,2024-10-25 06:35:16
4239,4239,258,Cash,Pending,4631.0,2026-01-14 03:33:28
4240,4240,531,Cash,Pending,4252.91,2025-02-27 14:11:49
4241,4241,756,Cash,Success,1302.5,2025-10-24 04:40:29
4242,4242,981,Net Banking,Failed,2538.44,2026-02-16 08:16:38
4243,4243,525,Credit Card,Success,1175.98,2025-03-28 00:48:50
4244,4244,845,Credit Card,Success,1795.2,2025-11-05 13:29:22
4245,4245,902,Cash,Failed,1615.19,2025-11-29 21:23:30
4246,4246,641,UPI,Failed,4316.02,2026-03-16 19:36:48
4247,4247,551,Credit Card,Success,4733.96,2026-03-18 12:52:42
4248,4248,810,Cash,Success,3197.63,2024-09-18 19:03:35
4249,4249,448,Net Banking,Pending,3645.73,2024-07-17 19:32:10
4250,4250,717,Debit Card,Success,3236.77,2026-05-07 09:04:32
4251,4251,530,Cash,Success,2613.15,2025-08-20 23:02:33
4252,4252,375,UPI,Success,223.0,2024-07-05 20:50:02
4253,4253,212,Cash,Success,1492.11,2024-09-14 03:25:45
4254,4254,745,Credit Card,Pending,2840.06,2025-08-23 16:55:08
4255,4255,365,Cash,Success,1757.14,2025-07-01 06:29:53
4256,4256,794,Credit Card,Failed,1351.45,2025-02-25 13:20:51
4257,4257,612,Net Banking,Failed,1239.92,2026-03-19 17:58:53
4258,4258,354,Credit Card,Failed,4397.49,2025-02-03 02:34:41
4259,4259,303,Debit Card,Failed,1732.57,2026-02-27 08:12:33
4260,4260,262,Net Banking,Success,4126.42,2025-09-14 11:12:16
4261,4261,888,UPI,Failed,1535.84,2025-07-24 13:54:04
4262,4262,160,Cash,Pending,620.13,2025-06-21 16:40:25
4263,4263,347,Cash,Pending,970.35,2025-04-04 02:49:55
4264,4264,293,Debit Card,Pending,3007.56,2024-10-24 05:31:15
4265,4265,896,Net Banking,Failed,3957.73,2026-05-18 03:09:39
4266,4266,781,Cash,Success,2341.68,2026-05-06 19:18:38
4267,4267,529,Net Banking,Success,4193.37,2026-04-01 06:24:24
4268,4268,168,Credit Card,Pending,1090.71,2024-06-22 02:33:57
4269,4269,744,Credit Card,Pending,871.05,2025-05-15 12:03:38
4270,4270,430,Net Banking,Pending,2447.1,2025-05-09 08:14:58
4271,4271,847,Credit Card,Failed,1084.17,2025-08-28 02:37:38
4272,4272,45,Debit Card,Failed,3986.43,2025-06-05 10:29:41
4273,4273,365,Net Banking,Pending,1572.51,2026-01-06 16:56:17
4274,4274,936,Credit Card,Pending,4560.7,2024-09-08 10:54:10
4275,4275,379,Debit Card,Pending,3763.48,2025-12-08 21:07:29
4276,4276,19,Credit Card,Failed,4022.14,2025-12-06 04:39:03
4277,4277,749,Credit Card,Success,996.41,2026-05-23 15:40:06
4278,4278,321,Cash,Failed,4239.03,2025-05-27 01:42:18
4279,4279,344,UPI,Pending,2662.83,2024-07-26 12:16:13
4280,4280,47,Cash,Pending,2703.46,2025-04-15 21:41:18
4281,4281,400,Cash,Success,4037.81,2026-05-19 06:41:06
4282,4282,222,Credit Card,Failed,3337.57,2025-10-31 01:02:46
4283,4283,405,Credit Card,Pending,1808.68,2025-05-14 14:02:37
4284,4284,194,Debit Card,Failed,206.67,2025-07-28 18:26:11
4285,4285,324,Cash,Success,1587.84,2026-01-03 21:20:47
4286,4286,279,Net Banking,Pending,2553.38,2026-02-21 23:08:13
4287,4287,534,Credit Card,Success,444.33,2025-08-30 14:01:03
4288,4288,656,Debit Card,Success,1240.73,2026-04-17 15:43:16
4289,4289,770,Credit Card,Success,4045.51,2024-09-07 21:11:54
4290,4290,417,Credit Card,Pending,3738.4,2024-10-09 05:05:56
4291,4291,270,UPI,Success,1077.83,2025-01-26 17:10:51
4292,4292,278,Credit Card,Failed,3647.0,2025-02-19 13:26:03
4293,4293,223,Net Banking,Pending,1044.67,2025-05-23 11:09:33
4294,4294,322,Credit Card,Pending,4682.66,2025-03-31 04:09:57
4295,4295,901,UPI,Success,1077.39,2024-06-14 20:40:50
4296,4296,992,UPI,Failed,1897.39,2025-04-03 06:43:19
4297,4297,757,Cash,Pending,2381.41,2026-03-23 21:42:42
4298,4298,395,Net Banking,Failed,4545.6,2025-07-16 14:30:04
4299,4299,136,Cash,Success,4065.85,2026-01-05 19:44:04
4300,4300,446,Net Banking,Success,841.35,2024-11-15 09:11:00
4301,4301,939,Cash,Success,2976.85,2024-06-09 23:03:38
4302,4302,589,UPI,Pending,905.75,2025-02-05 20:50:16
4303,4303,3,Cash,Success,2677.58,2025-03-31 14:37:20
4304,4304,194,Credit Card,Failed,3363.34,2025-02-05 15:02:06
4305,4305,918,Net Banking,Failed,458.85,2026-02-06 00:47:45
4306,4306,864,Credit Card,Failed,1844.75,2024-11-14 03:34:01
4307,4307,941,UPI,Pending,2471.98,2025-07-22 13:00:01
4308,4308,80,Debit Card,Pending,1040.08,2024-08-01 06:45:35
4309,4309,843,Debit Card,Success,2232.86,2025-08-03 11:01:18
4310,4310,300,Debit Card,Success,2140.7,2026-02-24 13:06:58
4311,4311,209,UPI,Success,3610.74,2024-09-15 17:43:20
4312,4312,84,Debit Card,Pending,3748.8,2025-05-07 19:56:48
4313,4313,826,Debit Card,Success,2022.66,2024-11-14 13:33:47
4314,4314,583,Credit Card,Pending,2979.87,2025-04-24 17:34:32
4315,4315,714,UPI,Failed,3939.22,2025-07-11 13:34:13
4316,4316,250,Cash,Success,339.82,2024-05-27 03:09:08
4317,4317,235,UPI,Failed,986.28,2026-03-04 00:38:56
4318,4318,196,Cash,Failed,1904.43,2025-09-07 11:03:21
4319,4319,95,Debit Card,Failed,297.32,2024-10-14 23:41:57
4320,4320,640,Debit Card,Failed,433.33,2025-01-29 16:54:20
4321,4321,17,Cash,Failed,4803.55,2026-03-26 05:07:26
4322,4322,972,Net Banking,Pending,4335.77,2024-10-02 12:01:01
4323,4323,302,Credit Card,Success,2811.88,2026-05-16 17:39:23
4324,4324,315,Debit Card,Success,309.07,2025-03-19 00:50:46
4325,4325,808,Credit Card,Success,3161.11,2025-09-07 15:14:26
4326,4326,135,UPI,Success,2425.93,2025-03-29 01:53:44
4327,4327,148,UPI,Failed,1822.66,2026-02-21 15:06:22
4328,4328,311,Cash,Success,4681.92,2024-07-22 12:51:29
4329,4329,37,Cash,Pending,2254.16,2025-06-11 22:44:53
4330,4330,752,UPI,Failed,2923.34,2024-09-13 14:06:58
4331,4331,871,Debit Card,Success,375.26,2025-12-29 09:30:15
4332,4332,994,Debit Card,Success,2937.61,2025-09-27 12:42:09
4333,4333,729,Debit Card,Pending,3691.88,2025-12-17 02:29:09
4334,4334,673,UPI,Pending,2747.79,2026-01-25 03:59:21
4335,4335,340,Debit Card,Success,2471.09,2025-09-28 01:59:18
4336,4336,890,Net Banking,Success,2912.41,2026-03-13 03:04:36
4337,4337,855,Cash,Failed,2049.11,2025-05-16 15:36:28
4338,4338,259,Debit Card,Failed,2113.49,2026-01-12 18:09:06
4339,4339,297,Net Banking,Failed,3572.67,2024-06-04 07:27:50
4340,4340,168,UPI,Failed,3237.88,2025-03-04 14:04:01
4341,4341,223,Net Banking,Failed,4224.63,2026-02-11 12:03:29
4342,4342,209,Debit Card,Success,996.44,2026-01-11 21:42:40
4343,4343,594,Cash,Failed,2605.92,2025-07-18 00:15:49
4344,4344,594,Credit Card,Success,2141.16,2024-10-08 17:37:51
4345,4345,316,Net Banking,Failed,2956.12,2025-12-31 11:17:56
4346,4346,737,Cash,Failed,3085.36,2025-08-09 16:31:05
4347,4347,789,Debit Card,Success,533.49,2025-03-23 19:27:27
4348,4348,915,Debit Card,Success,3881.73,2024-10-19 17:09:30
4349,4349,190,Debit Card,Success,443.27,2025-10-18 07:51:25
4350,4350,194,Net Banking,Success,3842.09,2025-01-26 17:20:42
4351,4351,635,Credit Card,Success,71.21,2025-10-15 01:24:31
4352,4352,115,Net Banking,Success,1651.35,2025-10-08 16:10:05
4353,4353,972,Debit Card,Failed,108.32,2025-10-17 12:57:26
4354,4354,568,Net Banking,Pending,3145.7,2024-10-05 18:30:54
4355,4355,720,Credit Card,Failed,3738.79,2024-10-30 06:02:28
4356,4356,114,Debit Card,Success,102.2,2025-03-26 14:53:15
4357,4357,610,Debit Card,Pending,4812.25,2024-07-05 20:36:52
4358,4358,933,UPI,Success,1994.77,2025-10-16 18:18:22
4359,4359,850,Credit Card,Failed,1077.64,2025-09-16 17:43:17
4360,4360,463,Net Banking,Failed,4206.85,2024-07-30 11:27:47
4361,4361,911,Credit Card,Pending,2098.08,2025-04-15 10:08:32
4362,4362,976,Cash,Success,3681.47,2025-10-12 01:38:27
4363,4363,290,Net Banking,Pending,2948.49,2025-03-29 07:38:49
4364,4364,558,Cash,Failed,3269.27,2025-05-17 01:34:29
4365,4365,735,Cash,Failed,1874.89,2025-12-09 03:06:01
4366,4366,928,UPI,Success,1688.25,2024-11-06 20:14:41
4367,4367,807,Debit Card,Failed,1483.47,2025-01-03 22:00:38
4368,4368,673,Cash,Failed,403.54,2025-07-04 00:57:22
4369,4369,22,Debit Card,Pending,4150.65,2026-03-25 17:54:48
4370,4370,983,UPI,Success,2274.16,2024-11-16 12:56:33
4371,4371,390,Credit Card,Pending,2473.87,2024-07-28 22:29:04
4372,4372,867,Cash,Success,2375.57,2025-08-27 16:32:29
4373,4373,538,Credit Card,Pending,3031.26,2025-07-06 13:22:49
4374,4374,4,Net Banking,Success,4078.58,2025-06-22 09:54:12
4375,4375,115,Credit Card,Failed,3501.26,2025-01-27 16:09:44
4376,4376,584,Credit Card,Failed,793.15,2026-05-06 08:26:29
4377,4377,269,Net Banking,Pending,3944.33,2024-11-22 03:57:37
4378,4378,773,Credit Card,Failed,4340.98,2025-03-28 17:32:47
4379,4379,447,Debit Card,Success,4483.87,2026-02-03 22:01:34
4380,4380,451,Net Banking,Success,223.04,2026-05-19 05:20:50
4381,4381,773,Cash,Pending,91.33,2024-08-27 23:44:00
4382,4382,275,Cash,Failed,3311.92,2024-12-12 20:18:29
4383,4383,432,Cash,Failed,291.61,2025-06-17 04:09:05
4384,4384,782,Cash,Pending,4866.9,2024-11-04 20:07:38
4385,4385,998,Debit Card,Failed,2753.11,2025-10-25 05:04:01
4386,4386,346,UPI,Success,3265.7,2025-05-26 05:36:01
4387,4387,745,Cash,Failed,2412.02,2024-09-02 08:13:18
4388,4388,848,Debit Card,Failed,2010.04,2025-06-30 12:27:02
4389,4389,753,Debit Card,Pending,3111.36,2026-03-02 11:52:07
4390,4390,312,Debit Card,Failed,2536.19,2025-10-24 09:58:53
4391,4391,663,Credit Card,Pending,2735.6,2024-10-28 22:20:24
4392,4392,406,Debit Card,Success,1805.76,2026-02-24 21:43:42
4393,4393,817,Cash,Failed,986.64,2025-07-17 06:45:32
4394,4394,618,Debit Card,Success,2999.1,2025-09-13 07:06:01
4395,4395,18,UPI,Failed,4070.1,2025-03-01 18:39:43
4396,4396,837,Cash,Success,277.44,2026-01-22 08:14:34
4397,4397,769,Credit Card,Pending,3499.1,2025-10-29 23:09:14
4398,4398,238,Credit Card,Success,4833.71,2025-02-08 06:44:59
4399,4399,169,Net Banking,Failed,908.74,2025-12-24 07:44:13
4400,4400,664,Net Banking,Failed,4260.28,2026-04-27 19:27:18
4401,4401,891,Credit Card,Failed,800.75,2026-05-21 10:32:34
4402,4402,966,Credit Card,Failed,2398.97,2025-04-20 06:43:53
4403,4403,522,Net Banking,Pending,3972.58,2026-03-06 02:57:47
4404,4404,133,Debit Card,Pending,2540.84,2026-05-23 15:59:27
4405,4405,247,Debit Card,Success,2970.42,2025-01-15 02:01:58
4406,4406,450,UPI,Success,3020.57,2025-07-02 22:59:29
4407,4407,484,UPI,Pending,1449.8,2025-10-15 15:31:06
4408,4408,771,Cash,Failed,4018.84,2024-06-06 06:20:35
4409,4409,190,Cash,Failed,1168.93,2024-07-24 04:50:04
4410,4410,383,Credit Card,Success,3093.54,2026-05-04 19:32:13
4411,4411,639,UPI,Success,4620.09,2026-05-24 10:41:34
4412,4412,695,Net Banking,Success,2242.83,2026-02-25 00:13:08
4413,4413,63,Cash,Success,71.91,2025-12-22 15:09:37
4414,4414,274,UPI,Pending,1527.21,2024-09-28 22:59:05
4415,4415,868,UPI,Pending,1665.95,2026-03-10 16:07:26
4416,4416,57,Credit Card,Failed,701.79,2025-01-11 19:22:40
4417,4417,461,Debit Card,Success,905.74,2025-01-13 17:02:37
4418,4418,208,Net Banking,Success,4755.99,2026-04-01 22:57:45
4419,4419,901,Debit Card,Success,1200.83,2024-12-28 13:40:09
4420,4420,769,UPI,Pending,3388.32,2025-01-27 22:59:18
4421,4421,298,Cash,Pending,1701.26,2026-03-23 04:12:04
4422,4422,33,Debit Card,Failed,1046.11,2025-02-17 05:21:47
4423,4423,702,UPI,Failed,2110.84,2025-01-29 04:30:58
4424,4424,125,Debit Card,Failed,2826.15,2025-04-28 12:25:17
4425,4425,9,Credit Card,Pending,3724.48,2025-05-13 18:01:42
4426,4426,927,Credit Card,Success,3663.36,2025-07-20 05:06:16
4427,4427,64,UPI,Pending,413.03,2026-02-02 05:09:28
4428,4428,592,Credit Card,Pending,3474.34,2024-11-10 08:15:31
4429,4429,1,Net Banking,Failed,2769.82,2026-02-15 18:08:06
4430,4430,662,Debit Card,Failed,4915.41,2026-05-19 05:56:27
4431,4431,803,Credit Card,Success,3715.22,2025-07-09 10:44:35
4432,4432,381,UPI,Success,4733.42,2026-01-05 14:58:58
4433,4433,424,Debit Card,Success,2572.19,2025-10-04 13:18:06
4434,4434,492,Debit Card,Success,4656.76,2025-10-18 17:08:30
4435,4435,187,Net Banking,Failed,190.01,2024-09-22 10:24:24
4436,4436,938,Cash,Failed,4413.16,2025-08-25 04:43:36
4437,4437,157,Net Banking,Success,4134.91,2025-03-23 21:48:09
4438,4438,239,UPI,Pending,4334.45,2025-03-27 02:52:18
4439,4439,455,UPI,Success,2598.51,2024-10-26 20:36:53
4440,4440,855,Cash,Failed,392.72,2025-04-04 14:32:29
4441,4441,113,Debit Card,Pending,3917.81,2024-08-16 06:13:27
4442,4442,141,UPI,Failed,577.25,2025-09-14 21:24:41
4443,4443,111,Cash,Success,2896.54,2024-06-06 05:10:10
4444,4444,94,Debit Card,Success,3806.54,2024-08-01 00:34:46
4445,4445,993,Cash,Success,3893.43,2025-06-14 19:16:33
4446,4446,557,Net Banking,Pending,987.15,2026-03-06 11:50:30
4447,4447,253,Debit Card,Success,3354.35,2025-01-06 14:53:14
4448,4448,848,Net Banking,Success,2781.67,2025-11-11 17:36:57
4449,4449,481,UPI,Success,4772.96,2024-12-09 03:39:28
4450,4450,607,UPI,Pending,780.27,2024-08-04 23:10:22
4451,4451,997,Cash,Failed,361.47,2025-03-19 21:25:23
4452,4452,316,Debit Card,Failed,1993.39,2026-05-04 15:43:51
4453,4453,298,Net Banking,Pending,906.19,2024-09-18 07:50:55
4454,4454,351,UPI,Success,4628.02,2024-08-28 23:29:40
4455,4455,454,UPI,Success,3760.41,2026-05-04 15:28:30
4456,4456,760,Cash,Failed,1480.92,2025-12-06 19:03:11
4457,4457,764,Cash,Failed,4027.4,2025-02-19 22:23:59
4458,4458,773,Net Banking,Failed,2544.95,2026-03-01 17:12:35
4459,4459,263,Debit Card,Success,1524.61,2024-06-30 03:03:10
4460,4460,429,UPI,Success,1006.1,2025-02-19 07:27:51
4461,4461,812,Net Banking,Success,3356.24,2025-11-16 06:35:07
4462,4462,245,Cash,Pending,1241.26,2024-10-17 04:11:38
4463,4463,322,Debit Card,Success,3417.69,2025-09-23 18:17:42
4464,4464,332,Net Banking,Success,904.96,2026-05-09 07:01:30
4465,4465,96,Debit Card,Failed,1532.72,2025-09-30 00:37:43
4466,4466,962,Credit Card,Pending,3828.73,2025-02-07 05:11:21
4467,4467,644,Debit Card,Pending,3281.69,2026-02-01 18:15:39
4468,4468,68,Net Banking,Success,926.52,2024-07-27 18:28:19
4469,4469,47,Debit Card,Pending,3732.76,2024-10-23 06:30:06
4470,4470,37,Credit Card,Pending,3688.07,2025-01-01 05:27:20
4471,4471,736,Credit Card,Success,1344.87,2026-02-19 16:06:17
4472,4472,105,Cash,Failed,3203.77,2024-07-03 18:08:23
4473,4473,551,Credit Card,Pending,1492.56,2025-07-23 12:10:47
4474,4474,840,Credit Card,Failed,4855.13,2024-11-16 15:44:32
4475,4475,120,UPI,Success,4110.21,2025-08-06 17:35:31
4476,4476,19,Debit Card,Failed,2085.59,2024-06-17 05:57:03
4477,4477,967,Debit Card,Success,4888.46,2025-02-09 18:37:28
4478,4478,40,Cash,Failed,2682.04,2024-06-24 09:52:54
4479,4479,172,Credit Card,Success,1433.31,2025-09-14 05:05:26
4480,4480,117,Cash,Success,2080.27,2026-04-23 13:36:14
4481,4481,479,Net Banking,Pending,2310.95,2025-06-01 14:36:24
4482,4482,984,Cash,Success,1905.25,2026-04-16 21:26:25
4483,4483,762,Cash,Pending,2832.48,2024-10-25 12:16:59
4484,4484,248,Credit Card,Pending,4996.42,2025-12-15 08:45:16
4485,4485,710,UPI,Pending,3521.47,2025-11-27 15:03:44
4486,4486,412,Net Banking,Pending,698.9,2024-11-24 00:35:18
4487,4487,97,Cash,Failed,3531.11,2024-06-03 02:26:11
4488,4488,864,Cash,Pending,4893.17,2024-08-14 01:11:40
4489,4489,929,Credit Card,Pending,1361.57,2024-12-10 10:11:56
4490,4490,783,Credit Card,Failed,2178.29,2025-02-27 08:25:36
4491,4491,646,Net Banking,Pending,1856.48,2025-06-23 20:23:49
4492,4492,696,UPI,Failed,2899.96,2025-10-16 08:14:28
4493,4493,11,Debit Card,Failed,1049.2,2026-04-02 13:14:17
4494,4494,123,UPI,Success,2712.41,2025-08-23 01:28:08
4495,4495,113,Net Banking,Pending,1859.09,2025-01-26 22:06:31
4496,4496,234,Credit Card,Pending,3562.91,2025-02-28 05:06:22
4497,4497,50,UPI,Pending,4153.49,2025-12-26 17:59:29
4498,4498,822,UPI,Pending,1229.35,2024-09-28 18:34:51
4499,4499,844,Cash,Failed,1769.98,2026-05-24 20:02:27
4500,4500,948,Cash,Success,2112.01,2024-06-21 01:18:25
4501,4501,688,Credit Card,Pending,4809.24,2025-05-25 01:11:06
4502,4502,955,Credit Card,Failed,3401.02,2025-09-18 06:33:14
4503,4503,227,UPI,Pending,4528.29,2025-04-22 12:28:07
4504,4504,903,Debit Card,Success,499.7,2024-06-20 03:59:23
4505,4505,544,Credit Card,Success,1468.62,2025-08-06 21:16:34
4506,4506,783,UPI,Success,4055.17,2025-10-01 15:28:35
4507,4507,728,Debit Card,Failed,4769.88,2024-07-18 06:37:20
4508,4508,357,Cash,Failed,3750.31,2024-09-13 18:13:06
4509,4509,3,Debit Card,Failed,929.02,2026-02-17 15:37:54
4510,4510,956,Debit Card,Success,1348.68,2025-04-21 02:47:48
4511,4511,584,Cash,Pending,2334.06,2024-12-31 11:44:30
4512,4512,258,Net Banking,Success,674.41,2025-04-16 17:05:24
4513,4513,515,Net Banking,Pending,4017.87,2026-03-05 03:11:23
4514,4514,167,UPI,Pending,4401.86,2025-05-19 10:30:21
4515,4515,421,Cash,Failed,4942.76,2024-10-23 10:46:19
4516,4516,189,Debit Card,Success,920.89,2024-10-12 02:30:57
4517,4517,750,Net Banking,Success,1693.45,2025-04-13 18:53:31
4518,4518,535,Debit Card,Pending,3104.1,2025-05-27 03:29:56
4519,4519,958,Net Banking,Pending,2640.33,2025-10-07 07:22:29
4520,4520,498,Net Banking,Success,4771.89,2025-06-18 18:46:38
4521,4521,122,Debit Card,Pending,4835.48,2024-11-12 05:23:12
4522,4522,113,Credit Card,Pending,3419.76,2024-06-01 05:29:27
4523,4523,228,UPI,Pending,1622.66,2025-09-07 03:05:50
4524,4524,39,UPI,Pending,2063.51,2025-04-18 17:25:53
4525,4525,768,Debit Card,Failed,1010.13,2025-12-02 22:27:51
4526,4526,430,Credit Card,Pending,2624.6,2024-10-26 20:08:59
4527,4527,763,Debit Card,Success,2910.56,2026-04-06 06:41:31
4528,4528,147,Credit Card,Failed,1706.35,2025-06-13 04:01:31
4529,4529,930,Net Banking,Pending,911.46,2026-04-23 01:40:22
4530,4530,786,Credit Card,Pending,3236.1,2025-04-28 10:16:22
4531,4531,442,Debit Card,Success,4176.63,2026-05-08 11:13:24
4532,4532,624,Cash,Pending,2041.86,2025-11-19 19:34:13
4533,4533,682,Cash,Pending,4973.26,2024-09-29 11:58:58
4534,4534,96,Credit Card,Failed,2208.89,2025-04-18 19:24:39
4535,4535,832,Credit Card,Failed,1839.98,2025-09-17 14:51:43
4536,4536,83,UPI,Pending,137.42,2026-02-05 08:12:36
4537,4537,718,Credit Card,Pending,3589.72,2025-02-06 10:41:00
4538,4538,206,Debit Card,Failed,1632.11,2024-09-30 03:34:19
4539,4539,251,Cash,Success,4423.14,2025-03-07 02:40:26
4540,4540,159,Cash,Failed,1272.02,2025-04-27 06:20:41
4541,4541,560,Credit Card,Failed,1799.72,2026-01-24 06:15:32
4542,4542,277,Net Banking,Success,1587.41,2025-08-26 09:22:05
4543,4543,214,Net Banking,Pending,3482.29,2025-05-01 00:43:35
4544,4544,693,Credit Card,Success,1280.31,2025-04-10 21:08:03
4545,4545,355,UPI,Pending,1460.97,2025-05-24 16:58:02
4546,4546,655,UPI,Success,1963.3,2025-10-15 21:52:10
4547,4547,900,UPI,Success,3533.92,2026-05-09 15:41:17
4548,4548,686,Debit Card,Pending,3397.63,2024-08-12 03:47:00
4549,4549,547,Net Banking,Failed,2617.2,2025-06-13 21:58:29
4550,4550,339,Cash,Failed,468.6,2025-08-24 08:17:31
4551,4551,805,UPI,Success,178.84,2025-06-09 10:14:17
4552,4552,963,Debit Card,Pending,4067.5,2024-07-23 21:17:15
4553,4553,978,UPI,Pending,3655.94,2024-07-02 16:43:41
4554,4554,522,Credit Card,Pending,410.76,2025-05-25 02:25:42
4555,4555,808,Credit Card,Pending,2294.82,2026-03-16 05:29:15
4556,4556,752,Cash,Failed,3025.21,2025-05-13 15:01:15
4557,4557,364,Debit Card,Pending,2921.32,2024-11-30 05:25:26
4558,4558,45,Debit Card,Success,3618.85,2025-02-27 15:47:17
4559,4559,924,UPI,Success,1420.43,2025-08-05 15:29:16
4560,4560,762,Debit Card,Failed,378.77,2024-10-24 02:33:05
4561,4561,111,UPI,Failed,4796.03,2024-12-31 14:43:33
4562,4562,523,Net Banking,Pending,2724.84,2025-07-19 17:46:34
4563,4563,859,Net Banking,Failed,3164.64,2024-11-21 13:46:40
4564,4564,125,Net Banking,Pending,3716.88,2025-12-17 12:05:26
4565,4565,592,Net Banking,Failed,4283.71,2024-10-09 00:19:59
4566,4566,396,Net Banking,Failed,4683.57,2025-05-04 09:05:48
4567,4567,955,Cash,Failed,1227.74,2025-10-17 10:16:17
4568,4568,82,Credit Card,Pending,4618.77,2025-05-21 08:20:49
4569,4569,481,Cash,Pending,1099.85,2025-10-30 07:32:40
4570,4570,314,UPI,Success,1944.39,2025-11-15 05:36:53
4571,4571,827,Cash,Pending,4837.26,2024-08-09 00:14:36
4572,4572,99,UPI,Success,2877.69,2026-04-30 07:10:46
4573,4573,112,UPI,Pending,4869.49,2025-05-21 21:30:18
4574,4574,557,UPI,Failed,2935.39,2025-08-26 04:07:12
4575,4575,426,Debit Card,Success,3061.67,2026-01-19 00:49:09
4576,4576,568,Credit Card,Pending,1232.16,2024-10-20 21:09:26
4577,4577,100,Credit Card,Failed,1063.36,2024-09-15 10:34:26
4578,4578,571,Net Banking,Failed,3646.63,2025-10-18 03:07:36
4579,4579,984,Net Banking,Success,3356.8,2026-03-04 07:03:41
4580,4580,895,Debit Card,Pending,3201.05,2025-12-15 21:50:10
4581,4581,210,Debit Card,Pending,4161.89,2026-03-05 02:48:45
4582,4582,251,UPI,Failed,1642.99,2025-12-14 22:40:33
4583,4583,129,Credit Card,Pending,2145.89,2026-01-15 14:18:07
4584,4584,360,Debit Card,Failed,1701.85,2025-03-28 00:30:38
4585,4585,732,Debit Card,Success,1521.81,2026-01-27 20:40:33
4586,4586,58,Debit Card,Failed,1397.0,2025-09-27 06:37:54
4587,4587,287,Credit Card,Failed,4190.93,2025-12-10 12:27:07
4588,4588,670,Debit Card,Pending,562.82,2024-08-18 19:30:26
4589,4589,970,Credit Card,Failed,274.38,2025-05-25 11:54:19
4590,4590,105,Debit Card,Pending,1723.47,2024-12-16 15:22:08
4591,4591,868,Credit Card,Pending,905.65,2025-03-12 09:14:52
4592,4592,176,UPI,Pending,4139.82,2025-09-08 09:32:48
4593,4593,561,Net Banking,Failed,1203.7,2024-09-06 00:43:48
4594,4594,807,Net Banking,Pending,4615.68,2024-09-11 00:05:07
4595,4595,928,Net Banking,Success,47.32,2024-07-25 03:10:44
4596,4596,993,Debit Card,Success,4150.06,2025-10-28 21:35:40
4597,4597,212,UPI,Failed,466.23,2024-11-29 01:04:22
4598,4598,276,UPI,Failed,889.23,2024-06-25 15:55:07
4599,4599,719,Net Banking,Failed,4066.39,2024-08-29 02:43:13
4600,4600,574,Credit Card,Pending,623.28,2025-04-21 20:17:34
4601,4601,584,Debit Card,Pending,4635.4,2025-01-05 23:42:23
4602,4602,566,Cash,Failed,4561.97,2024-12-11 12:36:26
4603,4603,204,Credit Card,Failed,3440.49,2024-06-14 05:53:18
4604,4604,311,Credit Card,Success,657.0,2026-01-04 02:14:01
4605,4605,686,Net Banking,Pending,2528.1,2024-06-19 09:47:26
4606,4606,510,Net Banking,Pending,2668.16,2025-01-04 12:02:54
4607,4607,120,Net Banking,Failed,3416.91,2025-09-03 06:53:36
4608,4608,860,Cash,Failed,3997.86,2025-08-23 06:19:30
4609,4609,147,Credit Card,Pending,369.63,2024-08-14 13:54:58
4610,4610,735,Net Banking,Success,224.28,2025-09-05 14:42:53
4611,4611,417,Credit Card,Pending,909.57,2025-03-26 11:57:07
4612,4612,114,UPI,Failed,3470.46,2024-08-31 22:35:46
4613,4613,82,Cash,Success,538.78,2026-03-10 16:37:55
4614,4614,817,Credit Card,Pending,2495.95,2024-12-30 06:55:32
4615,4615,865,Credit Card,Failed,671.87,2025-07-17 18:57:50
4616,4616,918,UPI,Failed,839.88,2025-01-28 10:00:18
4617,4617,149,Credit Card,Success,2118.12,2024-06-22 18:41:25
4618,4618,882,Debit Card,Failed,733.87,2025-10-24 18:14:42
4619,4619,820,Credit Card,Success,242.2,2025-07-23 07:30:28
4620,4620,363,Credit Card,Success,4519.85,2026-01-10 11:35:09
4621,4621,673,UPI,Failed,1831.64,2026-05-12 15:19:52
4622,4622,495,Debit Card,Failed,322.93,2024-11-30 16:20:14
4623,4623,119,Debit Card,Success,4751.04,2025-08-30 13:21:06
4624,4624,664,Debit Card,Success,4406.73,2024-11-01 18:58:54
4625,4625,177,Debit Card,Success,4694.23,2024-10-17 14:51:21
4626,4626,256,Credit Card,Success,1256.41,2025-01-20 05:41:49
4627,4627,860,Net Banking,Failed,3015.98,2025-06-30 08:59:10
4628,4628,125,Credit Card,Success,3699.8,2025-07-01 14:12:55
4629,4629,932,Cash,Failed,719.88,2025-10-09 11:09:02
4630,4630,993,Cash,Success,4965.91,2025-06-21 04:34:00
4631,4631,749,UPI,Success,4483.52,2024-06-14 19:39:36
4632,4632,889,Cash,Pending,507.66,2025-08-15 11:17:57
4633,4633,215,UPI,Failed,1645.89,2026-04-12 08:57:31
4634,4634,73,Debit Card,Pending,2444.33,2025-09-29 13:12:59
4635,4635,701,Credit Card,Success,1659.35,2024-10-21 21:29:57
4636,4636,258,UPI,Success,2724.08,2024-10-24 00:12:36
4637,4637,370,Net Banking,Failed,101.48,2026-03-24 13:03:38
4638,4638,262,Net Banking,Failed,918.16,2024-06-25 20:06:05
4639,4639,535,Cash,Failed,223.19,2024-05-30 00:30:07
4640,4640,747,Credit Card,Failed,3949.29,2025-02-10 00:30:04
4641,4641,316,Debit Card,Success,2676.99,2024-11-22 16:04:34
4642,4642,145,Cash,Success,437.38,2026-01-17 13:14:50
4643,4643,942,Debit Card,Success,955.72,2025-05-21 08:43:47
4644,4644,754,Net Banking,Pending,2818.18,2025-05-01 23:59:08
4645,4645,686,Debit Card,Success,2711.2,2025-11-24 04:44:11
4646,4646,688,Net Banking,Success,1614.63,2026-04-23 04:13:57
4647,4647,560,Cash,Failed,1164.82,2025-05-29 22:02:48
4648,4648,17,Credit Card,Pending,1247.5,2026-02-02 10:45:35
4649,4649,732,Debit Card,Success,532.7,2026-04-10 04:24:38
4650,4650,899,Cash,Success,1610.92,2024-10-02 00:56:37
4651,4651,397,Credit Card,Failed,2238.11,2025-01-22 16:19:39
4652,4652,247,Credit Card,Pending,3923.01,2025-11-21 13:53:40
4653,4653,394,Credit Card,Failed,3125.82,2025-08-23 09:16:20
4654,4654,505,Net Banking,Failed,90.4,2024-07-23 01:40:15
4655,4655,635,Net Banking,Success,275.61,2025-04-02 06:05:34
4656,4656,558,Debit Card,Failed,4193.0,2024-09-15 17:20:41
4657,4657,792,Credit Card,Failed,3061.0,2025-04-30 03:51:21
4658,4658,610,Net Banking,Pending,4703.28,2025-08-31 08:32:09
4659,4659,284,Debit Card,Failed,4904.5,2025-10-03 20:06:38
4660,4660,82,Credit Card,Failed,2508.58,2025-03-25 10:45:33
4661,4661,797,Net Banking,Success,586.62,2025-11-15 12:05:14
4662,4662,665,Debit Card,Success,2729.02,2025-09-24 23:19:35
4663,4663,655,UPI,Success,4927.88,2024-11-14 05:29:39
4664,4664,339,Debit Card,Pending,4461.18,2024-10-14 17:03:40
4665,4665,389,Debit Card,Failed,4792.84,2026-04-28 06:17:04
4666,4666,734,UPI,Failed,4180.74,2024-12-02 13:50:35
4667,4667,936,UPI,Success,1733.04,2025-12-26 05:15:54
4668,4668,645,UPI,Success,3815.17,2025-07-26 00:18:23
4669,4669,182,Cash,Failed,2224.06,2025-06-07 14:56:34
4670,4670,389,Debit Card,Failed,2496.99,2025-12-20 06:38:11
4671,4671,153,UPI,Success,2496.22,2025-04-13 09:47:25
4672,4672,142,Credit Card,Failed,4685.62,2024-10-08 08:12:57
4673,4673,200,UPI,Failed,2974.67,2026-05-23 19:22:56
4674,4674,12,Debit Card,Success,4077.38,2024-09-09 06:32:22
4675,4675,686,Cash,Failed,898.26,2025-06-24 15:27:14
4676,4676,584,Credit Card,Success,3214.01,2025-05-22 09:52:56
4677,4677,170,UPI,Success,2280.17,2025-01-22 01:04:50
4678,4678,795,Credit Card,Failed,1570.75,2026-02-18 21:56:18
4679,4679,7,Credit Card,Pending,806.35,2024-12-19 03:54:02
4680,4680,988,Debit Card,Failed,2421.21,2025-12-25 12:43:26
4681,4681,271,Credit Card,Failed,2900.81,2025-07-28 11:52:23
4682,4682,332,Cash,Failed,4507.44,2025-12-09 10:41:23
4683,4683,836,Debit Card,Success,72.9,2025-06-20 13:06:46
4684,4684,525,Debit Card,Failed,4115.72,2024-07-23 05:51:40
4685,4685,904,UPI,Failed,1696.15,2024-09-05 17:21:24
4686,4686,152,Debit Card,Success,3848.5,2025-02-14 15:19:44
4687,4687,551,Net Banking,Failed,1638.63,2026-05-09 17:35:11
4688,4688,845,Credit Card,Pending,3160.3,2024-12-18 01:29:36
4689,4689,365,UPI,Pending,3206.95,2025-09-21 19:37:53
4690,4690,603,Net Banking,Pending,2280.11,2026-04-26 11:53:09
4691,4691,87,UPI,Success,4092.3,2024-10-08 04:10:42
4692,4692,682,UPI,Failed,2475.66,2026-01-06 14:35:32
4693,4693,520,Net Banking,Pending,1346.8,2026-01-19 19:36:01
4694,4694,77,Cash,Success,3550.73,2026-02-14 13:16:12
4695,4695,862,UPI,Success,876.15,2024-07-10 07:26:00
4696,4696,215,UPI,Success,3841.06,2025-07-11 19:05:31
4697,4697,106,Debit Card,Pending,3543.18,2025-12-03 12:21:00
4698,4698,579,Credit Card,Pending,2785.09,2025-02-22 06:09:12
4699,4699,299,Credit Card,Success,1961.68,2025-10-22 10:23:37
4700,4700,363,Debit Card,Failed,2981.08,2024-08-13 19:45:08
4701,4701,383,Net Banking,Pending,3814.02,2024-11-04 19:00:13
4702,4702,80,Debit Card,Pending,394.27,2025-12-20 11:09:41
4703,4703,203,Net Banking,Pending,2927.81,2025-07-06 19:08:34
4704,4704,324,Credit Card,Pending,3579.23,2024-08-13 11:37:44
4705,4705,244,Cash,Failed,3731.58,2025-04-29 04:54:55
4706,4706,825,UPI,Pending,417.77,2026-01-31 21:31:53
4707,4707,736,Debit Card,Pending,1000.71,2024-08-21 22:21:49
4708,4708,334,Net Banking,Pending,2617.04,2025-01-14 00:17:50
4709,4709,259,Net Banking,Success,220.44,2024-08-08 09:25:37
4710,4710,476,Credit Card,Success,543.39,2025-09-22 08:50:48
4711,4711,780,Net Banking,Pending,3596.17,2024-08-13 08:47:01
4712,4712,33,Cash,Pending,2092.15,2024-06-12 10:14:40
4713,4713,638,Net Banking,Pending,1736.72,2024-11-25 15:09:19
4714,4714,663,Credit Card,Pending,141.59,2025-01-12 02:46:47
4715,4715,777,Credit Card,Failed,1966.25,2025-07-12 10:39:12
4716,4716,552,UPI,Success,1036.02,2025-04-13 19:51:01
4717,4717,812,Credit Card,Failed,4876.35,2025-10-09 15:18:39
4718,4718,400,UPI,Success,396.12,2025-12-15 09:28:28
4719,4719,406,Credit Card,Success,513.55,2025-05-01 13:57:32
4720,4720,676,Credit Card,Success,3921.91,2025-12-19 09:13:12
4721,4721,880,Cash,Success,781.77,2025-12-12 10:14:13
4722,4722,135,UPI,Failed,2365.13,2025-07-08 19:25:10
4723,4723,15,Credit Card,Failed,4168.11,2025-11-21 08:06:55
4724,4724,250,Credit Card,Pending,2050.84,2025-02-18 17:15:09
4725,4725,673,Net Banking,Failed,3967.63,2025-01-28 09:35:13
4726,4726,514,Debit Card,Pending,4139.56,2025-03-13 08:21:27
4727,4727,712,Debit Card,Failed,803.42,2025-09-26 03:02:18
4728,4728,640,UPI,Pending,956.75,2025-06-29 22:02:29
4729,4729,63,Debit Card,Failed,445.24,2025-04-10 03:46:12
4730,4730,856,Cash,Pending,2832.21,2024-10-13 14:50:08
4731,4731,100,Credit Card,Success,1929.07,2025-07-10 02:11:49
4732,4732,457,Cash,Success,2131.42,2024-10-14 17:44:32
4733,4733,605,Cash,Failed,2108.08,2024-07-24 01:20:53
4734,4734,293,Cash,Success,2490.32,2025-03-30 03:10:18
4735,4735,967,Cash,Pending,279.7,2025-07-07 11:37:49
4736,4736,604,Debit Card,Failed,1581.17,2024-10-01 08:37:27
4737,4737,288,Credit Card,Success,4848.73,2025-03-03 11:43:49
4738,4738,275,Cash,Success,2032.49,2026-05-08 19:27:25
4739,4739,894,Debit Card,Pending,1782.64,2025-08-04 00:13:28
4740,4740,682,Credit Card,Success,4599.31,2024-10-09 10:59:18
4741,4741,490,Debit Card,Success,2614.61,2024-12-11 22:55:02
4742,4742,208,UPI,Success,2130.04,2024-08-01 13:55:35
4743,4743,937,Cash,Failed,2017.43,2024-10-06 10:49:51
4744,4744,446,Credit Card,Failed,2227.05,2024-11-10 20:18:06
4745,4745,522,UPI,Success,1642.93,2024-11-04 19:05:42
4746,4746,560,UPI,Pending,1150.85,2025-12-24 08:30:08
4747,4747,199,UPI,Pending,4047.68,2024-07-28 11:27:28
4748,4748,451,Debit Card,Pending,2465.58,2024-10-20 07:09:42
4749,4749,224,Cash,Pending,786.64,2024-07-30 06:56:06
4750,4750,141,Net Banking,Failed,4555.75,2026-01-14 20:59:25
4751,4751,100,Net Banking,Pending,1779.52,2026-01-24 00:40:15
4752,4752,42,Credit Card,Success,2608.8,2025-09-16 18:46:59
4753,4753,691,UPI,Pending,3017.43,2024-08-01 11:57:51
4754,4754,991,Debit Card,Failed,1078.94,2024-08-19 14:42:52
4755,4755,870,Credit Card,Pending,4760.15,2025-01-15 03:16:52
4756,4756,977,Cash,Success,1982.95,2024-10-01 12:00:31
4757,4757,764,Credit Card,Pending,843.12,2024-06-29 00:31:22
4758,4758,664,Debit Card,Failed,1593.02,2026-02-27 09:35:59
4759,4759,326,Net Banking,Pending,4266.26,2024-08-25 14:45:03
4760,4760,60,UPI,Success,4774.37,2026-05-05 01:18:50
4761,4761,612,Cash,Pending,1028.21,2024-12-22 09:08:32
4762,4762,303,Cash,Pending,812.04,2026-05-23 23:23:22
4763,4763,724,Net Banking,Pending,3798.69,2025-05-13 12:27:14
4764,4764,855,UPI,Success,138.62,2025-10-21 04:31:06
4765,4765,984,Net Banking,Success,4626.39,2026-01-18 23:04:59
4766,4766,402,UPI,Success,1081.3,2026-02-10 06:48:02
4767,4767,588,Debit Card,Failed,305.18,2025-09-05 10:23:35
4768,4768,415,UPI,Failed,1180.97,2025-12-02 08:24:34
4769,4769,224,Credit Card,Failed,717.44,2024-10-27 04:28:04
4770,4770,245,Net Banking,Success,3639.13,2024-07-09 11:22:16
4771,4771,139,Debit Card,Failed,4853.14,2024-08-29 04:52:06
4772,4772,683,UPI,Success,4024.04,2025-04-22 04:39:50
4773,4773,721,Debit Card,Success,2425.86,2025-05-28 21:16:48
4774,4774,930,Net Banking,Success,2000.12,2025-05-11 03:20:39
4775,4775,794,UPI,Failed,915.74,2024-07-15 05:30:02
4776,4776,172,UPI,Failed,3148.34,2026-04-20 10:49:16
4777,4777,46,Debit Card,Success,4466.16,2025-01-25 11:22:12
4778,4778,476,UPI,Success,3217.27,2024-06-06 02:31:39
4779,4779,780,Credit Card,Pending,367.48,2024-05-29 16:25:50
4780,4780,138,Credit Card,Success,217.93,2026-01-19 23:56:12
4781,4781,564,UPI,Failed,3030.85,2024-07-23 08:25:57
4782,4782,528,Debit Card,Failed,1983.6,2025-12-19 02:05:11
4783,4783,997,UPI,Pending,4702.03,2026-05-03 13:57:01
4784,4784,817,Debit Card,Failed,3334.03,2025-03-05 07:56:31
4785,4785,905,Cash,Failed,3314.02,2024-07-27 23:21:52
4786,4786,902,Credit Card,Pending,4309.72,2025-11-28 17:59:38
4787,4787,791,Cash,Pending,319.59,2025-05-16 22:22:56
4788,4788,201,Cash,Success,3052.33,2025-08-09 10:20:52
4789,4789,228,UPI,Pending,1761.77,2025-10-24 20:45:58
4790,4790,270,Net Banking,Pending,2976.66,2025-06-22 19:33:31
4791,4791,793,Debit Card,Success,3969.85,2025-07-17 16:43:48
4792,4792,769,Credit Card,Success,1363.69,2026-04-04 04:18:15
4793,4793,630,Debit Card,Failed,191.16,2026-02-12 11:35:53
4794,4794,425,Net Banking,Failed,4358.05,2024-11-10 00:06:05
4795,4795,199,Credit Card,Failed,2618.66,2026-03-27 05:25:03
4796,4796,283,Cash,Pending,232.53,2024-07-09 08:42:10
4797,4797,138,Cash,Failed,1111.03,2025-10-30 12:10:52
4798,4798,635,Debit Card,Failed,4349.99,2024-05-26 22:44:30
4799,4799,740,UPI,Success,2637.77,2025-04-22 14:32:05
4800,4800,714,Debit Card,Pending,1237.15,2025-03-26 22:41:05
4801,4801,754,Debit Card,Success,3150.84,2024-11-01 17:33:40
4802,4802,431,Cash,Pending,2177.38,2024-06-25 06:14:40
4803,4803,856,Cash,Pending,1228.63,2025-06-14 06:23:59
4804,4804,290,UPI,Failed,1696.13,2025-03-30 11:32:48
4805,4805,501,Credit Card,Pending,2336.87,2024-10-11 11:47:42
4806,4806,211,Net Banking,Success,915.44,2025-07-14 18:42:38
4807,4807,858,UPI,Pending,3037.56,2025-03-25 06:24:50
4808,4808,808,UPI,Failed,3632.23,2024-12-26 14:58:47
4809,4809,809,Net Banking,Pending,680.31,2025-01-31 06:24:47
4810,4810,976,UPI,Failed,143.84,2025-11-03 02:08:03
4811,4811,312,Credit Card,Pending,2066.3,2024-09-02 14:58:17
4812,4812,526,Net Banking,Pending,3860.63,2025-03-02 16:16:18
4813,4813,139,UPI,Pending,1516.56,2025-02-05 12:44:45
4814,4814,865,Credit Card,Pending,4981.08,2026-01-07 15:59:35
4815,4815,563,Net Banking,Pending,3113.53,2025-03-27 13:50:04
4816,4816,389,Debit Card,Failed,2244.83,2026-05-15 03:09:57
4817,4817,888,UPI,Success,894.31,2024-07-15 23:49:52
4818,4818,451,Credit Card,Pending,153.36,2026-01-24 15:40:14
4819,4819,587,Debit Card,Pending,4249.7,2026-01-20 11:07:24
4820,4820,489,Cash,Failed,1793.7,2025-12-21 08:48:46
4821,4821,433,Credit Card,Success,4771.98,2024-09-15 09:43:13
4822,4822,519,Debit Card,Pending,4406.34,2024-10-09 14:37:42
4823,4823,420,Net Banking,Pending,3556.04,2025-08-14 01:48:47
4824,4824,475,Credit Card,Pending,1400.87,2024-09-24 15:09:09
4825,4825,88,Credit Card,Failed,605.95,2024-09-27 11:24:22
4826,4826,788,Cash,Failed,4594.92,2024-12-29 20:04:04
4827,4827,997,Credit Card,Success,1550.78,2025-03-15 16:09:29
4828,4828,439,Credit Card,Success,4140.29,2025-10-01 17:50:58
4829,4829,247,Debit Card,Failed,241.77,2024-09-17 15:28:00
4830,4830,28,UPI,Failed,3022.0,2025-08-07 11:05:10
4831,4831,443,Net Banking,Pending,2864.16,2025-01-14 02:27:06
4832,4832,869,Cash,Pending,4501.35,2025-07-11 23:28:44
4833,4833,889,Cash,Success,1766.72,2025-01-21 07:30:32
4834,4834,851,Net Banking,Pending,2721.27,2026-04-18 10:24:44
4835,4835,835,Net Banking,Success,3049.12,2024-06-09 13:08:55
4836,4836,943,Net Banking,Pending,473.95,2025-01-10 15:22:56
4837,4837,436,Net Banking,Pending,2377.06,2025-04-29 22:41:51
4838,4838,297,UPI,Pending,2165.48,2024-12-26 03:14:32
4839,4839,143,Credit Card,Success,3109.22,2024-07-16 19:19:47
4840,4840,628,Cash,Pending,4419.09,2025-10-08 11:46:43
4841,4841,569,Net Banking,Success,1056.3,2025-09-20 23:33:52
4842,4842,552,UPI,Pending,4546.79,2025-01-24 21:24:48
4843,4843,989,Credit Card,Failed,3143.51,2025-01-29 02:09:31
4844,4844,611,UPI,Failed,1333.29,2026-02-11 09:32:24
4845,4845,775,Net Banking,Success,432.43,2025-05-03 06:48:03
4846,4846,394,Credit Card,Success,442.58,2025-12-18 15:09:13
4847,4847,918,Cash,Success,4505.88,2025-05-15 12:48:21
4848,4848,750,Credit Card,Failed,697.04,2025-04-13 08:15:35
4849,4849,658,Debit Card,Failed,954.16,2024-10-12 20:42:32
4850,4850,698,Credit Card,Success,4712.37,2025-01-17 15:59:01
4851,4851,719,UPI,Failed,1562.63,2025-11-18 22:47:37
4852,4852,402,Debit Card,Pending,989.87,2024-09-01 19:11:21
4853,4853,946,UPI,Success,3567.83,2025-12-02 12:19:02
4854,4854,929,Credit Card,Failed,4086.95,2026-01-30 11:30:18
4855,4855,304,UPI,Failed,3011.24,2025-08-24 11:40:37
4856,4856,943,UPI,Success,1402.45,2025-08-08 01:51:58
4857,4857,104,Cash,Pending,4842.86,2025-02-02 12:57:52
4858,4858,360,Net Banking,Success,2934.43,2025-06-07 20:33:32
4859,4859,237,Credit Card,Success,4058.75,2025-12-23 12:17:11
4860,4860,170,Net Banking,Pending,3026.79,2025-02-23 06:04:58
4861,4861,433,Cash,Pending,2675.26,2025-12-22 08:51:04
4862,4862,507,Credit Card,Failed,734.76,2025-10-02 06:25:48
4863,4863,695,Credit Card,Success,1813.67,2026-01-23 04:19:11
4864,4864,503,Debit Card,Success,1625.91,2024-09-11 14:36:43
4865,4865,218,Credit Card,Failed,3613.46,2024-09-19 00:30:18
4866,4866,272,Credit Card,Failed,2044.98,2025-06-17 14:46:39
4867,4867,308,Net Banking,Success,1481.46,2026-01-28 23:42:29
4868,4868,2,Net Banking,Failed,4280.95,2024-06-15 06:25:19
4869,4869,489,Debit Card,Failed,4184.81,2026-03-17 01:13:28
4870,4870,436,Net Banking,Success,3428.61,2026-03-16 13:28:29
4871,4871,453,UPI,Pending,3893.28,2024-06-05 05:41:03
4872,4872,797,Debit Card,Success,2976.19,2025-01-31 22:48:45
4873,4873,845,UPI,Success,476.32,2025-12-17 01:55:10
4874,4874,941,Credit Card,Success,3720.65,2026-04-11 09:35:25
4875,4875,195,Credit Card,Success,4887.03,2025-11-19 11:55:19
4876,4876,56,Debit Card,Pending,2939.26,2026-02-14 22:23:37
4877,4877,572,Debit Card,Failed,2713.73,2024-10-01 22:34:30
4878,4878,785,UPI,Pending,105.15,2026-04-12 00:31:03
4879,4879,185,Net Banking,Success,2759.19,2024-08-24 11:16:40
4880,4880,695,Credit Card,Success,1400.78,2025-05-07 16:54:53
4881,4881,359,Net Banking,Success,3562.85,2024-08-28 10:53:03
4882,4882,138,Cash,Success,3029.17,2025-07-02 13:33:09
4883,4883,894,Cash,Pending,1743.52,2024-10-16 16:33:04
4884,4884,710,Credit Card,Pending,1046.03,2026-02-01 02:50:24
4885,4885,12,Net Banking,Failed,2833.99,2024-08-01 17:51:13
4886,4886,178,UPI,Failed,4065.15,2025-11-21 06:47:22
4887,4887,926,UPI,Success,1937.4,2026-05-22 11:02:19
4888,4888,638,Net Banking,Pending,3913.21,2025-11-17 19:57:18
4889,4889,129,Credit Card,Failed,2202.61,2026-03-24 02:51:13
4890,4890,631,Net Banking,Pending,986.52,2025-03-13 03:52:25
4891,4891,838,Net Banking,Failed,2612.46,2025-03-10 03:21:38
4892,4892,200,UPI,Success,2227.62,2024-12-03 05:31:02
4893,4893,606,Credit Card,Failed,2850.78,2024-12-03 00:17:32
4894,4894,719,Cash,Pending,4449.06,2025-03-08 18:14:09
4895,4895,844,Credit Card,Failed,376.96,2025-10-03 13:46:09
4896,4896,131,UPI,Failed,1668.95,2026-04-30 19:59:32
4897,4897,10,UPI,Pending,3342.17,2025-02-17 23:26:29
4898,4898,476,Cash,Pending,4886.58,2025-08-15 12:30:46
4899,4899,763,Debit Card,Pending,2359.41,2025-02-28 11:46:49
4900,4900,156,Cash,Success,1060.77,2025-11-24 15:41:19
4901,4901,225,UPI,Failed,3285.15,2025-02-28 16:22:31
4902,4902,956,Credit Card,Failed,3489.84,2025-05-01 01:36:28
4903,4903,392,Net Banking,Pending,1978.61,2026-03-20 11:08:37
4904,4904,631,Cash,Failed,36.3,2025-11-17 10:46:17
4905,4905,10,Credit Card,Failed,1671.77,2025-10-29 20:39:56
4906,4906,489,Credit Card,Pending,4860.55,2024-06-20 02:14:32
4907,4907,715,Debit Card,Success,2539.12,2026-04-16 15:20:09
4908,4908,612,Cash,Pending,2846.31,2024-07-30 11:09:16
4909,4909,113,UPI,Pending,1429.38,2026-04-29 03:20:17
4910,4910,978,UPI,Success,4777.76,2025-11-17 01:43:40
4911,4911,908,Debit Card,Success,1605.04,2025-01-27 13:04:07
4912,4912,521,Net Banking,Failed,1816.05,2025-11-30 00:47:53
4913,4913,96,Debit Card,Success,4335.72,2024-09-11 02:16:36
4914,4914,926,Debit Card,Failed,3693.51,2025-09-05 23:17:22
4915,4915,477,Cash,Pending,647.88,2024-12-12 21:22:23
4916,4916,140,Debit Card,Pending,62.06,2024-09-28 19:20:59
4917,4917,883,UPI,Pending,4780.21,2024-06-25 01:32:41
4918,4918,798,Debit Card,Success,4624.61,2025-03-02 23:06:43
4919,4919,907,UPI,Success,2901.68,2026-02-08 14:59:14
4920,4920,396,Net Banking,Failed,1758.37,2026-03-09 17:05:53
4921,4921,677,Debit Card,Pending,1987.21,2026-03-23 18:02:22
4922,4922,258,Cash,Failed,601.34,2025-02-19 02:24:57
4923,4923,212,UPI,Failed,2219.31,2026-02-24 04:32:09
4924,4924,793,Credit Card,Pending,758.06,2025-03-06 00:20:38
4925,4925,420,Cash,Success,313.94,2025-04-16 11:17:51
4926,4926,263,UPI,Failed,466.91,2025-05-23 10:00:17
4927,4927,184,Debit Card,Failed,2070.62,2025-02-03 22:55:57
4928,4928,24,Debit Card,Pending,1243.23,2025-02-28 04:43:12
4929,4929,253,Credit Card,Failed,2219.18,2026-04-15 23:35:44
4930,4930,438,Cash,Pending,3357.22,2024-10-25 03:46:55
4931,4931,456,Credit Card,Success,3666.62,2025-10-11 16:42:35
4932,4932,413,Net Banking,Success,4994.03,2025-12-01 10:27:57
4933,4933,486,Cash,Failed,4260.63,2024-10-07 20:03:00
4934,4934,175,Credit Card,Pending,1784.51,2024-10-01 23:00:57
4935,4935,606,Debit Card,Pending,2926.77,2025-12-20 09:21:20
4936,4936,536,Net Banking,Pending,4849.87,2025-12-27 13:13:31
4937,4937,330,UPI,Failed,3532.07,2025-06-14 01:01:13
4938,4938,482,Debit Card,Success,3990.0,2025-09-03 16:46:03
4939,4939,398,Debit Card,Success,3928.41,2026-04-08 17:07:38
4940,4940,395,Net Banking,Failed,2176.8,2024-07-29 00:13:14
4941,4941,162,UPI,Failed,857.2,2024-09-24 01:53:36
4942,4942,919,Debit Card,Success,1673.32,2025-12-09 18:02:44
4943,4943,236,Net Banking,Pending,4497.05,2025-06-04 08:48:44
4944,4944,326,Credit Card,Pending,3047.19,2024-10-02 20:44:17
4945,4945,279,Net Banking,Success,3669.98,2025-08-12 05:02:28
4946,4946,346,Cash,Failed,1553.56,2026-03-05 09:01:13
4947,4947,940,UPI,Failed,940.88,2024-12-03 17:47:20
4948,4948,811,Credit Card,Pending,453.15,2025-12-12 21:29:35
4949,4949,305,Net Banking,Success,2901.3,2024-07-11 09:38:22
4950,4950,310,Debit Card,Pending,3833.35,2025-05-30 01:35:44
4951,4951,873,Credit Card,Pending,3039.86,2024-05-27 05:49:03
4952,4952,610,UPI,Success,4722.09,2026-05-17 02:12:58
4953,4953,105,Net Banking,Success,3098.82,2024-10-18 22:13:52
4954,4954,653,UPI,Pending,2400.64,2025-08-11 10:07:19
4955,4955,388,Net Banking,Pending,1239.07,2025-01-15 11:47:37
4956,4956,456,UPI,Success,4412.96,2024-12-03 16:39:50
4957,4957,583,Cash,Pending,898.11,2024-07-12 21:31:10
4958,4958,569,Credit Card,Failed,4088.6,2025-07-16 19:02:35
4959,4959,545,Cash,Pending,115.03,2024-07-13 02:29:52
4960,4960,270,Net Banking,Pending,4100.17,2024-12-13 19:14:32
4961,4961,610,Credit Card,Success,2893.68,2025-05-20 11:08:42
4962,4962,523,Credit Card,Pending,3137.63,2025-03-10 07:37:48
4963,4963,936,Credit Card,Success,4680.9,2026-04-27 14:21:28
4964,4964,729,Credit Card,Pending,1243.85,2025-06-22 01:26:02
4965,4965,573,Net Banking,Pending,380.62,2025-06-20 11:06:41
4966,4966,384,UPI,Failed,1048.85,2025-04-24 01:04:23
4967,4967,918,UPI,Pending,1146.43,2025-03-05 06:30:17
4968,4968,204,Net Banking,Pending,502.89,2024-11-23 19:14:39
4969,4969,350,Cash,Success,2577.02,2025-12-10 07:26:49
4970,4970,386,Net Banking,Success,4710.58,2025-05-13 12:30:39
4971,4971,626,UPI,Success,263.21,2024-10-30 10:00:23
4972,4972,932,UPI,Pending,2769.7,2025-06-13 14:18:51
4973,4973,394,Net Banking,Pending,2287.03,2025-07-05 14:04:40
4974,4974,556,Net Banking,Success,4428.26,2025-03-11 04:43:19
4975,4975,174,Credit Card,Success,193.92,2024-07-13 04:50:02
4976,4976,197,UPI,Success,3352.04,2025-12-22 04:12:46
4977,4977,536,UPI,Pending,559.19,2024-12-17 06:25:14
4978,4978,945,Credit Card,Failed,2352.2,2024-08-13 01:45:18
4979,4979,980,UPI,Failed,226.6,2026-03-31 22:55:49
4980,4980,896,Cash,Success,4607.62,2026-04-19 15:24:55
4981,4981,939,Credit Card,Pending,761.2,2026-03-28 01:15:02
4982,4982,158,Net Banking,Failed,4121.73,2024-09-10 16:47:18
4983,4983,392,Cash,Failed,3121.38,2026-04-15 03:05:18
4984,4984,987,UPI,Success,3961.11,2025-03-17 08:54:21
4985,4985,310,Cash,Failed,938.69,2026-05-17 06:35:53
4986,4986,560,Credit Card,Pending,3010.38,2026-05-04 18:49:40
4987,4987,956,UPI,Success,3343.84,2025-01-19 06:52:03
4988,4988,818,UPI,Failed,1739.06,2025-07-23 11:37:18
4989,4989,368,Net Banking,Success,4674.55,2024-07-16 07:46:13
4990,4990,180,Credit Card,Pending,2140.88,2025-11-04 23:36:55
4991,4991,310,Credit Card,Pending,1748.91,2024-07-12 21:22:09
4992,4992,241,Debit Card,Failed,4046.91,2024-06-17 10:21:56
4993,4993,348,Credit Card,Success,1240.08,2025-07-21 21:46:22
4994,4994,177,UPI,Success,846.61,2025-01-29 01:26:54
4995,4995,722,Credit Card,Success,4418.37,2025-11-16 03:12:03
4996,4996,24,Cash,Success,1078.4,2024-10-27 06:53:23
4997,4997,388,Cash,Success,3089.03,2024-11-28 14:53:17
4998,4998,804,Net Banking,Pending,2352.31,2025-07-01 03:21:18
4999,4999,110,Cash,Pending,1651.84,2025-11-02 16:02:28
5000,5000,576,Net Banking,Success,2411.55,2025-12-05 07:01:52
5001,5001,917,UPI,Pending,4163.98,2024-07-19 01:26:49
5002,5002,449,Debit Card,Success,1556.96,2025-07-20 12:20:10
5003,5003,783,Cash,Success,4948.91,2026-05-07 04:42:13
5004,5004,495,Net Banking,Pending,53.05,2024-08-25 05:02:37
5005,5005,778,Cash,Success,4026.63,2025-07-31 05:21:53
5006,5006,41,Net Banking,Failed,248.36,2025-04-02 09:05:32
5007,5007,336,UPI,Failed,2705.53,2024-09-06 13:46:24
5008,5008,406,Credit Card,Pending,1848.56,2025-02-18 17:10:32
5009,5009,899,Net Banking,Failed,2060.88,2024-06-14 07:27:16
5010,5010,110,Cash,Success,2113.16,2025-06-27 09:34:31
5011,5011,495,UPI,Pending,3809.22,2025-10-26 17:03:38
5012,5012,119,Net Banking,Pending,3650.94,2025-05-05 18:26:43
5013,5013,96,Net Banking,Failed,3091.66,2025-02-09 13:05:27
5014,5014,175,Cash,Failed,4017.19,2026-04-16 22:54:42
5015,5015,146,Net Banking,Failed,4333.47,2026-01-02 20:14:31
5016,5016,68,Cash,Pending,326.44,2025-05-26 10:45:48
5017,5017,658,Cash,Success,2143.54,2025-02-28 11:34:55
5018,5018,897,Credit Card,Failed,806.33,2025-12-26 13:51:22
5019,5019,501,Credit Card,Failed,776.74,2025-11-29 17:04:30
5020,5020,984,Net Banking,Failed,2497.39,2024-06-10 15:42:35
5021,5021,687,UPI,Success,4084.78,2024-11-10 01:08:10
5022,5022,402,Credit Card,Success,3073.57,2024-11-20 14:27:07
5023,5023,662,Net Banking,Pending,2155.64,2024-12-29 14:35:34
5024,5024,855,Cash,Failed,2180.39,2024-08-05 10:20:11
5025,5025,824,Debit Card,Success,2519.54,2025-10-26 05:59:37
5026,5026,931,Cash,Failed,3747.33,2025-01-03 05:49:16
5027,5027,97,Debit Card,Success,73.13,2026-04-07 04:30:22
5028,5028,498,Net Banking,Pending,4206.15,2025-11-03 06:01:21
5029,5029,526,Credit Card,Failed,2105.0,2025-07-17 08:16:15
5030,5030,281,Debit Card,Failed,535.0,2025-12-17 15:31:24
5031,5031,711,Debit Card,Failed,4922.21,2026-02-01 13:08:33
5032,5032,98,Net Banking,Pending,2345.49,2025-08-07 06:52:29
5033,5033,8,Credit Card,Success,240.5,2024-08-21 10:53:49
5034,5034,694,Net Banking,Pending,187.81,2025-08-29 20:30:06
5035,5035,698,UPI,Pending,4638.39,2024-10-20 14:23:08
5036,5036,479,Debit Card,Failed,3530.06,2025-06-02 23:41:26
5037,5037,324,Net Banking,Failed,4159.82,2024-12-14 00:30:30
5038,5038,916,Debit Card,Pending,4067.13,2025-11-16 11:54:01
5039,5039,622,UPI,Pending,4251.54,2024-07-14 05:50:05
5040,5040,986,Net Banking,Pending,1664.55,2026-04-24 16:19:38
5041,5041,109,Debit Card,Failed,3853.61,2024-07-20 12:03:22
5042,5042,449,Net Banking,Failed,61.95,2025-12-30 05:05:48
5043,5043,795,UPI,Failed,1615.17,2025-10-01 02:29:06
5044,5044,53,Net Banking,Success,3692.43,2024-08-18 06:48:30
5045,5045,70,UPI,Success,1342.81,2025-02-09 13:38:15
5046,5046,12,UPI,Pending,1719.76,2025-06-08 00:22:46
5047,5047,470,Debit Card,Pending,3627.97,2025-03-31 02:25:31
5048,5048,625,Debit Card,Success,4105.1,2024-11-11 21:01:24
5049,5049,651,Debit Card,Success,105.62,2025-01-07 06:31:23
5050,5050,491,Debit Card,Failed,2757.32,2025-05-15 07:19:20
5051,5051,158,Debit Card,Pending,3098.27,2025-12-28 15:52:53
5052,5052,752,Cash,Failed,617.29,2024-09-24 12:37:50
5053,5053,612,Debit Card,Success,4001.15,2025-11-30 07:12:25
5054,5054,821,Cash,Failed,2429.68,2025-12-12 18:01:37
5055,5055,62,Credit Card,Pending,937.63,2026-02-01 16:28:12
5056,5056,539,Debit Card,Pending,2998.92,2025-11-07 15:12:35
5057,5057,568,UPI,Pending,4949.55,2025-12-20 16:19:45
5058,5058,94,Cash,Success,1119.22,2024-11-05 07:25:31
5059,5059,368,Debit Card,Failed,4837.35,2025-09-26 22:49:48
5060,5060,824,Debit Card,Pending,3395.34,2025-11-27 05:01:17
5061,5061,522,Cash,Pending,1333.5,2024-11-04 08:28:24
5062,5062,424,Net Banking,Failed,1735.04,2025-12-23 01:10:12
5063,5063,938,Net Banking,Success,4166.37,2024-12-07 16:31:08
5064,5064,924,Cash,Pending,2550.64,2024-08-25 07:06:02
5065,5065,36,Credit Card,Success,1381.4,2025-04-07 02:48:40
5066,5066,873,UPI,Pending,1414.54,2024-12-24 14:47:14
5067,5067,259,Cash,Success,3329.8,2026-03-08 01:58:49
5068,5068,694,Cash,Success,1165.04,2025-11-07 17:10:55
5069,5069,150,Debit Card,Pending,3574.98,2025-01-08 21:44:30
5070,5070,583,Cash,Pending,794.99,2025-09-18 01:26:12
5071,5071,153,Credit Card,Failed,3219.46,2025-06-24 16:50:53
5072,5072,198,Cash,Pending,2742.54,2025-11-15 19:52:36
5073,5073,749,UPI,Failed,3370.28,2024-12-09 06:23:43
5074,5074,390,Credit Card,Failed,2923.05,2024-10-03 04:12:39
5075,5075,456,Cash,Pending,3162.62,2024-08-08 20:13:00
5076,5076,953,Net Banking,Success,2272.39,2025-03-10 04:24:20
5077,5077,594,Cash,Failed,3316.79,2025-10-22 00:18:06
5078,5078,116,Net Banking,Pending,614.71,2025-04-21 18:59:33
5079,5079,59,Debit Card,Pending,2991.46,2026-02-08 21:23:13
5080,5080,699,Cash,Success,293.12,2026-01-09 11:11:10
5081,5081,73,Net Banking,Success,908.0,2024-10-14 04:20:12
5082,5082,241,UPI,Pending,663.32,2024-06-13 04:04:03
5083,5083,934,Debit Card,Success,286.45,2026-01-15 13:20:46
5084,5084,119,Credit Card,Failed,1325.38,2024-08-04 15:08:37
5085,5085,767,UPI,Success,2993.57,2024-06-19 02:34:25
5086,5086,727,Credit Card,Pending,365.97,2026-03-16 23:27:04
5087,5087,363,UPI,Pending,137.0,2025-07-11 18:44:00
5088,5088,588,Net Banking,Success,1210.77,2025-06-22 15:25:45
5089,5089,701,Cash,Success,4388.97,2025-08-24 05:25:53
5090,5090,412,Debit Card,Success,4798.8,2026-04-19 12:46:31
5091,5091,463,Debit Card,Failed,1305.8,2025-12-14 16:46:51
5092,5092,299,Credit Card,Success,609.87,2026-03-05 19:44:23
5093,5093,86,Net Banking,Pending,1384.44,2026-04-19 11:51:43
5094,5094,235,Net Banking,Pending,4717.24,2025-12-01 07:57:02
5095,5095,303,Credit Card,Pending,23.51,2026-02-14 19:49:49
5096,5096,835,UPI,Success,3243.81,2024-06-11 10:30:38
5097,5097,261,Debit Card,Pending,2691.71,2025-06-01 15:01:10
5098,5098,649,Cash,Success,2599.39,2025-12-21 13:32:45
5099,5099,279,Cash,Success,4579.09,2026-05-10 17:54:03
5100,5100,486,UPI,Failed,4975.3,2024-05-27 19:16:05
5101,5101,893,Debit Card,Pending,287.33,2025-02-09 13:52:54
5102,5102,654,Credit Card,Failed,192.87,2025-09-28 14:38:24
5103,5103,293,Cash,Failed,3328.56,2025-06-15 12:58:35
5104,5104,120,Cash,Pending,4200.48,2024-11-18 02:33:35
5105,5105,987,Debit Card,Success,4286.11,2025-05-17 13:39:02
5106,5106,84,Credit Card,Success,3026.21,2025-07-18 07:17:30
5107,5107,510,Cash,Failed,4389.67,2025-01-23 08:51:02
5108,5108,566,UPI,Pending,4655.97,2024-06-02 12:04:16
5109,5109,918,Credit Card,Pending,2061.29,2024-11-13 17:37:51
5110,5110,726,Cash,Success,2918.04,2025-11-27 14:47:03
5111,5111,344,Net Banking,Failed,4555.57,2025-08-19 14:17:39
5112,5112,870,Net Banking,Pending,1206.96,2024-06-20 12:11:16
5113,5113,651,Debit Card,Success,1006.54,2025-08-27 06:06:01
5114,5114,271,Net Banking,Failed,1860.74,2025-12-24 01:41:07
5115,5115,351,Net Banking,Pending,4975.46,2026-03-14 16:24:10
5116,5116,114,Net Banking,Pending,627.8,2025-05-05 15:15:22
5117,5117,611,Cash,Failed,1516.78,2025-10-20 02:57:43
5118,5118,675,Cash,Failed,4225.81,2025-07-20 15:57:48
5119,5119,24,UPI,Success,2585.45,2024-08-30 02:46:51
5120,5120,970,Credit Card,Failed,2949.6,2025-05-08 19:00:52
5121,5121,715,Credit Card,Pending,3559.56,2025-03-21 04:38:33
5122,5122,587,Credit Card,Failed,4180.7,2025-08-16 01:46:43
5123,5123,881,Cash,Failed,1685.48,2025-04-24 04:47:36
5124,5124,63,Net Banking,Pending,490.67,2024-07-22 10:04:48
5125,5125,291,UPI,Success,2840.48,2024-07-01 18:01:03
5126,5126,95,Net Banking,Failed,1913.22,2025-07-06 05:40:58
5127,5127,96,Credit Card,Failed,3566.7,2025-04-30 00:25:02
5128,5128,807,Cash,Success,551.81,2025-05-23 13:27:45
5129,5129,51,Cash,Success,2651.91,2025-06-21 09:08:40
5130,5130,769,Credit Card,Failed,472.4,2025-11-09 12:56:54
5131,5131,716,Cash,Failed,3040.66,2025-04-01 15:46:18
5132,5132,651,Debit Card,Failed,815.28,2026-01-05 02:13:24
5133,5133,556,Net Banking,Pending,4435.27,2025-02-16 02:07:02
5134,5134,182,Cash,Failed,799.96,2025-02-05 15:57:37
5135,5135,247,Net Banking,Pending,4950.14,2024-08-02 13:54:57
5136,5136,470,Net Banking,Failed,387.48,2025-01-13 13:10:26
5137,5137,459,UPI,Pending,3102.62,2026-05-01 10:51:11
5138,5138,274,Cash,Success,3149.61,2024-12-27 02:09:44
5139,5139,197,UPI,Pending,3299.65,2024-07-20 22:00:16
5140,5140,596,Credit Card,Pending,4001.38,2025-08-19 18:14:26
5141,5141,46,Debit Card,Pending,2810.3,2025-11-20 03:33:16
5142,5142,748,Cash,Failed,2889.02,2026-03-07 10:57:39
5143,5143,699,Net Banking,Failed,4439.8,2024-08-31 16:31:50
5144,5144,818,Debit Card,Failed,1133.43,2024-09-02 08:01:45
5145,5145,559,Cash,Pending,443.38,2025-03-13 21:07:15
5146,5146,428,Debit Card,Pending,2530.93,2025-01-03 03:53:54
5147,5147,266,Credit Card,Failed,3562.83,2025-08-01 05:32:07
5148,5148,695,UPI,Success,4167.69,2026-05-03 12:42:20
5149,5149,27,Credit Card,Success,3672.51,2025-08-30 15:04:16
5150,5150,548,Net Banking,Success,217.8,2025-11-12 06:58:42
5151,5151,918,Net Banking,Pending,1782.95,2024-06-08 01:33:46
5152,5152,129,Debit Card,Pending,807.16,2025-12-05 16:42:40
5153,5153,18,Debit Card,Failed,3422.34,2024-08-29 09:02:22
5154,5154,918,Net Banking,Pending,1926.86,2024-11-16 16:46:42
5155,5155,725,Net Banking,Pending,3280.7,2025-03-30 08:07:05
5156,5156,97,Cash,Success,1624.94,2026-01-22 18:18:06
5157,5157,109,UPI,Failed,3469.12,2025-08-17 16:13:04
5158,5158,542,Net Banking,Success,3379.75,2024-07-09 03:06:42
5159,5159,846,Cash,Pending,2941.1,2026-03-05 14:26:56
5160,5160,175,Cash,Failed,699.29,2025-11-02 21:34:50
5161,5161,938,Credit Card,Failed,1439.65,2026-05-12 15:14:58
5162,5162,156,Credit Card,Failed,695.58,2026-05-01 16:30:42
5163,5163,841,Net Banking,Success,3682.4,2026-04-29 11:06:16
5164,5164,43,Debit Card,Success,4096.28,2025-05-01 17:53:21
5165,5165,490,Cash,Pending,4151.26,2026-01-18 05:39:09
5166,5166,792,Credit Card,Pending,1759.65,2024-11-28 00:06:19
5167,5167,62,Net Banking,Success,1971.51,2025-04-04 20:51:04
5168,5168,78,Cash,Failed,4393.28,2026-05-08 07:42:14
5169,5169,204,UPI,Pending,4721.93,2026-04-11 09:50:02
5170,5170,287,Cash,Failed,1783.89,2025-10-13 02:38:41
5171,5171,866,UPI,Pending,930.86,2025-12-18 20:32:53
5172,5172,79,Net Banking,Failed,4832.24,2024-08-12 03:02:53
5173,5173,726,Credit Card,Success,625.95,2024-08-03 06:44:58
5174,5174,765,Credit Card,Failed,684.28,2024-11-20 11:34:58
5175,5175,736,Cash,Failed,40.17,2026-01-14 16:41:19
5176,5176,231,Net Banking,Pending,4358.26,2025-08-25 16:53:26
5177,5177,358,Cash,Pending,4473.57,2026-04-13 14:51:23
5178,5178,858,UPI,Success,3943.05,2024-12-09 00:15:59
5179,5179,788,Net Banking,Success,2005.89,2025-03-17 05:41:18
5180,5180,797,UPI,Failed,3025.38,2025-01-10 19:57:08
5181,5181,54,Net Banking,Success,2021.79,2024-09-11 21:43:54
5182,5182,183,UPI,Failed,2614.89,2025-03-05 17:29:15
5183,5183,986,UPI,Success,530.88,2025-06-02 23:03:57
5184,5184,39,Credit Card,Success,403.1,2025-08-31 15:55:46
5185,5185,59,Net Banking,Pending,2604.27,2025-08-29 10:03:47
5186,5186,356,Debit Card,Pending,3611.88,2025-06-02 01:16:34
5187,5187,852,UPI,Pending,2117.04,2025-01-08 11:26:29
5188,5188,150,Debit Card,Pending,3022.96,2025-01-02 23:30:21
5189,5189,630,Credit Card,Failed,4514.28,2025-05-18 11:50:03
5190,5190,643,Debit Card,Failed,159.25,2025-11-05 18:33:25
5191,5191,800,Cash,Failed,2929.41,2025-10-30 02:03:41
5192,5192,712,Credit Card,Success,2526.88,2025-07-22 13:16:04
5193,5193,895,Cash,Failed,2696.2,2025-04-11 19:05:41
5194,5194,983,Debit Card,Success,4450.51,2024-12-10 05:17:27
5195,5195,390,Credit Card,Failed,2038.14,2025-01-29 05:28:05
5196,5196,526,Credit Card,Failed,2367.81,2024-07-04 21:10:20
5197,5197,642,Net Banking,Success,3593.59,2025-10-27 09:57:11
5198,5198,277,Cash,Failed,925.88,2026-04-09 05:50:50
5199,5199,110,Net Banking,Failed,2814.44,2024-07-02 18:19:30
5200,5200,601,Net Banking,Pending,3621.59,2025-07-26 10:53:41
5201,5201,882,Credit Card,Success,4741.52,2024-07-10 23:21:10
5202,5202,806,Net Banking,Failed,2109.12,2025-08-18 04:21:56
5203,5203,632,Credit Card,Failed,825.01,2026-02-22 22:45:26
5204,5204,23,Net Banking,Failed,4566.63,2024-09-25 17:06:15
5205,5205,667,Cash,Pending,3229.31,2026-05-26 17:34:12
5206,5206,859,UPI,Pending,3581.99,2025-06-16 13:35:06
5207,5207,877,Cash,Success,4373.15,2024-08-08 19:43:08
5208,5208,351,UPI,Success,4563.41,2025-10-20 15:08:43
5209,5209,70,Credit Card,Pending,40.7,2025-11-14 01:54:47
5210,5210,508,Credit Card,Success,3929.96,2024-12-23 23:14:07
5211,5211,505,Debit Card,Failed,1730.66,2025-04-16 08:17:03
5212,5212,336,Credit Card,Pending,2057.46,2026-02-17 19:12:10
5213,5213,84,Debit Card,Success,846.07,2026-01-27 15:47:52
5214,5214,456,UPI,Success,3547.6,2026-02-25 05:38:15
5215,5215,100,Debit Card,Failed,1710.17,2024-12-09 19:12:44
5216,5216,618,Debit Card,Failed,767.05,2025-05-31 00:41:26
5217,5217,704,Cash,Failed,1107.61,2024-12-09 13:29:34
5218,5218,929,UPI,Success,314.45,2025-10-15 14:31:24
5219,5219,278,Net Banking,Success,4921.28,2025-10-10 17:57:46
5220,5220,903,Cash,Failed,3387.64,2025-11-08 10:27:49
5221,5221,833,UPI,Failed,3726.63,2026-05-08 03:47:20
5222,5222,766,Net Banking,Success,3503.44,2025-02-25 03:29:59
5223,5223,5,Debit Card,Failed,3464.92,2025-03-07 19:18:13
5224,5224,511,Credit Card,Failed,623.42,2026-03-31 19:02:41
5225,5225,112,UPI,Success,2262.08,2024-07-28 06:05:40
5226,5226,227,Cash,Success,2060.43,2024-09-22 03:38:14
5227,5227,974,Cash,Failed,3712.69,2025-05-01 23:45:27
5228,5228,230,Cash,Pending,4299.14,2025-12-03 23:25:58
5229,5229,142,Cash,Pending,2709.05,2025-05-08 19:30:19
5230,5230,313,Cash,Pending,4345.04,2026-01-16 17:49:57
5231,5231,965,Debit Card,Success,4185.75,2024-08-24 01:11:10
5232,5232,10,Credit Card,Success,3114.52,2026-01-07 20:58:08
5233,5233,907,Cash,Pending,4824.32,2025-06-05 14:59:14
5234,5234,553,Debit Card,Success,2358.05,2024-06-16 10:15:38
5235,5235,759,Debit Card,Pending,441.39,2026-05-26 04:46:23
5236,5236,67,Cash,Success,477.65,2024-09-09 16:27:16
5237,5237,11,Cash,Failed,710.9,2025-12-02 06:15:51
5238,5238,408,UPI,Success,1801.47,2024-07-07 03:54:54
5239,5239,805,Credit Card,Failed,2832.0,2025-07-08 19:55:26
5240,5240,245,Net Banking,Success,1730.1,2025-06-02 16:35:51
5241,5241,10,Cash,Pending,1285.01,2025-12-22 19:46:19
5242,5242,719,Debit Card,Success,2682.77,2024-09-02 06:11:43
5243,5243,699,Net Banking,Success,2985.64,2024-09-19 08:49:26
5244,5244,262,Net Banking,Success,687.08,2024-07-12 04:47:53
5245,5245,484,Net Banking,Pending,3181.06,2025-01-08 18:03:48
5246,5246,70,Net Banking,Success,2325.05,2025-05-07 04:49:41
5247,5247,349,UPI,Success,4755.47,2024-08-03 23:33:19
5248,5248,1000,UPI,Pending,1223.98,2025-12-27 02:19:17
5249,5249,178,Credit Card,Success,1874.75,2026-04-21 12:34:15
5250,5250,625,Debit Card,Failed,2093.96,2025-03-20 11:51:46
5251,5251,46,Debit Card,Failed,2072.61,2025-04-11 15:30:09
5252,5252,723,UPI,Success,1768.31,2025-02-09 19:30:43
5253,5253,971,Credit Card,Success,2415.04,2025-05-24 07:05:17
5254,5254,60,Net Banking,Pending,4202.28,2025-04-06 20:10:29
5255,5255,441,Net Banking,Failed,3980.43,2025-05-20 17:36:34
5256,5256,361,UPI,Failed,3314.38,2025-01-06 08:55:48
5257,5257,828,UPI,Success,3257.9,2026-05-18 04:19:36
5258,5258,721,Net Banking,Success,710.57,2024-09-01 22:50:35
5259,5259,930,Debit Card,Failed,4917.96,2024-12-29 22:59:17
5260,5260,686,Debit Card,Pending,3748.05,2024-11-29 13:16:22
5261,5261,233,Net Banking,Failed,1473.13,2025-09-23 18:59:38
5262,5262,680,Net Banking,Pending,4055.36,2024-07-14 07:22:39
5263,5263,638,Cash,Failed,3796.24,2026-04-13 18:44:04
5264,5264,462,Cash,Failed,2046.35,2025-07-03 20:05:13
5265,5265,196,Cash,Failed,3711.42,2025-07-26 15:02:13
5266,5266,428,Debit Card,Failed,1743.04,2025-05-02 05:13:28
5267,5267,611,Net Banking,Success,2021.84,2024-10-25 09:43:35
5268,5268,568,Credit Card,Failed,901.33,2025-06-07 13:19:26
5269,5269,33,Cash,Success,3510.82,2025-04-18 21:27:15
5270,5270,503,Net Banking,Pending,640.36,2026-04-14 20:10:32
5271,5271,555,UPI,Failed,3156.37,2026-04-22 16:21:01
5272,5272,877,Credit Card,Pending,2553.35,2026-04-21 18:38:23
5273,5273,939,Debit Card,Failed,4722.44,2025-09-08 21:27:21
5274,5274,184,Credit Card,Pending,1626.37,2025-05-11 17:28:41
5275,5275,517,Cash,Failed,1931.59,2026-05-22 17:37:26
5276,5276,556,UPI,Pending,840.21,2024-08-14 04:16:43
5277,5277,689,Net Banking,Pending,2265.2,2024-12-24 07:24:20
5278,5278,579,Cash,Failed,4176.03,2025-03-06 17:00:32
5279,5279,953,Credit Card,Pending,2347.78,2025-05-26 12:41:59
5280,5280,198,Cash,Success,3185.89,2024-06-18 21:11:19
5281,5281,360,Cash,Failed,631.98,2025-06-08 06:53:18
5282,5282,588,Cash,Success,3298.77,2024-12-12 03:39:40
5283,5283,681,UPI,Pending,824.24,2026-04-09 20:11:58
5284,5284,887,Debit Card,Success,4107.94,2025-02-20 08:26:42
5285,5285,18,Net Banking,Pending,2865.03,2025-10-19 04:32:42
5286,5286,350,UPI,Pending,2456.4,2025-11-15 16:14:56
5287,5287,531,Net Banking,Failed,3502.36,2025-04-19 14:32:13
5288,5288,711,Debit Card,Failed,2557.02,2025-08-27 00:14:42
5289,5289,920,Credit Card,Pending,4558.19,2026-01-18 20:38:41
5290,5290,530,Cash,Failed,2662.19,2026-05-18 01:20:14
5291,5291,902,Debit Card,Failed,3875.64,2025-03-06 06:36:34
5292,5292,906,Debit Card,Pending,3094.98,2025-11-09 12:43:05
5293,5293,683,Net Banking,Pending,4323.52,2024-08-02 06:43:46
5294,5294,451,Net Banking,Failed,3726.67,2025-12-24 21:49:29
5295,5295,146,Net Banking,Pending,352.5,2025-11-02 19:16:29
5296,5296,971,Cash,Failed,812.95,2026-05-17 09:41:16
5297,5297,626,Debit Card,Success,3045.0,2026-04-18 18:19:47
5298,5298,335,UPI,Success,3373.73,2024-07-17 09:46:40
5299,5299,64,Debit Card,Failed,4801.75,2026-05-22 00:03:44
5300,5300,166,Credit Card,Success,1129.79,2025-05-27 12:00:57
5301,5301,795,Cash,Success,3168.25,2026-01-29 15:11:11
5302,5302,925,Cash,Pending,2070.92,2025-01-17 19:59:43
5303,5303,767,Net Banking,Failed,3840.69,2025-10-06 14:54:13
5304,5304,479,Cash,Failed,3340.94,2024-07-22 06:08:13
5305,5305,997,Cash,Success,2970.79,2026-02-06 04:49:26
5306,5306,972,UPI,Failed,612.51,2025-06-23 11:55:44
5307,5307,543,UPI,Failed,2710.01,2025-09-24 22:36:00
5308,5308,362,Net Banking,Success,4414.47,2025-09-14 04:01:47
5309,5309,242,Debit Card,Pending,4718.54,2025-12-01 22:19:03
5310,5310,42,Cash,Pending,1762.01,2024-08-23 14:26:21
5311,5311,224,Net Banking,Pending,1083.94,2025-09-25 12:02:03
5312,5312,754,Debit Card,Pending,3869.38,2026-03-20 15:58:50
5313,5313,68,Net Banking,Pending,2974.06,2025-07-30 21:53:47
5314,5314,893,Cash,Success,4354.48,2025-01-31 01:56:17
5315,5315,920,UPI,Success,1153.91,2026-03-20 20:05:34
5316,5316,933,Cash,Failed,3514.91,2024-11-17 10:39:59
5317,5317,478,Cash,Pending,3820.69,2025-05-21 16:36:34
5318,5318,401,UPI,Success,905.02,2024-10-22 13:10:21
5319,5319,201,UPI,Pending,1600.59,2024-07-25 07:07:43
5320,5320,126,Debit Card,Success,3814.1,2025-11-14 08:23:04
5321,5321,719,Net Banking,Success,3977.71,2024-07-02 23:33:31
5322,5322,941,Cash,Pending,1604.8,2024-11-25 20:13:23
5323,5323,366,Credit Card,Failed,3961.13,2026-02-25 16:58:36
5324,5324,298,Net Banking,Failed,4359.2,2025-10-03 18:17:21
5325,5325,173,Credit Card,Success,1617.4,2026-02-17 20:26:24
5326,5326,829,Debit Card,Pending,2145.53,2025-05-03 23:42:24
5327,5327,385,Credit Card,Pending,3622.14,2025-01-25 01:27:36
5328,5328,971,Cash,Failed,1994.96,2026-03-21 02:25:15
5329,5329,39,UPI,Failed,4643.76,2024-11-04 10:49:19
5330,5330,162,Credit Card,Failed,4533.13,2026-04-26 00:36:04
5331,5331,349,Net Banking,Failed,256.21,2024-12-16 01:44:40
5332,5332,250,Credit Card,Success,3337.99,2026-02-12 03:15:42
5333,5333,826,Cash,Failed,4608.25,2025-05-08 00:05:03
5334,5334,229,Debit Card,Success,4165.47,2026-05-09 15:28:30
5335,5335,932,UPI,Pending,1101.45,2024-09-12 14:41:14
5336,5336,371,UPI,Success,3140.85,2024-07-16 13:32:29
5337,5337,920,Cash,Failed,2674.66,2025-08-04 17:33:07
5338,5338,199,Credit Card,Pending,3591.24,2025-06-27 11:36:01
5339,5339,283,Debit Card,Success,2760.19,2026-05-11 02:39:07
5340,5340,197,Net Banking,Pending,1488.38,2026-03-31 12:45:00
5341,5341,942,Cash,Success,4537.37,2024-11-29 11:48:17
5342,5342,1,Credit Card,Pending,1282.53,2024-06-25 07:48:21
5343,5343,341,Debit Card,Pending,3815.34,2026-03-05 23:52:07
5344,5344,146,UPI,Success,230.24,2024-08-10 09:42:29
5345,5345,758,Cash,Failed,4883.82,2024-08-21 07:36:28
5346,5346,661,Net Banking,Pending,3107.54,2025-09-14 06:36:09
5347,5347,534,Cash,Failed,2092.91,2025-05-29 16:57:05
5348,5348,208,Cash,Pending,4361.81,2026-04-10 16:47:21
5349,5349,198,UPI,Success,3755.27,2025-07-07 01:44:22
5350,5350,998,Cash,Success,2609.46,2025-06-18 18:56:36
5351,5351,434,Credit Card,Pending,3813.02,2025-06-24 09:40:49
5352,5352,24,UPI,Pending,2776.23,2024-10-19 15:17:00
5353,5353,27,Net Banking,Failed,2343.87,2024-05-29 18:02:40
5354,5354,792,Credit Card,Pending,4437.23,2026-05-18 02:53:46
5355,5355,765,Debit Card,Pending,4339.3,2024-08-03 00:36:22
5356,5356,896,Debit Card,Pending,2007.45,2026-03-02 12:02:03
5357,5357,650,UPI,Failed,786.58,2025-12-18 05:30:58
5358,5358,843,Debit Card,Success,4271.93,2025-03-08 18:20:53
5359,5359,952,UPI,Failed,272.54,2025-11-30 00:53:09
5360,5360,768,Net Banking,Failed,3726.56,2024-08-11 13:51:13
5361,5361,587,Debit Card,Success,3281.79,2026-03-25 07:10:59
5362,5362,145,Debit Card,Failed,3992.66,2024-10-05 07:35:06
5363,5363,59,Debit Card,Success,1200.38,2024-12-03 17:48:49
5364,5364,11,Net Banking,Success,4010.18,2024-06-07 05:51:15
5365,5365,886,Net Banking,Pending,3825.98,2025-01-29 17:38:20
5366,5366,752,Debit Card,Pending,159.85,2025-03-28 01:51:06
5367,5367,406,Debit Card,Failed,2227.79,2024-08-14 02:47:20
5368,5368,646,Cash,Failed,4793.25,2025-04-18 23:36:44
5369,5369,754,Net Banking,Success,804.52,2025-11-04 09:01:25
5370,5370,950,Credit Card,Failed,716.02,2025-03-08 14:21:11
5371,5371,857,UPI,Success,1851.49,2024-09-17 20:31:52
5372,5372,316,Debit Card,Success,603.72,2024-11-25 22:00:14
5373,5373,937,UPI,Success,1683.15,2026-05-26 15:44:14
5374,5374,241,Debit Card,Success,731.36,2025-06-23 12:37:38
5375,5375,580,Cash,Pending,2496.03,2024-09-06 21:16:38
5376,5376,912,Net Banking,Success,3661.16,2024-08-27 23:03:36
5377,5377,783,Net Banking,Success,4863.34,2024-06-16 01:33:02
5378,5378,375,Cash,Success,3732.62,2024-12-11 16:05:37
5379,5379,393,Credit Card,Failed,2021.46,2024-08-23 01:45:14
5380,5380,608,Net Banking,Failed,4303.11,2025-03-26 22:42:46
5381,5381,235,UPI,Pending,3124.21,2025-11-21 06:02:11
5382,5382,705,Cash,Failed,4839.68,2025-02-21 12:01:33
5383,5383,818,Cash,Failed,3116.92,2025-09-11 16:19:59
5384,5384,985,UPI,Failed,2992.16,2025-09-26 16:20:05
5385,5385,188,Cash,Pending,77.27,2025-06-11 18:59:34
5386,5386,814,Net Banking,Pending,1331.2,2024-06-17 22:52:22
5387,5387,375,Credit Card,Success,3329.78,2024-07-26 03:13:37
5388,5388,458,UPI,Failed,2050.58,2025-04-23 16:39:48
5389,5389,804,Debit Card,Pending,3730.89,2026-05-15 12:15:16
5390,5390,467,Credit Card,Pending,3801.32,2026-02-16 15:06:12
5391,5391,393,Cash,Success,3066.97,2025-09-08 11:57:14
5392,5392,901,UPI,Pending,4950.01,2026-04-06 02:09:15
5393,5393,705,UPI,Failed,2590.21,2025-12-19 13:32:42
5394,5394,192,Debit Card,Pending,1169.0,2024-12-01 02:36:33
5395,5395,421,Credit Card,Failed,3063.92,2024-07-06 21:56:39
5396,5396,540,Credit Card,Success,461.49,2024-07-05 21:29:30
5397,5397,540,UPI,Pending,299.29,2025-07-19 05:12:45
5398,5398,258,Credit Card,Failed,613.71,2026-02-26 12:23:19
5399,5399,677,Cash,Failed,3273.28,2024-06-27 19:11:09
5400,5400,522,UPI,Failed,1906.33,2025-10-26 10:06:58
5401,5401,866,Net Banking,Success,3653.98,2024-07-24 09:01:31
5402,5402,347,Net Banking,Failed,2480.55,2025-09-27 07:54:51
5403,5403,720,Credit Card,Pending,690.08,2026-02-17 01:04:17
5404,5404,534,Credit Card,Pending,4249.27,2024-11-07 11:12:16
5405,5405,667,Debit Card,Failed,4059.6,2024-06-19 04:57:24
5406,5406,804,Cash,Success,1829.12,2024-05-27 08:27:53
5407,5407,802,Cash,Failed,4852.08,2026-01-18 04:23:57
5408,5408,809,Cash,Pending,2221.82,2026-05-17 14:44:29
5409,5409,148,Debit Card,Failed,2286.25,2024-06-03 15:57:56
5410,5410,709,Net Banking,Failed,2202.38,2024-10-25 00:55:58
5411,5411,410,Net Banking,Pending,1513.27,2025-10-05 00:24:27
5412,5412,362,Debit Card,Pending,2915.85,2024-09-22 13:48:41
5413,5413,856,Debit Card,Success,4463.1,2025-09-08 11:33:33
5414,5414,930,Debit Card,Failed,2635.76,2025-01-31 07:15:11
5415,5415,55,Net Banking,Success,3162.52,2025-06-04 03:18:42
5416,5416,770,UPI,Failed,4799.73,2026-05-13 00:53:46
5417,5417,662,Credit Card,Pending,4716.42,2024-10-10 14:51:29
5418,5418,411,Cash,Pending,2471.81,2025-11-29 10:26:18
5419,5419,619,Debit Card,Success,3863.8,2024-11-03 13:58:17
5420,5420,564,UPI,Pending,3472.39,2024-12-25 15:38:20
5421,5421,343,Credit Card,Success,751.23,2025-07-03 21:43:03
5422,5422,771,Net Banking,Success,4916.69,2025-12-22 00:59:39
5423,5423,202,Debit Card,Failed,876.55,2026-01-16 19:51:40
5424,5424,188,Net Banking,Failed,1974.55,2026-05-10 16:24:07
5425,5425,192,Cash,Success,3160.7,2024-12-10 00:05:43
5426,5426,100,UPI,Pending,2222.37,2024-07-11 03:47:37
5427,5427,646,Credit Card,Pending,3385.05,2025-10-11 22:20:13
5428,5428,483,UPI,Pending,1732.43,2025-02-13 03:56:54
5429,5429,401,Net Banking,Failed,3170.14,2025-11-22 09:03:14
5430,5430,38,Net Banking,Pending,4157.68,2026-05-05 03:14:55
5431,5431,748,Net Banking,Failed,3651.26,2026-05-08 03:19:36
5432,5432,592,Cash,Failed,2893.98,2024-08-14 19:29:49
5433,5433,536,Cash,Success,3810.7,2025-01-04 17:19:54
5434,5434,501,Credit Card,Success,3145.85,2026-03-12 01:17:33
5435,5435,175,UPI,Success,4508.79,2024-12-02 03:16:16
5436,5436,290,Credit Card,Pending,1230.82,2025-07-13 09:58:43
5437,5437,901,Credit Card,Pending,4922.09,2024-12-17 23:38:46
5438,5438,59,Net Banking,Pending,1012.76,2025-10-22 01:08:48
5439,5439,356,Cash,Success,2099.55,2025-01-16 13:21:09
5440,5440,80,Credit Card,Failed,1226.22,2025-08-17 08:20:54
5441,5441,124,Cash,Success,2539.56,2024-06-13 20:41:38
5442,5442,378,Debit Card,Failed,4866.2,2024-06-28 13:29:18
5443,5443,21,Debit Card,Success,1501.19,2026-03-30 15:30:15
5444,5444,249,Net Banking,Failed,4390.15,2024-07-26 01:55:20
5445,5445,339,UPI,Failed,4203.42,2025-06-24 13:02:21
5446,5446,775,Debit Card,Success,292.04,2025-08-12 01:11:20
5447,5447,779,Debit Card,Success,2884.88,2025-04-14 11:13:40
5448,5448,899,UPI,Pending,4687.53,2024-11-08 05:27:02
5449,5449,36,Credit Card,Success,4529.66,2025-09-15 14:31:49
5450,5450,22,UPI,Pending,1856.26,2024-09-07 14:52:12
5451,5451,632,Credit Card,Pending,4077.3,2025-01-30 10:27:12
5452,5452,246,Cash,Pending,4311.72,2024-09-05 13:26:45
5453,5453,229,Net Banking,Failed,2682.33,2024-09-02 18:02:48
5454,5454,297,Cash,Failed,3281.45,2026-01-28 11:52:40
5455,5455,695,Debit Card,Failed,2182.28,2025-10-04 11:29:57
5456,5456,224,Net Banking,Failed,1291.94,2025-01-02 17:16:09
5457,5457,734,Debit Card,Failed,640.41,2025-09-15 05:44:30
5458,5458,180,Net Banking,Failed,186.95,2025-11-05 20:58:52
5459,5459,496,Net Banking,Success,2590.58,2026-02-02 08:14:20
5460,5460,811,Net Banking,Success,3793.56,2024-11-08 07:15:38
5461,5461,12,Credit Card,Pending,23.12,2024-10-21 21:56:59
5462,5462,283,Net Banking,Success,3238.6,2024-12-06 05:27:19
5463,5463,284,Net Banking,Success,645.44,2026-03-15 03:13:37
5464,5464,499,Credit Card,Failed,1094.44,2024-11-26 19:52:29
5465,5465,269,Credit Card,Pending,3162.54,2026-02-11 22:41:28
5466,5466,923,Net Banking,Pending,1517.17,2025-01-31 14:39:22
5467,5467,737,Net Banking,Success,1294.15,2025-11-18 01:01:50
5468,5468,265,Net Banking,Success,1220.86,2025-04-25 18:38:01
5469,5469,779,Cash,Failed,3938.23,2025-05-22 15:17:32
5470,5470,410,Debit Card,Failed,880.9,2025-09-28 10:53:54
5471,5471,796,Cash,Failed,638.34,2025-12-31 15:31:18
5472,5472,850,Debit Card,Failed,114.95,2025-02-24 05:28:15
5473,5473,348,Net Banking,Failed,2602.22,2025-01-08 21:29:05
5474,5474,634,Net Banking,Failed,1992.07,2025-06-04 00:34:22
5475,5475,407,Net Banking,Failed,2872.89,2026-03-31 11:00:44
5476,5476,323,Cash,Failed,2363.93,2025-05-26 12:57:51
5477,5477,662,Credit Card,Pending,870.69,2024-06-07 17:48:51
5478,5478,452,Cash,Success,1343.85,2025-06-08 08:30:39
5479,5479,958,Cash,Success,3720.9,2025-06-17 11:11:53
5480,5480,493,UPI,Failed,2769.68,2025-06-08 05:00:56
5481,5481,612,Debit Card,Success,1579.09,2024-11-25 15:49:14
5482,5482,110,Net Banking,Pending,3401.23,2025-11-26 08:41:22
5483,5483,343,UPI,Pending,2987.29,2025-09-18 07:36:24
5484,5484,306,Net Banking,Success,1738.67,2025-01-12 15:44:01
5485,5485,605,Cash,Failed,102.4,2024-06-25 08:05:45
5486,5486,788,Debit Card,Pending,3465.03,2025-03-31 14:40:25
5487,5487,444,Credit Card,Failed,139.47,2024-10-10 11:05:43
5488,5488,582,UPI,Pending,1890.43,2025-01-19 11:52:24
5489,5489,191,Credit Card,Success,867.22,2025-03-31 04:03:09
5490,5490,112,UPI,Success,4601.42,2026-03-01 09:05:27
5491,5491,772,Credit Card,Failed,3112.14,2025-03-19 22:59:11
5492,5492,734,Cash,Pending,1992.33,2026-04-17 15:41:06
5493,5493,64,Credit Card,Success,3148.18,2026-01-25 01:37:39
5494,5494,553,Net Banking,Success,167.27,2026-03-19 00:29:50
5495,5495,938,Credit Card,Failed,458.6,2024-08-17 14:09:36
5496,5496,878,Cash,Success,345.63,2025-01-21 16:02:13
5497,5497,941,Cash,Failed,4085.68,2026-01-28 02:24:12
5498,5498,796,Credit Card,Success,1199.62,2025-09-04 16:53:01
5499,5499,821,Credit Card,Pending,484.45,2024-06-16 06:45:49
5500,5500,322,Cash,Success,3358.82,2025-11-06 02:11:20
5501,5501,889,UPI,Pending,3399.1,2024-06-09 10:39:22
5502,5502,987,Cash,Success,525.5,2025-02-16 20:58:08
5503,5503,875,Credit Card,Pending,4455.88,2025-08-13 22:11:24
5504,5504,401,Debit Card,Pending,1787.66,2026-05-06 08:53:10
5505,5505,787,Credit Card,Pending,2214.08,2026-04-22 10:28:46
5506,5506,849,Credit Card,Pending,4325.29,2025-12-12 04:41:45
5507,5507,984,Cash,Failed,2080.12,2025-04-11 11:49:25
5508,5508,432,Net Banking,Success,2444.18,2025-09-02 09:59:04
5509,5509,639,Credit Card,Failed,162.04,2025-01-21 09:43:14
5510,5510,903,Cash,Failed,4613.45,2025-09-09 20:43:56
5511,5511,173,Cash,Pending,2991.49,2025-04-05 12:47:33
5512,5512,529,UPI,Pending,4890.11,2024-06-20 08:16:49
5513,5513,274,Debit Card,Pending,3197.78,2024-06-09 00:46:42
5514,5514,480,Net Banking,Failed,3767.08,2026-03-16 10:09:57
5515,5515,85,Debit Card,Failed,1759.07,2025-10-12 23:57:58
5516,5516,946,Debit Card,Failed,4251.94,2024-09-10 17:37:50
5517,5517,293,UPI,Success,4055.29,2026-04-19 23:26:28
5518,5518,198,Credit Card,Failed,3587.01,2024-08-03 15:15:44
5519,5519,546,Net Banking,Success,4749.52,2025-06-14 11:58:36
5520,5520,563,Credit Card,Failed,411.32,2026-02-27 01:23:36
5521,5521,962,UPI,Pending,657.67,2025-12-17 13:33:38
5522,5522,118,Cash,Success,1904.66,2025-03-20 17:09:49
5523,5523,733,Net Banking,Failed,1437.95,2025-09-01 02:19:51
5524,5524,181,Credit Card,Failed,539.14,2024-06-18 16:58:17
5525,5525,150,UPI,Success,297.95,2026-02-15 00:05:56
5526,5526,557,Net Banking,Success,4138.79,2025-06-05 10:12:48
5527,5527,453,Credit Card,Failed,594.75,2025-11-06 21:01:47
5528,5528,519,Credit Card,Failed,4014.87,2025-08-16 20:25:47
5529,5529,18,Debit Card,Success,2010.85,2024-09-16 04:19:17
5530,5530,441,Credit Card,Failed,3448.44,2026-03-08 04:34:37
5531,5531,672,Cash,Pending,2627.29,2025-04-15 00:08:39
5532,5532,82,Credit Card,Success,3459.15,2024-07-09 17:47:42
5533,5533,977,Debit Card,Success,4042.45,2025-09-05 22:18:53
5534,5534,506,UPI,Success,3277.24,2026-02-04 17:39:59
5535,5535,239,Debit Card,Pending,4699.08,2026-02-13 03:26:56
5536,5536,764,Credit Card,Failed,577.81,2024-09-16 18:44:16
5537,5537,841,Debit Card,Pending,4830.13,2024-09-18 10:55:38
5538,5538,122,Cash,Failed,1465.44,2025-07-21 06:18:13
5539,5539,600,Credit Card,Failed,1140.13,2025-08-27 13:02:41
5540,5540,525,Net Banking,Pending,4188.37,2024-06-02 07:32:12
5541,5541,748,Debit Card,Pending,235.76,2026-01-21 08:32:57
5542,5542,493,Credit Card,Pending,2444.31,2025-08-12 06:08:45
5543,5543,528,Net Banking,Failed,72.59,2024-12-15 02:22:42
5544,5544,997,UPI,Success,2091.55,2025-01-16 08:40:16
5545,5545,775,Cash,Failed,4366.52,2025-10-09 23:05:09
5546,5546,808,Credit Card,Failed,521.48,2025-05-08 03:44:24
5547,5547,550,Cash,Pending,4454.05,2025-02-11 00:10:08
5548,5548,633,Credit Card,Pending,1780.0,2025-06-04 14:08:42
5549,5549,421,Debit Card,Success,4775.33,2025-08-15 10:59:21
5550,5550,179,Debit Card,Success,3287.1,2026-02-09 15:12:40
5551,5551,201,Credit Card,Failed,1632.6,2026-01-08 14:02:47
5552,5552,142,UPI,Failed,2216.91,2024-07-14 16:20:52
5553,5553,301,Cash,Failed,623.07,2026-03-28 18:23:17
5554,5554,727,UPI,Failed,1727.7,2024-11-19 00:26:52
5555,5555,599,Net Banking,Failed,2090.77,2025-03-17 09:18:51
5556,5556,122,Debit Card,Failed,4013.88,2026-01-24 02:40:29
5557,5557,948,Net Banking,Success,4617.21,2025-09-16 19:43:09
5558,5558,463,Debit Card,Pending,4741.48,2025-05-10 18:20:07
5559,5559,623,Net Banking,Success,1548.78,2024-10-31 13:00:58
5560,5560,943,UPI,Failed,160.95,2025-04-26 14:47:34
5561,5561,524,UPI,Pending,2540.65,2026-03-30 14:23:27
5562,5562,663,UPI,Pending,4773.56,2026-04-23 05:19:47
5563,5563,426,UPI,Success,1369.17,2025-09-19 23:44:22
5564,5564,499,UPI,Failed,3719.84,2024-07-03 12:23:35
5565,5565,14,Cash,Pending,1008.42,2025-02-19 21:05:47
5566,5566,609,Cash,Success,113.77,2026-04-10 20:39:38
5567,5567,907,Cash,Pending,1312.7,2025-01-27 17:32:23
5568,5568,291,Credit Card,Failed,2406.97,2025-07-26 08:54:21
5569,5569,164,Net Banking,Failed,3746.95,2026-01-14 22:23:42
5570,5570,805,Cash,Success,2946.15,2024-11-21 14:10:32
5571,5571,683,Credit Card,Failed,4541.16,2024-09-08 07:41:18
5572,5572,728,UPI,Success,1058.83,2025-08-18 22:43:26
5573,5573,90,Debit Card,Success,1610.67,2024-08-17 07:44:30
5574,5574,514,Net Banking,Success,2742.0,2025-07-29 12:31:45
5575,5575,869,Credit Card,Pending,520.66,2024-12-03 12:09:29
5576,5576,538,Net Banking,Pending,703.92,2025-12-04 02:18:30
5577,5577,719,UPI,Success,1271.81,2024-10-16 10:42:44
5578,5578,808,Debit Card,Pending,4029.9,2025-03-30 04:15:37
5579,5579,494,Debit Card,Success,4247.61,2025-06-20 11:36:15
5580,5580,67,Debit Card,Pending,475.68,2026-05-01 01:44:06
5581,5581,767,UPI,Pending,102.78,2024-11-01 14:56:07
5582,5582,174,Cash,Failed,437.85,2025-02-26 07:27:44
5583,5583,98,Cash,Success,2726.29,2024-09-23 20:23:13
5584,5584,451,Net Banking,Failed,3097.93,2025-10-14 20:56:28
5585,5585,857,Net Banking,Success,3259.54,2025-10-10 13:51:14
5586,5586,318,Credit Card,Pending,1628.88,2026-01-06 01:40:54
5587,5587,755,Debit Card,Success,4538.14,2026-03-09 16:50:05
5588,5588,60,Net Banking,Pending,1995.9,2025-01-10 05:53:34
5589,5589,888,Net Banking,Success,1611.09,2024-10-10 21:06:36
5590,5590,571,Net Banking,Pending,739.44,2026-01-02 15:47:01
5591,5591,178,Net Banking,Success,192.33,2025-12-23 15:28:25
5592,5592,649,Debit Card,Success,1543.35,2024-12-03 21:31:13
5593,5593,452,Cash,Success,4896.85,2024-09-11 10:52:17
5594,5594,61,Credit Card,Success,2476.24,2025-10-26 12:14:15
5595,5595,22,Net Banking,Pending,4984.81,2024-10-10 13:07:33
5596,5596,847,Debit Card,Failed,3230.73,2024-07-25 07:03:57
5597,5597,241,UPI,Success,2709.24,2025-05-14 02:32:26
5598,5598,75,UPI,Failed,3574.39,2026-02-25 16:01:39
5599,5599,775,Debit Card,Pending,793.35,2024-06-27 15:51:21
5600,5600,341,Credit Card,Failed,416.58,2025-03-14 04:01:35
5601,5601,463,Debit Card,Pending,1485.97,2024-05-30 11:45:11
5602,5602,368,Net Banking,Failed,604.53,2025-09-27 12:55:41
5603,5603,259,Net Banking,Failed,772.17,2026-03-17 09:47:55
5604,5604,570,Net Banking,Failed,4078.24,2024-09-11 17:08:07
5605,5605,584,Net Banking,Pending,2879.98,2026-03-01 11:18:08
5606,5606,534,Cash,Success,948.77,2026-01-30 02:03:15
5607,5607,838,Debit Card,Pending,3497.69,2025-03-17 13:40:47
5608,5608,717,Credit Card,Success,663.1,2024-08-14 17:26:36
5609,5609,704,Net Banking,Success,928.78,2024-07-22 07:15:30
5610,5610,22,Net Banking,Failed,4538.41,2025-12-12 20:16:33
5611,5611,920,UPI,Success,4132.66,2025-02-10 22:32:51
5612,5612,479,UPI,Pending,4596.3,2024-10-18 03:03:46
5613,5613,140,Cash,Failed,3780.12,2026-02-07 12:43:13
5614,5614,469,Debit Card,Success,462.89,2024-11-17 00:47:27
5615,5615,799,Credit Card,Pending,338.32,2025-06-18 15:04:40
5616,5616,753,UPI,Pending,4698.5,2025-01-25 02:31:51
5617,5617,76,Debit Card,Pending,976.45,2024-10-15 20:35:47
5618,5618,757,Net Banking,Success,568.54,2024-12-01 11:29:55
5619,5619,998,Credit Card,Success,1818.79,2024-10-09 15:46:50
5620,5620,556,Credit Card,Success,3091.28,2025-11-26 02:42:47
5621,5621,317,Debit Card,Failed,3898.59,2026-04-16 23:48:51
5622,5622,761,Net Banking,Success,3671.19,2026-01-24 09:25:46
5623,5623,571,Credit Card,Success,2704.88,2025-09-25 11:01:21
5624,5624,766,Net Banking,Success,1374.98,2025-11-13 03:09:36
5625,5625,624,Cash,Pending,4258.86,2025-06-16 01:37:27
5626,5626,55,UPI,Pending,4088.83,2025-10-06 11:29:16
5627,5627,779,UPI,Failed,2609.96,2024-10-21 01:43:39
5628,5628,904,UPI,Success,4598.37,2024-05-31 23:08:09
5629,5629,238,Credit Card,Success,1859.51,2025-01-16 07:23:23
5630,5630,426,Credit Card,Failed,4933.53,2025-09-12 11:23:41
5631,5631,597,UPI,Success,4439.28,2025-04-23 16:30:12
5632,5632,625,Cash,Failed,3236.5,2024-09-14 05:28:06
5633,5633,40,Credit Card,Success,1792.2,2026-03-06 15:05:03
5634,5634,353,Debit Card,Pending,2742.32,2026-03-15 08:14:26
5635,5635,736,Debit Card,Success,44.34,2024-12-20 22:43:30
5636,5636,795,Credit Card,Failed,839.48,2025-01-17 02:19:53
5637,5637,731,Net Banking,Pending,3158.75,2024-11-18 06:12:14
5638,5638,377,Credit Card,Success,685.0,2024-07-08 14:31:00
5639,5639,444,Net Banking,Failed,1792.06,2025-04-22 13:31:33
5640,5640,660,Cash,Failed,2167.17,2026-05-03 13:17:20
5641,5641,521,Cash,Pending,2663.43,2024-07-19 04:53:36
5642,5642,974,Credit Card,Failed,567.01,2024-09-03 16:47:27
5643,5643,123,Net Banking,Success,3970.86,2026-05-10 17:07:04
5644,5644,579,UPI,Success,978.08,2026-04-22 04:25:52
5645,5645,812,Cash,Pending,4462.91,2026-01-14 13:24:44
5646,5646,349,Net Banking,Pending,2270.27,2025-02-19 22:12:32
5647,5647,875,Net Banking,Failed,104.16,2026-05-26 08:19:23
5648,5648,860,Debit Card,Success,2313.3,2025-09-23 15:01:07
5649,5649,501,Net Banking,Success,4910.79,2024-10-01 18:50:04
5650,5650,445,Debit Card,Failed,2043.05,2024-08-24 22:17:31
5651,5651,239,UPI,Pending,4434.97,2025-12-26 04:56:02
5652,5652,667,Cash,Success,60.47,2025-05-28 17:51:02
5653,5653,724,UPI,Pending,1238.78,2025-03-16 02:58:33
5654,5654,231,Debit Card,Failed,3341.09,2026-04-03 22:52:29
5655,5655,653,Cash,Failed,77.71,2024-11-23 15:36:09
5656,5656,600,Net Banking,Pending,2892.68,2026-01-26 13:59:11
5657,5657,613,Credit Card,Failed,3441.9,2025-09-01 07:01:54
5658,5658,176,Credit Card,Pending,1557.79,2026-02-25 02:00:28
5659,5659,736,UPI,Failed,4334.86,2024-07-21 00:46:15
5660,5660,7,UPI,Pending,962.07,2026-03-11 23:19:40
5661,5661,33,Net Banking,Success,2308.43,2025-04-22 06:24:15
5662,5662,929,Cash,Pending,4603.45,2026-03-25 21:26:33
5663,5663,599,Cash,Success,4401.33,2025-09-11 04:55:53
5664,5664,2,Net Banking,Pending,3068.37,2024-10-12 10:52:21
5665,5665,181,Credit Card,Pending,1293.88,2025-07-27 06:52:41
5666,5666,345,UPI,Success,2103.02,2026-02-19 07:14:18
5667,5667,279,UPI,Pending,3147.72,2026-02-23 01:49:38
5668,5668,628,Debit Card,Failed,3177.16,2025-05-29 18:05:19
5669,5669,638,UPI,Success,3424.89,2025-09-18 10:19:56
5670,5670,338,Net Banking,Failed,194.26,2025-06-28 22:21:02
5671,5671,385,UPI,Failed,4336.87,2026-04-04 05:59:14
5672,5672,427,Cash,Pending,1980.01,2024-08-25 09:49:34
5673,5673,756,Credit Card,Failed,1670.66,2026-03-20 00:25:06
5674,5674,50,Net Banking,Pending,4835.44,2025-03-05 19:23:22
5675,5675,502,Credit Card,Failed,1216.94,2025-07-04 17:12:19
5676,5676,440,Net Banking,Success,4370.46,2026-03-24 09:35:15
5677,5677,224,UPI,Success,3304.9,2025-01-24 12:40:53
5678,5678,435,Debit Card,Failed,2645.21,2025-02-16 11:26:08
5679,5679,125,Cash,Pending,3911.93,2025-07-30 06:38:35
5680,5680,340,Net Banking,Success,3257.21,2026-04-05 04:51:29
5681,5681,758,UPI,Pending,1402.54,2024-06-27 00:15:14
5682,5682,820,Net Banking,Pending,3385.38,2026-02-26 23:46:04
5683,5683,217,Net Banking,Failed,227.77,2024-11-21 10:39:52
5684,5684,19,Credit Card,Success,387.63,2025-10-03 22:55:08
5685,5685,331,Credit Card,Failed,2319.82,2024-08-22 11:23:45
5686,5686,738,Net Banking,Failed,1597.27,2024-12-24 07:36:29
5687,5687,181,Cash,Success,1552.86,2025-05-11 18:41:14
5688,5688,538,UPI,Success,4458.53,2025-08-14 23:37:57
5689,5689,958,Net Banking,Pending,4502.66,2025-02-27 04:08:33
5690,5690,166,Net Banking,Failed,2662.56,2024-09-02 20:21:13
5691,5691,41,Debit Card,Failed,1785.4,2025-09-25 19:42:39
5692,5692,168,Credit Card,Success,1927.26,2025-05-25 04:55:18
5693,5693,479,Credit Card,Failed,4725.4,2026-03-25 21:28:13
5694,5694,645,Debit Card,Pending,3552.62,2024-09-18 23:00:35
5695,5695,749,UPI,Pending,1429.07,2025-01-04 12:55:54
5696,5696,827,Cash,Failed,2029.47,2026-02-15 15:53:07
5697,5697,459,Cash,Failed,4309.53,2025-12-23 14:40:25
5698,5698,784,UPI,Success,4328.65,2025-04-24 10:24:39
5699,5699,897,Credit Card,Failed,1404.06,2025-05-08 10:04:59
5700,5700,989,Debit Card,Pending,1069.33,2025-09-17 22:18:32
5701,5701,397,Cash,Failed,3937.3,2025-07-26 16:37:43
5702,5702,476,Credit Card,Success,1739.95,2024-11-19 01:48:31
5703,5703,626,Cash,Success,3794.23,2024-12-29 08:08:23
5704,5704,131,Cash,Pending,3943.45,2025-08-18 05:07:33
5705,5705,808,Credit Card,Pending,2714.0,2024-12-31 02:03:47
5706,5706,764,Debit Card,Success,4504.02,2026-03-03 06:55:05
5707,5707,774,Cash,Pending,3385.93,2026-03-06 17:50:28
5708,5708,937,Debit Card,Success,3607.37,2024-08-25 09:10:46
5709,5709,878,Debit Card,Failed,987.95,2025-07-28 22:53:31
5710,5710,658,Cash,Failed,457.45,2026-02-24 09:42:52
5711,5711,21,Cash,Success,2492.38,2025-08-08 00:09:02
5712,5712,216,UPI,Failed,1593.96,2025-12-28 21:19:21
5713,5713,793,Net Banking,Pending,284.23,2025-03-09 04:41:46
5714,5714,347,Cash,Pending,2430.1,2026-04-14 05:01:45
5715,5715,103,Credit Card,Success,3625.27,2026-01-22 09:46:55
5716,5716,494,Debit Card,Success,1004.59,2025-04-05 23:36:08
5717,5717,242,Credit Card,Pending,2702.94,2024-06-23 13:13:28
5718,5718,83,Cash,Failed,275.53,2025-08-10 15:59:57
5719,5719,139,UPI,Success,3899.95,2025-10-29 20:13:08
5720,5720,806,UPI,Success,3779.6,2025-09-25 12:11:52
5721,5721,941,Cash,Pending,4643.44,2025-08-26 19:27:34
5722,5722,770,UPI,Pending,4000.06,2025-03-07 14:12:15
5723,5723,202,UPI,Failed,2326.23,2025-04-06 04:56:18
5724,5724,865,UPI,Success,3933.15,2025-10-03 16:15:42
5725,5725,98,Debit Card,Pending,337.99,2025-11-18 22:29:37
5726,5726,226,Cash,Failed,4411.33,2024-12-06 02:49:21
5727,5727,954,Cash,Success,1412.82,2025-12-23 13:44:25
5728,5728,900,Cash,Success,2626.36,2025-12-12 22:13:11
5729,5729,705,Cash,Success,1166.0,2025-09-17 00:18:08
5730,5730,567,Debit Card,Pending,1848.49,2025-03-05 14:53:34
5731,5731,67,Cash,Pending,2513.77,2025-12-26 11:26:31
5732,5732,517,UPI,Failed,4058.28,2026-05-16 02:05:15
5733,5733,2,UPI,Failed,2927.05,2025-08-17 18:36:37
5734,5734,392,Debit Card,Success,4045.0,2025-02-04 04:06:00
5735,5735,480,Net Banking,Failed,1507.02,2025-05-29 01:58:29
5736,5736,405,Credit Card,Failed,26.34,2024-11-16 00:05:01
5737,5737,122,Cash,Failed,2901.16,2025-08-04 13:50:59
5738,5738,974,Cash,Failed,4185.4,2024-09-18 01:56:58
5739,5739,432,Net Banking,Success,3518.16,2024-10-15 20:43:33
5740,5740,958,Net Banking,Success,1808.98,2026-01-01 11:58:29
5741,5741,905,Credit Card,Success,210.47,2025-10-24 11:58:54
5742,5742,746,Debit Card,Failed,442.19,2025-05-20 02:45:29
5743,5743,813,Debit Card,Failed,1643.12,2024-07-22 23:36:24
5744,5744,242,Cash,Pending,4843.92,2024-06-02 16:11:40
5745,5745,105,Net Banking,Failed,4866.69,2025-09-12 04:59:50
5746,5746,379,UPI,Success,3220.56,2025-09-16 15:27:52
5747,5747,517,Net Banking,Pending,3338.77,2024-10-01 01:49:58
5748,5748,952,Credit Card,Success,4587.41,2024-07-04 04:49:10
5749,5749,507,Net Banking,Pending,3803.54,2025-02-09 19:01:11
5750,5750,950,UPI,Success,280.42,2026-05-20 21:10:13
5751,5751,76,Cash,Failed,501.62,2024-07-16 21:16:04
5752,5752,790,Debit Card,Pending,557.27,2026-03-16 17:31:29
5753,5753,153,Debit Card,Pending,1204.45,2025-08-28 17:11:41
5754,5754,522,Cash,Success,2108.51,2025-03-31 08:27:18
5755,5755,588,Credit Card,Pending,1449.63,2025-09-28 12:50:22
5756,5756,14,Debit Card,Pending,3508.72,2025-04-30 00:43:29
5757,5757,189,Credit Card,Failed,1593.41,2024-11-13 01:37:15
5758,5758,275,Credit Card,Pending,763.95,2024-10-14 22:48:03
5759,5759,489,Credit Card,Success,3602.1,2026-05-22 03:39:55
5760,5760,20,UPI,Success,1610.44,2026-05-13 13:53:06
5761,5761,595,Debit Card,Pending,1298.44,2025-11-10 01:39:13
5762,5762,623,Debit Card,Pending,4889.44,2026-02-12 21:52:08
5763,5763,91,Credit Card,Success,1648.69,2024-11-02 16:36:02
5764,5764,865,Cash,Failed,4687.01,2024-10-28 00:48:02
5765,5765,555,Debit Card,Success,4736.42,2024-08-06 09:26:16
5766,5766,485,Credit Card,Failed,4878.37,2024-08-16 19:03:33
5767,5767,359,Net Banking,Success,3366.26,2025-10-04 03:46:28
5768,5768,16,Cash,Failed,1192.44,2025-07-11 08:28:15
5769,5769,431,Net Banking,Success,1246.69,2025-12-12 16:45:56
5770,5770,936,Debit Card,Failed,382.54,2026-01-20 06:37:28
5771,5771,100,UPI,Failed,429.49,2025-01-26 06:29:29
5772,5772,178,UPI,Pending,888.97,2024-12-20 16:12:50
5773,5773,771,Cash,Success,3025.63,2026-05-09 05:38:27
5774,5774,317,Net Banking,Pending,1228.57,2025-11-10 11:49:37
5775,5775,527,Net Banking,Pending,4043.01,2024-10-15 03:41:55
5776,5776,27,UPI,Pending,152.26,2024-11-07 16:05:01
5777,5777,156,UPI,Failed,4562.35,2025-02-11 14:45:31
5778,5778,349,Debit Card,Pending,791.48,2025-10-01 09:15:32
5779,5779,365,Debit Card,Success,3124.55,2026-02-25 00:43:33
5780,5780,6,Net Banking,Failed,3363.74,2025-10-26 09:49:02
5781,5781,14,UPI,Pending,1025.79,2025-07-13 12:40:07
5782,5782,281,Credit Card,Failed,4440.34,2025-01-16 08:43:43
5783,5783,215,UPI,Failed,185.61,2024-08-07 03:43:56
5784,5784,511,UPI,Pending,463.39,2024-10-20 03:08:49
5785,5785,364,UPI,Failed,4895.24,2024-08-04 22:07:04
5786,5786,838,Net Banking,Pending,4081.44,2024-12-16 16:52:43
5787,5787,741,UPI,Failed,753.44,2025-04-15 21:20:42
5788,5788,984,Credit Card,Success,4024.3,2025-06-30 17:40:29
5789,5789,626,Debit Card,Failed,1674.23,2024-10-02 00:52:35
5790,5790,389,UPI,Pending,2294.53,2025-09-17 14:49:41
5791,5791,634,Cash,Failed,3459.19,2024-08-09 23:57:24
5792,5792,707,Credit Card,Failed,2832.1,2025-07-27 08:09:55
5793,5793,298,Debit Card,Failed,4387.18,2025-06-06 04:38:33
5794,5794,800,UPI,Failed,3523.01,2024-11-07 23:05:19
5795,5795,322,UPI,Failed,2496.62,2026-03-18 23:09:58
5796,5796,162,Cash,Success,4703.9,2026-01-01 14:27:52
5797,5797,237,Credit Card,Failed,1260.36,2024-09-18 06:47:49
5798,5798,825,Cash,Failed,1471.14,2025-01-04 19:03:59
5799,5799,794,Cash,Pending,2198.2,2024-07-23 13:48:58
5800,5800,247,Debit Card,Success,20.64,2024-12-04 03:44:40
5801,5801,943,Credit Card,Pending,782.15,2026-04-12 04:29:20
5802,5802,197,Credit Card,Pending,1984.97,2024-09-13 04:40:55
5803,5803,141,Credit Card,Success,3072.88,2025-05-25 10:06:01
5804,5804,596,Net Banking,Success,378.68,2024-07-07 14:46:28
5805,5805,521,Net Banking,Success,2513.55,2025-08-18 10:45:36
5806,5806,936,Net Banking,Pending,2540.91,2024-06-22 22:18:20
5807,5807,409,Credit Card,Failed,1030.25,2025-06-16 03:32:06
5808,5808,200,Credit Card,Success,1461.35,2025-05-27 12:06:56
5809,5809,288,Cash,Success,2271.52,2025-10-03 13:25:48
5810,5810,339,UPI,Pending,2191.56,2025-12-03 07:12:19
5811,5811,830,UPI,Success,1196.83,2025-05-28 03:56:48
5812,5812,699,Cash,Failed,3343.27,2025-10-21 01:29:41
5813,5813,974,Debit Card,Failed,3295.33,2025-12-28 21:29:05
5814,5814,352,Net Banking,Failed,4008.0,2024-12-14 19:25:44
5815,5815,551,Debit Card,Pending,1085.13,2024-12-20 20:48:32
5816,5816,739,Net Banking,Failed,371.84,2025-04-20 00:55:47
5817,5817,250,Credit Card,Pending,2870.25,2025-08-17 01:31:11
5818,5818,944,Credit Card,Failed,3405.57,2025-03-15 13:14:21
5819,5819,668,Credit Card,Pending,660.47,2026-01-11 21:31:49
5820,5820,694,Credit Card,Pending,3336.76,2025-10-28 18:47:13
5821,5821,334,Credit Card,Success,2972.88,2025-06-20 10:43:59
5822,5822,659,Debit Card,Pending,1268.77,2024-10-05 23:58:45
5823,5823,737,Net Banking,Pending,1114.5,2025-10-04 20:26:10
5824,5824,471,Cash,Failed,2881.87,2024-07-09 06:32:25
5825,5825,222,Net Banking,Failed,426.9,2024-11-15 11:47:23
5826,5826,124,Debit Card,Success,2899.04,2025-08-27 04:28:20
5827,5827,707,Debit Card,Success,502.32,2024-11-18 11:28:57
5828,5828,953,Cash,Success,1284.15,2025-03-09 10:42:03
5829,5829,172,Debit Card,Success,1606.4,2026-05-03 02:05:07
5830,5830,20,Debit Card,Success,3486.44,2024-10-27 18:01:00
5831,5831,421,Debit Card,Failed,2432.11,2025-10-04 04:02:30
5832,5832,911,Cash,Failed,3904.11,2025-02-20 08:03:34
5833,5833,720,Debit Card,Pending,1735.35,2024-09-22 16:08:35
5834,5834,469,Cash,Failed,2547.88,2024-12-09 13:46:24
5835,5835,704,UPI,Pending,4711.47,2026-03-20 20:22:26
5836,5836,170,Credit Card,Failed,3304.86,2024-11-30 10:48:06
5837,5837,804,Net Banking,Failed,3179.23,2025-05-26 08:29:44
5838,5838,278,Net Banking,Pending,3090.4,2024-08-01 05:45:20
5839,5839,420,UPI,Pending,74.6,2024-10-10 18:33:04
5840,5840,119,UPI,Pending,2250.56,2024-08-12 16:17:44
5841,5841,30,Net Banking,Pending,2952.82,2025-09-05 05:13:28
5842,5842,193,Credit Card,Pending,2518.79,2025-11-09 22:50:10
5843,5843,490,Net Banking,Success,24.41,2024-12-17 02:47:02
5844,5844,900,Credit Card,Pending,1989.21,2025-02-22 18:05:44
5845,5845,365,Net Banking,Failed,2429.08,2024-10-16 15:20:17
5846,5846,391,Credit Card,Pending,708.54,2026-03-05 10:37:25
5847,5847,976,Net Banking,Pending,566.11,2026-03-04 07:58:08
5848,5848,260,UPI,Success,3664.4,2024-06-03 22:57:11
5849,5849,622,Credit Card,Success,1613.33,2025-06-29 16:40:18
5850,5850,778,UPI,Success,2621.3,2025-05-15 04:17:13
5851,5851,16,Debit Card,Pending,538.46,2024-08-05 12:38:32
5852,5852,556,Credit Card,Pending,4838.82,2025-02-07 06:51:37
5853,5853,237,Credit Card,Pending,31.69,2025-03-27 13:46:09
5854,5854,923,Credit Card,Success,1852.44,2024-10-29 14:06:58
5855,5855,946,Debit Card,Success,914.31,2026-01-31 14:04:13
5856,5856,862,Cash,Pending,4983.73,2025-07-20 14:12:56
5857,5857,310,Cash,Failed,3517.89,2026-04-07 16:31:09
5858,5858,540,UPI,Pending,2874.69,2024-09-04 18:45:51
5859,5859,89,UPI,Pending,3336.34,2025-04-18 05:29:38
5860,5860,8,Net Banking,Success,3912.41,2025-12-30 15:44:10
5861,5861,19,UPI,Success,2089.47,2026-01-15 18:59:12
5862,5862,976,UPI,Failed,4467.67,2024-07-11 06:12:34
5863,5863,68,Net Banking,Pending,3995.49,2024-11-12 08:26:38
5864,5864,532,Net Banking,Failed,1139.61,2025-10-18 17:19:52
5865,5865,884,Debit Card,Failed,2167.57,2026-03-21 22:29:44
5866,5866,155,UPI,Failed,2106.33,2026-03-18 09:03:47
5867,5867,867,Debit Card,Failed,1480.57,2024-12-17 22:35:17
5868,5868,837,Cash,Success,3934.41,2025-01-10 08:40:03
5869,5869,76,UPI,Success,4209.82,2024-12-25 22:02:04
5870,5870,182,Cash,Success,2049.84,2024-07-28 21:56:45
5871,5871,770,Net Banking,Pending,1727.57,2025-07-28 22:41:48
5872,5872,141,Credit Card,Pending,1349.65,2025-02-16 05:20:27
5873,5873,731,UPI,Failed,2103.27,2026-01-14 18:59:27
5874,5874,140,Debit Card,Pending,1783.2,2025-12-20 14:30:42
5875,5875,688,Cash,Success,2831.0,2026-05-02 16:09:25
5876,5876,417,UPI,Pending,4738.3,2025-07-01 04:52:01
5877,5877,765,UPI,Failed,1156.99,2025-03-30 02:42:23
5878,5878,939,Debit Card,Failed,2840.85,2025-01-01 05:05:21
5879,5879,82,Cash,Failed,557.12,2026-01-01 07:02:16
5880,5880,414,UPI,Pending,1217.35,2025-12-13 19:26:07
5881,5881,617,Debit Card,Pending,4011.23,2025-05-05 22:39:48
5882,5882,181,UPI,Pending,1899.4,2025-01-05 07:30:05
5883,5883,580,Credit Card,Failed,4053.74,2025-07-07 21:05:29
5884,5884,222,Credit Card,Success,2714.94,2024-11-29 00:59:02
5885,5885,286,Cash,Failed,3873.19,2025-10-07 01:08:38
5886,5886,411,UPI,Success,968.64,2024-11-18 00:24:55
5887,5887,363,Cash,Pending,686.34,2025-02-23 17:26:56
5888,5888,663,Cash,Pending,2402.65,2024-10-08 23:25:09
5889,5889,924,Net Banking,Success,3966.67,2024-09-29 10:43:31
5890,5890,987,Debit Card,Pending,2691.21,2026-04-06 12:15:03
5891,5891,182,Debit Card,Success,3796.6,2025-11-18 03:12:46
5892,5892,961,Debit Card,Failed,348.76,2024-10-09 21:19:34
5893,5893,100,Credit Card,Failed,3950.04,2025-10-12 09:11:09
5894,5894,214,Cash,Pending,303.26,2025-12-20 20:42:11
5895,5895,717,Net Banking,Pending,4227.46,2024-11-17 22:32:10
5896,5896,138,Credit Card,Failed,1124.68,2025-02-25 13:17:20
5897,5897,696,Net Banking,Success,3391.65,2025-02-27 16:37:10
5898,5898,580,Debit Card,Success,3097.21,2025-05-12 22:35:52
5899,5899,133,Debit Card,Failed,876.96,2025-03-24 04:50:56
5900,5900,467,Credit Card,Success,101.31,2025-07-14 15:16:35
5901,5901,489,UPI,Pending,4479.73,2024-06-25 05:36:58
5902,5902,369,Credit Card,Pending,4406.24,2025-12-29 05:52:05
5903,5903,324,Debit Card,Success,1074.79,2025-10-11 03:23:03
5904,5904,815,Net Banking,Failed,1112.79,2026-02-11 21:01:07
5905,5905,394,Cash,Success,1170.31,2024-10-05 14:00:43
5906,5906,781,UPI,Pending,3451.12,2026-01-17 01:10:05
5907,5907,203,Credit Card,Success,4814.27,2025-06-05 11:06:23
5908,5908,631,UPI,Success,3724.65,2024-10-29 00:37:23
5909,5909,679,Net Banking,Failed,3286.01,2025-11-07 01:07:26
5910,5910,431,UPI,Pending,3030.55,2024-10-17 20:17:06
5911,5911,891,Net Banking,Failed,1970.6,2024-06-20 16:00:27
5912,5912,317,Cash,Pending,1662.98,2025-03-26 21:17:28
5913,5913,607,Credit Card,Pending,1865.51,2025-09-04 16:17:54
5914,5914,787,Net Banking,Failed,2704.78,2024-07-19 12:23:16
5915,5915,224,Net Banking,Failed,1315.09,2026-02-16 01:26:48
5916,5916,461,Debit Card,Pending,4792.15,2026-05-08 20:13:07
5917,5917,563,Credit Card,Failed,4339.09,2024-06-11 04:26:40
5918,5918,619,Debit Card,Pending,4224.95,2025-08-17 04:07:00
5919,5919,34,Credit Card,Failed,1745.85,2026-05-05 14:58:31
5920,5920,359,Credit Card,Failed,2853.78,2024-06-02 02:05:05
5921,5921,74,UPI,Success,2921.41,2026-03-04 03:01:08
5922,5922,18,Net Banking,Failed,1707.6,2025-03-24 02:34:44
5923,5923,875,UPI,Failed,2532.24,2025-12-06 18:20:55
5924,5924,689,Credit Card,Success,1138.97,2025-01-25 21:45:45
5925,5925,219,Debit Card,Failed,1448.27,2024-05-29 05:24:32
5926,5926,297,UPI,Pending,1002.88,2026-03-20 09:49:20
5927,5927,650,Credit Card,Failed,3832.46,2024-09-27 01:28:40
5928,5928,444,Debit Card,Success,1153.8,2025-02-13 10:33:47
5929,5929,749,UPI,Pending,3264.65,2025-04-10 15:23:29
5930,5930,623,Cash,Pending,1281.14,2024-08-15 17:36:04
5931,5931,227,Debit Card,Success,2297.38,2026-02-12 15:18:27
5932,5932,508,Net Banking,Success,3159.51,2024-09-28 06:33:23
5933,5933,32,UPI,Failed,2484.1,2024-10-19 16:20:11
5934,5934,199,Net Banking,Failed,3776.22,2025-12-27 17:07:37
5935,5935,134,Net Banking,Pending,2570.38,2026-05-08 18:39:21
5936,5936,492,Net Banking,Pending,3279.45,2025-09-15 14:18:59
5937,5937,31,Net Banking,Failed,4611.89,2025-03-14 19:39:09
5938,5938,491,Net Banking,Failed,1594.87,2025-12-18 05:19:07
5939,5939,329,Cash,Failed,2998.17,2025-09-23 13:44:27
5940,5940,115,Cash,Failed,2884.79,2026-03-29 13:08:04
5941,5941,540,Debit Card,Failed,3864.74,2026-05-20 20:24:22
5942,5942,955,Credit Card,Success,1221.18,2024-12-15 05:05:45
5943,5943,757,Cash,Success,4084.8,2025-11-02 12:28:22
5944,5944,593,Cash,Pending,3082.68,2026-02-20 15:39:55
5945,5945,521,Cash,Success,3786.04,2024-11-29 04:34:34
5946,5946,144,UPI,Success,885.27,2026-03-13 15:23:21
5947,5947,968,UPI,Success,4952.79,2024-06-03 19:40:06
5948,5948,430,Debit Card,Pending,165.92,2024-09-15 19:39:05
5949,5949,955,UPI,Pending,673.41,2025-01-03 14:56:57
5950,5950,95,UPI,Pending,4782.55,2025-11-19 18:25:08
5951,5951,102,Credit Card,Failed,821.74,2026-04-24 20:33:22
5952,5952,284,Debit Card,Pending,4944.41,2025-01-03 02:11:27
5953,5953,644,Cash,Success,3357.91,2025-06-28 06:32:27
5954,5954,756,UPI,Pending,4396.91,2024-06-07 08:47:03
5955,5955,416,Cash,Success,2365.23,2025-02-19 18:55:05
5956,5956,700,Net Banking,Success,1084.54,2025-08-14 19:48:32
5957,5957,954,UPI,Pending,4301.81,2024-06-17 21:11:03
5958,5958,673,Net Banking,Failed,354.13,2025-03-22 20:07:57
5959,5959,612,UPI,Failed,1259.64,2024-12-18 08:46:36
5960,5960,780,Credit Card,Failed,3500.12,2024-11-16 03:57:55
5961,5961,589,Credit Card,Pending,2753.34,2025-10-30 04:51:35
5962,5962,833,Cash,Success,4916.07,2026-04-14 11:00:45
5963,5963,670,UPI,Pending,767.35,2025-01-01 15:48:21
5964,5964,744,Net Banking,Success,3741.66,2026-03-21 23:40:23
5965,5965,931,UPI,Success,95.65,2024-08-09 01:11:00
5966,5966,6,Debit Card,Pending,2791.15,2024-06-30 07:28:52
5967,5967,845,UPI,Success,892.39,2025-10-05 00:38:19
5968,5968,546,Cash,Failed,3056.26,2024-08-06 12:28:55
5969,5969,828,Credit Card,Failed,1307.56,2024-10-16 00:24:00
5970,5970,826,Cash,Failed,2688.97,2025-10-14 01:34:07
5971,5971,593,UPI,Success,42.89,2026-01-14 07:31:00
5972,5972,710,UPI,Failed,1586.68,2024-07-23 17:12:10
5973,5973,360,Debit Card,Pending,549.57,2025-10-30 21:46:03
5974,5974,968,Debit Card,Pending,1374.77,2026-05-20 23:59:51
5975,5975,148,Debit Card,Pending,944.82,2024-12-05 14:16:43
5976,5976,48,Debit Card,Failed,1684.2,2025-01-09 23:08:49
5977,5977,452,Cash,Pending,4384.08,2025-01-22 10:35:44
5978,5978,447,Credit Card,Success,2663.38,2024-10-23 07:42:08
5979,5979,69,Debit Card,Failed,4113.55,2026-03-15 13:56:08
5980,5980,284,Net Banking,Success,199.74,2024-09-21 15:23:10
5981,5981,20,Credit Card,Failed,4895.05,2024-07-09 15:22:44
5982,5982,905,Debit Card,Failed,4056.25,2025-08-09 18:52:43
5983,5983,391,UPI,Failed,403.19,2024-06-23 09:41:48
5984,5984,821,Credit Card,Pending,3222.49,2025-10-13 06:12:01
5985,5985,842,Debit Card,Success,3091.85,2025-01-22 03:10:34
5986,5986,416,Net Banking,Success,4302.97,2026-03-13 05:40:58
5987,5987,257,Debit Card,Pending,2660.92,2026-02-03 03:44:07
5988,5988,270,UPI,Failed,2131.09,2024-11-24 21:11:37
5989,5989,119,Credit Card,Failed,2208.66,2024-08-03 15:19:22
5990,5990,457,Cash,Success,3287.72,2025-09-18 23:30:59
5991,5991,446,UPI,Pending,1987.93,2024-11-13 01:41:28
5992,5992,763,Debit Card,Success,4113.78,2025-03-29 16:27:52
5993,5993,449,Cash,Pending,663.1,2025-01-17 12:39:32
5994,5994,240,UPI,Failed,4345.83,2025-01-25 05:41:32
5995,5995,392,Net Banking,Pending,2462.28,2026-03-04 00:43:04
5996,5996,126,Credit Card,Failed,1802.46,2025-05-08 05:43:48
5997,5997,293,Net Banking,Pending,3624.12,2025-02-22 15:43:20
5998,5998,322,Net Banking,Failed,2939.63,2026-02-26 12:07:48
5999,5999,349,UPI,Pending,4936.9,2024-06-08 12:18:39
6000,6000,888,Net Banking,Success,3370.87,2026-04-11 17:07:53
6001,6001,379,Net Banking,Failed,104.53,2024-06-15 15:09:58
6002,6002,445,UPI,Success,2573.03,2024-09-24 15:52:49
6003,6003,566,Cash,Success,2411.25,2025-03-17 04:56:07
6004,6004,47,Cash,Failed,4859.63,2025-12-09 07:37:17
6005,6005,766,Cash,Failed,329.97,2024-08-26 16:15:50
6006,6006,524,UPI,Failed,1225.45,2024-08-19 23:50:44
6007,6007,213,Cash,Failed,1353.77,2025-12-10 13:46:58
6008,6008,509,Net Banking,Failed,3513.5,2025-09-03 12:33:45
6009,6009,581,Net Banking,Pending,2187.12,2026-02-02 04:59:20
6010,6010,114,Debit Card,Failed,1197.59,2026-02-26 09:02:05
6011,6011,123,Net Banking,Failed,311.35,2026-05-08 22:05:46
6012,6012,785,Credit Card,Success,4675.84,2026-01-08 01:26:47
6013,6013,60,UPI,Success,4059.31,2025-05-13 02:48:28
6014,6014,101,Debit Card,Pending,4210.6,2025-09-29 09:30:38
6015,6015,765,UPI,Failed,4684.68,2025-12-10 13:28:46
6016,6016,623,Credit Card,Success,4055.7,2026-01-11 03:16:04
6017,6017,922,Credit Card,Failed,3632.1,2026-05-15 12:11:27
6018,6018,743,UPI,Success,4952.45,2024-10-01 06:38:48
6019,6019,530,Net Banking,Failed,1360.91,2025-08-04 16:54:29
6020,6020,775,Debit Card,Failed,2363.92,2025-04-24 01:36:05
6021,6021,665,UPI,Success,1810.65,2024-09-22 13:58:48
6022,6022,319,Net Banking,Pending,1903.6,2025-05-24 17:16:24
6023,6023,317,Debit Card,Success,1304.79,2026-01-03 16:42:06
6024,6024,764,Debit Card,Pending,502.45,2025-11-11 14:28:10
6025,6025,559,Cash,Failed,3669.2,2025-01-08 22:33:16
6026,6026,422,Credit Card,Success,813.67,2025-08-28 15:13:17
6027,6027,552,Net Banking,Pending,1518.47,2026-05-07 09:45:58
6028,6028,797,UPI,Pending,4946.0,2025-02-02 20:52:43
6029,6029,122,Net Banking,Failed,3601.29,2025-11-02 04:49:55
6030,6030,857,Net Banking,Success,2632.33,2026-04-10 01:10:54
6031,6031,360,Debit Card,Success,4036.71,2024-09-02 19:31:05
6032,6032,897,Credit Card,Pending,1758.97,2025-12-05 01:22:56
6033,6033,707,Cash,Failed,1706.54,2025-03-07 21:54:50
6034,6034,708,Credit Card,Success,4741.82,2024-06-01 20:37:24
6035,6035,886,Net Banking,Pending,4443.84,2025-05-03 05:00:42
6036,6036,744,Credit Card,Pending,2826.31,2024-06-24 22:43:21
6037,6037,104,UPI,Failed,622.58,2025-08-12 11:38:32
6038,6038,682,UPI,Pending,1262.62,2025-04-09 17:59:03
6039,6039,244,Credit Card,Pending,1896.4,2026-03-27 07:00:40
6040,6040,831,Net Banking,Failed,1119.72,2025-07-09 09:00:51
6041,6041,58,Credit Card,Success,671.7,2026-02-02 07:33:00
6042,6042,465,UPI,Success,4772.04,2024-11-30 05:00:07
6043,6043,333,Debit Card,Success,727.54,2026-03-13 09:47:17
6044,6044,199,Debit Card,Success,3874.72,2026-01-09 14:59:15
6045,6045,608,Net Banking,Failed,1289.67,2025-04-16 17:29:36
6046,6046,532,UPI,Pending,4819.41,2024-07-11 13:14:42
6047,6047,280,UPI,Failed,3738.33,2026-02-13 14:46:13
6048,6048,753,Credit Card,Failed,2920.36,2025-01-17 04:40:52
6049,6049,850,Cash,Failed,2956.61,2024-11-27 06:01:16
6050,6050,286,UPI,Pending,3464.78,2026-01-23 07:52:30
6051,6051,658,UPI,Pending,1345.44,2024-09-10 01:05:38
6052,6052,743,Net Banking,Failed,3689.08,2024-07-03 05:04:05
6053,6053,576,Cash,Pending,3107.4,2024-07-05 15:12:43
6054,6054,805,Net Banking,Success,3395.73,2025-11-01 14:52:00
6055,6055,895,Credit Card,Failed,3371.49,2025-08-22 19:30:58
6056,6056,595,Net Banking,Success,2758.65,2024-09-19 18:57:11
6057,6057,278,Net Banking,Success,1023.12,2024-09-22 00:47:47
6058,6058,94,Cash,Pending,1534.14,2026-02-27 21:51:25
6059,6059,303,Cash,Failed,4415.18,2025-05-26 12:09:08
6060,6060,74,Net Banking,Failed,2818.56,2025-06-15 17:49:12
6061,6061,719,Debit Card,Failed,669.03,2024-08-19 22:41:24
6062,6062,449,Cash,Success,1201.85,2025-04-11 22:10:53
6063,6063,455,Cash,Pending,2308.93,2025-07-06 00:53:19
6064,6064,923,Net Banking,Failed,4917.38,2025-06-22 21:49:26
6065,6065,367,Net Banking,Pending,345.55,2025-04-28 13:40:23
6066,6066,330,UPI,Success,4292.27,2026-01-30 01:51:17
6067,6067,608,Net Banking,Failed,3615.4,2025-05-16 10:43:37
6068,6068,569,Cash,Failed,1817.59,2025-07-10 18:54:56
6069,6069,889,UPI,Failed,1966.23,2024-06-02 02:40:15
6070,6070,978,Cash,Failed,1499.65,2026-02-25 22:23:36
6071,6071,680,Net Banking,Success,3918.14,2025-12-09 04:06:46
6072,6072,733,Net Banking,Pending,1322.0,2024-06-21 22:32:46
6073,6073,54,Debit Card,Pending,3459.09,2025-08-28 18:14:26
6074,6074,991,Cash,Success,804.04,2025-10-22 13:45:22
6075,6075,617,UPI,Pending,1044.32,2026-01-10 19:52:38
6076,6076,714,Credit Card,Success,1146.66,2025-10-22 08:18:36
6077,6077,479,Net Banking,Pending,2934.26,2024-12-22 16:11:08
6078,6078,948,Cash,Pending,224.73,2026-01-24 05:21:41
6079,6079,986,Credit Card,Pending,3279.91,2025-02-27 22:34:50
6080,6080,174,UPI,Pending,4619.21,2025-08-26 15:57:51
6081,6081,912,Credit Card,Success,4540.33,2025-03-17 13:05:33
6082,6082,742,Cash,Failed,1561.9,2026-05-03 23:48:53
6083,6083,21,Credit Card,Pending,3250.91,2025-08-24 02:01:36
6084,6084,696,Credit Card,Pending,1613.62,2024-05-28 10:55:18
6085,6085,49,Credit Card,Failed,2848.2,2025-05-26 17:46:18
6086,6086,929,Net Banking,Pending,1044.08,2025-09-21 23:24:35
6087,6087,805,Net Banking,Failed,4864.31,2024-07-09 22:49:57
6088,6088,394,UPI,Pending,527.95,2025-05-28 08:49:48
6089,6089,519,Credit Card,Pending,2869.56,2025-04-27 10:02:17
6090,6090,507,Net Banking,Success,591.0,2024-10-29 03:11:30
6091,6091,660,Net Banking,Success,1040.3,2025-11-07 17:45:42
6092,6092,552,Credit Card,Failed,2515.38,2025-01-11 14:31:04
6093,6093,241,Cash,Failed,3517.67,2025-04-04 05:28:01
6094,6094,524,Credit Card,Pending,2252.19,2025-02-08 13:00:32
6095,6095,441,Debit Card,Success,3070.91,2026-01-20 19:50:06
6096,6096,335,Net Banking,Success,4034.22,2025-05-04 22:52:55
6097,6097,955,Cash,Pending,621.92,2025-12-27 02:25:38
6098,6098,654,UPI,Pending,100.41,2025-11-26 07:22:03
6099,6099,804,Credit Card,Success,1252.34,2025-12-26 07:51:45
6100,6100,224,UPI,Success,3397.0,2025-03-18 18:07:27
6101,6101,165,Net Banking,Success,4863.98,2025-09-25 03:48:46
6102,6102,267,Debit Card,Success,4227.47,2025-09-20 23:49:39
6103,6103,696,Cash,Pending,4478.22,2024-09-18 11:00:04
6104,6104,790,Debit Card,Failed,2341.67,2025-06-09 21:30:44
6105,6105,822,Net Banking,Success,2476.83,2025-01-23 08:22:11
6106,6106,925,UPI,Pending,160.82,2025-02-13 15:03:31
6107,6107,879,UPI,Failed,4423.53,2024-10-17 07:01:29
6108,6108,326,Net Banking,Pending,4886.51,2024-08-27 12:06:43
6109,6109,652,Net Banking,Pending,270.35,2024-08-16 19:09:06
6110,6110,983,Cash,Pending,4141.83,2025-04-13 20:04:25
6111,6111,569,Cash,Failed,523.51,2024-11-22 22:10:07
6112,6112,877,Debit Card,Success,3614.17,2024-05-29 17:59:24
6113,6113,323,UPI,Pending,2363.44,2025-12-09 11:43:01
6114,6114,983,Credit Card,Success,1100.93,2024-12-17 20:54:02
6115,6115,271,Net Banking,Pending,2284.5,2024-08-10 01:16:48
6116,6116,849,Debit Card,Pending,2317.92,2025-12-06 08:54:52
6117,6117,826,UPI,Pending,4983.47,2024-09-02 07:37:10
6118,6118,394,UPI,Pending,908.77,2025-07-22 05:59:35
6119,6119,404,Net Banking,Pending,4176.46,2024-06-21 05:10:15
6120,6120,380,Debit Card,Pending,366.3,2026-05-22 08:37:37
6121,6121,369,Credit Card,Failed,3939.05,2025-03-15 16:13:45
6122,6122,842,Net Banking,Success,4911.17,2025-04-07 17:52:37
6123,6123,662,Net Banking,Success,4884.02,2025-07-03 15:17:01
6124,6124,280,Net Banking,Failed,3358.15,2025-03-23 01:59:51
6125,6125,574,UPI,Pending,4299.53,2025-05-23 15:49:05
6126,6126,815,Net Banking,Success,4215.44,2024-10-06 14:33:52
6127,6127,417,Debit Card,Pending,4531.52,2026-02-02 04:51:43
6128,6128,859,Debit Card,Success,4914.92,2026-05-05 21:11:25
6129,6129,10,Net Banking,Pending,3200.02,2025-05-27 13:04:45
6130,6130,476,Cash,Failed,3712.51,2025-08-18 13:06:00
6131,6131,394,Debit Card,Failed,1155.79,2024-08-25 07:57:50
6132,6132,549,UPI,Success,4645.53,2026-01-08 01:40:21
6133,6133,207,Net Banking,Pending,216.83,2026-05-16 22:37:59
6134,6134,272,Cash,Failed,3446.56,2025-12-08 07:30:54
6135,6135,655,Credit Card,Pending,1081.12,2025-12-23 23:42:02
6136,6136,321,Credit Card,Pending,2133.22,2025-07-23 20:41:06
6137,6137,251,Debit Card,Pending,1632.14,2024-10-16 14:28:19
6138,6138,134,Net Banking,Failed,4144.33,2024-12-19 20:14:25
6139,6139,748,Debit Card,Success,2180.62,2026-05-20 14:24:09
6140,6140,643,UPI,Success,3013.35,2025-07-25 04:34:56
6141,6141,754,Net Banking,Failed,3044.75,2025-08-19 22:03:34
6142,6142,129,Net Banking,Success,888.69,2024-07-25 07:06:25
6143,6143,536,Net Banking,Success,310.6,2025-02-17 00:58:56
6144,6144,421,UPI,Pending,539.5,2026-01-20 20:26:43
6145,6145,281,Credit Card,Success,1363.73,2025-12-15 02:11:51
6146,6146,348,UPI,Success,3022.91,2026-04-09 23:22:37
6147,6147,747,Cash,Pending,1856.6,2024-06-06 03:59:09
6148,6148,311,Credit Card,Success,2993.71,2025-09-13 15:59:48
6149,6149,64,Cash,Failed,1627.37,2024-12-11 18:33:18
6150,6150,988,UPI,Success,1166.49,2026-02-15 10:03:40
6151,6151,161,UPI,Pending,3364.25,2025-08-12 02:15:17
6152,6152,423,Net Banking,Failed,381.19,2025-08-17 15:37:47
6153,6153,935,Debit Card,Success,4450.1,2025-07-05 07:13:15
6154,6154,206,Cash,Failed,327.16,2024-06-07 23:59:50
6155,6155,779,Net Banking,Success,2554.59,2024-11-07 10:53:16
6156,6156,981,Credit Card,Pending,1252.92,2024-07-05 09:52:46
6157,6157,606,UPI,Pending,411.96,2025-09-24 20:47:40
6158,6158,578,Cash,Success,2408.27,2026-05-13 02:52:33
6159,6159,517,Credit Card,Success,1866.75,2025-06-07 14:23:18
6160,6160,457,Credit Card,Success,2214.27,2024-12-25 21:01:02
6161,6161,555,Net Banking,Failed,1413.26,2024-12-10 09:48:41
6162,6162,386,Net Banking,Success,3787.28,2024-12-26 01:50:11
6163,6163,321,Debit Card,Failed,69.31,2024-08-28 17:31:23
6164,6164,285,Cash,Success,3316.03,2026-03-05 02:33:38
6165,6165,995,Credit Card,Success,4690.64,2026-04-30 13:48:17
6166,6166,331,Credit Card,Success,3984.64,2025-02-19 02:11:10
6167,6167,441,Net Banking,Success,2879.7,2025-08-08 15:33:13
6168,6168,976,Debit Card,Success,3581.57,2025-08-16 22:32:56
6169,6169,459,Credit Card,Pending,2385.61,2025-12-12 03:00:44
6170,6170,825,Cash,Success,364.63,2024-12-04 00:46:23
6171,6171,322,UPI,Failed,2015.31,2026-02-05 23:14:10
6172,6172,436,Net Banking,Failed,3045.19,2025-12-26 14:33:45
6173,6173,521,Cash,Pending,4685.91,2026-02-28 19:13:55
6174,6174,435,UPI,Success,4233.99,2025-04-10 10:23:03
6175,6175,407,UPI,Success,2015.61,2025-05-02 08:55:01
6176,6176,811,Cash,Pending,3415.12,2024-06-07 23:18:19
6177,6177,628,Cash,Pending,3879.48,2025-06-28 13:34:40
6178,6178,790,UPI,Success,3754.46,2024-07-04 21:50:41
6179,6179,967,Credit Card,Success,3128.92,2026-04-08 01:13:55
6180,6180,346,UPI,Pending,1369.14,2024-06-09 22:37:37
6181,6181,514,Cash,Success,621.89,2025-05-24 12:28:00
6182,6182,535,Credit Card,Pending,1009.52,2025-03-01 02:58:28
6183,6183,52,UPI,Success,4440.44,2025-01-23 23:43:57
6184,6184,266,Net Banking,Failed,2530.79,2025-02-13 01:40:33
6185,6185,910,Net Banking,Failed,2400.83,2024-10-29 15:28:20
6186,6186,289,UPI,Success,2521.18,2024-10-07 13:33:08
6187,6187,705,Credit Card,Success,2615.56,2024-10-12 22:10:05
6188,6188,173,Credit Card,Pending,3826.03,2025-08-23 19:55:27
6189,6189,697,Net Banking,Failed,1746.08,2024-10-20 04:18:46
6190,6190,835,Credit Card,Pending,1948.96,2025-08-02 19:44:02
6191,6191,449,Cash,Pending,653.63,2025-02-11 10:38:03
6192,6192,824,Credit Card,Pending,1643.28,2025-08-26 19:11:50
6193,6193,192,Cash,Success,3297.55,2025-09-29 12:13:09
6194,6194,665,Credit Card,Failed,3354.76,2025-01-13 15:43:16
6195,6195,974,Net Banking,Pending,3955.11,2025-07-27 12:09:13
6196,6196,949,Cash,Success,2440.87,2025-02-26 00:56:04
6197,6197,331,Credit Card,Pending,4675.51,2024-11-03 14:03:07
6198,6198,860,Debit Card,Success,1424.54,2025-10-20 08:09:07
6199,6199,295,Debit Card,Pending,3964.97,2024-07-01 16:16:02
6200,6200,615,Credit Card,Success,220.32,2026-04-15 02:44:41
6201,6201,325,Net Banking,Success,3658.93,2024-07-06 15:48:48
6202,6202,125,Net Banking,Success,4543.51,2025-08-25 22:50:31
6203,6203,307,Debit Card,Success,155.17,2024-10-24 00:40:04
6204,6204,546,Credit Card,Pending,2843.65,2025-12-30 12:58:23
6205,6205,987,Net Banking,Success,4778.26,2025-07-10 19:29:32
6206,6206,326,UPI,Pending,4684.82,2025-04-05 14:04:06
6207,6207,84,Net Banking,Pending,1821.95,2025-05-02 04:31:12
6208,6208,169,Credit Card,Success,3207.6,2025-07-14 01:20:15
6209,6209,815,UPI,Failed,2577.83,2024-12-11 09:43:36
6210,6210,225,UPI,Failed,1623.57,2026-03-17 06:49:25
6211,6211,503,Net Banking,Pending,2086.78,2026-02-02 00:29:57
6212,6212,598,Cash,Pending,1360.03,2026-04-17 13:33:40
6213,6213,439,Credit Card,Failed,4686.5,2024-08-28 21:01:38
6214,6214,875,Net Banking,Failed,744.08,2025-02-09 15:41:58
6215,6215,43,Net Banking,Success,3835.51,2025-05-18 19:52:47
6216,6216,115,UPI,Failed,4422.24,2025-09-07 08:06:01
6217,6217,502,UPI,Failed,4916.27,2025-01-16 05:28:40
6218,6218,980,Credit Card,Success,350.57,2025-05-24 03:28:05
6219,6219,372,Net Banking,Failed,4575.58,2025-09-12 12:22:12
6220,6220,519,Cash,Failed,4507.31,2025-11-25 20:52:58
6221,6221,26,Debit Card,Pending,766.54,2025-08-25 15:21:32
6222,6222,216,Cash,Failed,2284.1,2024-09-07 14:56:09
6223,6223,235,Cash,Success,4901.17,2026-04-29 11:50:51
6224,6224,268,Net Banking,Pending,4524.25,2025-05-14 10:07:14
6225,6225,628,Credit Card,Pending,3596.9,2025-04-02 04:52:48
6226,6226,542,Credit Card,Pending,2910.14,2025-08-09 20:00:42
6227,6227,868,Cash,Success,581.69,2025-05-02 03:45:24
6228,6228,536,Credit Card,Success,1235.34,2025-08-20 23:16:56
6229,6229,68,Debit Card,Failed,63.99,2026-03-12 16:02:33
6230,6230,13,Debit Card,Failed,1492.44,2025-05-09 01:05:21
6231,6231,953,Credit Card,Success,3221.24,2025-09-29 23:52:37
6232,6232,283,UPI,Success,2979.54,2026-05-09 11:38:34
6233,6233,134,Cash,Pending,3175.41,2024-08-10 10:44:55
6234,6234,300,Cash,Failed,1770.06,2026-01-24 14:30:10
6235,6235,530,Credit Card,Success,2206.1,2026-04-22 04:02:11
6236,6236,154,Debit Card,Pending,1608.49,2025-04-26 08:13:00
6237,6237,422,Credit Card,Pending,4022.89,2024-10-09 22:27:37
6238,6238,62,Credit Card,Failed,4017.4,2025-01-12 14:41:12
6239,6239,15,UPI,Pending,1780.53,2024-12-16 07:41:40
6240,6240,806,Cash,Success,3719.17,2026-03-16 17:02:40
6241,6241,480,Debit Card,Success,2944.22,2025-06-10 07:57:12
6242,6242,962,Credit Card,Failed,3498.09,2025-09-29 02:00:09
6243,6243,687,UPI,Success,993.66,2025-09-26 06:30:23
6244,6244,776,UPI,Failed,4417.91,2026-03-23 15:45:23
6245,6245,78,UPI,Pending,4149.39,2025-05-07 15:21:17
6246,6246,273,Cash,Failed,2366.28,2025-01-16 16:44:56
6247,6247,81,UPI,Pending,4102.14,2025-12-02 08:55:47
6248,6248,317,Credit Card,Failed,3249.09,2025-08-18 05:40:16
6249,6249,113,Credit Card,Failed,849.57,2025-10-23 12:50:41
6250,6250,485,Credit Card,Pending,4318.39,2024-09-10 19:00:01
6251,6251,266,Debit Card,Failed,4740.64,2024-07-16 01:25:20
6252,6252,327,Cash,Pending,2574.73,2024-07-27 20:17:16
6253,6253,525,UPI,Failed,3225.96,2026-05-11 18:23:49
6254,6254,501,Cash,Success,4037.76,2025-09-24 11:29:16
6255,6255,516,UPI,Failed,2815.01,2025-11-08 06:42:22
6256,6256,911,Debit Card,Failed,1742.21,2026-01-11 09:28:38
6257,6257,976,UPI,Pending,1779.86,2025-02-18 14:37:25
6258,6258,916,Net Banking,Pending,2550.26,2026-05-04 19:54:22
6259,6259,287,Cash,Success,3604.74,2025-01-28 09:44:18
6260,6260,864,Credit Card,Success,4570.85,2025-12-01 11:02:42
6261,6261,602,Cash,Pending,1834.87,2025-11-06 14:08:28
6262,6262,300,Debit Card,Failed,1757.91,2024-08-05 10:02:39
6263,6263,749,Cash,Success,2113.56,2024-06-18 16:40:04
6264,6264,177,Credit Card,Success,4882.23,2025-05-17 02:57:59
6265,6265,878,Debit Card,Pending,2634.84,2024-07-14 18:56:50
6266,6266,317,Cash,Failed,558.59,2025-02-25 00:19:41
6267,6267,426,UPI,Pending,176.25,2025-03-28 15:46:44
6268,6268,922,Cash,Failed,1764.7,2026-01-15 05:57:13
6269,6269,273,Cash,Pending,1234.73,2024-07-27 13:34:39
6270,6270,85,UPI,Pending,1193.97,2026-02-03 12:59:09
6271,6271,851,Credit Card,Pending,327.85,2026-01-15 01:23:49
6272,6272,40,Net Banking,Success,2039.43,2024-11-03 13:27:43
6273,6273,881,Cash,Pending,1980.38,2026-02-26 12:19:08
6274,6274,725,UPI,Success,4265.73,2025-12-02 15:37:23
6275,6275,940,Cash,Pending,1938.32,2024-06-25 22:46:42
6276,6276,271,Cash,Success,2396.49,2025-09-07 19:31:56
6277,6277,310,Debit Card,Pending,1555.21,2025-11-16 03:45:36
6278,6278,513,Cash,Failed,2892.93,2025-04-02 13:13:29
6279,6279,926,Cash,Pending,2878.37,2024-11-13 15:03:22
6280,6280,319,Debit Card,Success,2331.95,2024-08-12 02:14:37
6281,6281,43,Net Banking,Pending,2613.73,2024-07-27 20:24:56
6282,6282,881,Credit Card,Failed,4959.52,2024-10-22 08:46:35
6283,6283,763,Credit Card,Pending,4036.91,2024-07-29 23:04:35
6284,6284,147,Debit Card,Failed,55.4,2026-04-25 22:40:50
6285,6285,338,Credit Card,Success,379.17,2025-12-15 21:36:01
6286,6286,782,Credit Card,Failed,4570.97,2026-05-18 08:04:16
6287,6287,572,Debit Card,Failed,2346.5,2024-08-15 14:01:22
6288,6288,574,Cash,Failed,1564.6,2025-07-11 05:26:06
6289,6289,20,Cash,Failed,1642.57,2024-09-13 18:12:05
6290,6290,112,Net Banking,Pending,2419.06,2026-02-10 22:03:51
6291,6291,492,Net Banking,Failed,1551.68,2025-06-27 10:04:32
6292,6292,813,Debit Card,Success,1091.4,2024-06-09 01:53:19
6293,6293,352,Credit Card,Success,3281.75,2025-10-22 10:17:16
6294,6294,28,Net Banking,Failed,4177.74,2025-07-07 13:30:46
6295,6295,766,UPI,Failed,2874.2,2025-07-23 05:57:24
6296,6296,858,Cash,Pending,2258.56,2025-10-10 12:33:44
6297,6297,548,Net Banking,Pending,4151.28,2025-05-31 20:05:37
6298,6298,13,Credit Card,Pending,2460.63,2026-02-03 18:08:30
6299,6299,16,Debit Card,Pending,874.72,2024-10-24 13:39:17
6300,6300,671,Debit Card,Failed,548.51,2024-09-30 22:21:57
6301,6301,293,Cash,Pending,4268.07,2025-01-11 00:49:44
6302,6302,443,UPI,Success,296.81,2025-12-20 03:48:52
6303,6303,42,Cash,Success,4596.36,2024-12-10 11:19:47
6304,6304,152,Cash,Failed,3144.76,2024-06-10 17:49:48
6305,6305,279,UPI,Pending,1796.49,2025-10-27 14:00:06
6306,6306,948,Credit Card,Pending,3996.58,2025-12-22 19:52:23
6307,6307,793,Cash,Pending,4868.37,2026-03-27 03:44:01
6308,6308,819,Credit Card,Failed,1002.31,2024-08-20 20:43:06
6309,6309,53,UPI,Pending,3324.06,2024-12-17 20:23:23
6310,6310,977,Credit Card,Pending,3561.74,2025-11-05 19:10:34
6311,6311,458,Credit Card,Pending,4953.79,2026-04-23 05:38:01
6312,6312,143,Debit Card,Success,1850.44,2024-06-07 22:06:39
6313,6313,360,UPI,Pending,2343.37,2025-12-27 07:55:42
6314,6314,214,Credit Card,Failed,1485.38,2024-09-09 17:59:46
6315,6315,668,Net Banking,Failed,530.12,2026-04-19 01:13:30
6316,6316,338,UPI,Success,634.5,2025-09-24 00:54:55
6317,6317,528,Debit Card,Success,3354.99,2025-06-08 13:00:33
6318,6318,255,Debit Card,Pending,3464.51,2026-03-12 21:44:09
6319,6319,421,Net Banking,Success,41.5,2025-09-20 15:20:23
6320,6320,823,Net Banking,Pending,1787.59,2026-03-08 22:37:28
6321,6321,825,Cash,Failed,622.87,2025-05-25 22:58:58
6322,6322,454,Credit Card,Failed,411.46,2025-12-09 13:20:33
6323,6323,580,Cash,Success,1183.08,2025-05-09 21:54:14
6324,6324,349,Credit Card,Failed,614.92,2024-07-12 22:41:19
6325,6325,171,Debit Card,Failed,3988.99,2026-02-10 18:50:44
6326,6326,488,Debit Card,Pending,2122.46,2024-12-26 11:08:41
6327,6327,732,Debit Card,Pending,151.14,2025-10-15 05:39:13
6328,6328,53,Credit Card,Pending,1333.69,2025-06-23 00:05:23
6329,6329,526,Net Banking,Success,525.98,2025-01-08 10:16:57
6330,6330,10,UPI,Pending,1621.16,2025-03-04 19:25:43
6331,6331,615,UPI,Success,3755.91,2024-10-11 16:27:52
6332,6332,599,UPI,Success,1605.4,2024-05-27 07:05:29
6333,6333,5,UPI,Pending,1493.72,2024-05-28 05:21:39
6334,6334,269,Debit Card,Success,1527.64,2025-01-21 14:20:47
6335,6335,429,Net Banking,Success,2927.17,2024-06-02 09:47:32
6336,6336,420,Debit Card,Failed,3513.54,2025-02-13 23:47:25
6337,6337,933,Debit Card,Failed,3807.84,2026-05-05 18:38:58
6338,6338,355,Cash,Success,1919.46,2025-01-03 18:00:12
6339,6339,839,Credit Card,Success,1823.23,2024-12-10 09:20:34
6340,6340,160,Debit Card,Success,909.12,2025-12-17 19:57:53
6341,6341,524,Debit Card,Failed,2391.32,2025-07-03 19:44:47
6342,6342,880,Debit Card,Pending,1495.04,2025-08-04 23:49:41
6343,6343,515,UPI,Failed,4288.7,2025-03-17 20:04:19
6344,6344,444,Debit Card,Pending,4832.19,2025-10-16 02:03:29
6345,6345,534,Net Banking,Success,4513.6,2024-07-01 17:59:05
6346,6346,186,Cash,Pending,1603.02,2026-03-22 08:59:09
6347,6347,664,Cash,Failed,333.85,2024-12-20 06:36:25
6348,6348,90,Debit Card,Failed,1167.45,2025-03-13 03:38:23
6349,6349,606,Credit Card,Failed,4776.62,2024-09-14 18:34:35
6350,6350,856,Credit Card,Success,4908.55,2025-03-27 09:11:04
6351,6351,539,Cash,Success,3479.64,2024-10-05 21:33:05
6352,6352,23,Credit Card,Failed,275.66,2025-08-22 18:57:42
6353,6353,805,Net Banking,Pending,3264.65,2025-10-25 01:13:21
6354,6354,60,Cash,Failed,2327.58,2026-01-02 01:24:36
6355,6355,210,Cash,Success,2531.62,2025-03-12 02:51:03
6356,6356,183,UPI,Pending,4837.59,2025-05-28 20:36:39
6357,6357,590,Net Banking,Failed,1094.76,2025-03-20 15:31:04
6358,6358,127,Credit Card,Pending,3330.82,2024-06-08 00:55:10
6359,6359,390,Debit Card,Failed,1101.2,2026-05-06 16:56:48
6360,6360,830,Cash,Failed,1554.87,2025-10-14 16:33:26
6361,6361,72,Credit Card,Success,3112.82,2026-03-26 00:50:35
6362,6362,807,Cash,Pending,544.86,2025-06-06 21:26:06
6363,6363,79,Net Banking,Success,2559.99,2026-04-11 00:17:56
6364,6364,742,Credit Card,Pending,4781.74,2025-07-07 01:36:14
6365,6365,612,Cash,Success,4343.61,2026-03-20 05:45:54
6366,6366,56,Debit Card,Failed,2803.6,2026-05-24 03:14:19
6367,6367,450,UPI,Pending,3598.53,2025-07-17 11:19:32
6368,6368,846,Net Banking,Pending,3861.64,2025-09-07 15:51:27
6369,6369,204,Credit Card,Failed,1395.1,2025-02-10 01:04:30
6370,6370,240,Debit Card,Pending,1581.63,2024-12-16 19:02:42
6371,6371,748,Cash,Success,1780.24,2025-05-26 17:05:18
6372,6372,825,UPI,Pending,2689.35,2024-07-27 11:49:30
6373,6373,998,Cash,Failed,4462.56,2025-12-13 09:13:27
6374,6374,113,Debit Card,Pending,4231.42,2025-07-18 00:41:45
6375,6375,168,Cash,Success,3441.34,2024-06-07 13:14:16
6376,6376,37,Net Banking,Failed,3073.64,2025-08-12 01:26:39
6377,6377,52,Debit Card,Success,2674.7,2025-05-06 17:22:57
6378,6378,952,Net Banking,Success,2035.75,2024-08-16 11:42:22
6379,6379,800,Debit Card,Failed,2619.85,2026-03-07 12:56:52
6380,6380,661,Net Banking,Pending,2787.59,2026-04-05 09:51:05
6381,6381,852,Net Banking,Success,2188.16,2024-12-17 18:21:23
6382,6382,450,Cash,Failed,3457.57,2025-08-17 05:42:29
6383,6383,720,Credit Card,Success,2531.62,2024-06-13 07:54:12
6384,6384,493,Cash,Pending,1618.89,2026-02-02 10:10:35
6385,6385,946,Net Banking,Failed,1852.82,2024-10-10 04:06:29
6386,6386,568,Credit Card,Failed,4842.06,2025-08-20 07:40:49
6387,6387,829,Credit Card,Success,4740.59,2025-04-12 08:10:36
6388,6388,798,UPI,Pending,2286.78,2025-10-23 05:29:48
6389,6389,214,Credit Card,Failed,3113.54,2025-05-27 11:26:10
6390,6390,948,Cash,Pending,2970.77,2026-05-01 08:31:17
6391,6391,580,Credit Card,Failed,4378.84,2024-09-02 05:43:56
6392,6392,115,Credit Card,Pending,3314.88,2026-05-17 19:13:08
6393,6393,969,Net Banking,Pending,852.35,2025-12-17 03:33:01
6394,6394,180,Net Banking,Pending,2841.44,2025-06-18 14:44:03
6395,6395,736,Net Banking,Failed,4689.06,2024-11-13 12:30:54
6396,6396,707,Net Banking,Pending,3515.31,2026-04-23 08:25:08
6397,6397,212,Debit Card,Success,1626.65,2025-05-21 13:19:26
6398,6398,269,Credit Card,Pending,848.98,2026-03-24 14:47:14
6399,6399,366,UPI,Failed,1464.17,2026-02-28 00:10:35
6400,6400,474,UPI,Failed,4384.03,2025-06-18 03:08:18
6401,6401,354,Credit Card,Pending,3025.02,2024-06-23 05:00:40
6402,6402,571,Debit Card,Pending,4386.68,2025-04-12 08:35:23
6403,6403,978,Credit Card,Success,357.65,2025-12-18 12:30:53
6404,6404,89,UPI,Success,3879.89,2026-02-05 09:09:04
6405,6405,441,UPI,Pending,1339.49,2026-03-04 10:09:54
6406,6406,192,Net Banking,Success,166.72,2025-05-05 00:13:28
6407,6407,861,Net Banking,Failed,1694.35,2025-07-22 09:17:03
6408,6408,360,Debit Card,Failed,1953.5,2025-10-23 01:48:52
6409,6409,839,Credit Card,Failed,3713.92,2025-01-12 23:18:21
6410,6410,561,Debit Card,Failed,2873.99,2025-06-21 13:07:11
6411,6411,44,Credit Card,Failed,480.8,2025-08-06 12:55:28
6412,6412,596,UPI,Success,3020.99,2024-09-09 18:52:25
6413,6413,287,Credit Card,Pending,64.77,2026-04-30 14:05:03
6414,6414,656,Credit Card,Failed,3364.41,2025-03-15 22:42:59
6415,6415,754,Cash,Failed,422.21,2025-07-30 06:59:41
6416,6416,367,Credit Card,Pending,2192.57,2024-11-11 16:51:17
6417,6417,932,Net Banking,Failed,867.89,2024-08-16 04:45:06
6418,6418,355,Cash,Success,4421.88,2024-08-02 18:42:25
6419,6419,828,Cash,Pending,622.06,2025-09-08 14:43:37
6420,6420,98,Net Banking,Failed,196.61,2025-11-06 10:01:36
6421,6421,943,Cash,Pending,4911.91,2024-07-28 03:08:24
6422,6422,754,Net Banking,Success,1941.15,2024-08-01 09:38:53
6423,6423,449,Net Banking,Success,2981.32,2024-12-06 17:18:31
6424,6424,118,Net Banking,Pending,3072.53,2025-08-28 14:04:15
6425,6425,407,Cash,Failed,1743.48,2025-02-20 15:43:47
6426,6426,999,Credit Card,Success,3583.29,2025-06-21 07:39:10
6427,6427,393,Credit Card,Success,737.76,2025-05-10 17:43:26
6428,6428,507,UPI,Failed,3654.1,2025-09-08 15:06:22
6429,6429,218,Net Banking,Success,2149.94,2026-01-22 02:57:21
6430,6430,957,Net Banking,Pending,71.93,2025-09-15 23:48:43
6431,6431,736,Debit Card,Pending,1949.84,2024-07-13 23:40:57
6432,6432,951,Cash,Success,1003.07,2025-05-05 23:42:01
6433,6433,182,Net Banking,Failed,1176.52,2025-07-25 12:23:01
6434,6434,165,Debit Card,Failed,2806.8,2025-08-18 02:38:04
6435,6435,986,UPI,Pending,1564.45,2025-03-31 06:37:09
6436,6436,986,Credit Card,Success,139.13,2024-10-31 06:49:13
6437,6437,832,Credit Card,Failed,817.74,2025-05-17 14:47:05
6438,6438,667,Debit Card,Success,2979.1,2024-07-22 17:45:49
6439,6439,537,Credit Card,Failed,4581.36,2026-03-03 12:39:33
6440,6440,925,Credit Card,Success,169.36,2025-08-20 16:21:27
6441,6441,935,UPI,Success,308.42,2025-02-02 01:41:22
6442,6442,446,UPI,Success,4640.9,2025-12-10 06:34:35
6443,6443,104,Debit Card,Pending,71.61,2025-07-06 04:48:26
6444,6444,877,Net Banking,Failed,3039.39,2026-02-09 23:00:40
6445,6445,644,Cash,Failed,3993.53,2026-02-05 06:33:39
6446,6446,505,Credit Card,Success,3348.32,2024-09-18 03:14:07
6447,6447,540,Debit Card,Pending,1422.95,2025-01-27 18:28:15
6448,6448,116,UPI,Success,4765.42,2025-01-19 19:07:22
6449,6449,36,Credit Card,Pending,4690.54,2026-01-07 12:36:13
6450,6450,254,Debit Card,Success,304.29,2025-09-19 16:56:51
6451,6451,425,Debit Card,Pending,1980.77,2025-12-26 13:01:49
6452,6452,276,Cash,Pending,2483.7,2025-08-18 18:56:15
6453,6453,353,UPI,Failed,1589.61,2024-08-17 23:54:03
6454,6454,352,Cash,Failed,2949.53,2025-09-09 06:27:10
6455,6455,271,Debit Card,Pending,4113.47,2025-06-07 05:08:26
6456,6456,646,Cash,Success,4059.9,2025-07-25 04:57:00
6457,6457,255,Debit Card,Failed,4407.36,2025-04-04 22:45:08
6458,6458,842,UPI,Pending,4543.14,2024-06-23 16:42:16
6459,6459,513,Cash,Failed,535.0,2026-04-11 14:44:40
6460,6460,428,UPI,Success,2383.11,2025-08-23 20:43:40
6461,6461,208,UPI,Failed,3409.81,2024-12-03 18:17:12
6462,6462,147,UPI,Pending,87.0,2026-01-03 12:05:46
6463,6463,5,Credit Card,Failed,1748.3,2026-04-20 04:00:15
6464,6464,325,UPI,Success,2458.11,2025-02-20 06:41:29
6465,6465,814,Cash,Success,3380.05,2026-02-06 14:04:45
6466,6466,960,UPI,Success,4849.67,2024-12-25 21:30:36
6467,6467,124,Cash,Pending,2450.39,2024-09-29 03:36:49
6468,6468,654,UPI,Success,4158.44,2025-07-24 02:45:36
6469,6469,489,Cash,Pending,479.38,2026-04-28 14:33:43
6470,6470,667,UPI,Failed,2851.79,2025-10-10 09:57:22
6471,6471,538,Net Banking,Failed,2129.65,2025-01-24 16:38:13
6472,6472,762,Net Banking,Failed,4868.66,2025-09-24 18:19:44
6473,6473,483,UPI,Pending,2152.81,2025-07-29 08:25:35
6474,6474,513,Cash,Pending,1655.06,2024-07-30 09:26:21
6475,6475,671,Debit Card,Failed,4092.74,2026-03-17 12:49:01
6476,6476,878,Debit Card,Success,2948.77,2026-04-18 16:13:41
6477,6477,785,Credit Card,Failed,4497.0,2025-03-09 03:00:34
6478,6478,1,Net Banking,Success,1780.79,2025-10-12 16:52:13
6479,6479,715,Cash,Failed,1540.44,2026-05-26 16:30:09
6480,6480,869,UPI,Failed,4316.47,2024-07-04 01:00:55
6481,6481,875,Debit Card,Success,4181.49,2026-02-13 10:07:37
6482,6482,695,Cash,Failed,4036.74,2025-05-12 12:14:53
6483,6483,224,UPI,Pending,2627.12,2025-03-30 17:41:59
6484,6484,78,UPI,Pending,830.41,2025-11-22 07:34:12
6485,6485,817,Credit Card,Success,2711.99,2025-06-30 20:30:23
6486,6486,731,Net Banking,Pending,2891.05,2025-02-06 20:21:38
6487,6487,739,Net Banking,Success,3535.18,2024-07-14 02:32:49
6488,6488,77,Cash,Failed,4426.69,2024-06-03 00:28:23
6489,6489,767,Debit Card,Success,2264.59,2025-12-16 02:24:43
6490,6490,445,UPI,Failed,2422.49,2025-05-14 17:05:50
6491,6491,190,Credit Card,Failed,2324.55,2025-02-22 07:03:19
6492,6492,845,Credit Card,Pending,1872.95,2026-03-27 14:21:00
6493,6493,349,Net Banking,Failed,4290.18,2025-03-19 20:41:10
6494,6494,263,UPI,Success,3534.73,2024-07-29 22:19:24
6495,6495,619,UPI,Failed,149.58,2024-12-19 11:28:28
6496,6496,408,Debit Card,Pending,1562.79,2025-12-28 19:38:48
6497,6497,274,Cash,Pending,4362.93,2024-05-31 03:28:54
6498,6498,626,Cash,Success,1888.82,2026-02-06 14:31:48
6499,6499,274,Credit Card,Failed,4013.56,2024-07-18 19:12:09
6500,6500,496,Debit Card,Success,3861.75,2025-05-10 06:10:23
6501,6501,335,Net Banking,Success,4647.81,2026-03-07 10:18:12
6502,6502,430,Net Banking,Failed,4360.19,2024-10-27 09:55:45
6503,6503,874,Credit Card,Success,1276.4,2025-03-06 00:25:07
6504,6504,923,Credit Card,Pending,2353.79,2024-10-11 15:32:55
6505,6505,629,Credit Card,Pending,4674.21,2024-10-22 06:15:16
6506,6506,207,Cash,Failed,2581.4,2024-08-20 16:33:44
6507,6507,181,Debit Card,Failed,535.1,2025-08-08 04:50:23
6508,6508,70,Net Banking,Pending,4691.33,2025-09-15 16:20:15
6509,6509,225,Net Banking,Failed,2605.84,2025-03-14 22:38:23
6510,6510,469,Cash,Pending,3250.32,2025-01-16 08:56:45
6511,6511,756,Cash,Pending,3143.83,2025-07-08 20:23:51
6512,6512,897,Debit Card,Success,3270.88,2026-03-18 05:02:10
6513,6513,742,Net Banking,Success,2872.95,2025-04-01 05:12:34
6514,6514,395,UPI,Success,2972.28,2025-03-03 17:05:05
6515,6515,737,Cash,Failed,2892.7,2026-03-19 19:34:27
6516,6516,24,Debit Card,Failed,4863.58,2024-10-29 14:14:47
6517,6517,785,Net Banking,Pending,2692.72,2024-06-03 01:41:27
6518,6518,241,Debit Card,Pending,766.91,2026-02-04 03:57:09
6519,6519,356,UPI,Success,2042.33,2025-04-06 05:28:36
6520,6520,165,Debit Card,Failed,3941.96,2024-10-13 07:00:49
6521,6521,786,Debit Card,Success,1373.98,2025-01-21 16:32:04
6522,6522,179,Credit Card,Success,1118.97,2024-06-07 01:58:13
6523,6523,316,Cash,Failed,465.89,2024-08-11 20:38:29
6524,6524,757,Net Banking,Pending,984.74,2024-12-06 16:10:58
6525,6525,658,UPI,Failed,2806.2,2024-07-01 09:07:15
6526,6526,733,Cash,Success,2732.03,2026-01-01 20:43:07
6527,6527,11,Cash,Pending,3743.47,2025-02-02 05:50:34
6528,6528,941,Net Banking,Pending,3124.89,2025-10-09 11:57:14
6529,6529,556,Net Banking,Failed,3030.93,2025-07-03 02:22:24
6530,6530,863,Net Banking,Failed,293.13,2025-09-01 08:41:34
6531,6531,661,Net Banking,Failed,1641.07,2024-09-24 10:17:42
6532,6532,158,Cash,Failed,4954.95,2025-11-02 19:06:00
6533,6533,51,Credit Card,Failed,1207.13,2024-10-06 09:04:02
6534,6534,247,Debit Card,Failed,3939.34,2025-08-01 09:14:53
6535,6535,699,Debit Card,Failed,194.11,2025-11-17 02:14:29
6536,6536,100,Debit Card,Success,924.59,2026-01-22 04:03:59
6537,6537,745,Debit Card,Success,3764.66,2026-01-27 10:03:08
6538,6538,953,Cash,Failed,463.91,2026-03-05 23:35:37
6539,6539,70,Cash,Failed,3112.61,2026-03-22 01:45:33
6540,6540,529,UPI,Success,3951.51,2025-05-21 02:53:15
6541,6541,456,Cash,Success,1974.59,2024-09-24 02:25:21
6542,6542,259,UPI,Success,4271.13,2025-10-03 02:05:58
6543,6543,302,Debit Card,Pending,905.28,2025-09-01 03:58:40
6544,6544,106,UPI,Failed,911.54,2024-10-14 19:08:32
6545,6545,196,Debit Card,Success,1193.36,2025-06-09 09:08:28
6546,6546,676,Net Banking,Failed,3012.32,2025-09-02 15:17:57
6547,6547,222,UPI,Failed,4711.54,2025-06-16 09:07:39
6548,6548,78,Cash,Failed,3453.14,2024-08-31 05:59:44
6549,6549,275,Cash,Success,3306.43,2024-08-23 14:27:58
6550,6550,54,UPI,Success,668.55,2024-12-13 01:57:07
6551,6551,669,Cash,Failed,1962.69,2026-03-20 22:24:46
6552,6552,970,Credit Card,Failed,3824.62,2025-05-04 11:53:40
6553,6553,889,UPI,Success,878.17,2025-06-21 04:34:41
6554,6554,633,Credit Card,Success,1998.26,2025-02-26 14:17:39
6555,6555,92,Net Banking,Success,3644.88,2025-01-22 08:41:28
6556,6556,223,Net Banking,Pending,3082.02,2024-05-27 19:41:01
6557,6557,847,UPI,Failed,3606.18,2025-03-05 16:17:27
6558,6558,944,Cash,Success,1499.43,2024-12-10 06:54:03
6559,6559,394,Cash,Success,2280.84,2025-08-03 06:49:54
6560,6560,792,Cash,Failed,1900.27,2024-08-05 17:51:41
6561,6561,543,Cash,Success,4823.97,2024-10-28 10:44:04
6562,6562,338,Cash,Failed,2319.75,2025-11-13 02:09:23
6563,6563,751,Credit Card,Success,3800.6,2025-03-18 09:42:40
6564,6564,644,Debit Card,Success,3667.68,2025-10-01 11:46:19
6565,6565,484,UPI,Success,3471.32,2025-07-17 03:20:27
6566,6566,519,Net Banking,Success,3553.63,2025-02-08 16:12:02
6567,6567,595,Credit Card,Success,3419.1,2026-01-16 11:51:00
6568,6568,470,UPI,Success,1044.63,2025-07-18 18:34:41
6569,6569,218,Cash,Success,1491.2,2025-10-27 12:20:07
6570,6570,315,Debit Card,Pending,1499.24,2025-07-27 19:27:59
6571,6571,926,Net Banking,Failed,3177.86,2024-12-15 08:53:44
6572,6572,519,Credit Card,Pending,255.49,2025-07-24 07:49:34
6573,6573,735,Debit Card,Failed,287.63,2026-05-09 02:29:44
6574,6574,586,Credit Card,Success,2102.46,2024-11-28 04:33:45
6575,6575,128,Cash,Failed,2950.65,2024-06-11 05:57:06
6576,6576,981,Cash,Failed,3778.07,2024-09-08 19:31:51
6577,6577,590,Debit Card,Success,881.45,2025-10-07 01:15:55
6578,6578,4,Net Banking,Failed,3935.53,2024-12-15 09:58:01
6579,6579,325,Cash,Pending,2432.81,2024-12-22 07:27:08
6580,6580,867,Credit Card,Success,3500.85,2025-12-11 17:33:47
6581,6581,349,Credit Card,Pending,4534.06,2025-05-21 18:38:30
6582,6582,101,Debit Card,Failed,2330.68,2024-10-31 00:13:17
6583,6583,997,Credit Card,Success,1123.09,2025-02-28 17:20:37
6584,6584,870,UPI,Success,650.35,2024-10-20 08:23:56
6585,6585,751,Credit Card,Success,4353.77,2025-11-20 00:36:50
6586,6586,880,UPI,Success,494.45,2024-06-30 22:05:40
6587,6587,554,Cash,Failed,116.09,2024-12-04 20:04:23
6588,6588,801,Debit Card,Pending,4882.12,2025-09-27 02:47:40
6589,6589,240,Credit Card,Failed,3932.5,2025-07-18 17:09:25
6590,6590,689,Net Banking,Failed,974.69,2026-04-03 13:12:56
6591,6591,184,Credit Card,Pending,264.83,2026-05-11 01:22:11
6592,6592,841,Debit Card,Success,3333.62,2025-11-22 00:42:16
6593,6593,783,Cash,Failed,2873.09,2024-06-16 11:44:47
6594,6594,157,UPI,Failed,267.15,2026-03-01 04:02:05
6595,6595,276,Credit Card,Pending,1228.54,2026-03-04 17:17:29
6596,6596,874,Cash,Pending,2775.69,2026-01-06 19:46:00
6597,6597,49,UPI,Pending,2128.31,2024-09-08 13:37:21
6598,6598,710,Credit Card,Pending,3337.36,2024-07-06 05:07:41
6599,6599,891,UPI,Pending,1155.89,2026-01-21 15:09:46
6600,6600,665,Debit Card,Pending,3706.79,2025-08-23 12:02:47
6601,6601,118,Debit Card,Failed,4265.42,2024-07-09 23:44:39
6602,6602,488,Net Banking,Failed,1064.42,2025-07-12 17:54:45
6603,6603,539,Credit Card,Pending,3364.96,2026-02-03 07:26:02
6604,6604,611,Debit Card,Success,469.5,2025-08-12 11:56:38
6605,6605,853,Cash,Pending,4126.72,2025-11-24 04:10:52
6606,6606,763,Cash,Pending,2725.68,2024-06-21 08:19:29
6607,6607,547,UPI,Success,640.52,2026-04-17 05:22:08
6608,6608,968,UPI,Success,706.1,2025-10-10 21:42:38
6609,6609,401,Credit Card,Failed,1105.96,2025-03-21 07:51:58
6610,6610,895,UPI,Pending,962.43,2025-11-23 06:44:54
6611,6611,558,Credit Card,Failed,1690.55,2025-04-27 19:42:11
6612,6612,653,Debit Card,Failed,2851.86,2025-04-12 06:12:59
6613,6613,12,Cash,Success,2538.24,2025-04-25 05:19:43
6614,6614,707,Debit Card,Pending,2406.54,2024-10-13 20:19:17
6615,6615,474,UPI,Success,3808.33,2024-07-25 16:02:00
6616,6616,554,Debit Card,Failed,3913.82,2024-07-09 20:33:39
6617,6617,495,Cash,Failed,4510.39,2026-01-13 03:38:32
6618,6618,867,Credit Card,Pending,1368.09,2025-11-05 04:59:40
6619,6619,716,Debit Card,Pending,3171.1,2025-04-27 17:05:58
6620,6620,949,UPI,Success,4297.49,2025-08-07 20:05:01
6621,6621,908,Credit Card,Failed,4833.0,2025-10-17 08:09:40
6622,6622,953,Debit Card,Pending,4376.54,2024-08-29 09:06:30
6623,6623,342,Cash,Pending,3552.6,2025-04-16 16:10:56
6624,6624,252,Cash,Failed,1558.13,2024-09-19 01:00:55
6625,6625,188,Cash,Pending,2064.03,2024-08-10 21:39:31
6626,6626,291,Debit Card,Failed,3782.67,2026-04-01 21:42:09
6627,6627,468,UPI,Failed,4035.54,2024-12-17 13:27:54
6628,6628,397,Net Banking,Failed,3452.69,2025-09-27 17:04:14
6629,6629,315,Net Banking,Pending,3442.7,2024-09-19 03:09:52
6630,6630,32,Debit Card,Pending,1670.66,2025-04-25 13:53:14
6631,6631,262,Debit Card,Failed,4088.46,2025-06-02 11:48:58
6632,6632,346,Net Banking,Failed,1224.67,2025-01-28 14:18:50
6633,6633,161,Credit Card,Pending,624.28,2025-02-27 01:33:30
6634,6634,83,Debit Card,Success,3022.82,2025-07-20 15:21:30
6635,6635,137,Net Banking,Failed,4614.05,2025-01-15 09:24:28
6636,6636,970,Debit Card,Success,1631.09,2025-04-06 07:38:22
6637,6637,87,Credit Card,Pending,1100.3,2025-07-23 16:15:32
6638,6638,117,Debit Card,Failed,4495.23,2025-01-02 21:23:20
6639,6639,39,Credit Card,Pending,3927.97,2025-07-06 13:15:59
6640,6640,113,Net Banking,Pending,4785.97,2024-12-14 21:06:36
6641,6641,757,Credit Card,Pending,4884.49,2026-01-18 08:47:35
6642,6642,790,UPI,Failed,4275.72,2025-12-20 22:18:20
6643,6643,365,UPI,Pending,3023.98,2026-04-10 15:01:29
6644,6644,353,UPI,Success,4403.95,2024-10-09 13:30:11
6645,6645,933,Cash,Failed,3775.89,2025-12-06 14:02:06
6646,6646,51,Credit Card,Success,2520.07,2026-04-05 19:33:20
6647,6647,285,Net Banking,Failed,2713.23,2024-07-14 09:45:04
6648,6648,264,Credit Card,Success,2499.41,2025-04-05 03:27:39
6649,6649,568,Debit Card,Pending,2671.78,2024-12-25 10:21:21
6650,6650,967,Cash,Success,816.55,2024-09-17 05:08:28
6651,6651,858,Credit Card,Success,4811.11,2025-01-25 01:13:11
6652,6652,499,Cash,Pending,2646.45,2025-12-31 19:57:31
6653,6653,577,Cash,Pending,2648.37,2025-12-11 14:18:25
6654,6654,194,Net Banking,Failed,383.57,2024-11-04 03:54:53
6655,6655,213,Debit Card,Pending,1212.27,2025-03-07 16:57:27
6656,6656,435,Debit Card,Pending,3965.68,2024-10-10 08:47:38
6657,6657,587,UPI,Failed,704.27,2025-10-04 21:22:55
6658,6658,52,Net Banking,Pending,4347.95,2024-11-27 16:02:58
6659,6659,143,Net Banking,Failed,3554.1,2024-08-30 15:33:56
6660,6660,427,Net Banking,Pending,3918.27,2025-02-07 08:15:52
6661,6661,838,Debit Card,Success,2768.41,2025-04-21 02:45:52
6662,6662,313,Cash,Pending,2981.42,2025-01-07 10:23:17
6663,6663,925,Credit Card,Pending,1511.89,2024-10-25 03:08:30
6664,6664,615,UPI,Success,4974.8,2025-07-07 23:51:12
6665,6665,165,Net Banking,Pending,3833.34,2025-10-23 08:51:38
6666,6666,266,Cash,Failed,2088.98,2026-03-06 06:57:12
6667,6667,893,UPI,Failed,1597.16,2025-11-11 13:46:03
6668,6668,96,UPI,Failed,1854.94,2025-08-21 15:19:55
6669,6669,975,UPI,Success,4605.18,2026-02-15 02:09:04
6670,6670,133,Cash,Pending,938.1,2025-01-03 12:19:06
6671,6671,724,Credit Card,Success,3187.0,2025-05-26 16:49:00
6672,6672,859,Debit Card,Success,3084.74,2025-02-02 01:12:39
6673,6673,880,Net Banking,Failed,3402.25,2025-12-11 04:31:12
6674,6674,121,Credit Card,Pending,730.69,2025-07-17 03:53:45
6675,6675,214,Cash,Failed,1367.5,2024-10-13 02:45:42
6676,6676,832,Net Banking,Success,3929.82,2025-06-28 06:08:18
6677,6677,449,Credit Card,Failed,4603.8,2025-02-22 18:38:57
6678,6678,921,Net Banking,Failed,611.13,2024-09-16 03:55:37
6679,6679,591,UPI,Pending,1933.15,2026-01-30 08:22:43
6680,6680,900,Net Banking,Failed,830.23,2026-01-09 11:52:04
6681,6681,427,Debit Card,Failed,4001.1,2025-11-14 23:27:29
6682,6682,520,Debit Card,Success,825.89,2026-01-28 09:09:24
6683,6683,100,UPI,Success,4555.63,2024-11-19 05:44:33
6684,6684,99,UPI,Success,3118.19,2026-02-05 01:08:42
6685,6685,967,Cash,Success,2490.88,2025-05-05 15:28:24
6686,6686,389,Credit Card,Success,1810.36,2025-10-22 01:12:56
6687,6687,224,Net Banking,Failed,3909.56,2024-10-19 10:48:07
6688,6688,178,Cash,Pending,2572.68,2026-01-11 20:02:30
6689,6689,508,Cash,Success,550.24,2025-09-06 15:03:33
6690,6690,481,Cash,Pending,3892.08,2025-04-17 23:41:45
6691,6691,65,Cash,Failed,3806.75,2025-09-18 10:25:16
6692,6692,347,Net Banking,Failed,2421.16,2025-04-07 02:12:58
6693,6693,373,UPI,Pending,2137.12,2025-03-14 02:35:08
6694,6694,122,Debit Card,Failed,2608.13,2025-05-27 09:20:55
6695,6695,274,Net Banking,Failed,4349.85,2026-01-14 01:54:54
6696,6696,929,Credit Card,Pending,131.94,2024-07-25 20:49:40
6697,6697,758,Credit Card,Pending,275.95,2024-10-27 04:04:07
6698,6698,160,Net Banking,Failed,236.21,2026-05-11 06:13:59
6699,6699,425,UPI,Success,3638.82,2026-02-27 01:25:35
6700,6700,833,UPI,Pending,2769.71,2025-09-11 15:00:04
6701,6701,349,Debit Card,Pending,4883.35,2026-04-02 02:05:40
6702,6702,440,UPI,Failed,3748.13,2025-11-28 07:00:35
6703,6703,819,Net Banking,Success,4264.33,2025-02-03 10:54:19
6704,6704,367,Debit Card,Pending,4511.71,2025-09-15 08:38:14
6705,6705,166,Net Banking,Pending,534.06,2026-02-25 15:09:35
6706,6706,613,UPI,Success,3171.51,2026-02-03 18:20:09
6707,6707,478,Debit Card,Success,4491.29,2025-08-23 09:57:20
6708,6708,455,Net Banking,Success,4269.48,2024-09-30 17:25:24
6709,6709,734,Credit Card,Pending,1079.08,2026-04-26 01:47:40
6710,6710,485,Cash,Pending,3996.81,2025-02-08 04:55:42
6711,6711,500,UPI,Failed,4850.61,2025-05-24 12:10:59
6712,6712,316,Credit Card,Failed,1416.68,2026-02-28 02:42:12
6713,6713,39,Debit Card,Pending,4405.41,2025-06-24 06:59:26
6714,6714,304,Credit Card,Success,451.78,2026-03-30 08:50:52
6715,6715,343,Net Banking,Pending,4406.56,2025-10-27 20:50:52
6716,6716,830,UPI,Pending,134.05,2025-02-10 18:35:07
6717,6717,365,Net Banking,Failed,1281.67,2025-09-06 19:55:15
6718,6718,978,Credit Card,Failed,3913.99,2025-06-28 19:08:45
6719,6719,589,Credit Card,Failed,1879.36,2025-11-15 10:29:03
6720,6720,787,Cash,Failed,3612.24,2025-09-19 15:43:02
6721,6721,457,UPI,Success,3245.82,2024-12-08 10:43:51
6722,6722,453,Credit Card,Pending,4071.61,2025-09-04 20:31:30
6723,6723,427,Debit Card,Pending,4916.14,2024-10-20 15:17:20
6724,6724,247,Net Banking,Pending,4109.34,2026-05-11 15:50:51
6725,6725,823,Credit Card,Pending,4045.85,2024-06-20 20:01:44
6726,6726,581,UPI,Pending,2248.21,2025-08-11 17:29:50
6727,6727,990,UPI,Failed,3629.31,2024-10-23 09:09:00
6728,6728,443,Credit Card,Failed,3883.77,2024-08-29 22:03:49
6729,6729,734,UPI,Success,765.18,2026-03-22 16:15:37
6730,6730,417,Net Banking,Failed,1275.43,2025-02-18 09:45:10
6731,6731,937,Cash,Pending,4297.15,2024-06-12 04:13:47
6732,6732,19,Debit Card,Success,2310.56,2025-06-06 06:46:08
6733,6733,408,Debit Card,Pending,3509.57,2025-02-26 16:09:22
6734,6734,332,Debit Card,Pending,4700.18,2025-07-01 21:26:02
6735,6735,878,UPI,Success,3737.99,2025-10-13 17:26:01
6736,6736,921,Debit Card,Failed,996.19,2026-05-22 13:28:08
6737,6737,19,Cash,Success,1098.43,2025-11-10 02:21:27
6738,6738,843,Debit Card,Pending,3485.08,2025-01-14 12:02:54
6739,6739,658,Credit Card,Failed,3438.85,2024-09-10 23:23:00
6740,6740,778,Debit Card,Failed,1496.06,2026-03-18 09:17:25
6741,6741,877,Cash,Success,2842.36,2025-07-22 16:15:45
6742,6742,963,Net Banking,Success,3689.93,2025-11-01 20:31:48
6743,6743,521,Debit Card,Pending,2208.26,2026-03-08 21:11:38
6744,6744,705,Credit Card,Success,1000.97,2024-10-03 14:15:19
6745,6745,392,Debit Card,Failed,2193.64,2024-06-05 07:25:24
6746,6746,40,UPI,Pending,1125.89,2025-03-16 01:57:28
6747,6747,978,Net Banking,Pending,1249.62,2025-11-06 23:01:57
6748,6748,522,Debit Card,Pending,1094.4,2025-07-10 07:05:49
6749,6749,17,Net Banking,Pending,4596.2,2024-08-31 06:11:46
6750,6750,62,Credit Card,Pending,3279.55,2025-02-23 11:36:19
6751,6751,931,Debit Card,Pending,4052.7,2025-12-03 18:05:22
6752,6752,679,Net Banking,Success,1019.66,2025-11-05 22:11:42
6753,6753,16,Cash,Failed,306.89,2025-09-13 16:29:14
6754,6754,610,UPI,Success,2308.5,2025-09-21 13:06:01
6755,6755,742,Credit Card,Success,238.99,2024-07-09 12:06:23
6756,6756,1000,UPI,Failed,4086.16,2026-05-08 03:27:37
6757,6757,181,Net Banking,Failed,767.86,2025-10-19 19:50:14
6758,6758,898,UPI,Failed,2195.38,2025-01-03 03:41:33
6759,6759,730,Credit Card,Pending,4960.32,2025-08-20 21:06:11
6760,6760,542,Debit Card,Success,1018.56,2024-10-29 05:20:51
6761,6761,790,UPI,Pending,248.5,2025-12-08 03:10:28
6762,6762,720,Credit Card,Pending,4770.27,2025-05-22 18:43:04
6763,6763,179,Net Banking,Failed,3858.48,2025-12-13 13:43:30
6764,6764,830,Debit Card,Pending,2071.8,2025-09-02 09:47:06
6765,6765,513,Credit Card,Success,2539.22,2025-06-14 23:18:02
6766,6766,682,Cash,Pending,4803.41,2026-03-28 00:37:16
6767,6767,226,Credit Card,Pending,711.34,2024-08-29 18:29:56
6768,6768,645,UPI,Failed,935.7,2026-03-15 09:52:40
6769,6769,300,UPI,Failed,1226.54,2024-06-29 07:34:19
6770,6770,639,Debit Card,Pending,1363.2,2025-10-10 22:22:29
6771,6771,200,Credit Card,Pending,3026.87,2025-04-09 10:42:44
6772,6772,299,Credit Card,Failed,3788.91,2026-05-13 06:35:53
6773,6773,224,Credit Card,Pending,4813.46,2026-03-26 17:57:37
6774,6774,761,Net Banking,Success,2718.08,2025-12-16 12:00:30
6775,6775,661,Debit Card,Failed,574.28,2025-04-26 18:12:45
6776,6776,732,UPI,Failed,3490.69,2025-07-10 04:23:42
6777,6777,860,Net Banking,Pending,629.12,2024-09-05 07:14:16
6778,6778,619,Cash,Pending,2261.47,2024-07-17 01:55:43
6779,6779,564,Net Banking,Pending,3052.11,2024-08-04 23:33:44
6780,6780,294,UPI,Pending,3924.33,2025-05-15 03:39:31
6781,6781,115,Cash,Success,3018.29,2025-04-11 08:37:57
6782,6782,231,UPI,Pending,3170.61,2025-08-24 10:24:56
6783,6783,773,Cash,Pending,3286.47,2026-02-28 02:18:34
6784,6784,645,Debit Card,Failed,4733.25,2025-12-07 17:11:44
6785,6785,53,Debit Card,Pending,281.22,2026-03-29 00:22:23
6786,6786,409,Debit Card,Success,1042.99,2024-07-01 12:56:08
6787,6787,435,UPI,Failed,4774.77,2024-12-14 12:59:00
6788,6788,443,UPI,Success,3182.3,2025-06-12 14:08:01
6789,6789,860,Cash,Pending,95.15,2025-10-14 02:01:22
6790,6790,62,Debit Card,Pending,3026.46,2025-09-25 22:28:48
6791,6791,764,Credit Card,Success,3924.71,2026-04-20 11:59:15
6792,6792,628,Debit Card,Failed,3173.01,2025-11-17 23:20:47
6793,6793,860,Debit Card,Pending,2077.16,2025-12-03 19:07:24
6794,6794,27,Debit Card,Failed,4128.94,2025-06-01 13:01:49
6795,6795,991,Net Banking,Success,1633.82,2024-12-04 21:16:26
6796,6796,217,Cash,Pending,3823.51,2026-05-09 10:24:00
6797,6797,79,Net Banking,Pending,507.91,2025-10-07 01:52:31
6798,6798,642,Cash,Success,2583.87,2025-05-28 12:20:44
6799,6799,621,Credit Card,Failed,4461.68,2025-04-14 18:47:22
6800,6800,238,Cash,Pending,4372.1,2025-11-13 03:02:57
6801,6801,672,Net Banking,Failed,433.69,2026-03-22 13:47:44
6802,6802,726,Net Banking,Pending,4667.77,2024-08-19 23:45:28
6803,6803,488,Debit Card,Failed,417.02,2024-11-05 08:33:34
6804,6804,326,Net Banking,Failed,4119.38,2025-09-24 06:55:38
6805,6805,803,Debit Card,Success,1132.69,2026-03-09 07:42:46
6806,6806,562,Credit Card,Pending,1940.02,2024-10-21 12:27:27
6807,6807,159,Debit Card,Success,3886.34,2024-09-10 03:06:32
6808,6808,568,UPI,Pending,1158.61,2025-01-07 10:14:21
6809,6809,322,Net Banking,Success,3596.97,2025-02-23 03:31:11
6810,6810,44,Net Banking,Pending,768.51,2024-06-20 23:05:10
6811,6811,814,Debit Card,Failed,2846.83,2024-06-11 14:58:06
6812,6812,135,UPI,Pending,2669.55,2024-07-21 19:42:43
6813,6813,68,Credit Card,Failed,1463.84,2025-10-30 11:49:26
6814,6814,232,Cash,Pending,4629.48,2025-03-13 09:10:25
6815,6815,306,Net Banking,Success,2116.32,2024-12-31 10:31:16
6816,6816,385,Net Banking,Pending,4068.06,2025-12-28 08:28:33
6817,6817,369,UPI,Pending,780.86,2025-02-22 21:53:01
6818,6818,427,Cash,Failed,4354.48,2024-07-01 12:48:22
6819,6819,949,Credit Card,Success,174.62,2024-09-03 11:59:16
6820,6820,460,Credit Card,Pending,2463.06,2025-02-22 14:56:03
6821,6821,799,Debit Card,Failed,630.31,2025-12-08 13:25:04
6822,6822,612,UPI,Pending,54.32,2025-05-29 19:48:08
6823,6823,170,Net Banking,Success,783.42,2025-08-26 12:07:26
6824,6824,859,Cash,Success,2916.59,2026-03-04 06:51:55
6825,6825,100,Net Banking,Success,295.52,2024-12-12 01:01:44
6826,6826,474,Credit Card,Pending,852.96,2024-06-01 22:20:52
6827,6827,93,Debit Card,Success,3598.97,2026-04-03 03:15:29
6828,6828,239,Credit Card,Failed,2199.41,2025-08-04 17:22:11
6829,6829,23,Cash,Pending,1674.14,2024-09-23 13:01:10
6830,6830,998,UPI,Pending,2742.19,2025-06-15 22:56:46
6831,6831,313,UPI,Failed,2587.89,2025-01-02 12:59:33
6832,6832,703,Net Banking,Pending,1275.78,2024-10-04 06:18:45
6833,6833,196,Cash,Success,2455.88,2025-04-30 23:50:42
6834,6834,751,UPI,Pending,4745.75,2025-10-30 19:39:51
6835,6835,918,Debit Card,Pending,4306.93,2025-03-28 02:29:55
6836,6836,383,Credit Card,Success,2983.49,2025-10-31 02:31:58
6837,6837,617,UPI,Failed,4221.38,2025-01-15 11:47:23
6838,6838,921,Debit Card,Success,2503.05,2025-10-19 10:30:00
6839,6839,341,Debit Card,Pending,1699.26,2024-08-02 00:54:32
6840,6840,286,Credit Card,Success,1337.49,2026-02-10 04:33:24
6841,6841,838,Credit Card,Pending,2302.59,2025-05-07 11:44:57
6842,6842,229,Net Banking,Failed,1733.73,2024-11-13 12:49:15
6843,6843,290,Debit Card,Pending,2049.63,2024-11-20 12:44:05
6844,6844,193,UPI,Success,3405.52,2026-03-27 01:19:11
6845,6845,307,UPI,Pending,2462.4,2025-08-28 09:47:48
6846,6846,798,UPI,Success,4909.88,2025-11-06 04:31:55
6847,6847,16,Net Banking,Success,4658.4,2024-06-09 17:28:51
6848,6848,947,Cash,Success,929.55,2025-10-09 17:49:21
6849,6849,573,Debit Card,Failed,4116.46,2025-10-06 16:36:40
6850,6850,633,Credit Card,Failed,3583.57,2025-09-07 14:49:53
6851,6851,129,Cash,Pending,1975.8,2024-11-28 15:32:14
6852,6852,245,UPI,Success,4611.1,2024-12-13 14:19:10
6853,6853,257,Cash,Pending,3488.67,2026-04-16 21:33:11
6854,6854,376,Cash,Pending,2265.38,2025-10-15 07:13:14
6855,6855,206,Credit Card,Failed,3584.91,2025-08-11 23:52:18
6856,6856,769,UPI,Failed,2964.93,2025-06-04 08:40:22
6857,6857,823,Debit Card,Success,4903.82,2026-05-24 15:03:12
6858,6858,388,Debit Card,Pending,989.1,2024-08-23 21:41:08
6859,6859,553,UPI,Pending,2273.05,2025-03-04 09:50:34
6860,6860,427,Cash,Success,210.11,2025-12-23 04:40:22
6861,6861,199,Debit Card,Success,2151.27,2025-05-15 23:51:48
6862,6862,29,Credit Card,Pending,3270.34,2024-07-12 19:59:33
6863,6863,5,Debit Card,Success,2267.08,2026-05-17 06:05:36
6864,6864,249,UPI,Success,4354.74,2024-08-18 12:50:54
6865,6865,608,UPI,Pending,56.67,2026-03-29 10:29:54
6866,6866,121,Credit Card,Pending,3998.49,2024-10-27 00:31:21
6867,6867,832,Net Banking,Success,3896.73,2026-03-10 07:39:33
6868,6868,252,Debit Card,Pending,337.17,2026-05-01 02:09:38
6869,6869,379,Net Banking,Pending,1046.93,2025-07-12 03:56:00
6870,6870,374,UPI,Failed,2578.34,2025-04-03 15:45:40
6871,6871,378,Debit Card,Failed,1817.32,2026-01-11 00:55:36
6872,6872,102,UPI,Success,3150.75,2026-02-15 04:52:06
6873,6873,874,Net Banking,Success,1058.06,2025-01-18 06:34:42
6874,6874,528,Credit Card,Pending,127.49,2025-12-20 07:32:25
6875,6875,288,Credit Card,Failed,3147.09,2024-10-24 18:13:23
6876,6876,672,Net Banking,Success,3438.36,2025-01-26 07:08:46
6877,6877,176,Debit Card,Pending,2287.51,2025-12-21 02:29:26
6878,6878,45,Debit Card,Pending,749.84,2024-06-22 22:27:25
6879,6879,80,Cash,Pending,112.7,2026-03-24 07:07:19
6880,6880,831,Debit Card,Success,1920.47,2026-04-18 08:09:44
6881,6881,573,Cash,Pending,624.71,2025-12-28 04:49:03
6882,6882,970,Credit Card,Success,1548.13,2025-10-15 15:14:09
6883,6883,278,Net Banking,Pending,3141.23,2024-09-13 02:08:41
6884,6884,763,Debit Card,Failed,2389.78,2024-12-03 15:51:14
6885,6885,910,Cash,Success,3001.33,2025-12-27 10:39:43
6886,6886,22,Cash,Failed,1295.35,2024-12-14 22:54:43
6887,6887,449,UPI,Pending,4069.46,2025-12-08 06:31:09
6888,6888,922,Cash,Pending,3206.58,2025-10-15 15:08:14
6889,6889,208,Net Banking,Pending,3063.42,2026-01-17 23:10:38
6890,6890,116,Cash,Failed,1934.25,2024-12-20 12:38:03
6891,6891,118,Net Banking,Success,244.71,2024-08-11 12:58:48
6892,6892,372,Debit Card,Success,3565.51,2026-04-04 10:54:38
6893,6893,725,Debit Card,Pending,874.85,2026-02-03 01:07:29
6894,6894,12,Debit Card,Success,961.26,2025-12-15 06:05:12
6895,6895,282,Credit Card,Pending,4974.64,2025-02-19 05:07:22
6896,6896,864,Cash,Pending,308.68,2024-11-12 13:55:21
6897,6897,580,Net Banking,Success,3280.28,2026-03-21 16:45:24
6898,6898,811,Net Banking,Success,4325.8,2026-02-02 23:29:21
6899,6899,850,Cash,Pending,1369.55,2024-07-22 18:07:33
6900,6900,881,UPI,Failed,1021.78,2025-03-08 02:31:35
6901,6901,761,Net Banking,Pending,151.02,2025-05-15 03:21:02
6902,6902,926,Credit Card,Pending,499.23,2024-07-18 16:37:24
6903,6903,662,Cash,Pending,3072.52,2024-11-17 08:49:40
6904,6904,605,Credit Card,Pending,2853.41,2026-01-30 16:37:51
6905,6905,96,Net Banking,Pending,2400.69,2026-04-25 08:34:29
6906,6906,724,Debit Card,Success,817.14,2025-05-20 00:33:29
6907,6907,198,Debit Card,Success,4250.57,2025-05-17 01:57:13
6908,6908,331,Debit Card,Failed,4352.73,2024-07-24 04:34:19
6909,6909,609,Credit Card,Pending,2975.91,2025-04-21 21:35:25
6910,6910,29,Debit Card,Success,3582.68,2025-02-20 19:29:48
6911,6911,373,Credit Card,Success,898.73,2025-04-27 00:26:29
6912,6912,786,UPI,Failed,765.14,2024-05-27 14:02:21
6913,6913,15,Credit Card,Success,3884.94,2024-07-12 13:52:43
6914,6914,508,Cash,Pending,2172.43,2026-05-18 22:23:54
6915,6915,338,Cash,Success,1853.25,2026-04-08 23:54:37
6916,6916,872,Net Banking,Pending,763.41,2025-07-19 17:39:19
6917,6917,337,Credit Card,Failed,3073.01,2025-09-27 22:34:41
6918,6918,472,Debit Card,Success,3717.28,2025-11-06 06:34:41
6919,6919,574,UPI,Success,1056.92,2025-08-31 15:43:41
6920,6920,144,Net Banking,Pending,2013.3,2025-11-26 18:18:43
6921,6921,907,Debit Card,Success,1907.33,2025-01-08 15:46:43
6922,6922,589,Net Banking,Success,2077.96,2026-05-03 13:05:02
6923,6923,743,UPI,Success,240.25,2025-06-02 08:18:09
6924,6924,542,UPI,Pending,1297.47,2025-06-08 05:24:59
6925,6925,208,Debit Card,Failed,859.14,2025-05-03 07:28:23
6926,6926,272,Cash,Pending,49.92,2024-12-13 21:22:55
6927,6927,359,Net Banking,Pending,2729.62,2024-12-11 01:53:44
6928,6928,770,Credit Card,Failed,1656.24,2025-06-12 23:41:24
6929,6929,80,UPI,Pending,3143.32,2025-09-18 23:47:02
6930,6930,780,UPI,Failed,4135.86,2024-09-22 07:00:28
6931,6931,142,Cash,Failed,1686.58,2026-01-22 01:28:28
6932,6932,419,Net Banking,Failed,2457.1,2024-09-12 13:39:48
6933,6933,875,Cash,Success,2525.18,2024-10-31 16:41:02
6934,6934,479,Cash,Failed,3641.21,2025-02-14 17:00:23
6935,6935,802,Cash,Success,1864.98,2024-10-31 10:19:21
6936,6936,303,Cash,Failed,3874.1,2024-08-28 05:56:55
6937,6937,620,Credit Card,Failed,2982.94,2024-08-05 04:45:15
6938,6938,383,Debit Card,Success,3777.03,2024-06-04 08:43:21
6939,6939,258,Debit Card,Success,954.46,2026-01-23 09:16:15
6940,6940,970,Credit Card,Pending,1993.42,2025-01-30 01:01:52
6941,6941,172,UPI,Pending,579.84,2025-03-18 20:11:59
6942,6942,275,Debit Card,Pending,2232.97,2025-02-28 17:56:46
6943,6943,515,Debit Card,Failed,1092.49,2024-07-17 15:14:51
6944,6944,747,UPI,Success,3503.99,2024-11-18 01:12:33
6945,6945,191,Credit Card,Failed,3817.52,2025-03-08 07:10:56
6946,6946,79,Net Banking,Pending,4926.9,2025-03-05 10:19:16
6947,6947,798,UPI,Success,4982.81,2025-04-16 15:43:51
6948,6948,996,Cash,Success,90.94,2026-03-22 17:53:04
6949,6949,654,Debit Card,Success,1242.95,2024-07-02 23:42:06
6950,6950,975,Net Banking,Success,3215.77,2025-04-01 14:48:57
6951,6951,704,UPI,Pending,2403.54,2025-01-15 09:12:45
6952,6952,871,Debit Card,Failed,2572.7,2025-07-29 19:54:44
6953,6953,165,Credit Card,Success,1796.27,2024-11-14 08:16:29
6954,6954,361,Net Banking,Pending,4730.99,2025-03-15 08:53:28
6955,6955,899,Cash,Failed,4770.94,2024-08-25 05:38:29
6956,6956,344,UPI,Failed,1543.23,2024-06-11 23:04:40
6957,6957,41,UPI,Success,1332.59,2024-08-14 06:49:05
6958,6958,518,UPI,Pending,704.66,2024-06-20 11:54:50
6959,6959,769,Credit Card,Pending,4753.05,2025-01-14 15:06:09
6960,6960,249,Net Banking,Pending,4547.11,2025-06-18 09:39:13
6961,6961,672,UPI,Success,3130.17,2024-10-16 06:38:16
6962,6962,843,Cash,Failed,782.68,2025-01-23 15:26:22
6963,6963,485,UPI,Failed,1700.76,2025-07-07 19:47:53
6964,6964,939,Debit Card,Pending,3426.34,2025-07-20 17:31:09
6965,6965,632,Cash,Success,594.51,2024-07-16 01:10:11
6966,6966,958,Debit Card,Pending,4496.67,2025-09-21 18:17:39
6967,6967,550,UPI,Pending,3092.77,2026-04-06 19:13:50
6968,6968,604,Cash,Pending,1809.72,2025-10-13 01:56:26
6969,6969,455,Cash,Failed,4044.07,2024-11-25 07:51:46
6970,6970,574,Cash,Pending,4601.27,2025-03-17 19:31:09
6971,6971,295,Debit Card,Success,2468.38,2025-12-06 09:29:50
6972,6972,777,UPI,Pending,3456.61,2025-01-17 18:48:36
6973,6973,582,Cash,Pending,1883.96,2024-07-15 19:45:58
6974,6974,994,Net Banking,Pending,2248.28,2024-06-10 03:05:47
6975,6975,73,Debit Card,Success,923.09,2025-05-05 01:46:10
6976,6976,455,UPI,Success,2531.44,2024-05-28 22:14:46
6977,6977,10,Credit Card,Success,3539.57,2025-06-17 07:12:27
6978,6978,211,Net Banking,Success,1537.74,2025-09-03 19:00:45
6979,6979,207,Cash,Failed,3063.57,2026-01-28 19:41:51
6980,6980,492,Debit Card,Failed,2564.79,2024-10-21 22:27:18
6981,6981,200,Credit Card,Failed,2186.0,2025-12-23 10:18:37
6982,6982,107,UPI,Failed,3932.93,2025-05-30 01:28:56
6983,6983,145,Cash,Failed,3117.67,2025-09-01 23:17:00
6984,6984,152,Net Banking,Pending,1717.88,2026-02-27 01:38:06
6985,6985,525,Credit Card,Failed,4446.02,2025-11-14 15:04:13
6986,6986,186,UPI,Success,992.28,2026-01-22 09:32:45
6987,6987,74,Credit Card,Success,3464.04,2025-07-13 09:30:06
6988,6988,329,Net Banking,Failed,497.67,2024-07-15 04:21:48
6989,6989,172,Credit Card,Failed,962.52,2025-04-23 16:33:20
6990,6990,741,Net Banking,Pending,3150.87,2024-06-06 12:04:06
6991,6991,948,UPI,Failed,4381.34,2024-11-01 21:23:43
6992,6992,176,Credit Card,Success,4982.91,2025-08-12 10:47:20
6993,6993,114,Credit Card,Failed,4348.54,2025-02-10 10:15:45
6994,6994,520,Cash,Failed,4379.5,2026-03-04 00:22:51
6995,6995,573,UPI,Failed,4574.49,2025-12-12 08:09:24
6996,6996,838,UPI,Failed,2016.51,2024-09-27 06:37:22
6997,6997,475,Cash,Success,859.78,2025-10-04 00:08:18
6998,6998,90,Debit Card,Success,346.53,2025-10-24 05:37:19
6999,6999,269,Credit Card,Failed,2706.07,2024-11-01 19:51:42
7000,7000,327,Debit Card,Pending,4169.28,2025-06-06 09:57:56
7001,7001,962,Cash,Success,3193.38,2026-01-06 21:49:39
7002,7002,467,Cash,Failed,4108.44,2024-08-10 10:14:09
7003,7003,457,Credit Card,Failed,4508.83,2026-02-01 14:15:44
7004,7004,468,Net Banking,Pending,526.12,2025-06-21 05:11:32
7005,7005,233,Credit Card,Failed,1139.39,2025-09-22 01:16:34
7006,7006,416,Debit Card,Pending,809.07,2025-02-13 21:44:32
7007,7007,934,Credit Card,Success,1522.47,2026-01-09 03:51:33
7008,7008,530,Net Banking,Failed,4765.4,2026-05-21 19:17:57
7009,7009,34,Cash,Success,2106.83,2026-05-14 20:06:18
7010,7010,428,UPI,Failed,3393.67,2025-07-30 17:36:46
7011,7011,387,Debit Card,Pending,766.22,2025-11-27 20:21:45
7012,7012,159,Cash,Failed,2337.8,2024-07-21 01:42:50
7013,7013,250,Debit Card,Failed,2581.18,2024-12-02 12:59:17
7014,7014,438,UPI,Failed,4894.73,2025-11-23 19:04:45
7015,7015,194,Credit Card,Success,4942.39,2026-05-16 12:39:59
7016,7016,855,UPI,Success,373.23,2025-10-30 18:42:05
7017,7017,725,Debit Card,Failed,898.25,2025-12-26 13:26:27
7018,7018,667,Net Banking,Success,2966.37,2025-02-07 00:35:22
7019,7019,656,Credit Card,Failed,1280.52,2025-04-30 09:03:26
7020,7020,555,Cash,Success,4821.9,2026-01-25 10:26:29
7021,7021,261,Credit Card,Pending,4065.7,2025-08-07 07:37:08
7022,7022,996,Debit Card,Success,4435.29,2025-11-18 21:18:44
7023,7023,620,UPI,Failed,4407.52,2025-01-10 21:32:48
7024,7024,643,Credit Card,Pending,802.71,2025-08-02 23:53:34
7025,7025,672,Cash,Pending,1206.14,2026-03-18 06:54:33
7026,7026,179,Net Banking,Success,2528.35,2024-06-10 04:34:51
7027,7027,367,Cash,Success,3849.57,2025-05-12 12:39:56
7028,7028,929,Net Banking,Failed,4837.05,2025-10-28 17:16:57
7029,7029,694,UPI,Failed,1177.5,2025-09-27 09:58:04
7030,7030,633,Credit Card,Success,1177.93,2026-01-21 01:57:19
7031,7031,418,Cash,Success,3609.39,2025-09-02 20:16:00
7032,7032,3,Credit Card,Success,2933.22,2024-06-24 16:21:45
7033,7033,249,Debit Card,Success,2478.76,2025-12-23 06:02:57
7034,7034,283,Net Banking,Pending,1119.52,2025-01-08 02:23:34
7035,7035,939,Credit Card,Failed,1203.86,2025-02-03 08:54:39
7036,7036,314,UPI,Pending,4775.27,2025-06-09 05:41:09
7037,7037,661,Credit Card,Pending,4827.47,2024-09-23 22:29:50
7038,7038,605,Debit Card,Failed,4423.54,2026-03-31 01:33:44
7039,7039,475,Debit Card,Pending,3650.29,2024-11-04 10:11:57
7040,7040,790,UPI,Success,2350.23,2024-07-09 04:48:08
7041,7041,648,UPI,Failed,2693.81,2025-07-15 20:54:52
7042,7042,856,Debit Card,Success,4305.0,2026-04-01 12:44:21
7043,7043,896,Debit Card,Pending,75.81,2025-07-30 03:42:21
7044,7044,359,Credit Card,Failed,1850.24,2025-08-25 12:11:11
7045,7045,467,Net Banking,Success,2367.89,2026-02-08 06:37:28
7046,7046,589,UPI,Pending,251.76,2024-11-09 11:40:44
7047,7047,99,Credit Card,Failed,3399.42,2024-06-22 09:05:12
7048,7048,695,Credit Card,Failed,938.02,2025-07-01 00:38:14
7049,7049,780,Cash,Pending,501.76,2025-03-17 09:44:13
7050,7050,182,Credit Card,Pending,2894.43,2025-05-25 07:44:14
7051,7051,828,Credit Card,Pending,1906.66,2024-09-10 06:23:05
7052,7052,971,Credit Card,Failed,3543.82,2024-07-24 09:06:56
7053,7053,692,Net Banking,Success,615.47,2025-05-05 18:06:20
7054,7054,703,Credit Card,Failed,1791.25,2026-01-30 08:02:12
7055,7055,401,Credit Card,Pending,499.93,2026-02-07 23:08:44
7056,7056,929,Net Banking,Failed,240.5,2024-12-02 06:58:39
7057,7057,972,Credit Card,Pending,4289.06,2024-09-08 12:31:47
7058,7058,328,Credit Card,Failed,3288.96,2026-02-08 18:53:08
7059,7059,548,Net Banking,Failed,1765.24,2025-12-14 14:13:21
7060,7060,944,Net Banking,Success,2165.65,2024-11-24 20:04:02
7061,7061,517,Net Banking,Pending,4012.82,2026-02-11 20:20:54
7062,7062,968,Debit Card,Pending,1796.81,2025-08-26 20:59:06
7063,7063,263,Net Banking,Pending,3183.57,2024-08-09 05:18:14
7064,7064,406,Credit Card,Pending,1446.85,2025-10-21 10:26:01
7065,7065,889,Credit Card,Failed,2685.83,2025-08-23 22:10:04
7066,7066,251,Net Banking,Pending,3198.86,2025-06-03 18:18:07
7067,7067,655,UPI,Success,4657.71,2024-10-30 21:43:47
7068,7068,860,Cash,Failed,4801.8,2024-10-28 01:37:54
7069,7069,580,Debit Card,Success,3983.3,2024-07-26 20:09:44
7070,7070,69,UPI,Failed,1452.15,2024-07-27 05:28:27
7071,7071,499,Credit Card,Failed,867.78,2025-09-23 05:10:34
7072,7072,462,Cash,Pending,1865.22,2025-01-24 13:46:39
7073,7073,216,Debit Card,Success,4210.41,2026-04-12 01:48:14
7074,7074,378,Cash,Failed,4519.25,2024-11-06 19:11:10
7075,7075,214,Debit Card,Failed,2405.7,2026-04-02 07:50:17
7076,7076,246,Cash,Pending,3331.84,2025-12-27 16:07:56
7077,7077,749,UPI,Pending,3982.33,2025-09-10 13:58:46
7078,7078,580,Debit Card,Success,4138.22,2025-09-09 05:30:43
7079,7079,13,Credit Card,Failed,4244.97,2025-09-21 23:21:36
7080,7080,50,Net Banking,Success,3943.9,2025-09-18 02:00:52
7081,7081,823,Credit Card,Pending,443.02,2025-10-16 17:37:46
7082,7082,351,Cash,Failed,3364.75,2025-07-16 01:30:14
7083,7083,289,Debit Card,Pending,3611.76,2024-05-31 18:52:34
7084,7084,970,UPI,Success,2749.58,2025-02-10 15:54:32
7085,7085,942,Net Banking,Failed,3113.38,2025-07-08 04:41:05
7086,7086,792,Cash,Success,2686.36,2024-06-24 14:58:32
7087,7087,737,Net Banking,Success,1093.42,2026-01-17 19:53:51
7088,7088,999,UPI,Pending,376.18,2025-04-22 08:39:37
7089,7089,491,Debit Card,Success,4704.33,2025-12-30 12:57:22
7090,7090,20,Cash,Failed,2389.11,2025-01-27 20:35:49
7091,7091,890,Cash,Failed,3244.22,2026-03-22 16:19:48
7092,7092,38,UPI,Failed,534.98,2024-11-15 22:06:53
7093,7093,591,Cash,Pending,3015.64,2024-10-05 23:00:30
7094,7094,761,Credit Card,Pending,1791.16,2025-11-16 05:18:27
7095,7095,559,Cash,Pending,1459.75,2024-06-25 20:37:03
7096,7096,800,UPI,Pending,2736.31,2024-11-23 11:56:15
7097,7097,305,Cash,Success,737.4,2024-08-25 20:08:34
7098,7098,656,Debit Card,Pending,605.79,2025-12-06 01:45:10
7099,7099,798,Cash,Success,2732.47,2024-06-28 02:56:08
7100,7100,722,UPI,Pending,4692.68,2025-09-16 16:08:36
7101,7101,357,Net Banking,Pending,1138.25,2025-03-31 17:07:48
7102,7102,606,Cash,Failed,1972.29,2024-12-06 01:46:25
7103,7103,194,Credit Card,Pending,731.61,2025-04-21 22:03:01
7104,7104,103,UPI,Pending,3840.87,2024-09-01 19:39:35
7105,7105,3,Credit Card,Success,4325.99,2024-07-07 03:27:41
7106,7106,911,Debit Card,Failed,2820.33,2026-03-24 10:00:02
7107,7107,896,Credit Card,Failed,464.81,2024-07-30 14:02:51
7108,7108,255,Debit Card,Pending,783.86,2025-12-26 05:45:45
7109,7109,818,UPI,Failed,1247.98,2026-03-16 19:48:56
7110,7110,842,Cash,Pending,1503.18,2025-08-29 13:01:26
7111,7111,442,UPI,Success,2526.54,2024-12-04 06:08:36
7112,7112,302,Net Banking,Success,3577.99,2025-07-31 15:59:19
7113,7113,223,Net Banking,Success,4422.38,2025-08-03 02:12:15
7114,7114,476,Cash,Failed,556.65,2024-06-16 03:09:34
7115,7115,706,UPI,Success,396.09,2025-12-06 09:52:18
7116,7116,235,Debit Card,Failed,4076.47,2026-01-13 19:50:22
7117,7117,191,Net Banking,Pending,31.18,2025-03-28 16:47:21
7118,7118,588,Debit Card,Failed,813.18,2026-01-20 12:55:06
7119,7119,103,Cash,Failed,4970.49,2024-09-01 02:32:15
7120,7120,257,Credit Card,Pending,3448.93,2026-02-03 04:26:14
7121,7121,914,Net Banking,Pending,3897.09,2024-06-28 17:46:57
7122,7122,152,Debit Card,Success,4637.28,2026-05-01 23:48:38
7123,7123,626,UPI,Pending,4336.71,2024-09-16 17:03:30
7124,7124,814,UPI,Failed,2254.79,2024-11-24 02:04:07
7125,7125,926,Debit Card,Success,1894.43,2026-03-22 12:48:42
7126,7126,425,Debit Card,Pending,2879.23,2025-09-12 11:55:02
7127,7127,28,Cash,Failed,291.67,2025-05-09 16:24:01
7128,7128,712,UPI,Pending,3820.1,2024-10-03 09:52:27
7129,7129,718,Debit Card,Success,4793.31,2026-04-14 08:48:16
7130,7130,95,UPI,Pending,4927.25,2025-07-01 08:59:16
7131,7131,885,Debit Card,Failed,1510.96,2024-06-04 02:18:31
7132,7132,11,Credit Card,Failed,193.98,2025-10-24 19:40:33
7133,7133,382,UPI,Failed,1994.63,2024-11-21 02:35:26
7134,7134,382,Credit Card,Pending,4481.5,2025-02-17 05:01:58
7135,7135,19,Net Banking,Failed,323.8,2026-02-12 16:43:57
7136,7136,790,Debit Card,Pending,1939.85,2025-08-02 15:45:47
7137,7137,436,Cash,Failed,3431.14,2025-05-18 16:30:04
7138,7138,539,Net Banking,Pending,4642.67,2024-06-26 15:13:33
7139,7139,471,Debit Card,Failed,2577.38,2025-08-06 09:24:20
7140,7140,966,Credit Card,Pending,4250.73,2024-08-11 19:10:37
7141,7141,554,Credit Card,Pending,1613.13,2025-07-23 10:51:46
7142,7142,611,Net Banking,Failed,1998.17,2025-10-29 11:54:42
7143,7143,354,Credit Card,Failed,4346.46,2025-03-12 17:07:37
7144,7144,424,Net Banking,Success,1202.24,2025-01-12 14:19:28
7145,7145,828,Credit Card,Failed,1866.76,2025-01-06 17:44:20
7146,7146,939,Cash,Failed,857.08,2024-12-26 14:06:34
7147,7147,135,Debit Card,Failed,4122.89,2026-02-25 05:54:29
7148,7148,594,Credit Card,Failed,696.84,2024-08-02 05:37:26
7149,7149,368,Debit Card,Failed,2855.98,2024-06-04 20:50:55
7150,7150,362,Net Banking,Failed,755.71,2025-01-29 23:16:00
7151,7151,103,Cash,Failed,4772.38,2024-09-21 08:26:15
7152,7152,20,Net Banking,Success,1426.8,2025-01-20 05:10:02
7153,7153,698,Credit Card,Failed,3261.77,2024-07-27 08:38:34
7154,7154,622,Credit Card,Success,4966.1,2024-11-30 17:42:56
7155,7155,598,Cash,Success,3062.15,2025-01-06 21:36:02
7156,7156,850,UPI,Failed,2530.67,2025-05-31 05:49:34
7157,7157,101,UPI,Failed,250.36,2025-01-22 20:31:14
7158,7158,19,Cash,Success,4153.76,2025-03-08 19:10:19
7159,7159,614,Net Banking,Pending,3624.12,2026-05-16 09:52:15
7160,7160,234,UPI,Success,1771.23,2024-09-11 23:14:05
7161,7161,38,Debit Card,Pending,3900.86,2025-08-10 18:24:55
7162,7162,530,Net Banking,Success,3346.6,2025-08-19 15:56:14
7163,7163,631,Debit Card,Failed,4962.85,2025-07-22 00:28:59
7164,7164,111,Cash,Success,626.42,2025-12-22 18:15:54
7165,7165,787,Cash,Failed,3885.44,2026-02-18 14:18:56
7166,7166,979,Credit Card,Pending,612.07,2024-12-03 21:27:42
7167,7167,435,Net Banking,Success,400.78,2024-08-19 01:01:42
7168,7168,558,UPI,Success,1446.14,2025-04-15 19:09:30
7169,7169,744,UPI,Pending,541.01,2025-04-07 17:23:20
7170,7170,445,Credit Card,Pending,2076.38,2025-05-05 05:48:25
7171,7171,688,Credit Card,Pending,31.43,2025-02-27 22:16:00
7172,7172,698,UPI,Failed,311.1,2024-08-18 14:40:37
7173,7173,286,UPI,Success,4637.26,2024-05-27 14:08:37
7174,7174,745,Credit Card,Pending,4569.89,2025-02-17 07:34:47
7175,7175,464,UPI,Pending,2596.7,2025-06-12 15:05:05
7176,7176,115,UPI,Failed,4210.59,2024-06-28 15:14:59
7177,7177,210,UPI,Success,3088.27,2025-03-04 09:20:04
7178,7178,352,Debit Card,Success,1056.97,2025-08-14 06:26:47
7179,7179,171,UPI,Failed,1283.95,2025-06-18 09:50:21
7180,7180,413,Cash,Success,1346.4,2026-02-14 12:17:15
7181,7181,536,Net Banking,Success,2671.1,2025-09-24 11:56:38
7182,7182,675,Credit Card,Failed,4418.54,2026-04-04 04:37:06
7183,7183,934,Credit Card,Pending,723.01,2025-01-08 00:11:46
7184,7184,117,Net Banking,Success,1701.41,2025-11-02 13:30:20
7185,7185,573,Net Banking,Pending,1630.39,2025-06-11 17:57:04
7186,7186,686,Debit Card,Pending,1646.68,2026-02-28 14:26:13
7187,7187,635,Credit Card,Pending,3480.13,2024-06-30 06:11:07
7188,7188,199,UPI,Success,2288.97,2025-05-15 08:13:31
7189,7189,437,UPI,Success,3841.88,2025-01-08 01:35:15
7190,7190,379,UPI,Success,786.73,2025-08-11 17:28:25
7191,7191,193,Debit Card,Pending,3958.85,2024-12-29 18:29:05
7192,7192,358,Net Banking,Success,3464.58,2024-10-22 01:41:55
7193,7193,794,Net Banking,Pending,1522.2,2025-07-03 12:19:52
7194,7194,615,Credit Card,Failed,870.46,2024-06-21 20:17:30
7195,7195,224,Credit Card,Pending,106.36,2025-03-31 02:45:35
7196,7196,819,UPI,Failed,3587.74,2025-06-09 22:56:55
7197,7197,748,UPI,Failed,1959.87,2026-01-19 17:51:23
7198,7198,251,UPI,Success,1928.49,2025-11-04 02:04:06
7199,7199,372,UPI,Failed,2758.19,2024-10-28 14:15:10
7200,7200,633,Credit Card,Pending,3763.76,2025-08-30 17:12:44
7201,7201,519,Debit Card,Success,4720.66,2026-04-24 03:04:56
7202,7202,534,Cash,Failed,1608.95,2026-01-06 20:50:39
7203,7203,514,Cash,Pending,4578.33,2025-10-07 15:22:30
7204,7204,840,Debit Card,Success,1942.3,2024-08-13 13:49:49
7205,7205,821,Debit Card,Failed,1476.82,2025-09-11 20:37:59
7206,7206,791,Credit Card,Failed,1719.61,2024-08-25 11:07:50
7207,7207,952,UPI,Success,3149.08,2025-07-08 07:48:26
7208,7208,362,Credit Card,Success,2832.14,2025-10-12 18:48:31
7209,7209,826,Net Banking,Failed,4114.76,2026-01-19 07:05:52
7210,7210,240,Credit Card,Success,4345.11,2025-05-08 08:44:25
7211,7211,651,Credit Card,Success,52.13,2024-08-26 07:04:55
7212,7212,928,Debit Card,Success,2808.29,2024-06-16 09:30:59
7213,7213,834,Credit Card,Failed,1745.3,2024-07-27 21:46:30
7214,7214,63,Credit Card,Pending,233.31,2024-09-28 09:29:38
7215,7215,509,Cash,Failed,2739.01,2026-01-02 15:09:50
7216,7216,602,Net Banking,Failed,4319.44,2025-02-09 00:20:48
7217,7217,264,UPI,Success,2864.49,2025-01-01 22:54:40
7218,7218,928,Cash,Failed,2741.83,2026-04-23 19:13:30
7219,7219,993,Credit Card,Pending,3724.63,2026-03-30 21:16:34
7220,7220,520,Credit Card,Success,4510.0,2024-07-11 09:50:00
7221,7221,53,Cash,Failed,2269.93,2025-06-19 09:12:09
7222,7222,236,Credit Card,Pending,3426.39,2024-08-13 09:17:59
7223,7223,459,Debit Card,Failed,3361.58,2025-08-23 12:19:00
7224,7224,973,Credit Card,Success,885.08,2026-05-06 07:22:01
7225,7225,130,Cash,Success,4857.51,2026-04-07 20:57:49
7226,7226,661,Cash,Success,3870.12,2025-06-07 16:02:53
7227,7227,10,Cash,Failed,1406.22,2026-03-15 12:24:58
7228,7228,328,Credit Card,Failed,4260.69,2024-09-23 03:59:49
7229,7229,758,Debit Card,Pending,4584.51,2025-12-07 18:06:03
7230,7230,509,Debit Card,Pending,191.91,2024-09-04 06:23:19
7231,7231,604,Debit Card,Success,1459.57,2026-01-24 05:34:58
7232,7232,298,Credit Card,Success,1987.23,2025-03-28 07:57:30
7233,7233,266,Debit Card,Pending,1181.62,2026-01-10 11:47:51
7234,7234,938,UPI,Failed,3951.79,2026-03-28 09:04:44
7235,7235,702,Net Banking,Pending,2863.46,2025-06-13 04:04:46
7236,7236,928,Credit Card,Pending,3736.59,2024-10-26 11:21:27
7237,7237,162,Net Banking,Pending,3081.3,2025-10-04 18:01:55
7238,7238,909,Debit Card,Success,4614.09,2025-10-26 03:00:01
7239,7239,867,Net Banking,Success,2945.1,2025-03-23 03:47:00
7240,7240,436,UPI,Success,424.59,2025-08-14 08:27:02
7241,7241,817,Cash,Pending,2626.91,2026-04-29 21:08:56
7242,7242,395,Debit Card,Failed,1670.36,2024-06-29 00:59:42
7243,7243,775,Cash,Success,142.81,2024-05-26 18:43:19
7244,7244,234,Debit Card,Success,4357.91,2025-09-15 18:13:36
7245,7245,701,Cash,Pending,183.61,2026-05-08 16:37:05
7246,7246,979,Net Banking,Pending,4170.4,2024-07-10 21:14:57
7247,7247,755,Credit Card,Failed,4427.49,2026-03-31 06:49:13
7248,7248,75,Credit Card,Success,4404.83,2024-08-22 23:11:35
7249,7249,805,Net Banking,Success,3904.61,2025-06-15 22:26:17
7250,7250,134,Net Banking,Success,4367.31,2026-03-09 00:03:13
7251,7251,308,UPI,Pending,531.16,2025-12-31 09:25:02
7252,7252,112,Debit Card,Failed,2220.16,2026-05-05 05:13:13
7253,7253,824,Net Banking,Pending,3910.14,2025-09-26 11:11:00
7254,7254,912,Cash,Success,1819.98,2024-08-03 09:35:58
7255,7255,804,Credit Card,Pending,4616.64,2026-05-14 14:16:09
7256,7256,246,UPI,Success,1569.84,2024-06-12 20:24:56
7257,7257,616,UPI,Pending,3359.03,2026-04-19 21:19:08
7258,7258,697,Debit Card,Failed,2072.49,2025-06-27 01:26:17
7259,7259,813,Credit Card,Failed,497.5,2026-01-22 05:55:10
7260,7260,713,Net Banking,Failed,3715.57,2025-04-22 05:58:39
7261,7261,24,UPI,Failed,4841.86,2025-09-04 09:54:39
7262,7262,12,Cash,Failed,2684.1,2025-09-03 18:14:22
7263,7263,750,Net Banking,Pending,3125.34,2025-02-10 08:23:49
7264,7264,217,UPI,Failed,1942.6,2025-08-21 21:14:40
7265,7265,983,Net Banking,Failed,3104.99,2025-02-07 20:04:30
7266,7266,688,Net Banking,Pending,4057.16,2025-01-27 19:45:11
7267,7267,980,Debit Card,Failed,1005.65,2025-06-28 18:15:04
7268,7268,481,Cash,Failed,4933.03,2025-02-27 03:44:09
7269,7269,850,Cash,Pending,2397.67,2025-01-26 18:21:52
7270,7270,518,Net Banking,Success,4459.26,2025-01-26 03:12:54
7271,7271,809,UPI,Failed,912.94,2025-07-25 22:06:40
7272,7272,799,Net Banking,Failed,4472.5,2025-12-31 15:31:21
7273,7273,187,Net Banking,Failed,1005.34,2024-06-12 12:43:01
7274,7274,717,Credit Card,Pending,2841.4,2026-02-28 07:02:51
7275,7275,167,Cash,Success,4331.22,2026-05-15 22:37:55
7276,7276,711,Debit Card,Success,620.93,2026-02-22 14:04:24
7277,7277,665,Credit Card,Failed,3708.97,2026-04-19 11:36:59
7278,7278,884,Cash,Success,118.41,2026-05-01 23:58:08
7279,7279,828,Credit Card,Pending,4487.88,2026-02-28 16:14:41
7280,7280,811,Net Banking,Pending,852.8,2025-05-15 03:11:39
7281,7281,821,UPI,Pending,3273.69,2024-10-15 19:41:08
7282,7282,688,UPI,Failed,836.66,2025-07-06 05:27:36
7283,7283,48,Debit Card,Failed,4513.77,2025-11-30 08:58:18
7284,7284,404,Net Banking,Failed,2631.03,2024-10-10 14:54:45
7285,7285,358,Cash,Pending,3889.51,2025-10-05 03:55:51
7286,7286,996,Cash,Pending,4341.31,2026-04-19 15:20:19
7287,7287,199,Cash,Pending,2988.3,2024-06-29 23:24:19
7288,7288,817,Credit Card,Success,4766.88,2024-08-17 21:34:17
7289,7289,202,Debit Card,Failed,3813.93,2026-01-15 16:54:10
7290,7290,183,UPI,Failed,535.2,2025-09-29 18:37:38
7291,7291,45,Cash,Success,2405.11,2026-04-07 19:28:07
7292,7292,482,Net Banking,Pending,940.67,2024-10-25 01:13:32
7293,7293,692,Debit Card,Pending,1467.91,2025-12-20 07:38:15
7294,7294,876,Credit Card,Success,4842.72,2026-04-30 20:29:32
7295,7295,749,Debit Card,Failed,2075.01,2024-07-09 21:09:19
7296,7296,420,UPI,Failed,2786.68,2025-07-06 08:41:28
7297,7297,964,Debit Card,Failed,3682.92,2026-05-15 00:31:11
7298,7298,981,Debit Card,Success,2980.93,2024-11-15 01:05:01
7299,7299,229,UPI,Success,1600.24,2024-10-07 20:44:31
7300,7300,543,Net Banking,Failed,1903.77,2024-07-02 20:06:25
7301,7301,17,Debit Card,Success,2266.26,2026-01-22 23:54:41
7302,7302,427,Debit Card,Pending,4919.27,2024-11-16 14:49:49
7303,7303,718,UPI,Failed,3595.1,2025-12-03 03:25:05
7304,7304,550,UPI,Pending,1902.39,2026-04-26 13:44:56
7305,7305,829,UPI,Pending,1026.45,2025-10-13 11:28:47
7306,7306,650,Cash,Success,774.39,2026-03-13 13:57:45
7307,7307,314,Debit Card,Success,3345.62,2024-11-06 19:47:37
7308,7308,458,Debit Card,Failed,814.38,2024-10-07 16:04:25
7309,7309,928,Credit Card,Failed,2125.67,2024-07-12 14:46:56
7310,7310,344,Debit Card,Success,42.73,2026-05-02 11:32:28
7311,7311,387,Net Banking,Failed,4391.29,2025-04-06 00:51:45
7312,7312,241,UPI,Failed,240.66,2025-03-17 08:04:35
7313,7313,370,Net Banking,Success,3578.0,2024-10-18 03:39:44
7314,7314,311,Cash,Pending,307.89,2024-11-14 21:16:59
7315,7315,68,Credit Card,Failed,3992.25,2024-07-26 17:55:05
7316,7316,365,Net Banking,Success,243.95,2024-12-16 21:24:44
7317,7317,614,Credit Card,Success,3128.01,2025-03-31 23:08:31
7318,7318,758,Net Banking,Success,1577.89,2026-01-25 11:45:57
7319,7319,640,Cash,Success,4546.39,2024-10-23 21:36:39
7320,7320,248,Credit Card,Pending,1493.81,2024-10-28 09:36:19
7321,7321,144,Credit Card,Failed,1330.91,2026-01-03 12:18:09
7322,7322,605,Cash,Pending,1479.49,2025-07-02 08:53:39
7323,7323,777,Cash,Success,4569.6,2025-01-09 06:15:21
7324,7324,761,Debit Card,Success,3534.77,2025-07-31 11:53:36
7325,7325,781,Debit Card,Pending,1082.8,2024-08-06 03:02:07
7326,7326,518,Credit Card,Pending,1133.79,2025-03-23 20:31:42
7327,7327,699,Debit Card,Success,613.73,2025-12-29 20:36:54
7328,7328,620,Credit Card,Success,4939.12,2025-12-26 13:18:32
7329,7329,454,Net Banking,Success,1297.34,2025-05-17 04:15:41
7330,7330,33,Net Banking,Success,4891.2,2024-06-27 09:15:50
7331,7331,799,Debit Card,Success,1082.3,2026-03-23 22:01:06
7332,7332,87,Net Banking,Failed,1261.96,2025-05-29 18:28:06
7333,7333,752,Credit Card,Failed,1746.61,2024-08-09 10:20:46
7334,7334,403,Net Banking,Success,3305.49,2025-05-26 09:28:19
7335,7335,684,UPI,Failed,430.25,2026-04-27 12:47:00
7336,7336,429,UPI,Failed,3742.56,2025-11-28 03:41:56
7337,7337,30,UPI,Pending,3518.63,2025-04-26 12:25:52
7338,7338,498,UPI,Pending,1460.78,2025-08-17 15:50:38
7339,7339,471,Debit Card,Success,4756.81,2025-03-24 23:32:31
7340,7340,419,UPI,Pending,4744.56,2025-06-04 04:49:39
7341,7341,779,Cash,Pending,1097.56,2025-05-24 10:54:45
7342,7342,783,Debit Card,Failed,1117.96,2025-10-23 18:53:48
7343,7343,982,UPI,Success,1619.61,2025-05-29 17:15:01
7344,7344,789,Debit Card,Success,772.52,2024-10-01 00:52:38
7345,7345,519,Debit Card,Pending,2106.04,2025-06-13 04:01:03
7346,7346,954,Debit Card,Pending,1222.98,2025-09-17 18:55:21
7347,7347,549,UPI,Pending,2573.39,2026-01-01 10:07:01
7348,7348,451,Cash,Pending,4817.15,2025-02-17 02:17:17
7349,7349,657,Credit Card,Pending,2359.73,2024-11-14 06:02:17
7350,7350,549,Debit Card,Failed,2478.45,2025-02-09 03:00:26
7351,7351,309,Cash,Pending,3336.63,2025-07-08 03:31:46
7352,7352,629,Cash,Pending,3232.13,2025-09-24 01:24:29
7353,7353,140,Cash,Pending,1687.34,2026-01-01 18:30:20
7354,7354,733,Cash,Success,2566.15,2025-04-23 01:02:21
7355,7355,426,Debit Card,Success,2991.28,2024-09-02 05:37:27
7356,7356,936,Debit Card,Success,1457.84,2025-12-15 21:29:13
7357,7357,357,UPI,Failed,1291.64,2024-05-27 00:33:10
7358,7358,575,UPI,Pending,2045.81,2025-01-13 00:09:14
7359,7359,678,UPI,Success,1634.5,2025-06-03 00:09:07
7360,7360,109,Cash,Pending,1186.37,2025-12-14 09:37:14
7361,7361,784,Debit Card,Pending,692.07,2025-02-04 17:17:22
7362,7362,926,Debit Card,Failed,4757.38,2024-08-18 23:07:55
7363,7363,42,UPI,Failed,2591.01,2026-03-03 01:32:04
7364,7364,622,Debit Card,Failed,781.73,2026-04-24 06:05:14
7365,7365,900,Debit Card,Pending,1616.47,2025-06-22 08:48:44
7366,7366,575,Net Banking,Failed,2054.85,2026-03-27 05:35:27
7367,7367,247,Credit Card,Failed,2048.93,2024-09-22 07:46:26
7368,7368,718,Net Banking,Pending,2006.66,2025-04-26 00:03:41
7369,7369,282,UPI,Pending,4246.03,2025-05-22 09:52:52
7370,7370,532,Credit Card,Success,830.74,2024-07-18 09:31:25
7371,7371,282,Cash,Failed,2671.23,2025-03-09 06:24:01
7372,7372,622,UPI,Success,3824.53,2024-06-17 23:04:13
7373,7373,109,Credit Card,Failed,1755.63,2025-06-04 13:39:51
7374,7374,824,Credit Card,Failed,3613.59,2025-01-13 11:35:22
7375,7375,958,Debit Card,Failed,2665.62,2026-03-23 22:09:45
7376,7376,437,Net Banking,Pending,548.65,2025-05-02 21:44:45
7377,7377,586,Cash,Failed,4022.77,2026-05-21 14:51:00
7378,7378,222,Cash,Success,4478.86,2025-11-13 16:04:01
7379,7379,770,Debit Card,Pending,3747.71,2025-04-03 03:35:02
7380,7380,389,UPI,Pending,1648.87,2025-02-16 05:29:57
7381,7381,798,Net Banking,Failed,741.06,2024-11-19 03:31:39
7382,7382,83,Net Banking,Pending,782.76,2024-11-30 20:40:41
7383,7383,286,Debit Card,Failed,1904.22,2024-12-04 20:42:30
7384,7384,305,Net Banking,Success,2234.58,2025-02-18 21:53:28
7385,7385,82,Net Banking,Success,3456.9,2025-02-27 14:21:19
7386,7386,777,Debit Card,Failed,2397.35,2025-05-19 11:39:36
7387,7387,804,Debit Card,Success,1861.28,2026-03-08 00:06:08
7388,7388,417,Debit Card,Success,528.67,2025-11-30 03:38:56
7389,7389,502,Debit Card,Pending,2312.76,2025-05-11 20:19:48
7390,7390,731,UPI,Failed,3046.83,2026-01-03 13:02:28
7391,7391,796,Debit Card,Failed,4682.06,2026-04-28 21:47:32
7392,7392,899,Net Banking,Pending,3049.05,2024-11-14 13:05:07
7393,7393,448,Credit Card,Failed,300.33,2025-10-27 20:34:29
7394,7394,950,Net Banking,Success,1282.02,2025-07-06 07:45:10
7395,7395,668,UPI,Pending,4020.0,2025-04-08 23:11:01
7396,7396,860,Debit Card,Success,779.22,2025-12-04 20:47:30
7397,7397,366,UPI,Success,2831.38,2026-01-17 00:22:28
7398,7398,178,Net Banking,Success,1396.74,2025-11-25 19:27:58
7399,7399,842,Cash,Pending,1294.85,2024-11-30 04:57:33
7400,7400,965,Cash,Failed,953.92,2025-11-02 08:53:13
7401,7401,50,Credit Card,Failed,4679.12,2024-12-10 08:46:25
7402,7402,269,Credit Card,Failed,468.37,2025-08-11 09:03:53
7403,7403,65,UPI,Success,201.06,2024-09-04 13:40:25
7404,7404,480,Debit Card,Failed,4263.14,2024-10-11 04:46:39
7405,7405,696,Net Banking,Pending,129.63,2026-03-30 00:00:04
7406,7406,368,Debit Card,Pending,1444.94,2024-07-02 14:40:34
7407,7407,190,Net Banking,Pending,4087.82,2025-06-11 06:57:54
7408,7408,521,UPI,Failed,190.34,2026-04-12 13:25:50
7409,7409,468,Debit Card,Pending,3685.61,2026-05-14 11:38:32
7410,7410,71,UPI,Pending,1120.64,2025-08-28 04:47:15
7411,7411,310,Net Banking,Pending,571.86,2026-04-25 06:26:43
7412,7412,601,Debit Card,Failed,23.76,2024-07-24 10:31:07
7413,7413,5,Debit Card,Failed,1611.6,2025-10-05 08:52:17
7414,7414,517,Cash,Pending,3464.24,2025-07-27 17:52:33
7415,7415,830,Credit Card,Pending,1306.46,2025-12-31 00:48:07
7416,7416,81,Net Banking,Failed,3138.7,2025-11-25 05:38:41
7417,7417,401,UPI,Pending,1226.51,2026-05-20 12:07:54
7418,7418,859,Cash,Success,2748.03,2024-07-15 11:26:06
7419,7419,359,UPI,Success,2461.37,2024-08-14 04:01:22
7420,7420,219,Debit Card,Success,612.67,2024-07-22 20:43:00
7421,7421,13,Net Banking,Success,4310.53,2026-01-31 20:12:16
7422,7422,840,Net Banking,Success,1328.24,2025-07-24 05:23:30
7423,7423,211,Debit Card,Pending,4914.33,2025-10-03 02:28:27
7424,7424,287,Credit Card,Success,2141.74,2024-12-17 06:29:06
7425,7425,988,Debit Card,Pending,3578.31,2024-07-16 16:23:44
7426,7426,721,Debit Card,Pending,4341.97,2026-03-26 00:38:59
7427,7427,87,Debit Card,Pending,4430.0,2024-08-05 04:16:43
7428,7428,402,UPI,Failed,1965.77,2026-02-13 00:52:41
7429,7429,8,Credit Card,Pending,1592.78,2025-03-26 18:07:14
7430,7430,766,UPI,Pending,3382.9,2026-02-25 15:10:31
7431,7431,728,Debit Card,Success,52.69,2024-10-30 04:54:35
7432,7432,593,Debit Card,Failed,2045.04,2026-01-07 20:30:34
7433,7433,441,UPI,Success,2080.56,2024-09-02 19:44:01
7434,7434,124,Net Banking,Success,1810.13,2025-09-16 06:54:28
7435,7435,398,Cash,Failed,4050.73,2025-05-10 05:11:38
7436,7436,558,Net Banking,Failed,291.01,2025-04-18 05:40:51
7437,7437,23,Net Banking,Failed,3424.56,2024-10-20 16:42:26
7438,7438,833,Debit Card,Pending,600.96,2026-02-18 01:15:12
7439,7439,32,Debit Card,Failed,2379.33,2024-12-15 21:54:43
7440,7440,766,UPI,Pending,1257.09,2025-04-21 00:45:53
7441,7441,376,UPI,Success,3061.04,2025-04-09 14:15:06
7442,7442,633,Credit Card,Failed,1385.57,2024-09-15 23:17:51
7443,7443,661,Debit Card,Success,2177.85,2025-07-25 23:13:22
7444,7444,775,Net Banking,Pending,887.85,2025-11-23 02:02:37
7445,7445,899,Net Banking,Success,1491.28,2025-11-02 20:49:18
7446,7446,667,Cash,Pending,1581.93,2024-06-08 13:04:51
7447,7447,860,Debit Card,Success,968.67,2026-02-10 20:16:58
7448,7448,189,UPI,Success,575.04,2026-04-02 11:14:34
7449,7449,950,Net Banking,Failed,52.86,2025-03-25 04:22:01
7450,7450,972,Credit Card,Success,607.08,2024-11-17 23:52:10
7451,7451,863,Cash,Pending,755.25,2024-06-02 11:45:19
7452,7452,894,Debit Card,Success,2840.31,2024-05-31 21:24:46
7453,7453,408,Debit Card,Pending,1559.49,2024-11-27 04:23:19
7454,7454,997,UPI,Pending,4712.9,2026-02-20 19:07:10
7455,7455,116,Debit Card,Success,96.75,2024-08-02 14:15:09
7456,7456,788,Debit Card,Pending,1389.08,2025-10-20 19:18:30
7457,7457,499,Credit Card,Success,892.59,2026-04-12 03:25:02
7458,7458,270,Debit Card,Failed,1521.0,2025-06-06 18:44:52
7459,7459,32,Net Banking,Failed,1888.86,2024-11-19 12:20:49
7460,7460,464,UPI,Success,3555.98,2025-08-04 15:08:10
7461,7461,608,Net Banking,Success,3204.72,2025-06-16 02:50:53
7462,7462,433,UPI,Pending,4862.83,2025-12-04 23:48:57
7463,7463,737,Debit Card,Pending,2215.4,2025-05-13 17:53:33
7464,7464,168,Cash,Success,4187.29,2024-08-21 05:08:41
7465,7465,397,Credit Card,Failed,253.1,2026-04-12 03:00:47
7466,7466,746,Credit Card,Pending,170.64,2024-10-12 00:09:15
7467,7467,348,Credit Card,Failed,2236.95,2026-04-21 06:33:44
7468,7468,375,Debit Card,Success,2882.27,2025-07-05 07:39:10
7469,7469,588,Net Banking,Failed,4386.4,2025-02-27 00:25:54
7470,7470,182,Net Banking,Failed,2966.99,2024-11-02 02:34:14
7471,7471,540,UPI,Success,4657.66,2026-05-23 11:38:40
7472,7472,843,Debit Card,Pending,4398.38,2024-12-27 10:49:31
7473,7473,799,UPI,Success,2722.09,2024-12-15 07:01:39
7474,7474,172,Credit Card,Success,1662.96,2024-06-18 04:15:10
7475,7475,255,UPI,Pending,3101.98,2026-02-23 18:28:43
7476,7476,742,Cash,Failed,1993.04,2025-02-15 06:35:27
7477,7477,641,UPI,Success,2542.58,2025-05-06 01:51:52
7478,7478,171,Net Banking,Pending,1313.06,2024-08-23 10:05:48
7479,7479,978,UPI,Pending,2191.06,2026-03-29 07:34:34
7480,7480,646,Debit Card,Failed,4050.74,2026-04-08 06:12:07
7481,7481,218,Credit Card,Failed,3975.51,2024-12-05 02:40:43
7482,7482,618,Net Banking,Failed,4044.04,2025-01-09 22:02:42
7483,7483,736,Net Banking,Success,3504.91,2025-06-06 02:17:25
7484,7484,252,Debit Card,Pending,4149.72,2025-10-12 04:22:38
7485,7485,872,Credit Card,Pending,2541.25,2025-01-27 00:16:40
7486,7486,275,Cash,Failed,824.67,2026-05-09 00:44:56
7487,7487,397,Cash,Success,2435.98,2026-05-01 08:08:00
7488,7488,791,Net Banking,Success,2422.55,2026-05-06 23:29:23
7489,7489,453,Cash,Pending,4567.8,2024-11-25 08:11:15
7490,7490,821,Cash,Pending,4367.49,2025-04-23 13:45:20
7491,7491,825,Credit Card,Success,4848.92,2026-04-27 16:20:17
7492,7492,875,UPI,Success,3686.18,2026-04-14 17:47:50
7493,7493,933,UPI,Pending,2463.14,2026-04-08 01:06:37
7494,7494,743,Credit Card,Pending,661.9,2025-04-11 14:25:40
7495,7495,827,Credit Card,Pending,1689.32,2024-10-24 06:37:34
7496,7496,614,Credit Card,Failed,4813.54,2025-04-06 16:19:19
7497,7497,310,UPI,Pending,4091.62,2025-07-25 02:06:36
7498,7498,916,UPI,Success,4344.56,2025-09-05 15:22:29
7499,7499,567,UPI,Pending,2304.39,2025-06-21 02:22:58
7500,7500,230,UPI,Success,4059.99,2024-10-24 04:44:23
7501,7501,644,Net Banking,Success,1577.1,2025-10-12 15:36:38
7502,7502,816,Cash,Failed,394.16,2025-04-20 23:25:22
7503,7503,703,UPI,Pending,376.52,2024-12-08 06:46:08
7504,7504,706,Cash,Success,4193.81,2025-04-27 21:00:36
7505,7505,3,Net Banking,Pending,4991.61,2025-05-02 10:56:02
7506,7506,168,Debit Card,Failed,4989.61,2025-10-07 03:41:51
7507,7507,721,UPI,Failed,2092.04,2025-07-11 06:53:41
7508,7508,432,Cash,Pending,1032.45,2025-10-26 10:54:15
7509,7509,141,Net Banking,Pending,3135.63,2025-01-17 13:30:37
7510,7510,534,UPI,Failed,4676.37,2025-05-06 04:25:07
7511,7511,708,UPI,Pending,3651.53,2025-09-28 06:27:11
7512,7512,578,Net Banking,Failed,159.37,2025-03-28 22:02:17
7513,7513,616,Debit Card,Failed,3542.33,2025-01-28 07:56:04
7514,7514,547,Cash,Success,3805.12,2025-04-24 23:16:59
7515,7515,791,Net Banking,Failed,3581.91,2026-05-01 23:36:52
7516,7516,743,Cash,Success,1505.86,2024-07-08 04:01:53
7517,7517,117,Net Banking,Failed,1212.19,2024-08-04 22:49:21
7518,7518,510,UPI,Pending,2606.91,2026-02-16 02:43:45
7519,7519,927,Cash,Failed,3736.48,2026-04-19 18:08:34
7520,7520,50,Debit Card,Success,2732.32,2025-10-07 19:33:33
7521,7521,454,Debit Card,Success,2858.15,2026-01-14 06:27:25
7522,7522,545,Cash,Success,2785.06,2025-03-20 14:55:15
7523,7523,536,UPI,Pending,35.08,2025-08-04 15:43:59
7524,7524,804,Cash,Success,2838.2,2024-08-24 21:01:00
7525,7525,142,Cash,Failed,648.0,2025-01-10 03:16:41
7526,7526,96,Net Banking,Pending,2844.9,2024-06-02 20:23:19
7527,7527,558,UPI,Pending,4605.58,2026-05-06 09:22:23
7528,7528,750,Cash,Success,1694.13,2026-05-15 12:56:42
7529,7529,879,Credit Card,Pending,2958.7,2025-10-23 04:17:41
7530,7530,137,Credit Card,Pending,697.13,2025-05-26 16:19:15
7531,7531,231,Net Banking,Success,3265.42,2024-12-23 21:04:35
7532,7532,331,Credit Card,Failed,508.35,2025-03-10 17:38:46
7533,7533,11,UPI,Pending,2171.89,2025-05-14 07:20:40
7534,7534,559,Cash,Pending,2975.23,2024-07-16 19:36:30
7535,7535,487,UPI,Pending,801.99,2025-12-18 12:31:52
7536,7536,250,Credit Card,Pending,3389.01,2026-01-02 06:39:56
7537,7537,125,Net Banking,Pending,4757.27,2025-06-01 03:58:22
7538,7538,964,Net Banking,Failed,4338.04,2026-02-18 20:22:04
7539,7539,345,Net Banking,Failed,3092.47,2025-01-19 12:15:40
7540,7540,651,Cash,Failed,3383.93,2024-08-09 15:19:18
7541,7541,724,Credit Card,Success,1583.15,2025-07-29 18:03:55
7542,7542,271,Debit Card,Pending,924.99,2024-09-02 12:26:43
7543,7543,205,UPI,Failed,3419.02,2026-01-10 08:09:56
7544,7544,776,Net Banking,Pending,2396.49,2025-02-17 15:49:45
7545,7545,794,Credit Card,Success,3403.15,2024-08-16 12:39:11
7546,7546,750,UPI,Failed,1947.12,2025-06-28 17:46:24
7547,7547,935,Net Banking,Failed,245.92,2025-06-07 14:22:34
7548,7548,453,Cash,Pending,2189.01,2026-03-07 11:22:28
7549,7549,729,Debit Card,Failed,4362.87,2026-04-21 21:45:17
7550,7550,623,Cash,Failed,1751.54,2025-02-06 02:23:33
7551,7551,265,Debit Card,Success,2920.07,2025-05-12 06:48:53
7552,7552,589,Net Banking,Pending,3086.69,2024-08-19 07:06:27
7553,7553,537,Debit Card,Pending,3576.96,2025-12-18 05:52:59
7554,7554,388,Debit Card,Pending,3914.49,2026-04-20 09:50:15
7555,7555,706,UPI,Failed,2938.29,2025-06-09 20:03:13
7556,7556,195,Cash,Success,1689.46,2024-07-07 18:54:58
7557,7557,487,Debit Card,Success,4360.56,2025-10-18 03:01:22
7558,7558,974,Credit Card,Success,4465.54,2025-03-29 17:27:52
7559,7559,397,Credit Card,Pending,3681.15,2025-11-10 09:36:16
7560,7560,289,Net Banking,Success,120.66,2025-03-16 10:38:05
7561,7561,987,UPI,Failed,467.4,2026-04-26 20:53:59
7562,7562,665,Cash,Success,3265.07,2025-12-02 21:43:59
7563,7563,90,Credit Card,Success,226.66,2026-05-13 21:17:50
7564,7564,760,Cash,Failed,4438.94,2024-12-19 02:24:06
7565,7565,984,UPI,Pending,1129.04,2024-05-28 19:10:15
7566,7566,498,Credit Card,Success,2065.47,2025-12-16 20:35:29
7567,7567,353,Credit Card,Pending,3311.36,2025-12-04 20:54:38
7568,7568,347,Net Banking,Pending,1177.35,2024-08-23 13:34:04
7569,7569,965,Debit Card,Failed,4270.49,2024-10-20 19:07:17
7570,7570,421,Net Banking,Pending,635.11,2025-08-07 02:58:29
7571,7571,837,Credit Card,Failed,4213.62,2024-11-18 07:24:10
7572,7572,494,Cash,Success,4759.34,2026-01-27 23:09:17
7573,7573,103,Debit Card,Pending,2351.16,2025-01-25 04:11:41
7574,7574,451,Debit Card,Success,649.45,2024-11-25 02:49:36
7575,7575,518,Credit Card,Failed,2988.6,2026-03-03 02:22:08
7576,7576,572,UPI,Failed,426.03,2025-10-14 16:35:42
7577,7577,51,UPI,Success,2064.47,2026-02-23 03:12:54
7578,7578,718,Credit Card,Pending,210.69,2026-05-25 09:55:25
7579,7579,63,Cash,Failed,4679.93,2026-05-25 12:33:48
7580,7580,603,Net Banking,Pending,2712.3,2024-12-10 03:40:28
7581,7581,522,Credit Card,Failed,2188.5,2025-12-31 15:15:59
7582,7582,216,Debit Card,Pending,3601.89,2024-12-24 01:48:18
7583,7583,193,Credit Card,Failed,2754.06,2026-02-21 20:03:58
7584,7584,85,UPI,Success,467.28,2025-02-15 03:26:19
7585,7585,646,Net Banking,Failed,1655.02,2025-02-15 19:52:44
7586,7586,197,UPI,Pending,694.91,2026-05-18 07:31:39
7587,7587,480,Cash,Pending,1796.22,2024-07-02 08:55:36
7588,7588,461,Debit Card,Failed,4317.66,2025-09-23 17:28:59
7589,7589,59,UPI,Pending,4163.48,2025-12-19 19:17:22
7590,7590,813,Net Banking,Pending,469.85,2024-06-01 05:57:07
7591,7591,975,Net Banking,Failed,3590.52,2026-01-14 04:22:38
7592,7592,409,Net Banking,Success,788.83,2025-12-08 11:37:57
7593,7593,764,Cash,Pending,4012.46,2024-07-15 09:45:27
7594,7594,437,UPI,Success,4091.67,2025-07-13 22:16:05
7595,7595,495,Credit Card,Pending,2196.84,2025-10-10 11:37:58
7596,7596,695,Credit Card,Success,4813.79,2025-11-21 05:03:23
7597,7597,367,Debit Card,Success,1762.52,2026-03-13 18:30:20
7598,7598,243,Cash,Pending,3079.95,2024-12-08 10:35:08
7599,7599,599,Credit Card,Failed,530.11,2025-04-21 18:45:02
7600,7600,75,Credit Card,Success,2376.19,2025-02-13 18:49:25
7601,7601,543,Credit Card,Failed,1234.91,2024-12-03 19:30:51
7602,7602,30,Debit Card,Failed,3019.62,2024-07-18 14:44:20
7603,7603,717,UPI,Failed,4410.32,2026-05-06 10:14:35
7604,7604,784,UPI,Success,3349.22,2024-08-24 01:32:07
7605,7605,439,Cash,Success,4901.51,2026-01-05 07:42:59
7606,7606,509,Credit Card,Success,1072.36,2026-03-31 22:34:09
7607,7607,94,Net Banking,Success,2194.48,2026-02-28 19:37:48
7608,7608,709,Debit Card,Pending,2981.65,2025-05-29 23:44:13
7609,7609,395,Debit Card,Pending,590.81,2024-10-08 05:11:26
7610,7610,41,Cash,Success,4299.86,2025-05-23 03:57:07
7611,7611,474,Credit Card,Failed,4510.13,2025-05-03 10:44:05
7612,7612,745,Credit Card,Success,3786.03,2024-08-30 14:41:10
7613,7613,564,UPI,Success,3872.42,2025-06-13 09:54:54
7614,7614,480,Cash,Success,724.74,2025-03-30 13:10:37
7615,7615,321,Debit Card,Success,4190.29,2026-03-29 17:45:40
7616,7616,911,Credit Card,Success,380.28,2025-02-06 06:27:55
7617,7617,330,UPI,Success,1227.44,2025-03-23 21:33:46
7618,7618,191,Credit Card,Pending,4552.84,2025-08-25 17:07:55
7619,7619,757,Cash,Pending,3745.7,2025-03-28 18:57:47
7620,7620,335,Debit Card,Failed,2513.02,2026-03-31 18:12:14
7621,7621,477,UPI,Pending,3426.25,2025-04-23 08:40:08
7622,7622,428,Net Banking,Failed,1248.0,2024-07-04 14:21:57
7623,7623,139,UPI,Success,458.54,2025-04-18 10:41:54
7624,7624,680,Credit Card,Pending,4903.73,2024-09-10 18:45:55
7625,7625,913,Credit Card,Failed,1536.08,2025-12-13 10:13:00
7626,7626,241,Credit Card,Failed,4122.32,2025-07-21 00:50:48
7627,7627,991,UPI,Failed,4591.5,2025-03-15 03:14:50
7628,7628,335,Net Banking,Pending,3204.03,2025-07-24 10:38:31
7629,7629,991,Credit Card,Failed,4133.25,2025-04-19 17:45:23
7630,7630,790,Debit Card,Pending,4433.74,2026-04-22 07:41:30
7631,7631,360,Cash,Pending,2408.13,2025-06-03 12:33:17
7632,7632,974,Credit Card,Success,2641.23,2025-01-03 22:21:05
7633,7633,618,Cash,Failed,2902.8,2024-10-04 11:02:06
7634,7634,79,Debit Card,Success,1990.89,2026-03-17 08:07:30
7635,7635,66,Net Banking,Failed,3310.62,2026-05-17 05:52:35
7636,7636,457,Net Banking,Pending,300.23,2025-07-12 14:26:32
7637,7637,626,Debit Card,Success,1083.74,2024-12-15 20:56:04
7638,7638,651,Credit Card,Failed,3850.63,2026-05-26 00:54:16
7639,7639,274,Credit Card,Success,3153.88,2025-08-23 05:54:02
7640,7640,82,Net Banking,Failed,1726.58,2025-03-26 17:04:19
7641,7641,991,Debit Card,Success,4210.54,2024-06-06 15:09:42
7642,7642,21,Credit Card,Success,1145.27,2025-09-04 20:40:47
7643,7643,543,Debit Card,Success,1595.01,2024-07-18 21:53:50
7644,7644,195,Credit Card,Pending,817.31,2024-06-04 23:18:45
7645,7645,645,Net Banking,Failed,3768.07,2024-09-29 13:13:42
7646,7646,904,Debit Card,Pending,4885.82,2025-11-09 18:25:21
7647,7647,663,Credit Card,Failed,2777.82,2026-05-23 10:53:57
7648,7648,601,UPI,Failed,3635.67,2024-07-15 22:18:02
7649,7649,62,Net Banking,Success,3349.91,2025-07-02 19:32:43
7650,7650,37,UPI,Failed,4848.17,2026-03-30 07:48:51
7651,7651,191,Credit Card,Failed,1451.48,2025-03-23 12:08:15
7652,7652,560,Net Banking,Pending,2550.67,2025-09-05 06:02:00
7653,7653,883,Net Banking,Success,1224.2,2025-03-09 08:24:06
7654,7654,565,Credit Card,Failed,1454.48,2025-04-20 11:21:29
7655,7655,450,Cash,Failed,2901.1,2025-04-04 23:11:44
7656,7656,76,Debit Card,Success,1699.45,2025-02-14 22:36:19
7657,7657,763,UPI,Pending,1709.36,2025-04-15 07:39:25
7658,7658,142,UPI,Success,2342.23,2025-04-26 01:22:16
7659,7659,327,Debit Card,Pending,1650.16,2026-01-22 01:06:45
7660,7660,720,Debit Card,Success,138.17,2026-02-02 06:07:57
7661,7661,667,Net Banking,Failed,3349.12,2025-09-18 03:45:28
7662,7662,466,UPI,Success,3057.99,2024-11-19 10:57:32
7663,7663,470,Cash,Pending,2296.59,2025-08-18 09:37:02
7664,7664,680,Credit Card,Failed,254.22,2026-04-11 09:25:08
7665,7665,12,Credit Card,Success,1447.25,2024-12-01 07:15:46
7666,7666,49,Credit Card,Failed,3900.84,2024-07-22 19:05:45
7667,7667,944,Cash,Success,1379.15,2025-03-18 11:23:10
7668,7668,717,Net Banking,Failed,4277.18,2026-03-09 19:04:59
7669,7669,897,Debit Card,Pending,4519.26,2026-05-12 09:03:16
7670,7670,683,Credit Card,Pending,2841.82,2025-11-06 17:38:02
7671,7671,936,UPI,Failed,4096.23,2025-10-29 12:06:25
7672,7672,979,UPI,Success,507.05,2025-10-19 15:16:23
7673,7673,222,Credit Card,Pending,2665.66,2025-11-16 22:44:25
7674,7674,231,UPI,Success,4456.51,2026-03-18 13:33:12
7675,7675,967,Debit Card,Pending,3971.38,2024-09-19 16:49:07
7676,7676,278,Debit Card,Success,2450.98,2025-04-10 03:09:01
7677,7677,620,UPI,Success,1300.35,2026-05-16 12:06:24
7678,7678,737,Credit Card,Success,2200.89,2025-09-22 23:28:09
7679,7679,441,UPI,Pending,2441.07,2025-05-21 20:57:59
7680,7680,889,Net Banking,Success,2825.58,2024-09-30 06:19:13
7681,7681,702,Debit Card,Failed,323.68,2025-09-25 06:46:21
7682,7682,829,Credit Card,Failed,1042.93,2026-04-20 00:38:37
7683,7683,404,Net Banking,Pending,3750.22,2025-11-17 15:45:36
7684,7684,418,Credit Card,Pending,2221.87,2024-12-05 08:57:25
7685,7685,631,Debit Card,Success,4386.9,2025-02-24 05:42:47
7686,7686,939,Debit Card,Failed,3024.1,2026-01-31 17:30:45
7687,7687,185,UPI,Success,505.87,2024-07-14 22:26:03
7688,7688,688,UPI,Pending,2959.04,2025-03-24 04:08:04
7689,7689,928,Net Banking,Pending,4967.41,2025-11-14 11:56:05
7690,7690,420,Debit Card,Failed,3858.55,2025-05-16 06:40:11
7691,7691,354,Cash,Success,726.87,2026-01-18 07:57:14
7692,7692,338,Net Banking,Success,4592.5,2025-09-15 23:15:04
7693,7693,902,Net Banking,Pending,4040.98,2026-05-16 04:19:28
7694,7694,819,Debit Card,Pending,3248.65,2024-12-01 16:02:50
7695,7695,817,Net Banking,Pending,3121.07,2025-03-04 09:47:09
7696,7696,528,Credit Card,Failed,3442.95,2025-01-28 11:03:06
7697,7697,379,Credit Card,Success,488.18,2025-03-12 21:47:29
7698,7698,691,Debit Card,Success,4918.57,2025-02-03 01:33:32
7699,7699,833,Cash,Success,942.14,2025-08-09 22:55:55
7700,7700,485,Cash,Success,4652.29,2025-08-29 01:42:37
7701,7701,727,Debit Card,Success,2453.41,2025-11-01 20:40:50
7702,7702,635,Debit Card,Failed,1511.4,2026-04-10 15:49:51
7703,7703,528,Debit Card,Pending,2165.4,2024-07-02 21:52:42
7704,7704,465,Cash,Pending,3866.62,2025-12-27 14:09:48
7705,7705,681,Net Banking,Pending,403.1,2024-10-03 21:24:06
7706,7706,57,UPI,Failed,300.46,2026-02-08 11:44:55
7707,7707,108,Net Banking,Pending,3568.47,2024-08-26 16:51:24
7708,7708,19,Net Banking,Failed,4094.36,2025-09-13 21:53:43
7709,7709,46,Cash,Pending,2051.14,2024-06-26 13:37:35
7710,7710,91,Credit Card,Failed,1394.96,2026-03-19 00:21:13
7711,7711,501,Cash,Pending,1613.5,2025-07-06 23:29:44
7712,7712,826,Credit Card,Pending,1122.9,2024-05-27 23:34:49
7713,7713,609,Cash,Success,2056.86,2025-12-14 22:50:14
7714,7714,541,Cash,Failed,4987.62,2024-06-25 17:29:07
7715,7715,260,Net Banking,Success,4379.69,2024-06-24 02:22:54
7716,7716,352,Net Banking,Success,4525.43,2024-07-14 16:13:36
7717,7717,589,UPI,Failed,2237.81,2025-05-22 20:42:09
7718,7718,54,Debit Card,Failed,2580.94,2025-07-19 09:04:12
7719,7719,919,Credit Card,Pending,214.23,2026-04-30 01:20:28
7720,7720,545,Net Banking,Failed,902.88,2024-08-30 16:46:17
7721,7721,635,Debit Card,Failed,2780.53,2024-12-11 23:58:14
7722,7722,966,Debit Card,Failed,1319.88,2024-11-23 21:41:32
7723,7723,322,Debit Card,Success,838.91,2025-02-13 15:54:54
7724,7724,590,Credit Card,Failed,1291.46,2025-12-24 18:05:07
7725,7725,422,UPI,Success,690.24,2025-06-29 19:26:45
7726,7726,742,Net Banking,Success,2727.87,2025-06-29 04:10:02
7727,7727,972,UPI,Success,2151.34,2025-03-10 13:30:00
7728,7728,410,Debit Card,Failed,629.61,2026-04-25 11:11:02
7729,7729,991,Credit Card,Failed,4835.65,2026-01-20 02:40:45
7730,7730,369,Debit Card,Failed,2937.14,2025-01-13 15:14:52
7731,7731,893,UPI,Failed,3903.97,2025-11-19 08:17:51
7732,7732,303,UPI,Pending,1387.85,2024-07-05 23:56:40
7733,7733,689,UPI,Failed,1536.07,2025-06-12 19:01:21
7734,7734,156,UPI,Failed,3654.3,2025-04-04 14:34:18
7735,7735,356,Cash,Failed,3295.1,2024-06-27 16:53:11
7736,7736,591,Debit Card,Pending,655.19,2024-07-09 20:27:41
7737,7737,603,Credit Card,Pending,1370.12,2025-01-29 21:07:06
7738,7738,766,Cash,Pending,2615.53,2025-10-09 00:18:56
7739,7739,221,Cash,Pending,2043.89,2024-07-23 18:15:12
7740,7740,777,UPI,Success,3261.95,2026-02-22 12:28:00
7741,7741,604,Credit Card,Pending,2025.27,2024-08-27 17:27:35
7742,7742,135,Debit Card,Pending,1308.53,2024-08-22 09:56:52
7743,7743,22,Cash,Failed,1627.1,2024-09-07 23:15:48
7744,7744,985,Credit Card,Success,1001.68,2025-01-15 03:59:32
7745,7745,754,UPI,Pending,176.33,2025-02-21 14:04:15
7746,7746,112,Net Banking,Failed,4162.03,2024-11-15 20:58:54
7747,7747,704,Cash,Pending,2767.7,2025-07-11 13:47:53
7748,7748,605,Credit Card,Success,54.37,2025-04-16 17:50:45
7749,7749,403,Debit Card,Pending,510.16,2025-04-30 17:35:32
7750,7750,622,Credit Card,Pending,3101.64,2025-08-31 17:49:36
7751,7751,126,Cash,Pending,3350.07,2026-01-13 06:01:57
7752,7752,419,Credit Card,Pending,2465.0,2024-07-29 23:45:23
7753,7753,861,Cash,Success,1517.0,2024-07-31 10:17:39
7754,7754,12,Net Banking,Pending,161.44,2024-06-06 09:55:30
7755,7755,756,Credit Card,Pending,2382.08,2026-05-23 14:18:16
7756,7756,505,Net Banking,Success,4590.12,2026-04-08 12:27:29
7757,7757,149,Debit Card,Failed,44.11,2025-10-06 13:44:39
7758,7758,878,UPI,Success,1332.41,2024-11-15 21:57:14
7759,7759,686,Debit Card,Failed,4515.33,2024-09-11 12:08:51
7760,7760,250,Debit Card,Failed,4483.32,2025-04-05 06:19:50
7761,7761,169,Cash,Failed,793.22,2024-07-20 00:14:33
7762,7762,61,Credit Card,Failed,4017.62,2024-07-29 15:58:51
7763,7763,193,Cash,Failed,3630.01,2025-03-29 12:10:18
7764,7764,480,Credit Card,Failed,629.84,2024-12-24 21:13:53
7765,7765,222,Credit Card,Pending,3578.68,2026-03-03 10:54:17
7766,7766,112,Cash,Failed,3661.04,2024-05-27 13:36:23
7767,7767,501,Credit Card,Success,4576.05,2024-09-14 01:35:06
7768,7768,394,Debit Card,Success,1251.6,2024-12-01 15:11:45
7769,7769,734,Cash,Pending,2897.84,2024-12-23 06:08:16
7770,7770,802,UPI,Success,2031.17,2026-01-05 22:39:40
7771,7771,107,Cash,Pending,3732.04,2024-10-26 04:23:03
7772,7772,284,Net Banking,Pending,626.26,2025-08-13 18:36:30
7773,7773,361,Net Banking,Failed,3587.0,2024-09-21 14:29:29
7774,7774,757,Cash,Success,2231.83,2025-11-02 22:54:49
7775,7775,97,UPI,Failed,3462.66,2024-08-12 13:53:20
7776,7776,244,Net Banking,Success,1332.88,2024-12-21 13:20:34
7777,7777,469,Cash,Pending,1734.06,2025-10-11 15:40:29
7778,7778,555,Credit Card,Success,2314.85,2026-04-06 05:02:03
7779,7779,503,Debit Card,Failed,3090.47,2025-03-09 21:10:24
7780,7780,351,UPI,Pending,603.08,2025-02-25 22:38:38
7781,7781,953,UPI,Success,1970.74,2024-12-21 16:58:43
7782,7782,28,UPI,Pending,3401.53,2025-07-28 06:36:26
7783,7783,593,Credit Card,Pending,3104.71,2026-03-25 10:37:34
7784,7784,475,Credit Card,Pending,4476.83,2025-02-17 01:08:52
7785,7785,973,UPI,Failed,952.71,2024-08-04 09:47:06
7786,7786,218,Credit Card,Failed,68.66,2024-09-28 12:16:33
7787,7787,20,Cash,Pending,4904.09,2025-11-20 18:13:28
7788,7788,646,Credit Card,Success,2210.74,2024-10-18 22:35:33
7789,7789,222,Credit Card,Success,137.76,2024-06-29 17:25:35
7790,7790,321,Net Banking,Failed,545.03,2025-01-28 04:57:42
7791,7791,770,Debit Card,Success,1908.09,2025-12-11 23:15:05
7792,7792,734,Debit Card,Success,3847.5,2025-08-31 10:00:26
7793,7793,93,Cash,Failed,2715.14,2026-01-03 10:49:09
7794,7794,621,Cash,Failed,577.29,2025-06-14 05:00:41
7795,7795,747,Cash,Success,2148.08,2024-10-23 21:38:14
7796,7796,785,Cash,Success,1529.19,2024-11-11 21:51:20
7797,7797,541,UPI,Success,3542.1,2024-07-24 06:46:19
7798,7798,8,Net Banking,Failed,3666.91,2025-06-29 10:22:58
7799,7799,98,UPI,Pending,279.32,2025-10-28 17:31:07
7800,7800,743,Cash,Success,3620.0,2026-04-17 09:44:07
7801,7801,518,Credit Card,Success,2388.99,2024-09-26 02:58:10
7802,7802,352,Debit Card,Pending,335.69,2024-07-04 12:03:25
7803,7803,98,Credit Card,Success,1011.71,2024-12-01 21:42:32
7804,7804,333,Debit Card,Failed,2756.98,2024-06-01 16:56:08
7805,7805,924,Debit Card,Failed,2260.41,2024-09-25 05:17:51
7806,7806,498,Net Banking,Pending,1418.24,2026-04-03 05:57:04
7807,7807,599,Cash,Success,330.35,2025-10-29 19:51:48
7808,7808,824,UPI,Pending,2762.56,2025-03-24 02:55:24
7809,7809,263,Net Banking,Pending,4217.88,2024-07-01 19:56:56
7810,7810,250,Cash,Pending,1879.53,2024-08-03 03:56:02
7811,7811,947,Net Banking,Failed,842.61,2025-03-23 09:06:13
7812,7812,687,Cash,Success,1031.31,2025-07-21 07:20:24
7813,7813,322,UPI,Pending,4017.69,2024-09-26 12:08:53
7814,7814,911,Debit Card,Pending,4721.02,2025-11-19 15:58:15
7815,7815,377,Cash,Success,970.07,2025-04-03 11:57:09
7816,7816,189,Credit Card,Success,2949.22,2024-08-28 00:58:02
7817,7817,825,UPI,Success,824.93,2025-01-02 09:29:19
7818,7818,167,Cash,Pending,1460.48,2026-02-15 15:35:23
7819,7819,426,Net Banking,Success,40.48,2025-05-28 11:00:26
7820,7820,587,Net Banking,Failed,3488.39,2025-05-15 20:47:48
7821,7821,22,UPI,Success,287.43,2025-10-25 12:01:39
7822,7822,44,Debit Card,Success,1484.81,2025-06-28 14:20:06
7823,7823,140,UPI,Pending,4110.09,2025-07-06 13:12:58
7824,7824,816,Debit Card,Pending,813.52,2025-03-21 23:11:45
7825,7825,770,Net Banking,Failed,1207.52,2025-03-06 14:04:28
7826,7826,269,Cash,Success,3769.95,2025-02-08 22:11:36
7827,7827,105,Cash,Failed,1781.05,2025-08-10 12:59:07
7828,7828,687,Credit Card,Success,3148.67,2024-09-06 21:42:48
7829,7829,655,Cash,Pending,2418.91,2024-11-16 23:54:11
7830,7830,818,UPI,Success,3661.1,2024-07-04 10:23:14
7831,7831,877,Net Banking,Success,3450.31,2024-10-11 14:48:46
7832,7832,197,Cash,Success,1521.79,2025-10-26 05:45:00
7833,7833,293,Cash,Pending,4863.93,2024-06-14 06:15:41
7834,7834,575,UPI,Pending,3171.13,2024-09-20 08:48:23
7835,7835,666,Net Banking,Success,1694.75,2025-07-16 02:37:52
7836,7836,473,UPI,Pending,3438.59,2026-02-12 10:08:18
7837,7837,225,Cash,Failed,206.44,2024-07-23 04:53:04
7838,7838,885,UPI,Failed,3206.62,2025-05-12 18:17:13
7839,7839,396,Credit Card,Failed,4685.71,2025-03-06 14:19:18
7840,7840,65,Debit Card,Pending,1054.34,2024-12-08 02:13:12
7841,7841,50,Debit Card,Pending,2780.96,2025-01-05 02:09:44
7842,7842,945,UPI,Failed,2808.41,2025-06-01 22:07:55
7843,7843,510,Credit Card,Pending,2195.59,2025-06-01 11:11:12
7844,7844,711,Cash,Pending,1069.81,2026-04-29 08:03:16
7845,7845,291,Net Banking,Pending,278.52,2024-07-19 12:00:33
7846,7846,814,Net Banking,Success,2115.53,2025-02-10 03:25:26
7847,7847,466,Net Banking,Failed,1550.53,2026-03-02 21:18:06
7848,7848,407,UPI,Failed,3144.33,2024-07-14 18:38:21
7849,7849,452,Credit Card,Failed,238.47,2025-12-24 07:05:44
7850,7850,656,Cash,Pending,3541.4,2025-09-22 00:00:46
7851,7851,903,Credit Card,Failed,1405.71,2024-06-09 11:24:00
7852,7852,896,Credit Card,Failed,2049.45,2025-10-20 08:40:19
7853,7853,431,UPI,Failed,1803.25,2024-08-05 11:36:21
7854,7854,382,Debit Card,Pending,4788.78,2024-12-15 18:38:26
7855,7855,370,UPI,Success,1396.72,2025-09-12 10:01:07
7856,7856,399,Credit Card,Failed,3854.6,2025-09-02 01:30:30
7857,7857,115,Net Banking,Success,1081.22,2025-08-18 20:03:05
7858,7858,763,Net Banking,Success,4443.22,2025-06-27 14:24:38
7859,7859,834,Credit Card,Failed,1017.01,2025-05-13 22:34:13
7860,7860,889,Credit Card,Failed,3926.0,2024-09-10 05:02:18
7861,7861,767,Cash,Failed,2375.09,2025-12-31 13:33:29
7862,7862,649,UPI,Success,4988.72,2024-09-23 05:06:52
7863,7863,827,Net Banking,Success,2070.48,2026-02-20 23:26:12
7864,7864,265,UPI,Pending,1798.15,2026-04-14 12:03:06
7865,7865,141,UPI,Pending,979.71,2025-06-28 21:27:43
7866,7866,46,Cash,Success,375.88,2025-01-04 13:04:50
7867,7867,952,Credit Card,Failed,2833.81,2025-08-21 14:04:07
7868,7868,134,Net Banking,Pending,2475.36,2025-01-19 15:57:33
7869,7869,214,Credit Card,Success,2107.97,2025-02-03 23:12:46
7870,7870,577,Credit Card,Pending,936.74,2026-03-29 00:29:35
7871,7871,485,UPI,Pending,2380.79,2026-05-06 21:24:33
7872,7872,88,Debit Card,Failed,114.18,2025-10-26 06:26:19
7873,7873,333,UPI,Failed,3039.66,2024-10-17 10:31:02
7874,7874,898,Cash,Failed,305.53,2025-04-12 03:43:24
7875,7875,111,Credit Card,Pending,4292.08,2025-09-19 18:01:44
7876,7876,96,Credit Card,Success,486.25,2024-06-05 13:33:55
7877,7877,453,Net Banking,Success,70.91,2025-05-27 15:55:09
7878,7878,559,UPI,Pending,412.6,2025-02-08 08:48:08
7879,7879,606,Net Banking,Failed,1105.06,2025-04-30 02:17:14
7880,7880,604,UPI,Success,3756.02,2026-05-21 07:30:52
7881,7881,800,Net Banking,Success,2204.38,2024-10-27 08:44:48
7882,7882,603,UPI,Failed,3281.24,2026-04-20 03:13:57
7883,7883,859,Credit Card,Success,3775.97,2024-07-08 00:21:49
7884,7884,956,UPI,Pending,2751.51,2025-08-23 12:26:01
7885,7885,840,Net Banking,Pending,630.73,2026-05-26 13:00:21
7886,7886,616,Credit Card,Pending,3358.63,2026-04-12 12:05:23
7887,7887,158,Debit Card,Pending,4107.12,2024-07-15 15:49:14
7888,7888,339,Credit Card,Failed,4173.03,2024-06-26 19:49:12
7889,7889,324,Debit Card,Pending,1261.46,2026-03-14 14:15:53
7890,7890,382,UPI,Success,4223.86,2026-01-12 09:14:53
7891,7891,556,Net Banking,Pending,4117.31,2025-02-13 12:04:39
7892,7892,745,Cash,Success,2834.13,2025-12-25 12:27:12
7893,7893,65,Debit Card,Pending,1355.31,2026-05-07 12:41:41
7894,7894,160,UPI,Success,2524.03,2024-09-13 20:50:33
7895,7895,484,Cash,Pending,2109.05,2024-08-10 22:34:43
7896,7896,10,Debit Card,Success,2569.49,2025-06-16 15:59:10
7897,7897,198,UPI,Failed,1714.3,2026-04-12 22:58:19
7898,7898,544,Net Banking,Success,4615.5,2025-06-21 00:27:46
7899,7899,899,UPI,Success,4677.97,2025-08-11 00:57:17
7900,7900,243,UPI,Pending,838.49,2025-10-17 10:16:47
7901,7901,824,Net Banking,Success,1844.87,2024-11-26 13:59:19
7902,7902,630,Net Banking,Success,2457.06,2025-09-21 13:28:04
7903,7903,594,UPI,Pending,4851.41,2026-03-25 01:47:08
7904,7904,959,UPI,Failed,2606.51,2025-07-23 13:41:41
7905,7905,390,UPI,Failed,4072.23,2024-12-02 01:13:19
7906,7906,570,Credit Card,Failed,4795.27,2025-04-25 14:14:40
7907,7907,982,Cash,Failed,3183.46,2024-09-20 09:17:41
7908,7908,235,Net Banking,Failed,995.67,2025-03-21 14:45:08
7909,7909,970,Cash,Pending,2253.99,2026-05-13 08:00:04
7910,7910,556,UPI,Success,883.14,2025-07-11 13:20:51
7911,7911,606,Debit Card,Pending,541.84,2025-10-05 05:41:27
7912,7912,993,Net Banking,Pending,3135.48,2025-11-22 02:21:27
7913,7913,310,Net Banking,Failed,3169.12,2026-05-03 17:55:05
7914,7914,746,Credit Card,Success,4535.91,2025-06-10 18:36:11
7915,7915,368,UPI,Pending,605.69,2025-06-19 04:09:39
7916,7916,556,Debit Card,Pending,2916.04,2025-02-02 09:54:30
7917,7917,284,Net Banking,Failed,2189.71,2025-03-03 06:30:21
7918,7918,235,Credit Card,Pending,3727.64,2025-06-21 13:22:32
7919,7919,17,UPI,Failed,1597.43,2025-06-20 01:47:23
7920,7920,533,Credit Card,Success,1502.85,2025-08-06 20:16:25
7921,7921,102,Credit Card,Success,1376.64,2025-12-09 21:28:28
7922,7922,894,UPI,Pending,3619.52,2025-01-05 00:25:02
7923,7923,176,Net Banking,Failed,4632.47,2025-05-08 04:51:26
7924,7924,9,Debit Card,Success,4040.97,2025-03-14 23:42:52
7925,7925,920,Credit Card,Failed,2745.05,2025-09-26 19:39:36
7926,7926,62,Net Banking,Failed,2757.5,2025-05-20 18:40:10
7927,7927,252,Debit Card,Pending,2455.19,2024-10-30 20:49:27
7928,7928,889,UPI,Pending,3380.94,2025-06-27 05:31:47
7929,7929,945,UPI,Success,4714.28,2025-02-12 10:24:30
7930,7930,16,Credit Card,Pending,1378.32,2025-03-10 01:44:09
7931,7931,39,UPI,Success,2513.79,2024-06-24 03:11:33
7932,7932,890,UPI,Failed,2573.71,2024-12-15 03:44:29
7933,7933,14,Debit Card,Success,3155.18,2024-06-16 17:24:48
7934,7934,926,Debit Card,Failed,4278.49,2026-03-12 08:49:47
7935,7935,1,UPI,Pending,1423.69,2026-03-04 16:26:18
7936,7936,68,Debit Card,Failed,2122.88,2024-06-22 08:32:31
7937,7937,419,UPI,Pending,701.6,2025-09-28 07:04:52
7938,7938,840,Debit Card,Success,3085.71,2026-01-22 10:02:54
7939,7939,616,Credit Card,Pending,213.86,2025-09-22 22:28:07
7940,7940,642,Credit Card,Success,4517.56,2025-12-23 00:50:03
7941,7941,904,Net Banking,Failed,1751.94,2026-02-06 17:34:40
7942,7942,520,Cash,Failed,268.91,2024-07-03 13:50:34
7943,7943,833,Debit Card,Pending,4234.68,2025-05-18 05:57:08
7944,7944,908,Credit Card,Success,97.37,2026-02-05 23:37:55
7945,7945,834,Debit Card,Pending,4257.33,2024-12-26 08:35:17
7946,7946,294,Credit Card,Success,3005.73,2024-06-16 05:19:53
7947,7947,23,UPI,Pending,668.52,2024-08-10 00:13:01
7948,7948,158,Credit Card,Pending,175.87,2024-07-30 20:51:31
7949,7949,567,UPI,Success,4791.89,2026-01-24 17:47:23
7950,7950,947,Net Banking,Pending,4697.48,2025-09-30 15:47:12
7951,7951,314,Debit Card,Pending,4187.86,2026-03-19 05:34:23
7952,7952,702,Debit Card,Success,3683.54,2024-06-17 11:34:55
7953,7953,618,Cash,Success,3852.89,2024-10-16 08:49:55
7954,7954,63,UPI,Pending,3946.99,2024-06-23 10:36:21
7955,7955,261,Net Banking,Pending,2301.32,2025-03-02 03:14:32
7956,7956,995,Credit Card,Success,4759.81,2025-01-14 03:43:52
7957,7957,515,Debit Card,Pending,366.53,2025-12-07 17:32:06
7958,7958,257,Net Banking,Pending,2881.25,2024-06-16 23:11:10
7959,7959,331,Credit Card,Pending,4385.13,2025-02-27 03:46:57
7960,7960,630,Credit Card,Pending,1963.86,2026-02-09 13:19:52
7961,7961,891,Credit Card,Failed,2050.88,2026-02-04 19:08:46
7962,7962,312,Net Banking,Pending,2545.29,2024-07-24 04:52:59
7963,7963,220,Credit Card,Success,3749.33,2024-10-20 16:47:32
7964,7964,485,Credit Card,Success,3192.83,2025-09-02 16:17:20
7965,7965,275,Debit Card,Success,3974.44,2024-06-09 07:19:09
7966,7966,678,Cash,Success,182.41,2024-09-12 01:01:21
7967,7967,107,Cash,Failed,4996.05,2026-04-02 14:40:44
7968,7968,789,Credit Card,Pending,932.59,2025-08-09 20:11:37
7969,7969,898,Credit Card,Failed,4093.43,2025-06-05 04:44:27
7970,7970,524,Cash,Success,2097.58,2026-05-09 21:35:03
7971,7971,574,UPI,Failed,1828.67,2024-09-25 07:23:50
7972,7972,486,Cash,Pending,2630.06,2024-09-12 06:30:06
7973,7973,847,Net Banking,Pending,4863.27,2024-08-20 16:29:16
7974,7974,333,Debit Card,Success,3007.3,2025-04-28 04:25:53
7975,7975,600,Credit Card,Success,4521.83,2025-09-22 10:39:17
7976,7976,318,Credit Card,Failed,689.46,2024-07-09 01:13:57
7977,7977,577,UPI,Success,4046.39,2026-05-07 15:12:52
7978,7978,976,UPI,Failed,2429.9,2024-12-27 16:59:55
7979,7979,791,Credit Card,Success,1566.95,2026-04-07 15:39:12
7980,7980,230,Cash,Failed,2373.06,2026-05-18 20:36:56
7981,7981,228,Cash,Pending,612.11,2026-03-28 02:57:22
7982,7982,202,Debit Card,Pending,481.03,2024-10-31 04:41:47
7983,7983,553,UPI,Pending,992.52,2024-05-30 21:35:10
7984,7984,226,Net Banking,Failed,1191.85,2025-02-20 20:32:55
7985,7985,457,Credit Card,Success,3035.35,2025-01-26 11:04:45
7986,7986,572,Debit Card,Success,2096.78,2026-01-19 10:23:53
7987,7987,24,Net Banking,Success,3542.01,2024-12-11 14:50:19
7988,7988,222,Cash,Pending,3311.07,2024-09-25 05:03:38
7989,7989,819,Net Banking,Success,4786.28,2025-08-23 00:35:20
7990,7990,445,Debit Card,Pending,4627.11,2026-03-23 13:18:00
7991,7991,132,Net Banking,Failed,1296.15,2025-09-22 05:38:29
7992,7992,503,Net Banking,Failed,2338.39,2026-02-09 12:16:29
7993,7993,801,Net Banking,Pending,2167.8,2026-01-23 08:00:25
7994,7994,440,Cash,Pending,2347.2,2024-12-15 21:11:58
7995,7995,380,UPI,Failed,3753.7,2026-05-07 20:37:14
7996,7996,597,Debit Card,Success,3077.67,2025-08-08 02:59:54
7997,7997,724,Debit Card,Pending,1511.63,2026-02-21 10:24:40
7998,7998,439,Cash,Failed,3473.11,2026-04-05 16:08:04
7999,7999,728,Cash,Pending,3531.27,2025-05-16 17:33:42
8000,8000,317,Credit Card,Failed,4894.36,2025-04-02 10:26:20
8001,8001,260,UPI,Pending,2678.19,2024-09-15 10:36:58
8002,8002,419,UPI,Failed,190.09,2025-08-30 01:50:05
8003,8003,257,Credit Card,Pending,1110.36,2025-04-16 20:03:24
8004,8004,882,UPI,Success,3235.2,2024-11-05 03:19:55
8005,8005,655,UPI,Failed,2117.61,2025-02-14 03:55:18
8006,8006,16,Debit Card,Pending,2960.64,2024-10-03 01:01:33
8007,8007,49,UPI,Success,2263.56,2025-09-10 02:35:46
8008,8008,232,Debit Card,Success,4093.93,2025-10-15 08:38:39
8009,8009,735,Cash,Success,2651.16,2025-04-22 19:42:39
8010,8010,341,Cash,Pending,4455.36,2025-10-08 16:48:48
8011,8011,904,Net Banking,Success,789.96,2024-12-27 14:47:45
8012,8012,403,Net Banking,Success,2664.62,2024-12-31 11:21:38
8013,8013,299,Cash,Success,304.29,2025-07-24 23:47:53
8014,8014,654,Net Banking,Success,4008.14,2024-11-11 18:11:25
8015,8015,941,UPI,Success,2431.7,2025-07-28 04:24:00
8016,8016,863,Credit Card,Pending,4994.55,2026-02-12 09:06:51
8017,8017,402,Debit Card,Failed,2775.93,2025-12-19 20:19:21
8018,8018,760,Debit Card,Pending,776.93,2024-08-12 07:40:47
8019,8019,213,UPI,Failed,2133.0,2025-10-01 12:50:01
8020,8020,778,Net Banking,Success,3968.66,2025-05-18 10:53:48
8021,8021,933,Credit Card,Pending,1133.99,2025-08-16 09:47:51
8022,8022,165,Net Banking,Pending,3147.13,2024-07-23 04:39:06
8023,8023,907,Cash,Pending,1860.9,2025-09-01 15:21:01
8024,8024,51,UPI,Pending,2974.75,2025-04-28 00:43:52
8025,8025,46,Debit Card,Pending,3970.48,2024-10-23 21:13:13
8026,8026,131,Debit Card,Failed,833.84,2026-01-20 14:23:51
8027,8027,444,Net Banking,Success,656.57,2026-04-17 09:21:52
8028,8028,56,Debit Card,Pending,1211.48,2026-05-08 13:16:38
8029,8029,654,Credit Card,Pending,2009.88,2025-07-18 19:36:44
8030,8030,708,Net Banking,Failed,3989.13,2025-11-05 21:49:05
8031,8031,244,Cash,Failed,1109.15,2024-10-11 10:33:58
8032,8032,678,Net Banking,Success,1155.07,2025-11-08 09:59:38
8033,8033,608,Credit Card,Failed,1624.74,2024-07-10 06:39:05
8034,8034,67,Debit Card,Pending,2126.26,2024-10-26 10:38:24
8035,8035,597,Credit Card,Pending,3351.2,2024-11-28 18:17:40
8036,8036,728,UPI,Pending,836.62,2025-03-16 05:31:04
8037,8037,775,Net Banking,Success,784.36,2024-12-30 21:26:38
8038,8038,987,Cash,Success,4670.83,2025-10-16 10:25:00
8039,8039,167,Cash,Success,1320.5,2024-12-20 09:24:35
8040,8040,149,Credit Card,Pending,3991.74,2025-08-16 18:00:34
8041,8041,556,Debit Card,Pending,1315.38,2025-09-18 17:30:41
8042,8042,839,UPI,Success,3082.92,2024-06-16 10:14:24
8043,8043,793,UPI,Pending,3302.49,2025-11-30 23:18:28
8044,8044,64,Cash,Success,2955.74,2024-12-21 21:23:19
8045,8045,213,UPI,Failed,723.39,2026-02-24 18:50:38
8046,8046,7,Net Banking,Pending,4668.8,2026-05-01 18:39:12
8047,8047,546,Credit Card,Success,2088.69,2026-01-17 20:29:09
8048,8048,317,Debit Card,Pending,4765.76,2025-09-12 14:20:30
8049,8049,486,Cash,Success,2238.58,2025-10-09 03:48:57
8050,8050,796,Credit Card,Pending,1651.89,2024-07-31 23:49:05
8051,8051,321,Credit Card,Pending,3747.56,2024-12-16 17:13:38
8052,8052,318,Credit Card,Pending,756.05,2025-04-30 12:42:30
8053,8053,938,Credit Card,Failed,2477.34,2024-09-26 04:32:47
8054,8054,165,Cash,Failed,2213.36,2026-04-15 19:15:08
8055,8055,745,Net Banking,Failed,1137.42,2025-10-31 02:49:02
8056,8056,904,Debit Card,Failed,839.74,2024-08-14 00:46:35
8057,8057,622,Net Banking,Success,4396.62,2025-02-14 02:50:55
8058,8058,269,UPI,Failed,3241.57,2025-03-21 17:44:08
8059,8059,428,Credit Card,Failed,3429.67,2025-01-16 13:28:55
8060,8060,247,Net Banking,Success,3006.39,2025-03-19 11:22:52
8061,8061,549,Credit Card,Pending,4784.57,2024-12-07 11:40:31
8062,8062,899,UPI,Pending,851.52,2025-08-23 07:57:24
8063,8063,108,Net Banking,Success,2122.32,2025-02-08 16:16:31
8064,8064,583,UPI,Pending,1294.93,2025-02-17 04:41:51
8065,8065,424,UPI,Pending,3024.67,2025-02-16 16:57:48
8066,8066,534,Debit Card,Success,1166.2,2026-05-05 19:53:03
8067,8067,957,Credit Card,Pending,1014.24,2024-06-04 21:04:22
8068,8068,165,Credit Card,Failed,537.66,2025-03-28 10:40:23
8069,8069,390,Credit Card,Failed,3775.9,2024-12-04 14:02:09
8070,8070,429,Debit Card,Success,1018.66,2025-08-22 05:20:11
8071,8071,167,Net Banking,Success,3442.74,2025-08-11 20:42:07
8072,8072,104,Cash,Failed,925.44,2024-10-05 20:49:49
8073,8073,163,Credit Card,Pending,4490.98,2024-07-22 05:21:34
8074,8074,596,Cash,Failed,802.65,2026-01-30 11:30:50
8075,8075,907,Cash,Failed,56.38,2024-09-07 05:04:44
8076,8076,27,Net Banking,Failed,430.18,2024-10-01 21:13:05
8077,8077,273,Credit Card,Failed,3878.99,2025-12-04 00:12:43
8078,8078,150,Net Banking,Failed,1756.69,2025-09-26 02:46:32
8079,8079,500,Credit Card,Pending,692.94,2026-05-20 11:04:00
8080,8080,16,UPI,Success,4584.22,2026-03-01 09:20:15
8081,8081,740,UPI,Failed,1699.68,2024-11-06 07:59:29
8082,8082,643,Credit Card,Success,1347.32,2026-03-09 15:08:53
8083,8083,391,Debit Card,Failed,3852.52,2026-01-31 20:31:19
8084,8084,145,Debit Card,Failed,1160.62,2024-08-30 12:12:00
8085,8085,119,Credit Card,Failed,833.11,2026-04-19 03:29:09
8086,8086,20,Net Banking,Pending,4654.03,2025-01-30 14:41:27
8087,8087,230,Cash,Failed,941.18,2026-03-13 02:36:46
8088,8088,373,UPI,Failed,4599.99,2025-01-29 00:43:04
8089,8089,713,UPI,Failed,1961.17,2025-06-05 04:23:30
8090,8090,922,Cash,Failed,2476.74,2024-10-04 04:13:48
8091,8091,902,Cash,Pending,60.58,2025-02-25 10:55:57
8092,8092,776,Debit Card,Pending,4432.7,2024-09-25 23:17:52
8093,8093,861,UPI,Success,1136.46,2026-01-31 09:51:48
8094,8094,477,Credit Card,Failed,152.69,2025-07-15 13:00:47
8095,8095,656,Debit Card,Failed,4337.99,2025-03-09 15:15:38
8096,8096,423,Credit Card,Pending,2472.15,2025-09-03 15:25:37
8097,8097,734,Cash,Failed,3001.88,2025-04-22 11:03:36
8098,8098,859,Cash,Failed,66.42,2026-02-07 04:43:40
8099,8099,611,Net Banking,Failed,4455.08,2025-05-11 10:50:25
8100,8100,287,Credit Card,Failed,3506.97,2025-02-25 22:05:27
8101,8101,349,Net Banking,Pending,3081.88,2025-11-11 06:58:03
8102,8102,931,Credit Card,Pending,3704.04,2024-07-09 05:42:16
8103,8103,921,Debit Card,Success,1366.07,2025-03-18 13:23:55
8104,8104,348,Net Banking,Failed,4203.99,2025-03-21 17:18:05
8105,8105,504,UPI,Success,1873.44,2026-02-21 15:42:11
8106,8106,758,UPI,Success,2734.77,2025-09-17 09:21:12
8107,8107,525,Net Banking,Success,3634.83,2025-07-25 13:25:41
8108,8108,814,Credit Card,Failed,170.69,2025-10-28 01:24:02
8109,8109,272,Debit Card,Pending,1553.5,2024-06-13 12:23:49
8110,8110,651,Debit Card,Pending,2140.25,2024-07-10 09:53:25
8111,8111,827,Credit Card,Success,470.36,2025-03-15 08:00:00
8112,8112,523,Debit Card,Success,2571.01,2026-04-20 11:54:53
8113,8113,739,Credit Card,Failed,644.12,2025-01-30 15:45:10
8114,8114,896,Cash,Success,1403.27,2025-01-23 19:17:33
8115,8115,209,Credit Card,Failed,1735.48,2024-12-31 05:05:01
8116,8116,797,UPI,Failed,378.55,2025-06-27 06:26:15
8117,8117,66,Credit Card,Pending,1361.54,2024-10-21 12:28:59
8118,8118,621,UPI,Pending,1749.92,2025-10-31 09:13:45
8119,8119,102,UPI,Pending,1222.54,2025-12-18 23:21:36
8120,8120,584,Cash,Pending,788.0,2026-03-07 16:36:14
8121,8121,632,UPI,Success,519.1,2026-02-09 02:47:14
8122,8122,6,Debit Card,Success,1697.28,2026-02-09 10:42:25
8123,8123,924,Cash,Pending,4103.78,2025-03-28 03:55:41
8124,8124,189,UPI,Failed,1104.14,2026-01-21 02:57:53
8125,8125,387,UPI,Failed,4677.61,2026-01-31 22:50:25
8126,8126,358,Cash,Failed,319.34,2024-10-22 13:33:21
8127,8127,631,Debit Card,Success,1353.39,2025-01-10 07:18:37
8128,8128,967,Debit Card,Success,379.83,2025-03-11 15:01:54
8129,8129,818,Debit Card,Pending,3446.09,2024-10-21 19:08:51
8130,8130,620,Net Banking,Failed,1223.43,2024-10-08 21:07:40
8131,8131,680,Credit Card,Pending,3643.12,2024-12-04 02:56:41
8132,8132,412,Cash,Pending,721.75,2024-08-03 23:33:24
8133,8133,362,Net Banking,Success,1630.58,2025-10-24 14:53:52
8134,8134,791,Credit Card,Success,2738.53,2024-10-28 08:36:55
8135,8135,886,Cash,Pending,2250.54,2025-01-24 13:46:49
8136,8136,252,Debit Card,Pending,908.92,2025-10-20 10:05:26
8137,8137,614,Cash,Pending,2158.45,2025-05-16 16:50:23
8138,8138,427,UPI,Pending,4897.15,2024-07-05 18:40:20
8139,8139,551,Credit Card,Success,150.94,2026-01-28 16:29:38
8140,8140,129,Cash,Success,1036.66,2025-08-21 08:12:38
8141,8141,339,Credit Card,Pending,3761.46,2026-03-12 10:26:57
8142,8142,118,UPI,Success,4666.37,2025-12-14 04:00:56
8143,8143,144,Debit Card,Failed,3397.84,2024-09-11 18:41:32
8144,8144,46,Net Banking,Success,2945.07,2024-10-07 10:13:59
8145,8145,102,Net Banking,Pending,1398.85,2024-12-13 08:56:37
8146,8146,808,Credit Card,Failed,3588.6,2026-05-12 11:22:23
8147,8147,974,Debit Card,Failed,4495.79,2024-09-18 21:16:56
8148,8148,864,Credit Card,Pending,4336.94,2025-05-24 15:23:32
8149,8149,397,UPI,Success,4250.72,2024-07-08 01:19:07
8150,8150,602,Credit Card,Pending,1965.88,2026-04-06 05:12:06
8151,8151,39,Net Banking,Pending,4120.52,2025-03-12 06:13:08
8152,8152,152,UPI,Success,3249.07,2025-11-18 17:33:51
8153,8153,525,UPI,Success,3226.41,2024-12-01 13:36:50
8154,8154,642,Net Banking,Pending,3053.03,2024-06-22 17:19:06
8155,8155,701,Credit Card,Success,231.12,2025-05-31 08:09:10
8156,8156,891,Net Banking,Pending,1849.51,2025-04-09 21:53:47
8157,8157,843,UPI,Failed,4602.37,2025-11-29 13:38:34
8158,8158,465,Debit Card,Pending,139.68,2026-03-02 03:26:39
8159,8159,850,UPI,Success,1324.64,2026-02-12 18:39:05
8160,8160,171,Credit Card,Failed,4835.66,2025-06-03 12:31:56
8161,8161,775,UPI,Pending,2062.93,2026-04-02 11:58:09
8162,8162,449,Cash,Pending,656.66,2026-04-15 17:18:32
8163,8163,590,Credit Card,Success,550.31,2026-03-12 14:29:48
8164,8164,352,Credit Card,Pending,2995.12,2025-05-16 08:12:02
8165,8165,427,Net Banking,Pending,3578.3,2025-12-06 11:21:49
8166,8166,610,UPI,Success,391.15,2025-09-24 11:00:34
8167,8167,988,Net Banking,Pending,4217.35,2025-06-23 16:27:48
8168,8168,4,Debit Card,Failed,1009.69,2024-07-20 21:19:05
8169,8169,335,Net Banking,Pending,365.6,2026-03-30 16:54:07
8170,8170,246,Net Banking,Success,3018.15,2026-04-10 23:36:59
8171,8171,98,Net Banking,Failed,3972.15,2025-08-09 16:01:39
8172,8172,250,Net Banking,Pending,3832.14,2025-11-01 09:04:07
8173,8173,177,Credit Card,Pending,4408.02,2024-09-01 10:08:28
8174,8174,142,UPI,Failed,3524.35,2025-10-17 12:48:01
8175,8175,201,Cash,Success,3585.76,2024-10-03 05:09:12
8176,8176,541,UPI,Success,3778.78,2025-12-07 15:10:59
8177,8177,764,UPI,Pending,4643.48,2025-01-07 17:11:51
8178,8178,382,Cash,Failed,89.71,2025-12-31 12:30:24
8179,8179,589,Debit Card,Failed,96.71,2025-06-06 01:42:31
8180,8180,377,Net Banking,Pending,3214.15,2026-01-26 13:26:50
8181,8181,599,Net Banking,Failed,1141.12,2025-11-13 01:35:37
8182,8182,265,Credit Card,Failed,1876.7,2025-12-19 14:50:04
8183,8183,189,UPI,Success,916.75,2025-02-08 03:26:25
8184,8184,998,Credit Card,Success,2654.97,2026-01-24 12:15:04
8185,8185,443,UPI,Success,2445.54,2024-11-22 09:00:13
8186,8186,287,Cash,Success,1776.27,2026-01-08 23:17:05
8187,8187,851,Debit Card,Failed,2025.83,2025-06-19 01:30:24
8188,8188,170,Cash,Failed,2956.72,2024-07-26 14:52:15
8189,8189,258,Net Banking,Pending,2975.55,2025-03-16 17:17:48
8190,8190,486,Debit Card,Success,3448.08,2025-11-25 03:22:04
8191,8191,470,Net Banking,Pending,2142.95,2025-10-25 17:56:31
8192,8192,877,Cash,Failed,4349.55,2026-05-11 13:06:06
8193,8193,658,UPI,Failed,600.66,2025-03-06 21:42:13
8194,8194,580,UPI,Success,2374.81,2024-11-06 10:46:50
8195,8195,737,Cash,Failed,1971.83,2025-05-03 00:06:06
8196,8196,552,Debit Card,Pending,913.8,2025-08-20 00:27:52
8197,8197,376,Net Banking,Failed,1300.39,2024-07-24 15:16:38
8198,8198,434,Debit Card,Pending,788.51,2024-06-21 19:19:08
8199,8199,503,Net Banking,Success,2661.53,2026-03-12 02:20:51
8200,8200,71,Net Banking,Failed,4314.53,2025-01-10 20:44:30
8201,8201,772,Cash,Failed,4309.38,2025-10-28 15:24:22
8202,8202,489,Debit Card,Failed,1888.49,2025-05-18 08:40:44
8203,8203,357,Debit Card,Pending,1473.52,2024-08-23 11:59:36
8204,8204,257,Credit Card,Success,1316.47,2024-11-27 10:43:38
8205,8205,959,Cash,Failed,1042.95,2025-11-19 19:27:55
8206,8206,604,Cash,Failed,2079.49,2026-02-09 21:33:54
8207,8207,105,Net Banking,Success,486.38,2024-06-13 23:43:17
8208,8208,25,Credit Card,Success,3185.04,2026-01-06 19:52:57
8209,8209,546,UPI,Failed,498.18,2025-07-26 04:26:09
8210,8210,652,Cash,Success,4668.25,2026-01-04 21:37:44
8211,8211,677,Debit Card,Success,3048.12,2025-07-26 11:15:41
8212,8212,633,Net Banking,Success,529.58,2025-02-22 11:36:39
8213,8213,372,UPI,Success,2168.44,2025-05-08 13:12:04
8214,8214,224,UPI,Pending,1711.28,2025-10-29 08:42:13
8215,8215,353,Credit Card,Pending,3114.46,2024-06-24 13:33:52
8216,8216,401,Net Banking,Failed,405.55,2025-09-24 10:37:00
8217,8217,643,Credit Card,Success,1117.68,2026-04-14 22:33:40
8218,8218,577,Cash,Pending,1214.12,2025-05-11 21:35:05
8219,8219,660,Net Banking,Pending,115.07,2024-08-17 17:18:23
8220,8220,765,Credit Card,Pending,629.11,2024-09-13 03:50:22
8221,8221,996,Credit Card,Failed,3197.38,2025-12-23 22:41:18
8222,8222,944,Debit Card,Pending,1503.09,2025-12-15 15:02:40
8223,8223,587,Credit Card,Pending,3144.83,2026-02-14 05:00:06
8224,8224,699,Debit Card,Failed,4262.25,2025-05-14 19:35:25
8225,8225,306,Net Banking,Pending,3294.29,2026-05-05 17:21:40
8226,8226,731,Cash,Success,3340.31,2025-10-31 03:30:23
8227,8227,134,Credit Card,Pending,3819.23,2024-07-21 19:58:40
8228,8228,391,Net Banking,Pending,1457.08,2026-03-08 00:17:51
8229,8229,643,Net Banking,Success,1846.77,2024-10-28 07:53:54
8230,8230,609,UPI,Failed,1902.53,2024-06-05 01:19:23
8231,8231,300,Cash,Success,2339.74,2026-02-13 21:48:24
8232,8232,60,UPI,Pending,2281.09,2025-01-06 22:35:09
8233,8233,316,UPI,Failed,2014.22,2026-01-11 03:08:39
8234,8234,200,Net Banking,Pending,2195.34,2025-12-22 11:03:25
8235,8235,728,Net Banking,Failed,4090.6,2025-12-13 23:26:16
8236,8236,977,Debit Card,Success,4070.98,2026-05-22 23:23:46
8237,8237,219,Debit Card,Success,2959.34,2026-01-13 16:28:40
8238,8238,942,Net Banking,Failed,164.01,2025-12-05 15:39:26
8239,8239,427,UPI,Pending,1176.25,2025-10-27 18:29:40
8240,8240,786,Debit Card,Success,37.21,2024-11-11 10:45:27
8241,8241,838,Net Banking,Pending,1215.16,2025-06-09 13:12:50
8242,8242,222,Credit Card,Failed,3784.87,2025-03-23 16:33:25
8243,8243,376,Credit Card,Success,1737.57,2026-01-21 16:50:12
8244,8244,621,Net Banking,Success,2540.7,2024-08-30 02:51:02
8245,8245,74,Cash,Failed,4001.81,2026-02-18 10:51:01
8246,8246,34,Debit Card,Success,4516.6,2025-03-17 17:06:11
8247,8247,610,UPI,Failed,4110.74,2026-03-31 19:58:45
8248,8248,293,Cash,Pending,476.84,2025-05-26 11:38:13
8249,8249,965,UPI,Failed,3869.81,2025-08-25 05:06:40
8250,8250,225,Net Banking,Success,3473.38,2025-10-20 03:00:57
8251,8251,165,UPI,Success,1484.48,2025-07-16 03:35:55
8252,8252,289,Credit Card,Failed,196.87,2025-02-19 14:07:46
8253,8253,649,Cash,Failed,1191.96,2025-01-31 02:15:40
8254,8254,182,Debit Card,Success,4774.24,2024-06-04 06:36:02
8255,8255,730,Cash,Success,657.85,2026-03-12 13:40:01
8256,8256,609,Credit Card,Failed,2759.91,2024-07-03 09:06:59
8257,8257,369,Net Banking,Pending,3787.07,2025-11-19 12:22:51
8258,8258,269,Debit Card,Failed,2245.24,2024-12-01 17:46:58
8259,8259,330,Net Banking,Pending,3371.63,2024-06-23 14:48:25
8260,8260,157,UPI,Success,221.89,2025-06-15 17:45:53
8261,8261,31,Credit Card,Pending,2446.05,2025-03-25 19:18:06
8262,8262,745,Cash,Success,3133.3,2024-11-30 09:16:51
8263,8263,179,Net Banking,Failed,959.72,2026-04-20 04:53:35
8264,8264,351,Debit Card,Success,2607.18,2024-10-22 21:44:31
8265,8265,687,Net Banking,Success,4355.27,2024-12-07 15:33:58
8266,8266,96,Net Banking,Failed,2403.94,2025-05-04 11:06:06
8267,8267,321,Net Banking,Failed,685.51,2026-05-13 19:06:07
8268,8268,616,Credit Card,Pending,407.81,2025-07-14 08:39:30
8269,8269,221,Debit Card,Success,2444.28,2025-12-09 16:08:29
8270,8270,791,Debit Card,Pending,3040.57,2024-07-22 15:20:17
8271,8271,488,Debit Card,Pending,3456.87,2024-12-17 20:36:59
8272,8272,693,Cash,Failed,3995.57,2025-05-19 16:31:55
8273,8273,545,UPI,Failed,1488.81,2024-06-17 23:47:14
8274,8274,899,Credit Card,Failed,4959.07,2025-12-13 17:59:59
8275,8275,972,Debit Card,Pending,2614.13,2025-01-28 02:47:40
8276,8276,902,Cash,Pending,182.19,2025-10-04 21:51:49
8277,8277,217,Credit Card,Pending,819.33,2026-01-08 11:43:53
8278,8278,385,Credit Card,Success,4686.0,2025-12-29 09:16:11
8279,8279,685,Cash,Pending,1829.89,2025-03-02 08:16:00
8280,8280,450,Cash,Success,3530.32,2025-11-18 09:51:10
8281,8281,684,Cash,Success,2749.72,2025-04-28 11:35:26
8282,8282,837,Debit Card,Failed,1585.04,2025-03-26 12:26:47
8283,8283,147,Credit Card,Pending,3283.59,2024-09-18 23:15:57
8284,8284,37,UPI,Failed,2790.15,2024-07-18 16:17:48
8285,8285,661,Net Banking,Pending,1816.71,2025-06-08 13:08:14
8286,8286,437,Net Banking,Success,2544.69,2024-07-14 14:31:49
8287,8287,732,UPI,Pending,1812.22,2026-03-09 23:09:37
8288,8288,343,Debit Card,Success,3328.7,2025-05-28 10:49:19
8289,8289,674,Net Banking,Pending,519.71,2024-09-20 13:27:07
8290,8290,828,UPI,Pending,226.98,2026-01-22 10:02:21
8291,8291,180,Cash,Success,3292.88,2024-08-03 17:48:33
8292,8292,589,Cash,Failed,1059.45,2024-06-13 07:44:00
8293,8293,909,Net Banking,Pending,620.43,2024-09-12 22:17:14
8294,8294,343,UPI,Failed,4744.41,2024-12-20 21:52:22
8295,8295,17,Credit Card,Failed,3324.26,2025-10-04 10:04:46
8296,8296,117,Debit Card,Pending,4693.73,2025-07-20 05:28:16
8297,8297,770,Cash,Pending,4463.87,2025-01-16 18:34:41
8298,8298,39,Credit Card,Pending,1606.65,2025-01-14 22:00:15
8299,8299,386,Debit Card,Pending,2366.1,2025-12-25 23:35:19
8300,8300,648,UPI,Pending,4021.52,2025-01-18 15:41:33
8301,8301,90,UPI,Pending,286.8,2026-05-14 12:02:48
8302,8302,915,UPI,Success,2088.36,2025-05-04 02:26:37
8303,8303,400,Net Banking,Success,3509.45,2026-02-11 09:01:47
8304,8304,959,Cash,Pending,808.17,2025-12-13 18:50:37
8305,8305,464,Debit Card,Success,4904.89,2024-07-28 18:02:47
8306,8306,89,Net Banking,Success,2064.02,2026-03-06 18:50:04
8307,8307,576,UPI,Pending,3323.2,2025-11-30 16:13:33
8308,8308,117,UPI,Success,1503.37,2025-09-10 04:20:33
8309,8309,467,Credit Card,Pending,3603.69,2025-04-06 19:02:39
8310,8310,51,Debit Card,Failed,2158.76,2026-01-23 13:55:57
8311,8311,402,Debit Card,Success,3291.83,2025-07-23 05:27:15
8312,8312,615,Net Banking,Failed,1116.84,2025-08-16 13:55:44
8313,8313,546,Credit Card,Pending,1706.98,2026-04-23 09:44:08
8314,8314,750,Credit Card,Pending,2538.32,2024-11-21 05:52:32
8315,8315,907,Net Banking,Failed,1969.17,2026-01-29 06:42:35
8316,8316,265,UPI,Failed,1301.01,2024-12-03 00:08:21
8317,8317,458,UPI,Pending,1397.15,2025-08-11 23:22:29
8318,8318,457,UPI,Success,2207.7,2024-12-23 05:56:10
8319,8319,965,Debit Card,Success,4126.41,2024-10-12 01:03:26
8320,8320,449,Net Banking,Pending,1813.31,2025-12-25 18:09:50
8321,8321,481,Credit Card,Failed,4712.81,2025-02-20 15:46:53
8322,8322,372,Cash,Pending,4121.17,2025-08-24 09:01:16
8323,8323,181,Net Banking,Failed,1850.41,2025-01-09 10:18:26
8324,8324,11,Debit Card,Success,3115.83,2026-01-08 10:58:03
8325,8325,682,UPI,Failed,881.18,2026-01-10 15:11:46
8326,8326,650,Net Banking,Failed,3956.27,2026-01-25 17:00:35
8327,8327,993,Net Banking,Failed,1373.1,2025-07-02 00:33:24
8328,8328,247,Net Banking,Success,2210.73,2024-12-03 04:11:10
8329,8329,472,Debit Card,Failed,1985.83,2026-04-08 00:49:02
8330,8330,203,Credit Card,Pending,4004.71,2024-12-20 20:59:22
8331,8331,518,Net Banking,Pending,2817.42,2025-01-01 20:30:11
8332,8332,729,Cash,Failed,4467.72,2026-01-08 11:39:02
8333,8333,800,Credit Card,Pending,3882.29,2026-05-03 22:23:02
8334,8334,701,Credit Card,Success,761.45,2025-12-21 23:34:09
8335,8335,861,Cash,Success,1586.61,2025-06-09 22:48:03
8336,8336,448,Net Banking,Success,4656.36,2024-07-26 08:55:05
8337,8337,136,Cash,Failed,937.93,2025-07-20 18:50:53
8338,8338,477,Debit Card,Failed,4886.21,2024-08-16 11:25:02
8339,8339,701,UPI,Success,2745.92,2025-02-14 19:38:24
8340,8340,481,Cash,Pending,109.93,2024-11-01 23:54:00
8341,8341,947,UPI,Failed,2560.33,2026-03-20 10:38:13
8342,8342,990,Credit Card,Success,3228.44,2025-02-08 14:00:33
8343,8343,328,Credit Card,Failed,4493.97,2025-11-03 15:45:16
8344,8344,661,Debit Card,Failed,931.47,2024-07-09 10:15:52
8345,8345,959,Cash,Success,1147.82,2025-05-25 13:53:08
8346,8346,235,Net Banking,Success,3750.03,2025-02-26 17:12:51
8347,8347,151,Credit Card,Success,1698.13,2025-07-07 12:38:51
8348,8348,188,Debit Card,Success,4082.97,2025-09-30 17:43:15
8349,8349,195,UPI,Failed,4294.61,2025-05-31 20:25:11
8350,8350,135,Cash,Success,2329.14,2025-11-09 16:43:52
8351,8351,113,Credit Card,Failed,1178.21,2024-11-06 00:44:36
8352,8352,47,Credit Card,Failed,2128.61,2025-10-29 19:58:53
8353,8353,903,Debit Card,Failed,1118.97,2025-03-13 04:21:22
8354,8354,158,Net Banking,Pending,3985.15,2025-06-11 07:24:15
8355,8355,690,Cash,Failed,1458.72,2026-03-27 14:54:16
8356,8356,799,UPI,Failed,3895.39,2024-10-09 07:19:31
8357,8357,188,UPI,Failed,4216.68,2024-07-03 11:29:13
8358,8358,743,Cash,Failed,1012.65,2025-03-12 18:28:23
8359,8359,397,UPI,Failed,4471.12,2025-08-08 06:19:12
8360,8360,509,UPI,Failed,3987.22,2025-09-09 11:35:38
8361,8361,731,Net Banking,Success,2298.64,2024-09-16 03:19:13
8362,8362,597,UPI,Success,3639.46,2026-01-30 08:28:11
8363,8363,892,Debit Card,Pending,989.87,2024-12-28 15:02:18
8364,8364,69,Net Banking,Success,4957.26,2024-11-07 03:16:18
8365,8365,126,Net Banking,Failed,346.5,2024-09-18 21:06:21
8366,8366,727,Debit Card,Failed,3517.4,2026-05-14 21:50:58
8367,8367,730,Net Banking,Pending,3364.61,2024-11-08 07:51:04
8368,8368,894,Cash,Success,2249.26,2025-01-13 08:49:30
8369,8369,751,UPI,Failed,3173.42,2025-06-25 05:25:39
8370,8370,242,Net Banking,Pending,2053.01,2024-08-30 15:26:18
8371,8371,39,Cash,Failed,2071.39,2025-05-11 13:59:11
8372,8372,109,UPI,Failed,2371.94,2024-07-14 05:09:53
8373,8373,165,Cash,Pending,3637.41,2024-09-28 04:04:19
8374,8374,277,Net Banking,Failed,935.4,2025-02-23 15:52:45
8375,8375,450,Cash,Pending,4059.92,2025-06-11 00:12:26
8376,8376,956,Debit Card,Pending,3436.43,2025-04-27 13:24:03
8377,8377,784,Credit Card,Failed,4265.66,2025-10-26 14:29:21
8378,8378,789,Debit Card,Success,3792.95,2025-08-21 18:36:41
8379,8379,241,Net Banking,Success,566.37,2025-06-15 22:34:42
8380,8380,714,UPI,Success,901.1,2024-10-04 21:08:44
8381,8381,753,Net Banking,Failed,1297.28,2025-06-23 14:45:48
8382,8382,356,Debit Card,Success,2701.93,2025-07-25 16:50:03
8383,8383,852,Credit Card,Pending,1282.27,2025-12-16 16:35:36
8384,8384,395,Net Banking,Failed,1534.28,2026-04-23 05:48:08
8385,8385,589,Net Banking,Success,3710.58,2025-07-02 17:52:41
8386,8386,744,UPI,Success,220.5,2025-07-28 15:16:36
8387,8387,664,Net Banking,Success,3757.64,2025-04-21 18:56:43
8388,8388,139,UPI,Success,892.84,2025-11-07 23:17:10
8389,8389,868,Cash,Success,4637.44,2024-07-25 02:21:29
8390,8390,27,Debit Card,Failed,3756.9,2025-12-15 19:42:39
8391,8391,782,Debit Card,Pending,745.48,2025-02-14 19:44:17
8392,8392,339,Cash,Failed,2057.41,2025-08-19 18:58:59
8393,8393,740,UPI,Success,2157.84,2024-10-31 09:29:05
8394,8394,883,Credit Card,Failed,261.22,2025-03-15 02:43:40
8395,8395,862,Debit Card,Failed,2173.99,2024-11-16 14:23:49
8396,8396,848,UPI,Failed,1360.42,2025-10-23 00:21:04
8397,8397,904,UPI,Failed,2811.72,2024-08-05 17:12:07
8398,8398,760,Credit Card,Pending,1934.57,2024-12-06 00:49:34
8399,8399,163,Net Banking,Pending,1862.02,2024-06-26 05:47:42
8400,8400,458,UPI,Failed,638.45,2025-03-31 02:12:25
8401,8401,549,Debit Card,Pending,1420.7,2025-01-07 23:06:35
8402,8402,459,Cash,Pending,1240.34,2025-01-30 00:10:28
8403,8403,138,Net Banking,Pending,1853.21,2024-06-19 20:21:35
8404,8404,766,Net Banking,Failed,2731.37,2026-04-22 13:34:32
8405,8405,14,Cash,Pending,4622.26,2025-03-26 01:32:21
8406,8406,752,Debit Card,Success,4627.17,2024-10-06 13:40:35
8407,8407,705,Credit Card,Success,1596.05,2025-03-12 14:35:53
8408,8408,34,Credit Card,Pending,4895.62,2024-11-04 01:55:47
8409,8409,596,Cash,Pending,2482.86,2024-07-16 05:29:14
8410,8410,118,Credit Card,Failed,2489.38,2025-01-17 00:49:09
8411,8411,445,Credit Card,Failed,1154.15,2025-01-30 18:11:52
8412,8412,890,Net Banking,Failed,3510.32,2025-09-03 01:32:17
8413,8413,137,Net Banking,Success,412.1,2024-09-25 18:55:35
8414,8414,614,Net Banking,Failed,2382.29,2026-04-08 18:36:11
8415,8415,670,Credit Card,Success,905.3,2025-02-24 14:09:16
8416,8416,835,Debit Card,Pending,349.72,2024-11-18 10:52:53
8417,8417,280,Net Banking,Success,166.31,2024-08-21 04:41:50
8418,8418,916,Net Banking,Failed,300.71,2025-07-28 11:30:16
8419,8419,555,Debit Card,Pending,3298.42,2024-12-29 01:41:16
8420,8420,353,Credit Card,Failed,3813.62,2026-05-09 13:11:15
8421,8421,2,Debit Card,Success,4245.05,2025-08-10 19:14:32
8422,8422,117,Credit Card,Failed,2608.86,2026-01-31 03:28:25
8423,8423,86,Cash,Success,3874.99,2025-06-10 01:06:46
8424,8424,208,Credit Card,Failed,2226.98,2025-11-28 21:25:02
8425,8425,76,UPI,Pending,440.59,2024-05-29 23:47:41
8426,8426,415,Credit Card,Success,4513.41,2025-09-07 10:34:41
8427,8427,160,UPI,Failed,2542.58,2026-02-02 21:33:20
8428,8428,798,Debit Card,Pending,1566.26,2026-02-22 04:40:38
8429,8429,758,UPI,Pending,490.96,2026-03-17 09:47:08
8430,8430,8,Cash,Success,3030.69,2025-01-14 14:26:25
8431,8431,916,Credit Card,Success,1167.66,2026-02-14 12:07:27
8432,8432,385,Cash,Failed,920.85,2026-04-10 01:44:42
8433,8433,492,UPI,Success,3732.7,2026-01-07 21:39:48
8434,8434,895,Cash,Success,1879.0,2025-05-03 20:41:45
8435,8435,305,Cash,Success,4268.82,2025-01-14 17:55:11
8436,8436,697,Debit Card,Success,4627.64,2024-09-22 00:25:11
8437,8437,996,Net Banking,Success,2442.76,2024-12-03 16:54:11
8438,8438,300,UPI,Failed,753.31,2024-07-14 01:25:21
8439,8439,307,Debit Card,Success,3313.43,2026-03-06 01:55:56
8440,8440,891,Net Banking,Failed,4635.12,2024-06-25 01:36:38
8441,8441,591,Debit Card,Pending,3813.86,2025-05-11 03:29:48
8442,8442,76,Cash,Failed,59.44,2026-04-11 22:18:10
8443,8443,902,Cash,Failed,4290.32,2025-07-30 12:32:56
8444,8444,796,UPI,Success,51.05,2024-12-02 06:50:49
8445,8445,364,UPI,Success,1532.87,2024-12-10 04:30:59
8446,8446,209,Credit Card,Failed,4997.58,2024-12-17 12:47:55
8447,8447,116,Debit Card,Failed,2533.05,2024-10-29 03:32:51
8448,8448,141,Cash,Success,2928.28,2025-11-16 00:32:27
8449,8449,197,Credit Card,Success,3891.31,2024-07-21 05:37:52
8450,8450,277,Net Banking,Pending,3139.92,2025-11-23 00:55:51
8451,8451,263,Debit Card,Pending,148.74,2025-12-14 00:16:14
8452,8452,194,Cash,Success,2479.52,2025-11-04 21:18:10
8453,8453,235,Cash,Success,4936.46,2024-09-13 12:58:06
8454,8454,789,Credit Card,Failed,3245.34,2026-03-10 03:23:36
8455,8455,122,UPI,Pending,2705.98,2025-11-02 18:35:48
8456,8456,192,Cash,Failed,1823.94,2024-06-04 11:16:43
8457,8457,573,UPI,Pending,3263.67,2026-05-06 19:33:15
8458,8458,987,Net Banking,Failed,4686.88,2026-03-02 14:10:02
8459,8459,680,Net Banking,Failed,1264.57,2025-01-11 22:39:34
8460,8460,651,Net Banking,Failed,4848.02,2025-02-25 12:11:04
8461,8461,336,Debit Card,Failed,3068.7,2024-11-10 05:50:20
8462,8462,478,UPI,Failed,1745.35,2025-08-01 00:18:42
8463,8463,677,Net Banking,Pending,581.91,2024-10-17 00:22:51
8464,8464,912,Debit Card,Failed,2449.71,2025-06-28 20:16:04
8465,8465,634,Net Banking,Success,2787.46,2024-06-18 21:52:00
8466,8466,58,Credit Card,Success,2825.85,2024-08-18 01:34:06
8467,8467,810,UPI,Pending,976.2,2024-07-16 14:27:52
8468,8468,975,Debit Card,Failed,4049.74,2026-04-09 02:52:54
8469,8469,1,Cash,Success,686.33,2026-01-01 06:45:01
8470,8470,852,Credit Card,Failed,43.61,2025-10-30 02:16:38
8471,8471,376,Net Banking,Pending,3574.15,2026-03-07 15:18:47
8472,8472,315,Credit Card,Failed,3421.06,2026-03-13 19:17:34
8473,8473,161,Credit Card,Failed,219.8,2025-11-25 00:36:10
8474,8474,798,Debit Card,Pending,638.98,2024-09-22 05:38:47
8475,8475,792,Cash,Pending,3178.73,2025-08-18 12:05:01
8476,8476,107,Cash,Failed,1104.57,2026-04-02 15:23:01
8477,8477,417,UPI,Pending,3508.18,2025-01-14 13:06:56
8478,8478,891,UPI,Failed,2735.44,2026-05-09 17:05:07
8479,8479,358,Debit Card,Pending,2357.43,2025-04-05 17:28:04
8480,8480,129,Net Banking,Success,3170.55,2025-04-25 18:03:07
8481,8481,98,Cash,Pending,1336.09,2025-01-14 19:37:21
8482,8482,598,Cash,Success,3295.42,2025-04-27 20:31:12
8483,8483,232,Debit Card,Success,4974.36,2025-06-12 09:10:17
8484,8484,690,Credit Card,Success,4076.58,2025-08-18 15:02:33
8485,8485,875,Net Banking,Failed,2129.91,2025-10-14 23:23:37
8486,8486,445,Net Banking,Failed,4956.77,2024-08-11 05:48:00
8487,8487,900,Credit Card,Success,4240.02,2024-09-08 11:21:16
8488,8488,124,Credit Card,Success,1997.5,2024-12-08 10:16:43
8489,8489,582,Net Banking,Failed,1942.84,2024-07-07 04:16:22
8490,8490,929,UPI,Pending,842.7,2024-11-17 20:46:30
8491,8491,392,Debit Card,Failed,3281.47,2024-07-15 03:30:37
8492,8492,780,Net Banking,Pending,2448.68,2024-06-09 06:34:50
8493,8493,255,Cash,Pending,837.98,2025-03-01 13:57:42
8494,8494,163,Credit Card,Pending,1297.92,2024-09-29 07:50:07
8495,8495,8,Credit Card,Failed,3296.88,2026-05-23 03:29:32
8496,8496,537,Net Banking,Failed,2778.06,2024-09-12 20:15:12
8497,8497,668,Credit Card,Pending,3979.19,2025-05-12 20:51:45
8498,8498,40,Debit Card,Pending,3796.78,2025-11-20 19:57:51
8499,8499,193,UPI,Success,3739.71,2025-04-19 11:38:42
8500,8500,603,Debit Card,Success,1516.98,2025-08-12 19:56:11
8501,8501,529,UPI,Success,2104.5,2026-01-12 03:53:09
8502,8502,902,Net Banking,Failed,3775.61,2024-12-16 00:35:28
8503,8503,636,Debit Card,Failed,3508.5,2025-11-06 02:28:29
8504,8504,692,Net Banking,Success,3505.84,2025-07-21 18:06:47
8505,8505,96,Credit Card,Failed,2901.02,2025-07-17 00:18:33
8506,8506,717,Net Banking,Success,652.7,2026-02-21 13:07:09
8507,8507,707,Credit Card,Pending,1860.58,2024-09-01 19:40:19
8508,8508,726,UPI,Success,3726.77,2025-04-12 12:35:12
8509,8509,194,UPI,Success,4263.28,2025-12-16 21:42:35
8510,8510,899,UPI,Success,1961.86,2026-04-09 08:04:14
8511,8511,92,UPI,Failed,2757.92,2024-10-04 16:54:55
8512,8512,153,Debit Card,Success,2483.12,2026-01-25 23:28:04
8513,8513,563,UPI,Pending,4713.7,2025-12-10 05:37:42
8514,8514,252,Cash,Failed,2806.3,2025-02-27 07:19:29
8515,8515,844,Credit Card,Pending,3587.75,2026-02-28 20:26:00
8516,8516,845,UPI,Failed,127.96,2025-11-29 16:31:58
8517,8517,639,Cash,Pending,203.44,2026-01-02 15:35:17
8518,8518,909,Credit Card,Pending,1361.46,2026-01-27 19:40:35
8519,8519,290,Cash,Success,4905.17,2026-03-26 19:28:30
8520,8520,235,UPI,Success,748.75,2025-05-12 02:29:23
8521,8521,801,Debit Card,Pending,1089.36,2025-06-18 14:31:24
8522,8522,211,Cash,Success,1650.09,2026-01-02 23:14:50
8523,8523,313,UPI,Failed,957.8,2025-02-07 17:57:22
8524,8524,93,Credit Card,Pending,4509.01,2025-04-06 17:46:39
8525,8525,859,Net Banking,Success,3549.88,2026-02-28 05:38:23
8526,8526,96,Net Banking,Success,1728.41,2025-03-25 02:19:06
8527,8527,182,Debit Card,Pending,4025.67,2024-11-29 04:03:14
8528,8528,732,UPI,Pending,1060.64,2025-05-18 21:53:51
8529,8529,655,Credit Card,Failed,2269.94,2024-09-09 04:56:54
8530,8530,637,Debit Card,Success,3834.98,2024-06-11 22:09:39
8531,8531,956,Net Banking,Pending,2859.57,2024-10-04 02:28:36
8532,8532,749,UPI,Failed,3369.0,2024-10-21 06:16:18
8533,8533,447,Net Banking,Failed,1156.51,2025-10-21 22:11:06
8534,8534,544,Debit Card,Failed,919.63,2024-12-23 14:06:05
8535,8535,908,UPI,Failed,3477.52,2025-11-26 17:25:19
8536,8536,947,Cash,Pending,757.37,2025-06-27 07:16:16
8537,8537,999,Debit Card,Success,3324.38,2025-03-13 18:08:17
8538,8538,429,Net Banking,Success,3011.66,2025-09-27 21:22:39
8539,8539,442,Credit Card,Failed,2271.87,2025-02-27 12:59:00
8540,8540,493,Credit Card,Failed,426.29,2024-06-27 02:32:22
8541,8541,333,Net Banking,Pending,1204.41,2025-03-19 09:42:10
8542,8542,153,Credit Card,Failed,958.08,2026-05-22 23:09:28
8543,8543,397,Credit Card,Failed,4261.21,2026-05-05 07:23:49
8544,8544,649,Net Banking,Failed,1699.82,2025-02-22 01:29:51
8545,8545,645,UPI,Failed,499.32,2024-10-28 15:50:40
8546,8546,95,Cash,Failed,4961.57,2024-11-06 17:48:29
8547,8547,402,Net Banking,Pending,3583.18,2025-08-16 17:40:57
8548,8548,323,Debit Card,Success,4330.69,2026-04-24 18:07:32
8549,8549,541,Net Banking,Pending,825.36,2024-12-17 09:59:48
8550,8550,952,Debit Card,Success,4649.21,2025-04-14 08:36:57
8551,8551,721,Cash,Success,4292.99,2025-09-06 03:22:09
8552,8552,737,Net Banking,Success,4560.16,2025-08-18 08:57:05
8553,8553,725,Net Banking,Failed,1937.08,2025-03-09 07:39:39
8554,8554,111,Net Banking,Failed,68.4,2025-07-26 03:57:00
8555,8555,776,Credit Card,Pending,46.69,2025-01-22 08:26:43
8556,8556,694,Cash,Pending,4820.41,2025-12-19 23:01:59
8557,8557,12,Debit Card,Success,4191.89,2026-01-13 07:37:35
8558,8558,271,Credit Card,Success,4545.68,2025-02-16 14:23:58
8559,8559,288,Net Banking,Success,295.55,2026-01-10 19:07:58
8560,8560,987,Credit Card,Pending,2324.63,2025-03-22 14:51:15
8561,8561,17,Debit Card,Success,1704.91,2025-12-29 23:52:25
8562,8562,330,Net Banking,Failed,59.27,2026-04-25 14:52:03
8563,8563,175,Cash,Success,3171.53,2024-09-05 17:58:39
8564,8564,54,Cash,Success,2980.15,2025-03-11 00:53:48
8565,8565,708,Debit Card,Pending,1848.31,2025-11-06 09:22:25
8566,8566,913,UPI,Failed,681.48,2025-11-27 12:51:49
8567,8567,664,UPI,Pending,3415.95,2024-06-03 09:40:15
8568,8568,572,Credit Card,Failed,2019.05,2025-04-12 06:16:31
8569,8569,914,Debit Card,Pending,110.15,2026-02-15 05:14:47
8570,8570,747,Cash,Success,4770.43,2025-09-04 20:24:56
8571,8571,704,Cash,Failed,3228.88,2026-05-03 04:57:05
8572,8572,42,Debit Card,Failed,3397.75,2025-09-30 09:16:43
8573,8573,132,Credit Card,Success,3108.28,2025-07-14 19:21:23
8574,8574,828,Cash,Pending,3069.19,2025-05-04 07:36:06
8575,8575,588,Credit Card,Pending,3101.91,2025-05-03 21:02:54
8576,8576,514,UPI,Success,3149.52,2025-08-29 07:07:08
8577,8577,149,UPI,Success,2111.56,2026-03-04 09:29:53
8578,8578,42,Credit Card,Success,4007.85,2024-07-31 17:45:18
8579,8579,3,Net Banking,Failed,952.79,2026-04-03 17:06:26
8580,8580,679,Credit Card,Success,4103.1,2025-06-09 14:20:41
8581,8581,125,Credit Card,Pending,1208.29,2026-04-06 23:45:08
8582,8582,184,Cash,Failed,1405.04,2025-12-01 06:49:40
8583,8583,73,Cash,Pending,4748.54,2025-06-25 23:54:55
8584,8584,407,Credit Card,Failed,3105.7,2024-12-04 21:48:08
8585,8585,113,Net Banking,Success,4086.13,2026-02-27 16:38:07
8586,8586,199,Net Banking,Failed,2997.35,2024-12-30 12:02:07
8587,8587,242,Net Banking,Failed,3681.71,2026-02-27 06:41:23
8588,8588,262,Net Banking,Failed,728.49,2025-12-05 05:01:50
8589,8589,580,Cash,Success,2082.68,2025-05-09 05:52:32
8590,8590,110,UPI,Failed,3869.96,2026-04-28 08:22:04
8591,8591,547,Net Banking,Failed,2835.26,2024-08-12 14:58:41
8592,8592,971,UPI,Failed,3861.65,2025-12-26 10:27:26
8593,8593,914,Net Banking,Success,4670.32,2025-02-21 14:15:44
8594,8594,314,UPI,Failed,3763.12,2025-02-22 07:47:40
8595,8595,858,Net Banking,Failed,1524.7,2025-02-28 12:25:50
8596,8596,584,Net Banking,Failed,4671.19,2024-08-14 12:42:51
8597,8597,172,Debit Card,Success,2836.61,2025-12-02 03:13:23
8598,8598,961,Debit Card,Pending,3230.65,2025-04-12 16:21:43
8599,8599,205,Debit Card,Pending,3835.37,2024-06-08 10:08:32
8600,8600,413,Cash,Success,1042.91,2025-04-27 03:41:32
8601,8601,565,UPI,Pending,4714.09,2025-11-26 00:29:45
8602,8602,90,Credit Card,Pending,2027.38,2025-09-16 16:57:36
8603,8603,46,Net Banking,Success,4221.27,2024-07-04 12:08:42
8604,8604,907,Debit Card,Failed,3022.27,2024-12-25 06:32:47
8605,8605,22,Credit Card,Success,2624.42,2025-04-16 08:04:47
8606,8606,100,Credit Card,Failed,2113.76,2025-07-05 17:51:59
8607,8607,445,Net Banking,Failed,1309.6,2026-02-21 20:53:47
8608,8608,151,Debit Card,Failed,2812.64,2026-03-07 07:57:38
8609,8609,673,UPI,Success,152.75,2026-03-03 00:00:02
8610,8610,159,Cash,Failed,1181.59,2026-05-25 02:44:17
8611,8611,786,Cash,Pending,4812.05,2024-10-11 16:53:13
8612,8612,1,Credit Card,Success,312.1,2026-02-14 05:34:10
8613,8613,996,Credit Card,Success,2602.91,2024-07-10 23:58:52
8614,8614,605,Cash,Success,437.18,2025-10-23 18:08:36
8615,8615,102,Cash,Failed,2845.85,2025-01-08 22:58:57
8616,8616,133,Debit Card,Pending,2957.25,2025-07-05 06:12:21
8617,8617,864,Cash,Pending,3347.24,2024-09-19 10:53:25
8618,8618,918,Cash,Success,1584.08,2026-01-02 17:53:20
8619,8619,56,Net Banking,Success,3773.1,2024-07-30 16:53:59
8620,8620,552,Cash,Success,4410.47,2025-02-27 13:51:31
8621,8621,239,UPI,Success,3219.33,2025-04-03 02:40:59
8622,8622,26,Net Banking,Success,4164.92,2025-03-10 21:28:45
8623,8623,30,Debit Card,Failed,3869.62,2025-11-12 20:10:39
8624,8624,349,Net Banking,Pending,1208.57,2025-06-21 15:18:24
8625,8625,222,Credit Card,Pending,2330.19,2025-10-04 23:23:56
8626,8626,874,Cash,Pending,3226.59,2025-05-10 03:56:43
8627,8627,374,Net Banking,Success,1923.39,2025-08-14 15:07:04
8628,8628,336,Debit Card,Pending,3488.09,2026-02-05 00:20:45
8629,8629,412,UPI,Success,2088.13,2024-11-25 00:55:57
8630,8630,365,Cash,Pending,1584.83,2025-09-27 01:11:55
8631,8631,555,UPI,Success,1132.19,2025-09-23 21:12:15
8632,8632,923,Credit Card,Failed,4744.57,2025-05-18 22:52:06
8633,8633,290,Debit Card,Pending,1338.31,2024-11-05 00:24:07
8634,8634,214,Net Banking,Failed,4632.17,2025-11-29 23:29:00
8635,8635,1,UPI,Pending,724.85,2026-01-20 04:30:01
8636,8636,12,Debit Card,Failed,1288.99,2025-08-17 19:36:28
8637,8637,135,Net Banking,Success,2100.94,2025-03-24 07:03:48
8638,8638,608,Net Banking,Failed,4596.34,2025-09-27 10:46:24
8639,8639,322,Net Banking,Pending,2699.61,2026-01-23 08:52:11
8640,8640,337,Cash,Failed,3060.35,2025-04-19 11:06:44
8641,8641,691,Net Banking,Pending,3873.15,2026-04-21 01:04:08
8642,8642,357,UPI,Pending,423.8,2025-07-14 17:34:19
8643,8643,994,Debit Card,Failed,874.66,2024-08-14 19:35:37
8644,8644,443,Net Banking,Failed,1695.9,2024-11-19 11:40:36
8645,8645,768,Debit Card,Pending,2335.73,2025-04-25 07:55:22
8646,8646,944,Net Banking,Pending,2893.2,2026-04-22 05:55:15
8647,8647,542,UPI,Success,863.71,2024-11-13 06:14:44
8648,8648,699,Credit Card,Success,2536.18,2025-04-03 18:53:17
8649,8649,281,Net Banking,Failed,1168.52,2025-07-14 06:07:44
8650,8650,124,Cash,Failed,1828.0,2025-12-10 05:42:41
8651,8651,941,Cash,Success,1825.11,2026-03-29 16:38:20
8652,8652,698,Net Banking,Failed,776.86,2025-05-22 01:47:26
8653,8653,993,Credit Card,Pending,2222.65,2025-03-30 17:58:56
8654,8654,821,UPI,Failed,1468.79,2025-02-28 08:38:02
8655,8655,455,Cash,Failed,3045.94,2025-08-28 18:01:07
8656,8656,721,Debit Card,Pending,1797.05,2025-05-18 00:46:58
8657,8657,250,Debit Card,Success,3198.94,2024-08-31 11:21:51
8658,8658,194,UPI,Pending,2063.56,2024-10-18 10:10:06
8659,8659,634,Net Banking,Pending,2992.58,2024-10-25 03:17:17
8660,8660,652,Cash,Success,100.84,2025-06-20 07:31:42
8661,8661,650,Cash,Pending,4754.51,2025-12-24 03:54:01
8662,8662,534,Credit Card,Failed,2475.37,2024-09-28 20:59:35
8663,8663,580,Debit Card,Success,2753.93,2025-11-20 23:52:28
8664,8664,946,UPI,Success,388.6,2024-12-31 01:14:43
8665,8665,197,Net Banking,Pending,3803.31,2026-05-23 12:20:41
8666,8666,517,Net Banking,Failed,1538.52,2025-07-01 07:28:25
8667,8667,353,Cash,Pending,1591.79,2025-04-07 09:03:00
8668,8668,206,Credit Card,Pending,3725.01,2025-12-12 04:58:18
8669,8669,83,UPI,Pending,625.14,2025-07-27 19:52:18
8670,8670,923,UPI,Success,119.33,2024-06-18 17:34:01
8671,8671,420,Cash,Failed,3377.02,2026-02-25 04:24:38
8672,8672,519,Credit Card,Failed,1924.08,2025-02-16 21:58:23
8673,8673,265,Credit Card,Failed,1983.08,2025-10-20 20:21:59
8674,8674,892,UPI,Pending,2540.86,2024-07-03 19:20:53
8675,8675,529,Credit Card,Pending,3788.5,2024-12-01 18:35:21
8676,8676,462,Credit Card,Success,3624.95,2025-10-14 18:04:41
8677,8677,137,Net Banking,Pending,1957.03,2025-11-21 00:55:32
8678,8678,30,Cash,Failed,1485.97,2024-08-27 14:51:00
8679,8679,164,Debit Card,Pending,3659.47,2025-04-14 10:41:18
8680,8680,327,Debit Card,Success,2745.47,2025-05-06 11:04:14
8681,8681,57,Net Banking,Pending,4783.14,2025-11-03 10:25:29
8682,8682,30,Net Banking,Failed,2215.38,2026-03-15 13:16:18
8683,8683,533,Cash,Pending,1033.76,2025-02-28 19:22:48
8684,8684,294,Debit Card,Pending,1807.59,2024-07-25 21:03:47
8685,8685,433,Cash,Pending,867.76,2024-12-22 17:14:50
8686,8686,580,Cash,Pending,4456.69,2026-05-09 07:19:38
8687,8687,925,Net Banking,Success,4357.26,2024-10-28 18:47:02
8688,8688,602,Net Banking,Success,333.07,2025-03-31 21:34:30
8689,8689,424,UPI,Failed,3977.54,2025-10-01 22:50:57
8690,8690,468,Cash,Pending,1745.04,2025-02-04 06:00:00
8691,8691,670,Net Banking,Success,2373.53,2024-10-18 02:15:08
8692,8692,470,Net Banking,Pending,3102.16,2025-05-24 00:54:19
8693,8693,737,UPI,Success,2558.85,2025-09-07 22:57:57
8694,8694,84,Credit Card,Success,4298.37,2024-12-13 05:20:21
8695,8695,185,Credit Card,Success,2692.83,2024-05-29 00:36:14
8696,8696,335,Debit Card,Pending,1695.33,2024-11-07 03:49:34
8697,8697,912,Debit Card,Success,3372.58,2024-11-29 19:15:56
8698,8698,837,Debit Card,Pending,4394.35,2026-04-09 14:38:16
8699,8699,530,Debit Card,Pending,1158.84,2024-11-16 12:43:17
8700,8700,147,Credit Card,Success,952.21,2025-02-02 23:40:51
8701,8701,124,UPI,Success,4849.75,2025-07-11 06:56:32
8702,8702,604,Debit Card,Pending,2591.42,2024-12-26 06:24:18
8703,8703,822,Credit Card,Success,4722.97,2024-07-24 23:58:20
8704,8704,446,UPI,Failed,3762.05,2025-06-11 13:06:36
8705,8705,976,Debit Card,Failed,3356.09,2026-04-05 07:01:41
8706,8706,561,Cash,Failed,3395.15,2025-05-28 15:00:27
8707,8707,896,Debit Card,Success,394.25,2024-11-26 07:55:38
8708,8708,390,Debit Card,Pending,142.85,2025-03-19 21:15:45
8709,8709,111,Net Banking,Failed,3269.38,2025-09-20 14:23:12
8710,8710,736,Credit Card,Failed,192.32,2025-11-05 19:35:59
8711,8711,407,Cash,Pending,2931.5,2025-05-06 06:27:02
8712,8712,752,Credit Card,Pending,834.02,2025-11-06 13:26:53
8713,8713,523,Debit Card,Success,1956.09,2025-04-20 09:45:29
8714,8714,731,Credit Card,Failed,161.09,2025-09-18 20:24:14
8715,8715,627,UPI,Success,3740.04,2024-06-08 14:09:23
8716,8716,517,Credit Card,Failed,3796.51,2026-02-15 06:22:15
8717,8717,88,Debit Card,Failed,1875.18,2026-01-09 01:00:21
8718,8718,681,UPI,Failed,1425.84,2025-02-13 06:27:52
8719,8719,470,Credit Card,Pending,2709.51,2024-09-03 19:42:21
8720,8720,399,Credit Card,Pending,758.24,2025-06-10 00:34:28
8721,8721,108,Debit Card,Pending,3538.44,2025-02-11 11:54:26
8722,8722,345,Cash,Pending,4887.97,2025-08-19 23:25:46
8723,8723,13,UPI,Success,3123.01,2025-08-04 12:22:23
8724,8724,653,Debit Card,Failed,2175.37,2025-03-16 00:12:05
8725,8725,759,Cash,Pending,1646.2,2025-07-10 10:00:10
8726,8726,89,Debit Card,Pending,2837.53,2024-11-03 18:55:27
8727,8727,713,Credit Card,Success,3396.18,2024-11-19 11:46:13
8728,8728,623,Debit Card,Pending,3019.56,2025-11-17 12:29:38
8729,8729,660,UPI,Success,4692.14,2025-02-17 18:45:10
8730,8730,539,Credit Card,Success,3933.66,2026-03-12 10:57:23
8731,8731,97,Net Banking,Failed,1694.8,2025-09-09 08:07:36
8732,8732,51,Net Banking,Failed,4088.34,2025-10-02 11:18:38
8733,8733,415,UPI,Pending,262.29,2024-09-14 01:05:47
8734,8734,964,Cash,Failed,3468.22,2026-01-25 10:07:42
8735,8735,983,UPI,Pending,1903.78,2024-10-24 03:37:10
8736,8736,851,Net Banking,Pending,667.02,2025-12-09 22:54:41
8737,8737,535,UPI,Failed,3380.33,2025-04-30 14:44:18
8738,8738,995,Credit Card,Success,2606.39,2024-06-22 19:37:14
8739,8739,909,Cash,Pending,722.82,2025-07-13 09:45:07
8740,8740,699,Credit Card,Pending,4874.56,2026-04-18 17:45:26
8741,8741,567,Credit Card,Success,262.05,2026-03-06 16:07:27
8742,8742,87,Debit Card,Success,832.75,2024-06-22 06:27:23
8743,8743,639,Debit Card,Failed,2054.91,2025-06-14 05:31:25
8744,8744,888,Debit Card,Pending,4351.56,2026-03-16 08:29:35
8745,8745,941,Debit Card,Failed,1118.94,2025-11-10 15:44:49
8746,8746,701,Credit Card,Pending,2441.44,2024-08-18 13:02:57
8747,8747,451,Credit Card,Pending,1852.56,2026-04-15 02:47:08
8748,8748,735,Cash,Pending,785.1,2026-01-04 09:39:07
8749,8749,474,Net Banking,Pending,778.15,2024-05-27 14:19:52
8750,8750,179,Credit Card,Success,769.23,2024-09-25 06:30:36
8751,8751,326,UPI,Pending,2910.62,2024-06-25 21:09:29
8752,8752,168,Net Banking,Failed,63.19,2024-07-24 19:53:54
8753,8753,200,UPI,Pending,495.83,2026-02-07 14:15:18
8754,8754,321,Net Banking,Pending,1984.58,2025-04-15 14:57:42
8755,8755,289,Cash,Success,2057.74,2025-10-27 08:27:23
8756,8756,499,Net Banking,Pending,3537.95,2024-06-13 03:39:11
8757,8757,802,Debit Card,Success,93.49,2026-01-11 11:57:47
8758,8758,169,Debit Card,Failed,2573.26,2025-07-10 08:00:52
8759,8759,901,Net Banking,Failed,4031.56,2025-07-06 18:31:39
8760,8760,558,Net Banking,Pending,1646.72,2024-11-01 02:53:31
8761,8761,181,Net Banking,Success,2560.62,2025-11-06 16:57:26
8762,8762,721,UPI,Pending,302.48,2025-05-09 22:28:23
8763,8763,109,UPI,Success,3839.13,2025-04-05 14:57:22
8764,8764,924,Credit Card,Failed,353.53,2025-05-20 03:31:25
8765,8765,25,UPI,Failed,1126.56,2024-09-18 13:35:36
8766,8766,826,Debit Card,Pending,3998.08,2025-02-21 18:28:19
8767,8767,8,UPI,Success,3610.41,2025-06-08 14:24:11
8768,8768,768,Debit Card,Failed,1968.88,2025-01-01 16:30:34
8769,8769,750,Credit Card,Success,4483.04,2025-07-05 19:17:50
8770,8770,260,Cash,Pending,3794.97,2026-02-04 19:08:32
8771,8771,644,Debit Card,Pending,1404.04,2025-11-18 03:42:48
8772,8772,771,UPI,Pending,1327.09,2026-03-30 03:02:21
8773,8773,91,Credit Card,Pending,3464.3,2024-07-26 16:41:59
8774,8774,31,Cash,Success,1025.98,2026-04-07 13:18:50
8775,8775,855,UPI,Success,2828.41,2024-06-15 08:53:50
8776,8776,188,Net Banking,Success,3990.48,2025-03-22 03:30:02
8777,8777,406,Net Banking,Pending,476.7,2025-10-20 03:23:07
8778,8778,121,Cash,Failed,2174.51,2026-03-28 14:48:59
8779,8779,550,Debit Card,Failed,2082.15,2024-07-11 15:56:11
8780,8780,152,UPI,Success,975.07,2025-04-15 08:28:59
8781,8781,251,Cash,Success,2082.3,2024-11-08 09:47:58
8782,8782,235,Cash,Failed,591.15,2024-10-31 00:12:51
8783,8783,839,UPI,Pending,3256.23,2025-12-22 14:04:59
8784,8784,112,Cash,Pending,2676.37,2025-11-18 07:17:12
8785,8785,913,Net Banking,Success,3450.6,2025-10-24 00:57:17
8786,8786,43,Debit Card,Pending,2974.85,2025-10-11 00:01:55
8787,8787,125,UPI,Pending,3037.89,2025-01-03 19:09:21
8788,8788,929,UPI,Failed,2196.41,2025-07-19 22:31:57
8789,8789,615,UPI,Success,2441.62,2025-01-02 06:04:25
8790,8790,273,Debit Card,Success,4136.74,2026-04-20 15:17:37
8791,8791,47,UPI,Success,425.5,2026-05-02 21:19:26
8792,8792,2,Cash,Failed,4593.02,2024-08-23 10:46:44
8793,8793,254,Net Banking,Failed,1031.98,2024-09-24 03:18:04
8794,8794,595,Net Banking,Failed,4295.72,2025-04-11 15:37:34
8795,8795,226,UPI,Pending,2218.35,2025-07-19 03:10:40
8796,8796,542,UPI,Success,2269.43,2024-11-03 01:20:02
8797,8797,173,UPI,Pending,2262.26,2025-09-24 13:07:16
8798,8798,388,Cash,Success,3880.5,2024-12-23 17:14:08
8799,8799,345,UPI,Pending,473.2,2026-05-05 05:35:42
8800,8800,733,Debit Card,Pending,4166.31,2025-09-30 17:39:07
8801,8801,868,Net Banking,Failed,4509.79,2025-04-03 08:23:11
8802,8802,275,Cash,Pending,956.75,2025-03-21 04:42:15
8803,8803,12,Cash,Success,3350.18,2024-09-15 21:06:07
8804,8804,440,UPI,Success,1695.89,2026-01-12 11:45:42
8805,8805,180,Credit Card,Failed,2022.67,2025-06-08 10:41:25
8806,8806,462,Cash,Pending,128.18,2026-04-18 11:24:15
8807,8807,928,Cash,Failed,1897.9,2024-10-07 02:42:40
8808,8808,384,Credit Card,Pending,4472.56,2026-05-05 14:10:10
8809,8809,110,Cash,Pending,2699.32,2025-09-12 23:32:42
8810,8810,861,Cash,Pending,1402.97,2026-02-25 16:41:19
8811,8811,213,UPI,Failed,178.49,2024-07-29 15:17:15
8812,8812,578,Cash,Pending,2050.62,2025-12-16 13:48:39
8813,8813,614,UPI,Success,35.86,2025-04-14 08:09:35
8814,8814,516,Credit Card,Success,2596.03,2024-07-11 05:40:11
8815,8815,533,Credit Card,Pending,165.57,2025-06-23 22:45:16
8816,8816,648,Net Banking,Failed,2929.65,2025-07-09 20:37:40
8817,8817,54,Net Banking,Success,2561.62,2024-09-02 19:50:31
8818,8818,330,Cash,Failed,3248.84,2025-07-06 20:07:30
8819,8819,510,Cash,Pending,1923.72,2024-07-09 22:23:46
8820,8820,595,Net Banking,Failed,2071.03,2025-12-02 03:45:08
8821,8821,710,Cash,Failed,3436.59,2026-04-05 02:16:12
8822,8822,386,Net Banking,Failed,4182.21,2024-09-18 19:53:01
8823,8823,65,Net Banking,Success,3294.23,2026-02-07 01:40:55
8824,8824,391,Net Banking,Failed,3314.82,2024-06-20 09:02:06
8825,8825,273,Credit Card,Success,634.54,2024-08-29 07:56:43
8826,8826,998,Credit Card,Success,1958.89,2026-05-21 04:56:27
8827,8827,754,Debit Card,Failed,519.34,2025-03-04 19:24:58
8828,8828,521,UPI,Failed,2588.05,2024-12-22 14:41:30
8829,8829,385,Net Banking,Success,3976.67,2024-10-27 00:16:23
8830,8830,312,UPI,Success,3552.86,2024-06-20 13:03:52
8831,8831,789,Debit Card,Failed,2774.73,2026-02-01 05:47:41
8832,8832,601,Cash,Success,2940.87,2025-11-19 06:06:45
8833,8833,641,Debit Card,Success,1727.85,2025-10-15 02:42:10
8834,8834,222,Credit Card,Failed,4653.67,2025-12-19 08:00:09
8835,8835,821,Credit Card,Failed,3209.86,2024-12-18 20:04:11
8836,8836,983,Net Banking,Failed,4079.97,2026-02-06 09:44:38
8837,8837,626,Net Banking,Pending,3949.62,2026-03-24 20:49:42
8838,8838,334,Cash,Pending,4494.76,2025-10-29 02:50:53
8839,8839,714,Cash,Success,3578.53,2025-01-06 11:11:02
8840,8840,892,Debit Card,Pending,4333.37,2025-03-28 17:38:23
8841,8841,197,Debit Card,Success,4596.02,2025-03-22 11:33:15
8842,8842,179,UPI,Success,2513.78,2025-07-17 17:30:15
8843,8843,486,Credit Card,Success,684.04,2025-11-01 03:04:12
8844,8844,262,UPI,Success,2001.52,2024-07-29 01:05:46
8845,8845,849,Credit Card,Pending,2022.62,2026-02-22 11:55:10
8846,8846,146,Credit Card,Success,4042.95,2024-09-02 14:41:56
8847,8847,819,Cash,Success,4625.62,2026-03-16 10:14:06
8848,8848,773,Debit Card,Success,1936.22,2026-03-27 05:17:15
8849,8849,685,Credit Card,Success,3623.02,2024-12-28 00:33:20
8850,8850,638,Cash,Failed,3470.96,2024-12-19 18:44:35
8851,8851,417,Cash,Failed,532.37,2026-02-02 05:22:08
8852,8852,609,Debit Card,Pending,2895.24,2024-11-05 11:04:00
8853,8853,472,Net Banking,Failed,1985.09,2024-12-01 14:57:50
8854,8854,597,Credit Card,Failed,1816.06,2025-10-14 23:52:17
8855,8855,563,Credit Card,Pending,275.21,2025-11-02 22:59:36
8856,8856,794,Credit Card,Failed,4237.99,2025-04-07 09:50:35
8857,8857,390,Credit Card,Pending,4794.73,2025-06-07 18:26:07
8858,8858,928,Cash,Pending,3422.44,2025-04-01 18:32:10
8859,8859,54,Debit Card,Failed,4449.86,2025-01-23 21:12:33
8860,8860,44,UPI,Pending,810.35,2025-11-03 17:57:09
8861,8861,734,Debit Card,Pending,764.7,2026-02-14 07:39:47
8862,8862,870,Credit Card,Failed,4612.9,2024-07-20 08:43:21
8863,8863,35,Debit Card,Success,2308.3,2025-04-09 18:08:22
8864,8864,213,UPI,Success,2892.48,2025-05-28 06:55:29
8865,8865,865,Debit Card,Success,1566.0,2025-11-25 02:00:48
8866,8866,596,Debit Card,Failed,1256.81,2026-01-16 06:15:41
8867,8867,642,Debit Card,Failed,1891.0,2025-03-24 10:51:17
8868,8868,537,UPI,Pending,4964.33,2024-12-28 23:07:49
8869,8869,230,Cash,Failed,3551.82,2025-08-02 03:55:44
8870,8870,779,Debit Card,Success,3878.93,2024-08-07 07:51:34
8871,8871,601,Credit Card,Success,3054.52,2025-08-28 03:21:21
8872,8872,945,Net Banking,Failed,3194.14,2024-06-05 09:21:10
8873,8873,846,Cash,Pending,1434.88,2026-01-29 15:16:30
8874,8874,472,Credit Card,Failed,477.51,2025-07-06 06:29:19
8875,8875,966,UPI,Success,3763.11,2025-08-25 19:49:42
8876,8876,843,Credit Card,Success,2005.71,2025-05-23 13:04:02
8877,8877,415,Cash,Success,3768.1,2026-01-08 15:25:08
8878,8878,721,Credit Card,Success,4022.95,2025-04-24 19:07:15
8879,8879,112,Net Banking,Success,3692.38,2025-01-13 01:07:44
8880,8880,422,Credit Card,Failed,4447.71,2026-04-22 14:42:22
8881,8881,551,Cash,Success,4847.4,2025-11-17 23:59:34
8882,8882,121,Credit Card,Success,3988.05,2026-02-24 16:26:43
8883,8883,12,Cash,Success,2375.16,2024-09-10 12:14:44
8884,8884,582,Cash,Success,2619.9,2025-12-10 14:25:44
8885,8885,76,Debit Card,Pending,1893.1,2025-02-03 05:28:52
8886,8886,693,UPI,Success,3954.38,2024-06-20 02:50:34
8887,8887,747,Cash,Failed,2460.52,2025-05-24 17:49:08
8888,8888,791,Credit Card,Failed,4384.54,2025-10-15 02:07:12
8889,8889,948,UPI,Failed,1250.17,2025-09-07 09:19:15
8890,8890,75,Credit Card,Failed,437.5,2026-03-18 13:54:35
8891,8891,105,Net Banking,Pending,3831.3,2025-01-17 02:32:36
8892,8892,803,Cash,Pending,3476.53,2024-12-31 12:30:30
8893,8893,573,Cash,Success,1911.48,2026-02-13 20:08:59
8894,8894,78,Net Banking,Success,2027.1,2025-03-06 07:32:03
8895,8895,274,Cash,Failed,1631.31,2025-07-24 01:15:14
8896,8896,613,Credit Card,Success,65.22,2026-05-04 07:54:27
8897,8897,297,Net Banking,Success,4526.86,2025-07-22 12:23:03
8898,8898,543,Net Banking,Pending,39.74,2025-05-22 11:20:09
8899,8899,994,Credit Card,Pending,986.21,2025-12-30 02:28:40
8900,8900,768,Cash,Success,1587.6,2026-03-19 09:00:04
8901,8901,179,UPI,Pending,3183.57,2025-09-16 21:12:59
8902,8902,771,UPI,Failed,1140.96,2026-03-14 01:17:49
8903,8903,751,Debit Card,Success,152.33,2025-10-10 19:09:33
8904,8904,675,Net Banking,Failed,2937.16,2025-06-18 10:11:39
8905,8905,448,Debit Card,Pending,700.07,2025-03-25 16:37:09
8906,8906,692,Debit Card,Success,2524.78,2025-04-24 04:38:12
8907,8907,934,Debit Card,Failed,2935.14,2025-08-28 07:41:13
8908,8908,561,Credit Card,Failed,3561.09,2024-09-09 02:46:51
8909,8909,479,UPI,Failed,3130.82,2024-11-10 06:11:40
8910,8910,486,Credit Card,Failed,3492.99,2024-11-18 22:19:45
8911,8911,422,Credit Card,Pending,4698.38,2026-02-01 17:47:15
8912,8912,588,UPI,Failed,1954.92,2024-06-22 03:18:58
8913,8913,864,Credit Card,Pending,1785.8,2024-07-07 17:56:11
8914,8914,61,UPI,Pending,4664.31,2026-04-10 10:29:54
8915,8915,870,Credit Card,Success,3262.88,2025-10-27 08:55:00
8916,8916,890,UPI,Success,3110.68,2025-02-02 21:57:19
8917,8917,767,Debit Card,Success,391.09,2026-03-06 09:29:20
8918,8918,328,UPI,Pending,417.05,2025-05-16 16:52:37
8919,8919,962,Debit Card,Success,4415.89,2025-01-22 17:00:24
8920,8920,661,Credit Card,Failed,467.25,2025-05-17 21:53:59
8921,8921,899,Net Banking,Failed,579.23,2025-12-23 09:34:55
8922,8922,721,Net Banking,Success,4306.22,2026-02-09 11:38:19
8923,8923,1,Credit Card,Pending,1613.79,2024-11-18 04:51:46
8924,8924,839,Cash,Pending,2352.09,2024-08-05 01:22:12
8925,8925,416,Debit Card,Success,4981.5,2025-03-17 10:02:07
8926,8926,704,Credit Card,Pending,1197.81,2025-09-05 12:49:41
8927,8927,762,Cash,Failed,4493.52,2024-09-21 16:30:23
8928,8928,905,Net Banking,Pending,1206.83,2025-03-18 08:16:52
8929,8929,426,Cash,Pending,230.16,2026-03-28 11:23:03
8930,8930,755,Credit Card,Pending,3712.75,2024-11-07 18:47:41
8931,8931,983,UPI,Success,3897.59,2025-09-10 23:28:19
8932,8932,760,Credit Card,Success,1877.44,2025-07-14 21:59:15
8933,8933,277,Cash,Success,3891.0,2024-11-15 16:54:02
8934,8934,156,Net Banking,Pending,1622.99,2026-02-17 10:55:02
8935,8935,520,Cash,Failed,494.86,2026-01-08 23:13:11
8936,8936,926,Net Banking,Success,2187.95,2024-11-04 03:55:25
8937,8937,979,Debit Card,Failed,1843.06,2026-05-12 04:04:49
8938,8938,728,UPI,Pending,1448.76,2025-09-30 10:49:39
8939,8939,663,Debit Card,Failed,1635.06,2025-02-17 18:07:57
8940,8940,892,UPI,Success,4362.34,2026-05-02 17:40:24
8941,8941,686,Debit Card,Success,2183.22,2024-10-04 13:26:02
8942,8942,833,Debit Card,Pending,3919.88,2024-06-16 15:17:47
8943,8943,673,Credit Card,Success,2604.88,2025-02-01 23:12:08
8944,8944,321,UPI,Failed,3699.91,2025-03-02 08:42:03
8945,8945,593,Debit Card,Failed,1037.49,2026-02-16 04:38:25
8946,8946,394,Credit Card,Success,3940.08,2025-03-28 16:43:01
8947,8947,888,Debit Card,Failed,4413.02,2024-09-17 04:34:56
8948,8948,784,Credit Card,Failed,3878.55,2026-05-18 23:48:26
8949,8949,889,Net Banking,Success,2053.46,2024-12-09 00:42:43
8950,8950,243,Credit Card,Pending,3708.7,2024-09-06 21:51:20
8951,8951,878,Cash,Success,1041.19,2026-04-23 14:46:26
8952,8952,198,Debit Card,Failed,3997.34,2026-04-09 00:14:14
8953,8953,774,Net Banking,Success,1845.36,2026-03-05 18:07:32
8954,8954,440,UPI,Success,1549.64,2025-12-17 20:24:43
8955,8955,454,Debit Card,Success,4524.83,2025-09-26 01:02:40
8956,8956,672,Credit Card,Pending,2840.52,2025-10-15 10:07:24
8957,8957,907,Cash,Success,2329.5,2026-03-21 16:43:44
8958,8958,160,UPI,Pending,4214.3,2024-08-18 18:12:45
8959,8959,820,Net Banking,Failed,1955.0,2024-08-15 21:24:49
8960,8960,814,Net Banking,Success,3133.27,2024-05-29 00:16:47
8961,8961,142,Cash,Pending,955.99,2025-07-23 01:23:45
8962,8962,981,Debit Card,Success,1544.79,2024-09-24 00:18:47
8963,8963,803,Debit Card,Success,1362.0,2026-03-24 04:02:22
8964,8964,490,Net Banking,Pending,4829.82,2024-08-31 21:18:12
8965,8965,237,Credit Card,Pending,3045.39,2025-09-24 09:18:18
8966,8966,850,Debit Card,Failed,1641.45,2025-12-17 18:32:17
8967,8967,875,Net Banking,Failed,645.73,2024-10-10 11:01:08
8968,8968,618,Debit Card,Pending,4839.16,2026-02-16 02:52:27
8969,8969,667,Debit Card,Failed,2337.91,2025-05-24 20:36:14
8970,8970,388,Net Banking,Success,1878.66,2026-02-20 04:16:21
8971,8971,324,Debit Card,Failed,921.3,2024-07-20 20:28:10
8972,8972,465,Credit Card,Pending,1456.13,2025-08-28 11:45:43
8973,8973,74,Cash,Success,1319.19,2025-07-28 14:09:14
8974,8974,181,Credit Card,Pending,2368.92,2025-03-19 02:03:30
8975,8975,179,Credit Card,Failed,3409.68,2025-02-28 11:59:48
8976,8976,76,Cash,Success,3598.21,2025-08-06 16:45:15
8977,8977,814,Credit Card,Success,3638.59,2024-10-12 11:30:57
8978,8978,441,UPI,Failed,3028.74,2024-07-09 13:37:53
8979,8979,737,Net Banking,Success,2612.72,2025-10-21 22:25:07
8980,8980,514,Net Banking,Success,3914.03,2025-08-15 11:18:51
8981,8981,202,Credit Card,Pending,4705.14,2024-07-09 07:22:32
8982,8982,674,Debit Card,Success,2888.16,2025-08-31 17:05:31
8983,8983,928,Debit Card,Success,154.87,2024-11-23 11:10:38
8984,8984,124,Net Banking,Pending,3812.36,2025-11-12 17:03:55
8985,8985,743,Debit Card,Failed,2642.53,2024-10-07 22:20:27
8986,8986,398,UPI,Success,72.6,2025-02-24 20:08:50
8987,8987,590,Credit Card,Failed,1743.44,2024-08-23 21:14:54
8988,8988,115,Cash,Success,786.17,2025-09-01 19:43:05
8989,8989,802,Cash,Success,350.7,2024-08-23 19:18:13
8990,8990,774,Cash,Pending,1610.37,2026-02-01 20:49:01
8991,8991,21,Net Banking,Failed,1920.42,2025-01-31 17:07:54
8992,8992,129,Net Banking,Pending,3125.56,2026-01-26 20:27:30
8993,8993,514,Credit Card,Pending,4480.95,2026-01-19 22:48:52
8994,8994,70,Debit Card,Failed,2755.01,2024-11-16 15:16:39
8995,8995,745,Debit Card,Pending,2661.16,2025-12-20 12:17:23
8996,8996,546,Credit Card,Success,1647.92,2026-01-16 15:35:32
8997,8997,668,Net Banking,Pending,4286.71,2025-06-14 10:38:34
8998,8998,837,UPI,Pending,1559.59,2025-10-19 09:49:08
8999,8999,23,UPI,Success,3581.49,2025-07-24 23:30:12
9000,9000,241,Net Banking,Success,1866.87,2025-03-06 05:01:13
9001,9001,106,Credit Card,Success,1178.37,2024-09-08 20:29:14
9002,9002,901,Cash,Pending,2856.38,2024-12-19 22:13:59
9003,9003,752,Net Banking,Failed,4275.17,2025-10-17 21:59:31
9004,9004,175,Debit Card,Success,3183.08,2024-07-26 07:33:40
9005,9005,251,Credit Card,Failed,2862.87,2025-08-17 14:02:56
9006,9006,672,Net Banking,Success,4797.39,2026-01-17 23:21:47
9007,9007,792,Cash,Success,626.14,2025-08-30 05:33:03
9008,9008,660,UPI,Pending,3302.37,2024-11-16 07:49:13
9009,9009,417,UPI,Failed,2871.39,2025-05-21 00:18:19
9010,9010,509,Credit Card,Pending,3666.21,2025-12-12 18:16:12
9011,9011,903,Debit Card,Success,4865.83,2024-06-10 07:46:04
9012,9012,672,Net Banking,Failed,1288.31,2024-12-28 13:33:03
9013,9013,898,Cash,Success,1862.62,2024-08-03 12:58:21
9014,9014,984,UPI,Pending,2541.22,2026-01-23 16:30:04
9015,9015,868,Debit Card,Success,4918.53,2025-03-02 07:11:52
9016,9016,151,Cash,Failed,800.59,2025-02-06 23:49:21
9017,9017,923,UPI,Success,2286.23,2024-12-08 12:59:59
9018,9018,277,Credit Card,Failed,4722.64,2025-09-17 16:02:46
9019,9019,70,Credit Card,Pending,3108.53,2025-10-05 00:00:28
9020,9020,671,Credit Card,Success,2591.04,2025-10-01 19:41:59
9021,9021,844,Credit Card,Pending,2457.32,2026-05-26 06:07:40
9022,9022,804,Net Banking,Failed,4312.74,2025-10-05 02:03:59
9023,9023,125,Cash,Failed,525.67,2024-07-04 06:46:59
9024,9024,806,Net Banking,Failed,1452.88,2025-08-18 12:39:18
9025,9025,183,Debit Card,Success,682.59,2026-05-24 12:41:17
9026,9026,390,UPI,Failed,39.7,2025-10-25 12:22:45
9027,9027,85,Cash,Pending,666.61,2024-08-23 11:31:29
9028,9028,976,Credit Card,Success,461.21,2026-01-26 20:19:42
9029,9029,236,Cash,Failed,1919.29,2025-09-13 17:38:09
9030,9030,59,Net Banking,Pending,3986.48,2026-05-25 17:48:16
9031,9031,795,Debit Card,Pending,4575.42,2024-07-09 23:19:44
9032,9032,880,Credit Card,Failed,746.68,2024-10-16 16:17:54
9033,9033,367,Credit Card,Pending,2567.78,2024-11-20 20:59:06
9034,9034,681,Debit Card,Failed,4817.48,2025-01-29 09:43:05
9035,9035,419,Credit Card,Pending,2527.0,2026-02-02 19:36:27
9036,9036,761,Credit Card,Failed,268.17,2025-11-07 00:44:41
9037,9037,216,UPI,Pending,4440.2,2025-05-06 17:28:35
9038,9038,588,Credit Card,Pending,4116.28,2024-09-13 23:58:00
9039,9039,250,Credit Card,Success,4059.42,2024-08-29 01:42:26
9040,9040,958,UPI,Success,4360.48,2025-01-15 15:28:11
9041,9041,452,Cash,Success,1260.24,2025-12-11 04:27:27
9042,9042,331,Cash,Success,2083.37,2025-07-05 01:18:08
9043,9043,981,Cash,Failed,1021.4,2026-03-07 08:23:02
9044,9044,742,Cash,Success,1275.64,2026-02-01 04:30:48
9045,9045,647,Debit Card,Pending,932.16,2025-05-15 00:22:21
9046,9046,463,Debit Card,Success,2378.74,2025-07-13 14:19:36
9047,9047,853,Debit Card,Success,2714.73,2024-10-23 19:32:05
9048,9048,929,UPI,Pending,2896.86,2025-07-02 09:21:03
9049,9049,960,Credit Card,Pending,1232.99,2025-09-12 20:15:22
9050,9050,213,Net Banking,Failed,3424.16,2026-05-21 21:48:56
9051,9051,553,Credit Card,Pending,2078.36,2026-04-11 02:28:10
9052,9052,12,UPI,Failed,4251.38,2025-08-14 23:47:45
9053,9053,40,UPI,Pending,478.45,2025-12-21 10:37:22
9054,9054,183,Credit Card,Pending,835.89,2026-05-19 20:22:27
9055,9055,777,UPI,Failed,1098.09,2026-05-14 22:20:54
9056,9056,359,Net Banking,Failed,2934.75,2024-11-23 10:13:11
9057,9057,5,Net Banking,Failed,842.68,2024-06-20 22:57:17
9058,9058,664,Net Banking,Failed,1774.24,2025-04-25 06:03:23
9059,9059,62,UPI,Success,836.37,2025-04-10 13:27:21
9060,9060,232,Net Banking,Pending,3377.01,2026-03-02 08:30:12
9061,9061,240,UPI,Failed,497.46,2024-07-13 15:25:21
9062,9062,59,Cash,Pending,512.52,2025-12-16 03:11:25
9063,9063,243,Net Banking,Success,3306.14,2026-04-17 11:20:21
9064,9064,939,Net Banking,Success,3170.35,2025-12-09 15:33:37
9065,9065,98,Credit Card,Pending,2984.88,2026-03-23 00:13:04
9066,9066,181,Credit Card,Pending,961.7,2024-09-06 08:31:26
9067,9067,363,Net Banking,Pending,926.87,2024-06-28 01:32:31
9068,9068,711,Net Banking,Success,3033.49,2025-07-01 20:06:51
9069,9069,62,Debit Card,Pending,799.05,2025-07-14 17:00:41
9070,9070,451,Net Banking,Success,1321.56,2025-08-18 22:43:38
9071,9071,666,Cash,Failed,3183.31,2024-11-13 00:42:02
9072,9072,94,Debit Card,Pending,668.85,2025-07-26 18:57:52
9073,9073,533,Debit Card,Failed,2103.22,2025-02-07 23:59:13
9074,9074,522,UPI,Failed,2497.17,2024-10-18 13:41:48
9075,9075,534,Credit Card,Success,4820.68,2024-10-22 19:00:25
9076,9076,454,Net Banking,Success,3223.85,2026-02-04 15:56:34
9077,9077,619,Cash,Success,2763.54,2025-08-09 04:17:10
9078,9078,24,UPI,Success,1275.34,2025-05-30 00:26:32
9079,9079,618,Debit Card,Pending,964.39,2024-08-12 13:03:48
9080,9080,595,Debit Card,Success,4115.19,2025-02-06 03:42:01
9081,9081,120,Debit Card,Failed,2444.91,2024-07-11 19:00:02
9082,9082,780,Net Banking,Success,4574.06,2025-10-20 18:57:55
9083,9083,762,Credit Card,Failed,1140.03,2024-08-01 08:09:43
9084,9084,487,Debit Card,Pending,4629.28,2025-10-13 01:52:45
9085,9085,61,Cash,Pending,3727.65,2026-04-02 12:48:29
9086,9086,417,Debit Card,Success,644.82,2025-10-07 19:44:07
9087,9087,736,Cash,Failed,3971.24,2025-02-28 17:19:14
9088,9088,997,Debit Card,Success,4315.0,2024-10-22 09:22:06
9089,9089,762,Net Banking,Failed,855.98,2026-04-27 07:40:02
9090,9090,423,Debit Card,Pending,916.4,2024-09-14 10:07:26
9091,9091,884,Debit Card,Failed,4934.53,2024-09-05 13:14:21
9092,9092,411,Net Banking,Success,3173.05,2025-07-31 19:15:50
9093,9093,221,Credit Card,Failed,2600.63,2024-06-13 01:56:35
9094,9094,172,Net Banking,Success,2313.18,2026-05-14 14:10:38
9095,9095,564,Credit Card,Success,745.91,2024-08-22 05:03:12
9096,9096,702,Debit Card,Pending,2452.25,2025-02-13 20:55:17
9097,9097,117,Debit Card,Success,3828.64,2026-05-17 05:17:21
9098,9098,306,Cash,Success,2593.4,2024-10-02 03:31:23
9099,9099,960,Cash,Pending,3586.22,2024-10-17 01:56:41
9100,9100,704,Credit Card,Failed,1007.45,2025-08-23 01:25:44
9101,9101,756,Credit Card,Pending,506.59,2025-03-15 23:53:34
9102,9102,188,Debit Card,Success,4269.35,2026-03-17 05:50:26
9103,9103,534,Debit Card,Pending,1692.64,2024-11-19 09:38:52
9104,9104,42,Debit Card,Success,4872.33,2024-11-22 10:42:51
9105,9105,70,Net Banking,Pending,3321.99,2024-05-26 18:36:19
9106,9106,903,UPI,Success,635.9,2025-01-15 09:45:24
9107,9107,345,Net Banking,Pending,3335.97,2025-02-20 15:56:34
9108,9108,46,Cash,Success,301.89,2024-10-13 12:34:55
9109,9109,59,UPI,Failed,1930.29,2025-10-19 05:38:58
9110,9110,880,Credit Card,Pending,2438.78,2026-05-05 11:34:15
9111,9111,921,Debit Card,Success,3751.62,2025-09-21 17:55:48
9112,9112,978,Cash,Success,3126.52,2024-06-11 08:05:28
9113,9113,152,Net Banking,Success,4835.21,2024-11-16 00:50:05
9114,9114,507,Credit Card,Failed,261.77,2026-03-14 12:47:16
9115,9115,422,Cash,Failed,1436.27,2025-08-29 06:14:17
9116,9116,380,Debit Card,Success,2398.38,2024-10-17 01:17:02
9117,9117,560,UPI,Success,1238.98,2025-04-15 01:23:00
9118,9118,874,UPI,Success,695.7,2024-06-11 23:23:20
9119,9119,27,Cash,Pending,2631.87,2024-09-02 13:34:29
9120,9120,437,Debit Card,Pending,4197.85,2025-07-29 22:15:38
9121,9121,662,UPI,Success,819.45,2025-04-09 13:53:16
9122,9122,925,UPI,Success,222.85,2024-11-20 15:59:41
9123,9123,709,Cash,Failed,3742.87,2025-11-17 01:31:40
9124,9124,122,Debit Card,Pending,3523.6,2024-10-24 08:41:00
9125,9125,279,Net Banking,Pending,2084.79,2025-05-03 17:37:13
9126,9126,128,Debit Card,Success,642.58,2024-07-17 09:52:04
9127,9127,346,Net Banking,Success,3076.66,2026-03-20 09:35:52
9128,9128,457,Net Banking,Success,933.74,2026-01-13 04:01:10
9129,9129,898,UPI,Failed,1870.09,2025-11-16 04:22:21
9130,9130,345,Net Banking,Success,118.0,2025-02-10 01:30:32
9131,9131,532,Debit Card,Success,3414.23,2025-06-22 18:56:04
9132,9132,875,UPI,Pending,2811.86,2024-11-27 15:14:57
9133,9133,9,Net Banking,Pending,3026.83,2026-03-03 16:39:12
9134,9134,702,Net Banking,Failed,3934.67,2026-01-12 19:31:45
9135,9135,134,Cash,Success,278.03,2025-01-05 20:49:50
9136,9136,235,Cash,Pending,1152.0,2025-03-04 18:12:52
9137,9137,930,Cash,Failed,2074.16,2026-05-11 02:13:58
9138,9138,175,Net Banking,Pending,347.88,2026-05-17 14:46:16
9139,9139,15,Cash,Failed,3915.11,2026-04-24 10:13:14
9140,9140,365,Cash,Pending,4391.77,2025-03-11 07:41:59
9141,9141,606,UPI,Success,367.36,2025-06-18 00:12:32
9142,9142,954,Credit Card,Success,3916.11,2025-06-29 09:00:52
9143,9143,172,Cash,Pending,2203.76,2025-07-20 16:00:24
9144,9144,180,UPI,Pending,1074.75,2026-04-29 10:26:01
9145,9145,578,Net Banking,Success,572.65,2024-11-05 15:00:10
9146,9146,208,UPI,Pending,2246.81,2026-03-21 03:13:40
9147,9147,939,UPI,Pending,2179.71,2024-08-15 10:46:21
9148,9148,718,Net Banking,Success,1880.09,2026-02-19 14:13:05
9149,9149,535,Cash,Pending,1892.03,2026-03-26 07:53:42
9150,9150,82,Credit Card,Failed,42.62,2024-12-11 23:23:27
9151,9151,168,Credit Card,Success,1044.42,2025-03-02 22:28:07
9152,9152,942,UPI,Success,3167.86,2026-04-15 22:01:35
9153,9153,992,Credit Card,Failed,4055.44,2026-04-29 11:10:45
9154,9154,933,Cash,Pending,986.08,2025-08-25 09:44:14
9155,9155,56,Net Banking,Success,2861.91,2025-11-22 23:37:53
9156,9156,383,Credit Card,Failed,4556.38,2026-01-12 15:41:42
9157,9157,209,Debit Card,Pending,4343.13,2024-07-30 01:18:19
9158,9158,357,Debit Card,Failed,2113.54,2025-01-10 20:30:45
9159,9159,186,Cash,Success,160.39,2026-04-12 14:32:18
9160,9160,913,UPI,Success,2268.33,2025-08-25 12:50:20
9161,9161,723,Debit Card,Pending,3020.29,2025-08-21 15:17:00
9162,9162,810,Debit Card,Pending,4141.29,2025-09-01 07:11:11
9163,9163,2,Debit Card,Success,3935.01,2024-09-17 13:40:35
9164,9164,618,UPI,Pending,4154.61,2024-06-05 22:40:24
9165,9165,474,Cash,Success,2974.31,2025-01-06 04:33:26
9166,9166,302,Credit Card,Failed,1512.39,2024-12-11 06:10:47
9167,9167,697,UPI,Success,2898.22,2025-10-04 13:46:03
9168,9168,259,Cash,Failed,3687.09,2024-10-13 10:57:18
9169,9169,45,Debit Card,Pending,147.25,2025-07-21 13:31:51
9170,9170,334,Credit Card,Success,780.53,2024-11-17 17:28:08
9171,9171,286,Cash,Failed,438.96,2024-07-09 22:18:51
9172,9172,333,Cash,Failed,2282.62,2024-07-13 07:53:59
9173,9173,682,Cash,Success,4780.22,2026-01-14 16:51:50
9174,9174,672,UPI,Success,1134.38,2024-07-25 23:59:11
9175,9175,661,Credit Card,Success,1596.62,2026-02-09 23:48:37
9176,9176,475,Cash,Pending,714.6,2026-03-01 05:30:47
9177,9177,65,Net Banking,Success,2271.11,2025-06-25 01:32:18
9178,9178,451,UPI,Success,4969.61,2024-06-16 05:21:38
9179,9179,338,Debit Card,Failed,3071.19,2024-12-09 05:47:09
9180,9180,279,Debit Card,Success,2139.92,2024-11-21 06:06:04
9181,9181,530,Credit Card,Failed,2091.47,2025-04-22 09:52:12
9182,9182,942,Credit Card,Failed,4484.96,2024-10-21 22:31:54
9183,9183,593,Cash,Success,492.83,2025-06-16 21:12:14
9184,9184,105,Net Banking,Failed,2389.12,2026-05-09 19:13:07
9185,9185,684,Cash,Failed,2006.96,2025-03-28 01:18:33
9186,9186,383,UPI,Failed,3780.09,2024-10-26 02:33:58
9187,9187,615,UPI,Pending,3738.48,2025-05-23 00:07:22
9188,9188,19,Net Banking,Pending,3909.92,2025-04-26 23:08:49
9189,9189,140,Cash,Pending,4397.21,2025-04-04 12:08:31
9190,9190,404,Net Banking,Failed,388.02,2026-03-06 03:12:55
9191,9191,772,Net Banking,Pending,1495.05,2025-02-02 18:16:50
9192,9192,880,UPI,Failed,1539.76,2025-03-08 05:50:51
9193,9193,685,Net Banking,Failed,1644.5,2025-10-27 11:50:29
9194,9194,421,Credit Card,Pending,1219.68,2024-06-16 13:14:44
9195,9195,440,Credit Card,Pending,1533.93,2025-08-05 13:07:18
9196,9196,194,Cash,Success,2341.83,2025-04-05 09:51:48
9197,9197,848,Net Banking,Success,915.21,2025-01-11 01:40:17
9198,9198,225,Debit Card,Failed,3660.16,2024-09-11 01:45:49
9199,9199,378,UPI,Pending,4114.42,2025-01-19 18:41:41
9200,9200,538,UPI,Pending,3855.65,2025-05-04 08:23:44
9201,9201,831,Debit Card,Pending,3784.58,2024-09-01 09:24:41
9202,9202,503,Debit Card,Failed,1273.84,2025-12-19 09:29:24
9203,9203,125,Credit Card,Success,3008.77,2024-07-16 09:25:10
9204,9204,533,Net Banking,Pending,4367.02,2025-01-15 02:04:39
9205,9205,928,Debit Card,Pending,3225.33,2026-03-31 14:36:57
9206,9206,602,Debit Card,Failed,4392.66,2025-09-14 11:01:04
9207,9207,776,UPI,Pending,3857.1,2024-10-20 15:16:19
9208,9208,997,Debit Card,Success,2964.26,2025-02-15 05:26:02
9209,9209,740,UPI,Pending,3508.53,2024-06-30 20:50:13
9210,9210,762,Cash,Failed,4042.89,2025-05-07 10:06:51
9211,9211,354,Cash,Success,4931.77,2025-05-11 18:20:47
9212,9212,617,Cash,Failed,292.07,2025-04-04 17:56:14
9213,9213,98,Cash,Success,336.94,2025-09-27 06:42:32
9214,9214,609,UPI,Failed,1599.02,2026-03-24 07:50:41
9215,9215,716,Net Banking,Success,1832.37,2026-04-10 20:31:12
9216,9216,4,Cash,Pending,2229.6,2025-05-26 11:23:52
9217,9217,116,Credit Card,Failed,3619.14,2025-12-18 10:23:54
9218,9218,1,UPI,Pending,245.39,2026-01-19 12:20:51
9219,9219,890,Net Banking,Failed,886.17,2025-09-19 10:46:31
9220,9220,581,Cash,Pending,1677.52,2025-08-10 04:12:55
9221,9221,641,Net Banking,Pending,885.32,2025-10-06 21:48:34
9222,9222,677,Net Banking,Success,3171.85,2026-05-05 13:53:16
9223,9223,451,Credit Card,Pending,4822.43,2026-05-07 15:51:00
9224,9224,231,Net Banking,Failed,3150.18,2026-02-05 00:23:21
9225,9225,861,Net Banking,Failed,4355.62,2026-02-01 17:25:18
9226,9226,484,Credit Card,Failed,3917.17,2024-07-26 04:58:26
9227,9227,691,Cash,Pending,3567.23,2024-08-18 04:11:10
9228,9228,929,Credit Card,Failed,2698.6,2025-01-27 04:25:57
9229,9229,412,Debit Card,Failed,3813.35,2024-12-10 12:55:07
9230,9230,351,Debit Card,Failed,1118.18,2024-08-13 03:09:33
9231,9231,757,UPI,Success,1460.27,2024-09-15 23:20:32
9232,9232,480,Credit Card,Pending,4001.94,2026-02-26 12:23:43
9233,9233,972,Cash,Failed,4278.3,2025-10-21 08:20:28
9234,9234,638,UPI,Pending,2583.45,2025-05-04 19:08:28
9235,9235,5,Credit Card,Failed,3751.11,2024-09-08 05:43:03
9236,9236,787,UPI,Failed,680.93,2024-12-10 20:43:20
9237,9237,152,Debit Card,Success,2473.22,2024-11-08 05:15:57
9238,9238,906,Cash,Success,4592.45,2025-08-22 07:58:05
9239,9239,193,Credit Card,Failed,1833.44,2026-05-25 14:33:59
9240,9240,901,Net Banking,Success,2616.48,2025-08-05 08:41:35
9241,9241,455,Cash,Success,1598.02,2026-04-29 04:49:18
9242,9242,83,UPI,Pending,2518.56,2024-11-28 04:00:08
9243,9243,823,UPI,Success,4083.76,2025-03-19 07:48:47
9244,9244,702,Debit Card,Failed,578.84,2024-10-17 16:59:27
9245,9245,406,Net Banking,Pending,1862.0,2026-02-18 07:04:40
9246,9246,561,UPI,Pending,3615.51,2025-09-08 09:41:19
9247,9247,273,Credit Card,Success,494.98,2026-04-11 10:42:10
9248,9248,719,UPI,Success,2226.09,2024-11-18 15:45:24
9249,9249,16,Net Banking,Success,2266.29,2024-08-11 10:11:53
9250,9250,53,Credit Card,Pending,946.36,2024-06-24 20:25:43
9251,9251,216,Cash,Pending,94.88,2024-09-10 18:15:03
9252,9252,476,Credit Card,Pending,1156.62,2024-06-02 07:09:19
9253,9253,160,Credit Card,Success,231.34,2025-06-14 00:44:07
9254,9254,917,Cash,Pending,2010.88,2025-07-03 07:26:34
9255,9255,615,Net Banking,Pending,73.48,2025-03-20 11:57:51
9256,9256,774,UPI,Failed,2817.96,2025-01-02 22:34:13
9257,9257,558,Net Banking,Success,807.36,2025-09-29 05:30:54
9258,9258,219,Debit Card,Pending,1029.74,2025-04-04 19:04:12
9259,9259,301,Debit Card,Pending,4101.79,2025-01-29 02:19:33
9260,9260,600,Net Banking,Failed,757.86,2025-11-04 20:59:12
9261,9261,321,Net Banking,Pending,2180.33,2025-12-31 15:43:23
9262,9262,809,Credit Card,Failed,2210.44,2025-10-25 01:48:26
9263,9263,845,Debit Card,Failed,2795.9,2025-01-15 18:03:48
9264,9264,369,Debit Card,Success,2904.57,2024-08-06 02:18:37
9265,9265,932,Cash,Failed,4347.58,2025-09-20 13:44:17
9266,9266,209,Net Banking,Pending,1364.98,2026-05-12 19:01:27
9267,9267,623,Credit Card,Success,3423.46,2025-08-09 19:48:00
9268,9268,353,Debit Card,Failed,1701.23,2024-08-27 03:02:36
9269,9269,437,Debit Card,Failed,4877.7,2024-06-02 01:08:40
9270,9270,444,Net Banking,Failed,785.72,2026-03-23 09:24:44
9271,9271,803,Cash,Pending,2632.1,2024-10-23 15:46:34
9272,9272,661,Credit Card,Pending,241.17,2025-12-01 10:58:15
9273,9273,659,Cash,Success,501.98,2025-09-23 00:44:58
9274,9274,766,Cash,Pending,1216.93,2024-12-10 17:20:14
9275,9275,816,UPI,Pending,3487.78,2024-06-20 00:01:46
9276,9276,848,Credit Card,Pending,1981.07,2024-08-06 10:56:42
9277,9277,832,Credit Card,Success,3420.73,2026-02-20 11:51:16
9278,9278,873,Net Banking,Pending,3690.81,2026-04-29 05:06:05
9279,9279,809,Credit Card,Pending,905.57,2024-10-18 01:23:05
9280,9280,807,Debit Card,Pending,4039.75,2025-10-15 13:41:39
9281,9281,445,Credit Card,Success,1350.04,2025-09-24 15:51:33
9282,9282,706,Net Banking,Success,1161.02,2025-01-03 02:10:56
9283,9283,420,UPI,Failed,2479.14,2024-07-25 00:29:02
9284,9284,80,UPI,Success,1986.41,2026-01-07 06:01:23
9285,9285,74,Credit Card,Success,3626.02,2025-01-17 03:16:32
9286,9286,464,Debit Card,Pending,3606.25,2024-06-05 22:12:02
9287,9287,894,Cash,Pending,1991.9,2025-11-17 16:02:26
9288,9288,334,Cash,Success,3776.99,2026-05-12 12:01:38
9289,9289,721,UPI,Pending,3275.64,2024-08-30 20:27:40
9290,9290,593,Debit Card,Success,975.13,2025-09-09 13:44:33
9291,9291,833,Net Banking,Success,139.88,2025-06-19 19:52:48
9292,9292,951,Credit Card,Success,1409.69,2025-02-21 17:03:37
9293,9293,525,Credit Card,Success,2391.29,2025-07-22 08:05:02
9294,9294,151,Cash,Failed,747.28,2025-01-02 02:27:14
9295,9295,248,Net Banking,Failed,2930.71,2025-09-04 15:22:32
9296,9296,131,Debit Card,Failed,1311.85,2026-01-31 13:10:47
9297,9297,264,Cash,Failed,2985.21,2024-12-18 04:05:12
9298,9298,495,Cash,Failed,1777.92,2025-05-21 17:07:18
9299,9299,523,Credit Card,Failed,598.73,2026-03-06 13:08:09
9300,9300,127,UPI,Pending,3417.15,2026-02-22 01:54:48
9301,9301,585,Credit Card,Pending,4346.04,2024-11-21 06:54:01
9302,9302,246,Cash,Pending,2011.62,2024-08-31 07:11:11
9303,9303,781,Debit Card,Failed,1174.68,2025-06-28 02:48:07
9304,9304,412,Net Banking,Pending,1259.47,2026-04-05 12:59:34
9305,9305,206,UPI,Pending,2159.48,2025-11-02 02:06:33
9306,9306,296,Net Banking,Pending,4906.62,2026-01-07 18:51:27
9307,9307,258,UPI,Pending,1944.32,2024-06-04 08:22:46
9308,9308,679,Debit Card,Pending,4825.67,2025-04-26 17:47:34
9309,9309,407,Cash,Success,4275.22,2024-12-24 21:56:05
9310,9310,398,Debit Card,Failed,1603.3,2026-03-06 03:49:12
9311,9311,488,Cash,Failed,3617.09,2026-01-06 04:33:51
9312,9312,651,Credit Card,Failed,2542.33,2024-07-02 14:54:27
9313,9313,294,Credit Card,Success,2027.34,2024-12-22 22:10:48
9314,9314,402,Cash,Pending,764.15,2024-07-21 16:23:01
9315,9315,381,Net Banking,Success,236.78,2025-12-24 01:46:59
9316,9316,619,Net Banking,Failed,2869.74,2025-04-10 18:42:24
9317,9317,606,UPI,Failed,479.78,2025-06-15 07:12:07
9318,9318,509,Credit Card,Pending,4163.77,2025-06-22 13:45:53
9319,9319,727,Net Banking,Success,2093.88,2025-07-31 09:33:14
9320,9320,319,Cash,Success,2754.35,2025-11-15 10:19:38
9321,9321,850,Debit Card,Pending,2763.31,2024-10-09 03:23:18
9322,9322,281,Net Banking,Pending,4333.66,2025-10-16 00:32:55
9323,9323,8,Net Banking,Failed,2361.25,2025-03-04 21:31:49
9324,9324,658,Credit Card,Failed,2073.06,2026-02-23 02:28:23
9325,9325,954,Credit Card,Failed,3011.45,2024-07-14 22:34:45
9326,9326,257,UPI,Failed,758.69,2025-08-14 01:10:05
9327,9327,302,Debit Card,Failed,613.27,2025-01-05 11:36:40
9328,9328,660,Debit Card,Success,4999.82,2025-07-04 18:12:44
9329,9329,130,UPI,Failed,1418.07,2024-12-30 12:11:07
9330,9330,144,Net Banking,Failed,541.31,2024-10-30 23:03:05
9331,9331,129,Debit Card,Success,3179.58,2024-12-22 15:09:24
9332,9332,58,Credit Card,Pending,4435.89,2024-06-14 07:30:04
9333,9333,801,UPI,Failed,3471.25,2025-09-04 05:37:42
9334,9334,814,UPI,Failed,3989.44,2024-10-22 03:47:32
9335,9335,492,Net Banking,Pending,431.45,2025-04-02 19:27:58
9336,9336,363,Net Banking,Failed,4947.19,2025-02-07 06:22:38
9337,9337,733,UPI,Failed,3350.1,2025-12-01 23:09:02
9338,9338,321,Cash,Success,4918.54,2025-09-18 11:20:12
9339,9339,939,Net Banking,Pending,1538.01,2025-07-03 14:00:03
9340,9340,405,Cash,Success,1863.66,2025-02-20 02:56:39
9341,9341,43,Debit Card,Pending,3620.86,2024-10-29 07:11:00
9342,9342,759,Credit Card,Pending,3758.18,2024-12-01 14:58:14
9343,9343,506,UPI,Pending,312.61,2025-04-01 01:34:40
9344,9344,199,Net Banking,Success,4583.24,2025-02-28 01:13:45
9345,9345,283,Credit Card,Pending,4513.15,2025-09-15 05:08:52
9346,9346,634,Cash,Failed,2710.02,2025-08-26 22:41:27
9347,9347,318,Credit Card,Success,4024.57,2025-04-14 08:08:55
9348,9348,552,Net Banking,Pending,1948.62,2025-09-13 07:46:00
9349,9349,303,Credit Card,Pending,634.31,2025-08-19 13:12:12
9350,9350,638,Debit Card,Pending,1911.95,2025-12-24 19:30:19
9351,9351,962,Net Banking,Success,2756.66,2025-08-07 22:56:16
9352,9352,820,Cash,Pending,3112.75,2024-09-24 01:55:37
9353,9353,279,Debit Card,Failed,334.55,2024-12-18 15:04:06
9354,9354,769,Debit Card,Failed,1636.87,2025-02-22 06:44:15
9355,9355,43,Debit Card,Failed,4184.52,2024-07-03 14:35:15
9356,9356,628,UPI,Success,1234.04,2025-03-13 00:42:32
9357,9357,69,UPI,Success,2231.15,2026-05-17 01:27:00
9358,9358,579,UPI,Pending,4234.51,2024-11-30 02:13:24
9359,9359,993,Net Banking,Success,1166.76,2025-11-10 00:11:39
9360,9360,553,Debit Card,Failed,2632.98,2024-06-24 20:51:05
9361,9361,870,Cash,Failed,1432.88,2024-05-28 10:37:10
9362,9362,636,Credit Card,Pending,3958.12,2026-01-21 17:32:51
9363,9363,848,Debit Card,Failed,166.39,2024-12-06 00:24:28
9364,9364,459,Debit Card,Pending,4635.9,2025-11-01 09:58:33
9365,9365,754,Net Banking,Success,2096.32,2024-06-03 22:03:06
9366,9366,295,UPI,Pending,2610.76,2026-05-25 17:01:10
9367,9367,678,Cash,Pending,3709.38,2025-02-03 04:17:26
9368,9368,390,Cash,Pending,827.2,2026-02-14 05:57:26
9369,9369,827,Net Banking,Success,4407.25,2024-09-16 23:35:45
9370,9370,198,Net Banking,Pending,2813.32,2025-02-06 04:35:12
9371,9371,223,Credit Card,Success,4462.5,2025-07-19 00:07:04
9372,9372,528,UPI,Pending,2507.37,2025-03-02 02:29:12
9373,9373,470,Debit Card,Failed,3240.73,2024-09-18 09:56:28
9374,9374,256,Credit Card,Pending,468.75,2025-12-30 16:08:31
9375,9375,702,Net Banking,Pending,2484.4,2025-07-20 08:16:47
9376,9376,602,Net Banking,Pending,4128.49,2024-06-23 14:28:49
9377,9377,290,UPI,Success,2820.59,2025-06-20 04:22:16
9378,9378,266,Net Banking,Pending,293.07,2025-03-18 21:45:47
9379,9379,996,Debit Card,Success,2997.86,2024-11-19 06:56:51
9380,9380,931,Cash,Success,1519.05,2024-07-26 12:14:18
9381,9381,190,Credit Card,Success,3727.49,2025-05-07 08:22:02
9382,9382,138,Debit Card,Success,2223.79,2024-12-21 23:11:49
9383,9383,345,Debit Card,Pending,50.11,2025-07-23 04:24:23
9384,9384,168,Net Banking,Success,1218.14,2024-09-11 08:49:32
9385,9385,955,Net Banking,Failed,593.76,2024-11-22 03:05:57
9386,9386,830,Debit Card,Failed,1612.42,2024-11-13 13:10:20
9387,9387,279,Debit Card,Pending,1647.12,2026-05-05 01:46:25
9388,9388,955,Credit Card,Success,1673.89,2024-10-04 10:55:52
9389,9389,399,Debit Card,Pending,536.44,2026-03-18 14:06:03
9390,9390,117,Credit Card,Success,2434.74,2025-09-24 13:49:59
9391,9391,357,Credit Card,Failed,532.8,2025-02-08 23:51:25
9392,9392,360,Net Banking,Success,4643.37,2025-09-03 15:08:12
9393,9393,262,UPI,Failed,2130.02,2024-10-14 00:45:52
9394,9394,49,Net Banking,Success,4566.24,2026-05-13 07:44:25
9395,9395,609,Cash,Pending,4947.38,2024-08-09 06:47:59
9396,9396,420,Net Banking,Failed,2625.75,2026-05-18 15:05:42
9397,9397,813,Credit Card,Failed,981.06,2024-09-29 07:42:55
9398,9398,796,Cash,Success,1235.56,2024-07-05 09:26:56
9399,9399,447,Debit Card,Failed,480.31,2024-10-14 22:08:42
9400,9400,905,Net Banking,Failed,586.92,2024-10-02 02:21:45
9401,9401,236,Net Banking,Failed,2836.37,2025-05-13 14:09:27
9402,9402,225,Credit Card,Success,4724.77,2024-12-19 17:11:43
9403,9403,801,Cash,Failed,2141.39,2024-06-21 20:17:04
9404,9404,151,Cash,Pending,243.54,2024-08-10 22:57:27
9405,9405,619,Cash,Failed,1255.58,2024-12-30 15:17:26
9406,9406,215,Cash,Success,1308.72,2025-05-12 15:05:38
9407,9407,230,Credit Card,Pending,2766.83,2024-08-29 03:59:01
9408,9408,790,Credit Card,Failed,837.15,2025-12-25 12:19:19
9409,9409,12,UPI,Failed,4036.94,2025-11-10 12:19:23
9410,9410,681,Cash,Failed,3649.25,2025-04-17 10:21:03
9411,9411,814,Credit Card,Pending,425.88,2026-04-03 05:08:44
9412,9412,162,UPI,Failed,1367.17,2024-07-24 01:52:02
9413,9413,763,Credit Card,Pending,3609.16,2026-03-11 09:22:44
9414,9414,428,Credit Card,Failed,2898.6,2026-02-10 07:33:34
9415,9415,92,UPI,Failed,4300.95,2026-03-22 03:17:41
9416,9416,876,UPI,Pending,1315.3,2025-02-25 04:09:28
9417,9417,843,Cash,Failed,979.74,2024-07-10 08:05:40
9418,9418,49,Credit Card,Failed,2654.52,2026-01-30 01:24:11
9419,9419,699,UPI,Success,189.86,2024-05-26 20:11:46
9420,9420,540,Credit Card,Success,3071.61,2024-10-20 11:09:04
9421,9421,578,Debit Card,Success,872.83,2026-03-18 18:13:46
9422,9422,633,UPI,Failed,38.9,2025-07-18 20:35:47
9423,9423,708,Debit Card,Success,4808.0,2026-01-29 17:48:55
9424,9424,582,Credit Card,Pending,1365.23,2026-05-14 04:43:16
9425,9425,688,UPI,Failed,1713.69,2025-07-10 10:00:36
9426,9426,846,Cash,Success,4533.14,2025-06-12 04:29:36
9427,9427,365,UPI,Success,3034.56,2024-06-23 23:30:56
9428,9428,288,Net Banking,Pending,4173.24,2024-11-10 17:11:54
9429,9429,918,Cash,Pending,3895.02,2025-10-05 10:17:52
9430,9430,594,Cash,Failed,4361.59,2025-09-06 07:28:01
9431,9431,115,Net Banking,Failed,3911.1,2026-02-06 22:43:53
9432,9432,920,Net Banking,Pending,262.22,2025-12-07 01:30:27
9433,9433,956,Cash,Success,2308.14,2024-07-30 09:23:33
9434,9434,723,Debit Card,Success,1175.85,2024-07-08 18:05:44
9435,9435,77,Net Banking,Failed,2341.25,2024-12-06 01:44:52
9436,9436,737,Net Banking,Failed,1046.85,2024-06-07 07:05:30
9437,9437,621,Credit Card,Pending,4920.51,2025-06-12 02:11:37
9438,9438,425,Debit Card,Success,2303.04,2026-04-24 13:48:51
9439,9439,324,Net Banking,Success,1869.33,2026-01-09 02:55:11
9440,9440,517,UPI,Success,4299.57,2024-09-09 21:30:50
9441,9441,442,Credit Card,Success,756.56,2024-11-03 22:24:35
9442,9442,585,Debit Card,Pending,962.97,2026-01-21 17:28:53
9443,9443,997,Cash,Pending,4682.76,2026-02-24 18:07:03
9444,9444,975,Cash,Pending,1852.43,2025-01-19 13:21:18
9445,9445,877,Credit Card,Failed,4547.94,2026-01-01 20:19:25
9446,9446,251,Cash,Success,3468.26,2025-07-29 08:29:37
9447,9447,995,Cash,Failed,2012.68,2024-12-22 10:38:16
9448,9448,202,Credit Card,Success,1752.36,2025-12-20 14:58:43
9449,9449,345,Cash,Pending,4163.44,2025-03-06 03:40:34
9450,9450,277,Credit Card,Pending,905.64,2024-10-12 20:39:16
9451,9451,798,UPI,Pending,4574.37,2025-05-02 20:42:33
9452,9452,988,Credit Card,Pending,2001.25,2025-02-21 08:45:19
9453,9453,459,UPI,Failed,4501.11,2025-06-30 07:41:51
9454,9454,536,UPI,Failed,2452.5,2025-02-22 22:42:26
9455,9455,560,Credit Card,Success,3162.09,2025-04-21 06:38:06
9456,9456,191,Cash,Pending,4556.05,2026-01-02 20:51:37
9457,9457,663,UPI,Success,1219.9,2026-05-06 16:10:17
9458,9458,830,Credit Card,Pending,4449.8,2025-06-24 14:39:34
9459,9459,591,UPI,Pending,702.22,2025-02-02 21:42:35
9460,9460,746,Net Banking,Pending,3240.9,2026-02-09 03:37:44
9461,9461,934,Debit Card,Success,3357.79,2025-01-08 08:55:10
9462,9462,888,Debit Card,Pending,1538.84,2025-09-01 15:44:08
9463,9463,21,UPI,Pending,3739.04,2025-07-18 17:54:38
9464,9464,952,Net Banking,Failed,4868.42,2025-04-08 02:10:23
9465,9465,71,Credit Card,Success,4694.65,2025-08-06 20:18:11
9466,9466,63,Net Banking,Pending,562.7,2026-01-20 05:03:15
9467,9467,98,Debit Card,Pending,2672.25,2024-08-12 10:11:51
9468,9468,375,Net Banking,Failed,1860.76,2024-07-13 08:28:42
9469,9469,36,Cash,Pending,2569.18,2026-04-22 03:19:37
9470,9470,221,Debit Card,Success,943.35,2024-11-29 01:29:14
9471,9471,701,Debit Card,Failed,2980.19,2025-11-19 09:12:34
9472,9472,692,Debit Card,Pending,2315.85,2025-10-20 02:58:46
9473,9473,988,Net Banking,Success,1294.96,2024-07-18 22:28:00
9474,9474,160,UPI,Pending,4334.13,2025-08-11 08:44:28
9475,9475,881,Debit Card,Pending,4501.57,2025-03-07 22:09:24
9476,9476,352,Debit Card,Pending,1666.42,2026-05-19 20:30:18
9477,9477,334,Net Banking,Failed,3445.51,2025-12-09 13:27:33
9478,9478,314,Debit Card,Success,307.56,2025-11-26 19:36:07
9479,9479,253,Credit Card,Pending,1176.53,2025-05-09 03:09:55
9480,9480,126,Net Banking,Success,262.6,2024-10-07 17:38:43
9481,9481,591,Credit Card,Pending,778.89,2024-09-16 17:30:23
9482,9482,388,Cash,Pending,3214.97,2025-09-21 19:53:25
9483,9483,907,Cash,Success,4560.82,2025-08-01 21:34:55
9484,9484,978,Net Banking,Failed,4028.78,2025-06-27 14:12:48
9485,9485,15,Cash,Failed,2092.38,2025-06-15 18:55:40
9486,9486,491,UPI,Pending,4296.26,2025-07-18 11:24:48
9487,9487,708,Cash,Failed,1083.02,2024-11-14 16:24:04
9488,9488,458,Credit Card,Pending,3470.18,2024-06-17 23:42:07
9489,9489,184,Debit Card,Success,3238.17,2025-12-27 09:35:22
9490,9490,509,UPI,Pending,212.99,2025-10-07 09:03:37
9491,9491,731,UPI,Pending,3856.51,2024-12-10 02:47:37
9492,9492,847,Net Banking,Success,4443.55,2025-09-03 19:05:48
9493,9493,743,Credit Card,Pending,3423.36,2025-09-29 00:44:48
9494,9494,910,UPI,Success,4964.83,2025-02-11 11:10:24
9495,9495,985,Debit Card,Success,3149.51,2024-06-22 12:51:27
9496,9496,649,Cash,Failed,3379.45,2026-03-31 17:04:06
9497,9497,696,Cash,Pending,3799.93,2025-02-22 06:03:21
9498,9498,915,Debit Card,Failed,4992.46,2024-09-20 16:55:02
9499,9499,461,Debit Card,Failed,3054.8,2024-12-22 21:56:31
9500,9500,499,Debit Card,Pending,1177.13,2024-07-17 15:35:52
9501,9501,898,Cash,Failed,1556.86,2024-11-20 20:36:51
9502,9502,288,UPI,Pending,1946.83,2025-04-15 08:52:07
9503,9503,142,UPI,Failed,1533.82,2025-04-09 23:28:17
9504,9504,664,Net Banking,Pending,2999.86,2025-05-05 08:33:27
9505,9505,734,Credit Card,Pending,3212.1,2025-04-21 23:18:25
9506,9506,10,UPI,Failed,4725.83,2026-05-19 11:47:38
9507,9507,222,UPI,Failed,4478.59,2024-11-26 13:53:41
9508,9508,13,Credit Card,Failed,2931.29,2025-07-07 18:35:37
9509,9509,196,Debit Card,Failed,1466.25,2026-04-21 00:24:19
9510,9510,143,Debit Card,Pending,390.42,2025-02-01 06:33:16
9511,9511,658,Debit Card,Pending,3045.01,2025-01-20 18:37:17
9512,9512,986,Debit Card,Success,4652.12,2025-05-29 17:57:48
9513,9513,525,Credit Card,Pending,1100.13,2025-02-25 03:51:35
9514,9514,936,Debit Card,Success,1605.03,2025-07-09 09:13:06
9515,9515,341,UPI,Pending,3710.11,2025-06-01 11:25:52
9516,9516,325,Credit Card,Pending,3152.49,2024-12-22 15:11:09
9517,9517,894,UPI,Success,4359.83,2025-11-29 04:10:58
9518,9518,975,Cash,Failed,4315.45,2025-09-16 12:30:40
9519,9519,452,UPI,Failed,3906.45,2024-12-31 21:57:00
9520,9520,975,Debit Card,Failed,4553.09,2025-02-28 18:13:19
9521,9521,825,Credit Card,Success,595.8,2025-03-09 05:44:07
9522,9522,550,Debit Card,Failed,2473.91,2025-07-26 20:56:56
9523,9523,265,Debit Card,Success,4816.31,2025-05-25 12:25:20
9524,9524,653,Cash,Success,2644.18,2025-10-11 11:06:45
9525,9525,134,Debit Card,Failed,2275.16,2025-11-21 03:15:22
9526,9526,857,Cash,Failed,2986.11,2025-08-27 05:09:50
9527,9527,471,Credit Card,Failed,2273.91,2024-11-09 13:28:56
9528,9528,796,Net Banking,Failed,3744.66,2024-06-30 06:12:49
9529,9529,460,Cash,Pending,4991.25,2026-04-02 16:28:45
9530,9530,593,Cash,Success,2687.54,2026-03-29 10:08:42
9531,9531,526,UPI,Pending,4140.37,2024-09-01 14:33:45
9532,9532,900,Cash,Success,3297.33,2026-02-02 19:16:06
9533,9533,882,Credit Card,Success,1854.77,2024-10-12 09:52:04
9534,9534,386,UPI,Success,1855.87,2025-02-06 22:56:35
9535,9535,469,Net Banking,Pending,4794.39,2025-05-11 02:11:56
9536,9536,504,Net Banking,Failed,4956.41,2026-03-21 22:59:23
9537,9537,707,Net Banking,Pending,1009.12,2026-03-27 21:03:18
9538,9538,550,UPI,Failed,3962.41,2025-12-04 05:36:41
9539,9539,216,Credit Card,Success,4876.18,2025-11-20 02:57:38
9540,9540,434,Credit Card,Failed,1455.07,2025-01-12 14:04:13
9541,9541,17,Cash,Failed,3132.3,2024-08-17 13:25:43
9542,9542,374,Debit Card,Failed,4452.86,2024-06-21 22:02:54
9543,9543,826,UPI,Pending,3971.58,2025-02-26 02:50:30
9544,9544,588,UPI,Success,497.07,2025-05-18 13:15:31
9545,9545,518,Net Banking,Failed,1087.44,2024-10-31 03:04:32
9546,9546,218,Cash,Success,1744.89,2025-01-09 16:24:20
9547,9547,628,Net Banking,Success,4447.05,2025-02-28 08:12:11
9548,9548,339,UPI,Pending,3067.19,2024-06-10 13:54:00
9549,9549,819,Debit Card,Success,4402.25,2024-10-16 13:02:31
9550,9550,218,Credit Card,Pending,395.93,2025-09-22 17:21:58
9551,9551,574,Net Banking,Failed,2518.2,2024-07-24 21:57:10
9552,9552,713,Credit Card,Success,881.69,2025-07-03 11:14:07
9553,9553,619,Net Banking,Failed,3081.58,2025-02-19 12:45:30
9554,9554,757,Cash,Failed,4083.53,2024-10-17 18:44:41
9555,9555,310,Debit Card,Pending,3110.97,2026-01-12 16:00:51
9556,9556,118,UPI,Pending,3899.57,2026-03-23 01:16:21
9557,9557,198,Debit Card,Failed,3211.51,2025-11-23 03:38:23
9558,9558,32,Credit Card,Success,4941.02,2024-08-07 04:55:37
9559,9559,349,Cash,Pending,1209.53,2025-03-02 07:03:51
9560,9560,576,Cash,Success,3672.19,2026-05-25 09:24:34
9561,9561,953,Debit Card,Failed,201.44,2026-05-24 08:41:15
9562,9562,724,Net Banking,Failed,4551.11,2025-04-16 10:36:01
9563,9563,17,Credit Card,Success,4978.17,2026-01-10 04:38:24
9564,9564,548,Cash,Success,2485.44,2025-03-18 16:13:40
9565,9565,369,Cash,Failed,4148.46,2025-07-10 22:34:01
9566,9566,759,Credit Card,Failed,1183.95,2026-05-01 08:11:25
9567,9567,239,Net Banking,Failed,3311.06,2025-03-31 22:47:29
9568,9568,495,Credit Card,Failed,3077.33,2025-10-04 02:58:55
9569,9569,296,Credit Card,Success,4179.38,2026-04-01 14:41:16
9570,9570,459,Net Banking,Failed,2362.8,2025-02-22 00:06:07
9571,9571,646,UPI,Failed,2772.19,2026-03-09 04:37:09
9572,9572,974,Cash,Success,1154.73,2025-11-21 00:37:17
9573,9573,90,Debit Card,Failed,4853.53,2026-01-06 01:02:17
9574,9574,788,Credit Card,Failed,4824.46,2025-05-18 13:29:40
9575,9575,932,Net Banking,Failed,3151.51,2024-12-16 09:40:46
9576,9576,248,UPI,Pending,4962.46,2024-05-31 23:36:03
9577,9577,298,Debit Card,Success,1408.77,2024-10-02 13:20:40
9578,9578,879,UPI,Pending,1608.86,2026-04-24 20:04:52
9579,9579,344,Cash,Pending,3928.87,2026-05-25 23:34:53
9580,9580,135,Credit Card,Pending,2063.79,2024-09-21 19:56:18
9581,9581,372,Cash,Success,721.03,2025-03-22 10:44:57
9582,9582,831,Net Banking,Success,996.31,2024-09-18 04:59:18
9583,9583,34,Credit Card,Success,1420.25,2025-07-24 04:04:07
9584,9584,221,Debit Card,Success,2269.45,2024-09-18 09:47:58
9585,9585,650,UPI,Success,3852.16,2025-11-22 09:12:36
9586,9586,771,Credit Card,Failed,2178.36,2024-12-01 16:48:14
9587,9587,729,Cash,Success,2841.0,2025-03-14 16:13:22
9588,9588,880,Net Banking,Failed,3360.09,2025-07-24 14:46:37
9589,9589,134,Cash,Success,4181.95,2026-04-22 10:43:27
9590,9590,749,Cash,Failed,527.96,2024-08-24 17:58:59
9591,9591,220,Cash,Success,4577.96,2025-03-16 04:24:17
9592,9592,801,Debit Card,Success,1364.05,2025-10-23 14:38:00
9593,9593,202,Net Banking,Failed,2996.96,2025-01-25 19:51:17
9594,9594,528,Net Banking,Failed,2657.06,2025-03-16 16:44:26
9595,9595,83,Credit Card,Success,3824.35,2025-02-15 14:33:13
9596,9596,208,Debit Card,Success,559.87,2025-02-15 16:31:17
9597,9597,636,Debit Card,Pending,4560.25,2024-11-27 13:13:34
9598,9598,611,Debit Card,Pending,2213.98,2025-07-03 18:30:12
9599,9599,109,UPI,Success,4395.57,2026-01-03 08:43:52
9600,9600,663,Cash,Pending,2270.25,2024-07-26 02:24:02
9601,9601,620,Credit Card,Failed,4185.7,2025-01-07 00:37:48
9602,9602,485,Cash,Pending,990.78,2025-02-10 19:18:03
9603,9603,46,Cash,Success,2900.78,2025-10-09 08:04:40
9604,9604,178,Credit Card,Success,3766.44,2025-04-24 20:02:41
9605,9605,379,Cash,Failed,91.63,2024-10-07 16:01:02
9606,9606,922,UPI,Pending,4397.23,2025-09-11 16:41:08
9607,9607,133,Cash,Failed,3524.64,2026-03-14 15:21:18
9608,9608,387,Net Banking,Success,478.4,2025-12-25 11:52:45
9609,9609,103,UPI,Success,2960.68,2025-10-12 17:32:35
9610,9610,49,UPI,Failed,1460.03,2026-03-14 14:00:12
9611,9611,28,Debit Card,Success,533.96,2024-12-08 21:51:58
9612,9612,384,UPI,Pending,1258.05,2025-04-23 11:49:21
9613,9613,250,Credit Card,Success,2901.82,2025-02-06 03:13:18
9614,9614,968,Net Banking,Success,3938.13,2025-01-15 21:20:50
9615,9615,86,Credit Card,Failed,4323.07,2024-12-21 04:33:01
9616,9616,43,Cash,Pending,730.6,2026-01-29 07:39:57
9617,9617,663,Net Banking,Success,2699.08,2024-08-23 23:37:39
9618,9618,61,Debit Card,Pending,237.83,2024-12-22 15:35:55
9619,9619,414,Net Banking,Success,2499.41,2025-01-24 00:40:27
9620,9620,640,Debit Card,Success,2801.9,2024-07-04 10:57:14
9621,9621,964,Net Banking,Failed,2807.43,2025-06-22 09:50:34
9622,9622,815,Credit Card,Failed,4451.59,2025-02-12 18:30:33
9623,9623,772,Credit Card,Pending,3864.58,2026-05-05 01:09:48
9624,9624,148,Cash,Pending,1660.41,2025-08-14 10:47:51
9625,9625,293,Credit Card,Pending,1904.7,2024-07-21 21:10:56
9626,9626,727,UPI,Pending,1394.44,2024-06-04 20:56:10
9627,9627,710,Debit Card,Pending,1395.46,2025-08-17 14:34:37
9628,9628,285,Credit Card,Failed,3343.9,2024-06-03 06:10:23
9629,9629,866,Debit Card,Failed,2735.88,2025-03-04 22:39:42
9630,9630,947,Debit Card,Pending,1837.28,2025-07-29 08:21:13
9631,9631,407,Credit Card,Success,2253.34,2024-08-28 10:21:15
9632,9632,513,Cash,Pending,2615.61,2024-08-11 01:40:59
9633,9633,68,Net Banking,Success,2438.25,2024-08-19 13:34:33
9634,9634,154,UPI,Pending,4685.24,2026-05-03 22:46:02
9635,9635,164,UPI,Failed,3619.39,2024-07-01 11:36:21
9636,9636,39,Cash,Failed,356.37,2026-03-25 18:11:29
9637,9637,582,Cash,Success,428.75,2025-02-28 03:05:26
9638,9638,782,UPI,Failed,1105.52,2026-05-22 02:18:41
9639,9639,814,Cash,Failed,2068.74,2024-10-11 01:58:07
9640,9640,974,UPI,Failed,4752.12,2025-07-16 19:33:44
9641,9641,218,Net Banking,Success,4154.76,2025-05-03 21:58:00
9642,9642,874,Debit Card,Pending,3829.73,2024-10-24 05:42:19
9643,9643,532,Net Banking,Failed,4115.11,2025-10-07 07:12:04
9644,9644,884,UPI,Failed,3188.1,2025-06-08 16:09:03
9645,9645,805,UPI,Pending,956.87,2025-07-31 22:09:27
9646,9646,137,Cash,Success,4041.99,2025-12-29 15:12:57
9647,9647,928,Credit Card,Success,1767.28,2025-01-01 13:55:56
9648,9648,504,Cash,Success,3340.07,2025-06-03 04:53:59
9649,9649,49,Credit Card,Success,1738.47,2026-05-25 13:26:47
9650,9650,576,Credit Card,Success,3390.41,2026-01-09 15:39:49
9651,9651,499,UPI,Success,3440.09,2024-10-12 05:20:21
9652,9652,16,Cash,Success,1438.17,2026-01-29 20:15:41
9653,9653,805,UPI,Failed,3905.35,2026-04-02 11:46:49
9654,9654,698,Debit Card,Success,1667.78,2025-04-28 21:11:28
9655,9655,686,Cash,Pending,4051.81,2025-03-04 11:24:44
9656,9656,636,Credit Card,Pending,3875.1,2025-09-07 06:21:27
9657,9657,446,Net Banking,Failed,2395.86,2026-01-06 17:40:17
9658,9658,927,Net Banking,Failed,4972.89,2024-08-23 08:18:04
9659,9659,804,Credit Card,Failed,3004.61,2024-09-09 17:11:24
9660,9660,191,UPI,Failed,3715.53,2024-07-14 00:14:55
9661,9661,687,Cash,Success,3224.1,2026-03-31 18:40:32
9662,9662,25,Net Banking,Failed,3349.72,2024-06-20 17:06:21
9663,9663,324,Net Banking,Pending,2635.89,2025-04-13 20:10:13
9664,9664,114,Net Banking,Pending,4485.22,2026-05-03 06:48:59
9665,9665,966,Net Banking,Pending,2579.63,2024-06-01 18:35:48
9666,9666,642,Debit Card,Pending,3065.34,2025-08-07 07:15:56
9667,9667,927,UPI,Success,721.21,2025-05-30 23:37:35
9668,9668,174,UPI,Pending,4519.51,2026-03-13 23:04:09
9669,9669,502,Credit Card,Success,3092.58,2025-05-09 01:03:45
9670,9670,842,Credit Card,Success,1001.89,2026-01-28 13:20:40
9671,9671,899,UPI,Pending,833.15,2026-01-31 02:45:19
9672,9672,390,Net Banking,Success,2652.35,2024-09-28 08:34:53
9673,9673,694,Credit Card,Failed,1410.34,2025-12-26 20:23:35
9674,9674,763,Cash,Success,1529.59,2026-04-04 22:47:28
9675,9675,430,UPI,Success,1884.18,2025-04-06 10:57:45
9676,9676,816,UPI,Success,1176.32,2026-01-18 07:48:12
9677,9677,358,Credit Card,Failed,3595.06,2024-08-04 07:31:45
9678,9678,122,Credit Card,Pending,3447.04,2025-10-26 13:20:48
9679,9679,918,UPI,Success,321.74,2025-05-24 20:50:34
9680,9680,679,Credit Card,Failed,4686.42,2026-03-06 05:39:01
9681,9681,4,Net Banking,Failed,333.03,2025-10-07 22:58:48
9682,9682,528,UPI,Failed,4414.0,2025-07-01 14:16:48
9683,9683,839,Credit Card,Failed,2393.27,2025-04-06 16:10:25
9684,9684,438,Net Banking,Pending,4649.18,2025-06-30 01:15:08
9685,9685,874,Cash,Pending,2122.71,2025-07-01 23:06:04
9686,9686,174,Debit Card,Success,408.28,2026-05-05 20:32:17
9687,9687,15,Cash,Success,4986.41,2025-02-04 10:03:58
9688,9688,947,Net Banking,Pending,1443.17,2025-06-07 21:20:25
9689,9689,687,Credit Card,Pending,1081.28,2026-04-08 06:38:47
9690,9690,984,Credit Card,Pending,3073.46,2024-08-20 21:54:49
9691,9691,470,Credit Card,Failed,3541.09,2024-12-05 23:31:23
9692,9692,692,Credit Card,Failed,977.32,2025-05-21 23:30:48
9693,9693,315,Debit Card,Pending,2472.77,2026-01-12 20:46:52
9694,9694,667,UPI,Success,4408.29,2025-11-12 03:01:42
9695,9695,619,Credit Card,Failed,2466.19,2026-05-21 00:16:49
9696,9696,159,UPI,Failed,1164.89,2024-09-11 10:43:32
9697,9697,797,Net Banking,Success,1812.31,2024-10-10 00:02:56
9698,9698,696,Debit Card,Pending,2620.14,2024-06-27 08:04:16
9699,9699,99,UPI,Pending,2344.66,2025-06-03 03:41:24
9700,9700,952,Credit Card,Success,3777.59,2024-12-14 02:43:54
9701,9701,662,Cash,Pending,1965.36,2026-05-17 16:48:00
9702,9702,800,Net Banking,Pending,2851.57,2024-08-11 05:55:49
9703,9703,636,Net Banking,Pending,549.82,2025-03-16 00:00:15
9704,9704,477,Net Banking,Failed,602.37,2024-10-21 20:37:01
9705,9705,848,Credit Card,Success,369.69,2026-04-15 14:19:31
9706,9706,810,Net Banking,Failed,2579.69,2025-03-15 18:07:33
9707,9707,513,Cash,Success,926.58,2025-10-24 17:23:54
9708,9708,905,UPI,Failed,4587.2,2024-07-10 22:55:04
9709,9709,126,Cash,Failed,923.56,2025-07-19 00:00:48
9710,9710,257,UPI,Failed,3268.64,2025-04-10 02:03:35
9711,9711,85,UPI,Success,4135.25,2025-07-27 23:13:03
9712,9712,358,UPI,Pending,1464.17,2026-02-16 14:25:30
9713,9713,713,UPI,Failed,3130.82,2025-08-08 00:19:59
9714,9714,565,Credit Card,Pending,1137.95,2025-09-18 17:32:21
9715,9715,907,UPI,Pending,4958.77,2024-06-30 23:52:04
9716,9716,805,Debit Card,Failed,1639.32,2026-04-22 20:13:31
9717,9717,253,UPI,Pending,3621.89,2025-02-27 17:02:25
9718,9718,217,Credit Card,Pending,2241.4,2025-01-10 23:36:16
9719,9719,559,Credit Card,Pending,3055.07,2026-04-09 08:20:48
9720,9720,334,Credit Card,Success,2445.11,2026-02-12 06:03:56
9721,9721,558,Net Banking,Pending,814.9,2024-07-25 18:29:32
9722,9722,390,Credit Card,Failed,4303.03,2026-05-04 20:12:56
9723,9723,721,Debit Card,Success,2727.18,2024-07-07 07:12:40
9724,9724,262,Credit Card,Success,977.58,2025-11-01 06:07:45
9725,9725,661,Net Banking,Success,1078.96,2024-11-03 08:09:08
9726,9726,91,Net Banking,Failed,3424.81,2026-01-18 10:24:56
9727,9727,646,Cash,Failed,1829.81,2026-04-11 05:07:28
9728,9728,468,Net Banking,Failed,3167.34,2025-03-30 01:37:34
9729,9729,558,Cash,Success,1217.99,2026-04-11 12:56:56
9730,9730,136,UPI,Failed,4354.96,2025-07-02 22:28:48
9731,9731,816,UPI,Pending,4155.34,2026-03-26 11:42:04
9732,9732,255,Cash,Failed,3716.36,2025-03-16 09:38:08
9733,9733,221,Cash,Success,940.37,2024-07-07 16:01:05
9734,9734,73,UPI,Failed,571.56,2025-09-24 06:54:30
9735,9735,726,Debit Card,Pending,3680.71,2024-12-11 00:21:46
9736,9736,858,Cash,Failed,3416.56,2024-08-01 02:29:16
9737,9737,442,Cash,Success,3211.4,2026-02-19 13:08:25
9738,9738,623,Debit Card,Success,1726.55,2025-11-28 15:55:05
9739,9739,605,Cash,Failed,4276.47,2024-12-27 23:20:43
9740,9740,753,Net Banking,Failed,2047.26,2024-09-11 04:55:17
9741,9741,62,Credit Card,Pending,3231.6,2026-04-18 03:35:50
9742,9742,753,Net Banking,Success,1997.8,2024-10-31 04:15:06
9743,9743,577,Debit Card,Failed,2135.73,2024-12-04 20:09:27
9744,9744,16,Debit Card,Pending,2342.2,2024-11-15 22:57:43
9745,9745,880,Net Banking,Pending,2497.49,2025-02-06 19:54:57
9746,9746,268,UPI,Pending,4309.94,2026-03-29 12:49:14
9747,9747,153,Credit Card,Failed,1372.29,2024-08-19 00:38:38
9748,9748,716,Net Banking,Pending,3980.11,2025-04-18 14:43:30
9749,9749,578,Cash,Success,4861.2,2026-03-14 21:46:45
9750,9750,455,Debit Card,Pending,217.41,2025-06-09 13:09:39
9751,9751,869,Cash,Failed,3452.13,2026-03-30 03:40:08
9752,9752,106,Cash,Success,637.8,2026-01-22 18:23:51
9753,9753,785,Credit Card,Pending,1595.13,2024-08-18 19:15:09
9754,9754,550,Debit Card,Failed,1808.16,2025-06-19 08:00:14
9755,9755,101,UPI,Failed,3433.03,2025-01-12 22:55:34
9756,9756,661,Cash,Pending,3311.71,2025-04-08 15:49:35
9757,9757,970,Cash,Success,288.01,2026-01-21 05:48:49
9758,9758,236,Credit Card,Pending,4794.12,2025-10-10 08:53:24
9759,9759,647,Credit Card,Pending,2160.19,2025-03-11 23:08:48
9760,9760,545,UPI,Failed,4434.34,2025-05-24 07:01:42
9761,9761,733,Credit Card,Success,1227.7,2026-02-03 02:08:54
9762,9762,109,Credit Card,Failed,3409.98,2026-01-01 12:27:51
9763,9763,941,UPI,Pending,658.36,2025-05-20 01:54:43
9764,9764,510,Cash,Failed,2390.73,2025-09-10 16:19:28
9765,9765,258,Credit Card,Failed,3979.23,2024-06-07 08:46:11
9766,9766,336,Credit Card,Success,3969.56,2024-12-06 12:42:45
9767,9767,103,Cash,Failed,1660.76,2024-09-24 16:10:06
9768,9768,160,Net Banking,Success,2823.96,2024-06-11 04:45:38
9769,9769,656,Debit Card,Success,1630.45,2025-03-30 15:12:27
9770,9770,70,Net Banking,Failed,2161.68,2026-04-28 00:57:38
9771,9771,550,UPI,Pending,1068.86,2025-02-19 02:31:01
9772,9772,174,Cash,Failed,4056.36,2024-11-02 06:26:33
9773,9773,473,Cash,Failed,4601.0,2025-12-30 18:10:39
9774,9774,490,Net Banking,Success,2088.88,2025-12-01 20:45:14
9775,9775,248,Debit Card,Failed,1686.71,2024-11-14 09:20:15
9776,9776,811,Credit Card,Success,1233.39,2025-06-25 01:41:20
9777,9777,917,Debit Card,Pending,2153.63,2024-10-06 11:07:44
9778,9778,474,Cash,Failed,1172.19,2026-04-22 13:57:39
9779,9779,30,Credit Card,Pending,1289.21,2024-06-04 08:05:44
9780,9780,184,UPI,Pending,841.06,2025-09-25 04:49:26
9781,9781,884,Net Banking,Pending,2231.69,2025-02-09 22:01:46
9782,9782,10,Net Banking,Failed,4362.01,2025-06-11 10:48:00
9783,9783,566,Debit Card,Failed,2020.33,2024-08-06 22:01:32
9784,9784,525,UPI,Failed,2181.52,2026-05-21 17:04:48
9785,9785,794,UPI,Success,3701.35,2025-05-23 20:24:00
9786,9786,833,UPI,Failed,170.52,2025-05-20 06:40:36
9787,9787,602,Net Banking,Failed,575.08,2024-10-13 05:26:14
9788,9788,302,Cash,Success,1483.96,2024-08-09 06:14:58
9789,9789,630,Debit Card,Pending,1995.41,2025-12-14 07:39:00
9790,9790,830,Cash,Success,1784.72,2025-06-12 14:01:42
9791,9791,215,Debit Card,Failed,3391.18,2025-05-08 23:57:52
9792,9792,385,UPI,Success,2601.85,2024-06-23 02:40:12
9793,9793,871,Credit Card,Failed,4461.98,2025-12-31 10:11:57
9794,9794,866,UPI,Success,4853.8,2025-03-05 17:11:56
9795,9795,784,Net Banking,Success,2699.56,2025-11-25 23:47:53
9796,9796,869,Debit Card,Pending,3465.36,2025-08-25 11:21:49
9797,9797,259,Debit Card,Success,2020.75,2025-06-01 10:27:40
9798,9798,550,Cash,Failed,4561.14,2026-02-24 00:07:35
9799,9799,738,Credit Card,Success,2668.41,2025-01-31 16:28:21
9800,9800,440,Credit Card,Pending,3986.39,2025-07-01 09:38:00
9801,9801,723,Cash,Pending,566.09,2025-04-02 21:19:30
9802,9802,936,Net Banking,Pending,4791.32,2024-12-14 10:41:19
9803,9803,91,Debit Card,Pending,2780.96,2024-11-23 10:55:40
9804,9804,300,Credit Card,Success,2649.63,2024-09-15 23:08:53
9805,9805,942,Credit Card,Failed,1407.55,2026-04-03 06:47:14
9806,9806,992,Cash,Failed,1432.52,2025-11-09 17:14:40
9807,9807,520,UPI,Pending,4484.72,2024-12-09 02:55:50
9808,9808,779,UPI,Pending,950.17,2025-11-22 17:57:05
9809,9809,98,Cash,Failed,4087.72,2024-05-29 21:23:37
9810,9810,724,Net Banking,Success,4031.15,2024-09-15 23:32:09
9811,9811,646,Debit Card,Failed,4215.09,2024-07-13 03:42:44
9812,9812,539,Net Banking,Success,1976.23,2024-07-11 05:17:58
9813,9813,821,Cash,Failed,387.45,2026-02-06 17:03:46
9814,9814,264,Debit Card,Pending,3051.31,2026-02-28 05:17:24
9815,9815,109,Debit Card,Pending,1369.81,2026-02-15 17:53:27
9816,9816,42,Debit Card,Failed,2876.56,2025-01-26 15:18:28
9817,9817,301,Net Banking,Pending,3629.15,2024-12-29 08:43:57
9818,9818,955,Cash,Pending,367.64,2024-11-30 00:30:32
9819,9819,974,Credit Card,Success,1594.12,2025-10-30 03:53:20
9820,9820,798,UPI,Pending,1102.19,2026-04-06 19:16:04
9821,9821,62,Debit Card,Failed,1365.52,2026-04-09 05:52:54
9822,9822,194,Cash,Failed,3819.92,2024-06-14 18:17:28
9823,9823,289,UPI,Success,2945.85,2024-10-17 17:38:50
9824,9824,837,UPI,Pending,504.11,2025-08-12 11:11:00
9825,9825,63,Credit Card,Success,2987.63,2026-05-03 14:54:01
9826,9826,76,Credit Card,Pending,4600.1,2024-11-30 12:12:57
9827,9827,77,Net Banking,Success,4911.61,2025-07-28 06:55:57
9828,9828,355,Credit Card,Pending,2813.62,2024-06-05 06:29:39
9829,9829,658,Credit Card,Success,1377.42,2024-05-31 09:35:28
9830,9830,97,Cash,Pending,202.13,2025-03-20 13:49:43
9831,9831,400,Cash,Pending,2651.85,2025-05-08 13:44:26
9832,9832,391,UPI,Pending,2153.42,2025-10-29 10:07:33
9833,9833,479,Debit Card,Success,701.08,2025-07-16 17:34:12
9834,9834,895,Net Banking,Success,4477.93,2026-05-25 10:21:18
9835,9835,751,Net Banking,Failed,4460.05,2025-10-08 04:34:38
9836,9836,413,Net Banking,Failed,1349.76,2026-05-12 06:59:48
9837,9837,928,Cash,Success,1666.62,2024-07-05 02:59:47
9838,9838,372,Cash,Success,4715.86,2025-04-28 02:58:45
9839,9839,493,Credit Card,Pending,4849.86,2025-03-29 00:16:12
9840,9840,317,Cash,Success,1523.94,2026-05-24 04:40:36
9841,9841,513,Cash,Success,4003.68,2024-06-07 17:30:40
9842,9842,628,Debit Card,Pending,1907.07,2025-11-20 07:01:25
9843,9843,220,Cash,Pending,2256.31,2025-04-18 05:05:47
9844,9844,12,Credit Card,Failed,2814.43,2024-11-09 21:25:11
9845,9845,882,Credit Card,Success,3506.63,2025-01-08 10:39:32
9846,9846,619,Debit Card,Failed,1109.11,2025-12-31 07:49:48
9847,9847,282,Net Banking,Failed,2445.26,2025-09-19 05:17:22
9848,9848,78,Net Banking,Success,2045.04,2025-03-22 18:50:41
9849,9849,344,Net Banking,Failed,4050.94,2025-03-26 18:16:53
9850,9850,8,Cash,Success,3520.64,2025-08-09 11:15:14
9851,9851,174,Cash,Pending,1203.01,2026-04-17 18:17:59
9852,9852,129,UPI,Failed,303.58,2024-08-08 05:22:57
9853,9853,993,Net Banking,Success,4369.96,2025-07-06 12:18:24
9854,9854,882,Cash,Failed,3139.19,2024-11-27 16:55:46
9855,9855,259,Net Banking,Success,3693.07,2025-07-26 19:14:58
9856,9856,567,Cash,Success,3435.12,2024-12-13 21:47:16
9857,9857,823,Credit Card,Pending,2565.41,2025-09-04 08:29:12
9858,9858,466,Debit Card,Failed,4697.58,2025-07-29 10:11:09
9859,9859,642,Net Banking,Success,3172.49,2025-03-01 03:11:32
9860,9860,730,Debit Card,Pending,426.57,2025-11-04 04:01:28
9861,9861,992,Debit Card,Pending,2702.32,2026-05-04 13:11:17
9862,9862,695,Credit Card,Success,3580.19,2025-03-25 19:14:59
9863,9863,583,Cash,Failed,3014.86,2024-06-02 16:42:58
9864,9864,760,Cash,Failed,1812.5,2024-06-11 19:42:21
9865,9865,724,Debit Card,Success,3847.59,2026-04-08 04:29:27
9866,9866,299,Cash,Pending,397.52,2024-07-19 15:46:45
9867,9867,741,UPI,Failed,4554.82,2024-11-25 17:28:44
9868,9868,196,UPI,Pending,193.78,2025-03-09 13:40:46
9869,9869,933,Credit Card,Pending,1617.61,2024-10-15 09:08:05
9870,9870,234,Credit Card,Success,2187.93,2024-06-23 05:12:57
9871,9871,474,Cash,Failed,4917.56,2025-01-11 15:33:00
9872,9872,503,Net Banking,Success,1582.08,2025-05-31 18:02:00
9873,9873,453,Cash,Success,4830.16,2024-10-21 02:11:57
9874,9874,766,Net Banking,Failed,997.25,2025-06-20 09:21:14
9875,9875,300,Net Banking,Success,441.75,2025-02-18 19:24:05
9876,9876,539,Cash,Success,1822.29,2026-01-23 08:48:02
9877,9877,947,UPI,Pending,327.99,2025-04-19 22:07:39
9878,9878,191,Net Banking,Pending,2575.81,2025-01-29 20:51:58
9879,9879,683,UPI,Failed,1702.58,2024-11-09 14:16:22
9880,9880,590,Debit Card,Failed,373.28,2025-12-22 22:28:39
9881,9881,521,Net Banking,Success,4188.33,2025-06-25 23:27:01
9882,9882,523,Net Banking,Pending,978.2,2026-01-09 19:37:35
9883,9883,461,UPI,Pending,3795.69,2024-08-17 06:36:29
9884,9884,351,Debit Card,Success,4656.38,2025-10-16 05:51:00
9885,9885,827,Debit Card,Pending,4581.5,2024-06-28 05:34:03
9886,9886,326,UPI,Failed,3908.26,2025-08-05 15:18:25
9887,9887,804,Credit Card,Success,2124.57,2025-06-27 16:40:15
9888,9888,746,Net Banking,Success,3444.09,2024-08-23 16:04:42
9889,9889,957,Credit Card,Failed,4319.17,2026-04-09 11:50:34
9890,9890,980,Credit Card,Pending,980.88,2025-02-23 00:55:04
9891,9891,221,Cash,Pending,2055.14,2026-03-02 16:26:13
9892,9892,965,Debit Card,Failed,906.35,2024-11-12 21:14:37
9893,9893,909,Net Banking,Pending,4788.64,2025-09-11 16:13:36
9894,9894,28,UPI,Success,399.74,2026-04-10 23:57:14
9895,9895,548,Debit Card,Failed,4882.3,2024-07-22 14:15:42
9896,9896,271,Cash,Pending,4762.07,2025-07-15 22:15:54
9897,9897,893,Cash,Success,3315.47,2025-03-06 05:36:35
9898,9898,791,Cash,Failed,4312.64,2025-08-04 05:12:04
9899,9899,128,UPI,Pending,3626.32,2025-05-13 05:59:09
9900,9900,271,Credit Card,Failed,1017.48,2026-05-22 20:00:29
9901,9901,200,UPI,Pending,4702.8,2025-11-22 20:27:05
9902,9902,567,Cash,Pending,4943.67,2026-03-21 01:25:26
9903,9903,528,Cash,Pending,890.15,2026-05-22 18:26:13
9904,9904,646,Net Banking,Failed,767.78,2025-01-15 19:08:55
9905,9905,416,Debit Card,Failed,691.13,2026-04-23 21:26:17
9906,9906,138,Cash,Success,3696.1,2026-04-18 21:04:20
9907,9907,354,Debit Card,Pending,29.82,2025-05-30 18:45:53
9908,9908,243,Net Banking,Failed,3939.06,2025-05-18 21:31:34
9909,9909,512,Credit Card,Failed,1774.68,2025-03-07 12:12:57
9910,9910,349,Credit Card,Success,1744.61,2025-12-20 02:28:27
9911,9911,211,Debit Card,Pending,1468.93,2026-01-23 10:44:06
9912,9912,271,Net Banking,Success,816.2,2025-08-04 06:19:29
9913,9913,123,Net Banking,Pending,1643.23,2026-02-01 21:37:55
9914,9914,989,UPI,Success,4005.8,2025-11-09 05:42:27
9915,9915,409,Cash,Success,3506.86,2025-04-28 14:30:35
9916,9916,455,UPI,Success,4855.23,2025-10-14 14:56:24
9917,9917,34,Net Banking,Failed,1426.69,2025-07-25 07:58:28
9918,9918,292,Credit Card,Success,2015.54,2026-02-03 02:26:29
9919,9919,655,Net Banking,Pending,2997.35,2025-08-15 13:49:20
9920,9920,751,UPI,Pending,689.88,2025-11-09 12:55:45
9921,9921,142,Debit Card,Success,210.5,2025-08-06 04:15:07
9922,9922,114,Debit Card,Failed,2260.88,2026-03-14 06:10:24
9923,9923,723,Debit Card,Success,1021.14,2025-01-30 02:39:07
9924,9924,504,Cash,Success,260.01,2026-03-26 03:47:16
9925,9925,668,UPI,Pending,2056.41,2025-09-23 16:43:51
9926,9926,659,Net Banking,Pending,99.02,2026-04-12 02:03:05
9927,9927,537,Net Banking,Pending,2536.32,2025-12-17 10:03:49
9928,9928,85,Credit Card,Failed,2805.73,2026-03-28 18:50:21
9929,9929,119,Cash,Pending,576.34,2024-07-11 08:21:46
9930,9930,428,Debit Card,Pending,2007.46,2025-06-22 06:28:06
9931,9931,38,Cash,Pending,672.42,2026-03-08 03:37:18
9932,9932,580,UPI,Success,2223.99,2025-02-26 13:48:05
9933,9933,15,Cash,Pending,2661.57,2026-04-24 13:49:32
9934,9934,795,Cash,Pending,4673.9,2026-05-07 00:21:08
9935,9935,850,Debit Card,Success,887.28,2025-08-29 11:30:40
9936,9936,137,Debit Card,Pending,3487.12,2025-01-18 21:00:07
9937,9937,458,Debit Card,Pending,4252.64,2026-04-23 17:37:32
9938,9938,307,Debit Card,Pending,315.76,2025-08-04 04:21:13
9939,9939,644,Credit Card,Failed,53.91,2025-08-26 01:00:46
9940,9940,919,Debit Card,Success,1013.0,2024-08-17 01:22:07
9941,9941,207,Credit Card,Failed,4966.71,2025-10-13 12:37:17
9942,9942,102,Net Banking,Pending,1836.62,2026-03-22 23:53:05
9943,9943,729,Debit Card,Failed,4519.91,2025-07-03 07:07:34
9944,9944,774,UPI,Success,4868.05,2026-01-16 04:50:19
9945,9945,496,Credit Card,Success,3071.01,2025-10-09 05:23:48
9946,9946,12,Credit Card,Pending,1671.16,2024-12-01 00:06:13
9947,9947,19,Cash,Pending,4062.64,2024-07-04 16:08:57
9948,9948,302,UPI,Failed,4265.48,2026-01-24 02:05:50
9949,9949,759,Net Banking,Pending,1220.74,2025-08-26 10:35:36
9950,9950,615,Net Banking,Failed,2554.64,2025-07-04 22:22:54
9951,9951,801,UPI,Pending,1878.37,2025-09-11 02:05:20
9952,9952,525,Cash,Success,429.92,2025-08-01 09:23:33
9953,9953,458,Debit Card,Pending,1934.07,2024-08-10 00:14:51
9954,9954,531,Net Banking,Failed,2164.91,2024-12-08 10:12:40
9955,9955,540,Net Banking,Failed,1815.1,2026-05-02 05:38:30
9956,9956,234,Net Banking,Success,2120.86,2025-05-28 07:21:01
9957,9957,6,UPI,Failed,4807.95,2025-02-05 19:17:22
9958,9958,679,Net Banking,Success,1512.21,2024-07-09 10:27:43
9959,9959,707,Cash,Failed,386.62,2026-04-19 18:40:19
9960,9960,184,Credit Card,Success,1976.48,2024-09-17 07:31:41
9961,9961,540,Cash,Pending,2149.44,2026-02-02 15:45:03
9962,9962,17,Net Banking,Failed,3928.78,2025-01-03 20:47:36
9963,9963,661,Net Banking,Success,1394.0,2025-07-03 04:09:53
9964,9964,347,Debit Card,Success,2140.21,2026-03-29 05:47:59
9965,9965,62,Net Banking,Pending,2039.63,2025-11-18 08:56:13
9966,9966,106,Net Banking,Success,2399.58,2026-02-13 18:17:50
9967,9967,277,Cash,Success,1221.0,2026-04-17 17:43:14
9968,9968,634,UPI,Success,79.13,2025-06-21 07:38:48
9969,9969,466,Cash,Failed,3872.87,2025-08-17 05:25:02
9970,9970,581,Net Banking,Failed,186.73,2025-08-11 07:15:41
9971,9971,833,Debit Card,Pending,4395.92,2025-09-11 19:15:15
9972,9972,117,UPI,Pending,1418.17,2026-04-11 20:44:48
9973,9973,993,Debit Card,Failed,4256.87,2025-04-30 03:27:20
9974,9974,981,UPI,Failed,156.44,2024-07-27 14:49:34
9975,9975,894,Net Banking,Failed,3642.72,2025-05-16 22:49:23
9976,9976,263,Net Banking,Pending,2598.15,2026-01-15 10:33:42
9977,9977,356,UPI,Pending,3458.54,2024-06-27 21:06:59
9978,9978,532,Cash,Pending,2163.23,2024-12-05 10:50:08
9979,9979,125,UPI,Success,2130.39,2025-02-24 13:38:24
9980,9980,303,Cash,Success,4521.54,2025-06-06 08:11:56
9981,9981,362,UPI,Failed,860.35,2024-06-25 11:03:52
9982,9982,579,Cash,Success,4075.19,2025-09-11 04:07:48
9983,9983,536,Credit Card,Failed,673.91,2024-12-31 11:58:21
9984,9984,949,Credit Card,Success,220.64,2024-10-10 08:52:47
9985,9985,276,Credit Card,Failed,243.24,2025-08-30 05:16:27
9986,9986,236,Debit Card,Success,4013.91,2024-07-28 03:57:14
9987,9987,929,Debit Card,Failed,1544.74,2024-07-24 01:13:30
9988,9988,134,UPI,Success,2391.14,2025-10-10 16:17:40
9989,9989,642,Credit Card,Success,4514.55,2024-12-24 06:43:41
9990,9990,698,UPI,Pending,2306.03,2026-02-27 04:06:04
9991,9991,108,Cash,Failed,3578.74,2024-11-21 01:14:07
9992,9992,80,Cash,Success,362.9,2025-06-26 16:21:49
9993,9993,604,UPI,Pending,2179.77,2025-05-12 04:46:07
9994,9994,971,Net Banking,Pending,2352.65,2026-01-06 22:59:05
9995,9995,324,Credit Card,Failed,3010.22,2024-09-28 01:12:18
9996,9996,636,Debit Card,Failed,1041.48,2025-09-21 16:42:17
9997,9997,925,Cash,Pending,3615.49,2024-07-28 16:47:09
9998,9998,860,Credit Card,Failed,32.69,2025-12-28 13:09:22
9999,9999,778,Credit Card,Failed,2618.01,2025-01-28 19:42:45
10000,10000,483,Net Banking,Success,3557.19,2024-10-15 22:55:25
