return_id,order_id,product_id,quantity,return_reason,return_status,return_date
1,6503.0,924.0,2.0,Customer Changed Mind,Rejected,2026-01-16
2,2118.0,14.0,3.0,Customer Changed Mind,Rejected,2025-07-26
3,1945.0,624.0,1.0,Not as Described,Approved,2026-04-25
4,2504.0,132.0,2.0,Quality Issue,Approved,2026-04-04
5,1246.0,799.0,2.0,Not as Described,Approved,2026-05-10
6,4827.0,110.0,3.0,Not as Described,Pending,2025-12-01
7,7765.0,44.0,3.0,Damaged Product,Pending,2025-08-04
8,1920.0,518.0,5.0,Not as Described,Pending,2025-09-18
9,9421.0,697.0,2.0,Customer Changed Mind,Rejected,2025-12-03
10,789.0,460.0,2.0,Customer Changed Mind,Pending,2025-09-20
11,8336.0,459.0,1.0,Wrong Item Delivered,Approved,2025-07-12
12,4751.0,121.0,4.0,Not as Described,Approved,2025-06-06
13,4657.0,728.0,5.0,Wrong Item Delivered,Rejected,2026-01-28
14,9616.0,924.0,5.0,Quality Issue,Rejected,2025-07-29
15,8328.0,962.0,1.0,Damaged Product,Approved,2025-12-11
16,6223.0,82.0,2.0,Damaged Product,Pending,2025-10-07
17,8780.0,379.0,4.0,Damaged Product,Approved,2025-06-26
18,626.0,520.0,4.0,Quality Issue,Rejected,2026-01-19
19,4726.0,60.0,2.0,Damaged Product,Approved,2025-07-01
20,2149.0,78.0,5.0,Damaged Product,Approved,2025-08-13
21,1323.0,980.0,1.0,Quality Issue,Pending,2025-11-14
22,6938.0,643.0,4.0,Damaged Product,Pending,2025-10-03
23,7105.0,392.0,1.0,Wrong Item Delivered,Rejected,2025-12-06
24,3658.0,382.0,2.0,Not as Described,Rejected,2026-05-03
25,4491.0,353.0,4.0,Not as Described,Rejected,2025-09-08
26,7084.0,53.0,1.0,Not as Described,Rejected,2025-11-02
27,6659.0,849.0,3.0,Not as Described,Approved,2025-11-29
28,303.0,373.0,2.0,Damaged Product,Approved,2026-01-03
29,2547.0,869.0,2.0,Damaged Product,Rejected,2025-12-18
30,6256.0,151.0,4.0,Quality Issue,Approved,2026-05-08
31,743.0,601.0,3.0,Customer Changed Mind,Approved,2025-08-17
32,610.0,129.0,5.0,Wrong Item Delivered,Rejected,2025-10-15
33,9158.0,760.0,3.0,Customer Changed Mind,Pending,2025-08-11
34,1644.0,947.0,3.0,Wrong Item Delivered,Pending,2026-05-16
35,4387.0,921.0,5.0,Quality Issue,Rejected,2026-01-13
36,3805.0,735.0,1.0,Wrong Item Delivered,Pending,2025-07-22
37,516.0,968.0,1.0,Wrong Item Delivered,Approved,2025-10-12
38,4443.0,223.0,1.0,Quality Issue,Approved,2025-10-03
39,6590.0,953.0,1.0,Wrong Item Delivered,Pending,2025-10-19
40,6122.0,838.0,2.0,Quality Issue,Approved,2026-01-07
41,4169.0,839.0,5.0,Wrong Item Delivered,Rejected,2026-01-11
42,9861.0,199.0,2.0,Not as Described,Rejected,2025-08-19
43,1201.0,329.0,4.0,Customer Changed Mind,Approved,2025-12-29
44,224.0,442.0,1.0,Quality Issue,Approved,2026-01-28
45,6444.0,359.0,3.0,Not as Described,Pending,2025-09-10
46,5079.0,808.0,1.0,Customer Changed Mind,Rejected,2025-09-17
47,4754.0,313.0,4.0,Damaged Product,Pending,2025-07-03
48,3129.0,237.0,3.0,Damaged Product,Rejected,2025-06-29
49,621.0,976.0,4.0,Damaged Product,Pending,2025-10-27
50,2177.0,544.0,3.0,Not as Described,Approved,2025-11-15
51,5967.0,201.0,4.0,Not as Described,Rejected,2025-08-12
52,6187.0,281.0,5.0,Wrong Item Delivered,Approved,2026-03-08
53,2468.0,113.0,1.0,Customer Changed Mind,Pending,2026-05-16
54,8785.0,187.0,4.0,Wrong Item Delivered,Pending,2026-04-12
55,8288.0,855.0,1.0,Quality Issue,Rejected,2025-08-16
56,6663.0,66.0,4.0,Customer Changed Mind,Pending,2025-11-16
57,5770.0,465.0,2.0,Quality Issue,Pending,2025-11-15
58,9446.0,252.0,5.0,Wrong Item Delivered,Rejected,2026-05-17
59,3091.0,743.0,3.0,Customer Changed Mind,Approved,2026-02-10
60,1350.0,259.0,1.0,Damaged Product,Pending,2026-05-11
61,9559.0,438.0,1.0,Damaged Product,Approved,2026-02-25
62,8153.0,738.0,4.0,Wrong Item Delivered,Approved,2025-12-02
63,8501.0,680.0,5.0,Wrong Item Delivered,Approved,2025-11-26
64,1428.0,73.0,1.0,Wrong Item Delivered,Rejected,2026-04-23
65,5348.0,939.0,3.0,Customer Changed Mind,Pending,2026-03-27
66,6763.0,220.0,3.0,Customer Changed Mind,Pending,2026-05-12
67,1250.0,304.0,2.0,Damaged Product,Rejected,2025-08-10
68,2186.0,593.0,1.0,Quality Issue,Pending,2026-02-03
69,3196.0,881.0,1.0,Quality Issue,Pending,2026-04-10
70,3372.0,730.0,3.0,Not as Described,Rejected,2026-03-24
71,5492.0,858.0,3.0,Wrong Item Delivered,Approved,2025-11-01
72,1127.0,889.0,5.0,Wrong Item Delivered,Pending,2025-07-04
73,3801.0,775.0,5.0,Wrong Item Delivered,Rejected,2026-03-16
74,1474.0,893.0,2.0,Quality Issue,Rejected,2025-10-07
75,7404.0,925.0,1.0,Wrong Item Delivered,Rejected,2025-08-22
76,9885.0,77.0,5.0,Wrong Item Delivered,Approved,2025-11-19
77,9534.0,957.0,5.0,Not as Described,Approved,2026-04-02
78,9425.0,949.0,3.0,Quality Issue,Approved,2026-01-31
79,2562.0,947.0,1.0,Not as Described,Rejected,2025-11-12
80,6142.0,17.0,5.0,Customer Changed Mind,Pending,2025-12-26
81,7362.0,931.0,4.0,Not as Described,Rejected,2025-10-26
82,9568.0,938.0,1.0,Quality Issue,Rejected,2025-06-21
83,4611.0,942.0,3.0,Wrong Item Delivered,Approved,2025-08-30
84,9204.0,115.0,3.0,Customer Changed Mind,Approved,2025-07-26
85,4153.0,379.0,1.0,Wrong Item Delivered,Approved,2026-03-26
86,3503.0,381.0,3.0,Customer Changed Mind,Pending,2025-11-09
87,3245.0,848.0,1.0,Damaged Product,Pending,2025-05-29
88,4109.0,521.0,4.0,Damaged Product,Pending,2025-09-28
89,1042.0,582.0,5.0,Not as Described,Approved,2026-02-26
90,9775.0,43.0,5.0,Quality Issue,Rejected,2025-11-03
91,7059.0,176.0,5.0,Customer Changed Mind,Approved,2025-10-12
92,2241.0,706.0,3.0,Customer Changed Mind,Approved,2025-08-22
93,4837.0,660.0,3.0,Customer Changed Mind,Approved,2025-09-30
94,6312.0,629.0,5.0,Damaged Product,Pending,2025-07-16
95,4486.0,762.0,5.0,Not as Described,Rejected,2026-03-28
96,2470.0,318.0,5.0,Not as Described,Rejected,2025-12-29
97,9641.0,53.0,2.0,Not as Described,Approved,2025-10-07
98,5263.0,703.0,3.0,Customer Changed Mind,Approved,2025-10-22
99,2142.0,793.0,3.0,Not as Described,Pending,2026-02-02
100,2022.0,8.0,1.0,Customer Changed Mind,Approved,2025-09-14
101,3029.0,177.0,3.0,Quality Issue,Rejected,2025-12-15
102,1497.0,548.0,3.0,Quality Issue,Rejected,2025-08-04
103,9079.0,793.0,2.0,Quality Issue,Rejected,2026-03-10
104,300.0,693.0,4.0,Not as Described,Approved,2025-08-28
105,8667.0,649.0,1.0,Quality Issue,Approved,2026-03-12
106,9305.0,529.0,3.0,Quality Issue,Approved,2025-12-27
107,5550.0,868.0,1.0,Quality Issue,Pending,2026-02-19
108,342.0,590.0,5.0,Wrong Item Delivered,Rejected,2026-02-24
109,9667.0,881.0,3.0,Not as Described,Rejected,2025-11-16
110,209.0,343.0,3.0,Customer Changed Mind,Approved,2025-07-08
111,6501.0,353.0,2.0,Damaged Product,Rejected,2025-10-18
112,2960.0,519.0,5.0,Customer Changed Mind,Pending,2025-10-29
113,1248.0,960.0,5.0,Not as Described,Rejected,2026-01-27
114,5755.0,833.0,1.0,Wrong Item Delivered,Approved,2026-02-23
115,7700.0,234.0,2.0,Damaged Product,Approved,2025-11-17
116,2979.0,88.0,2.0,Damaged Product,Rejected,2026-04-17
117,3715.0,768.0,5.0,Customer Changed Mind,Rejected,2026-04-29
118,7071.0,278.0,5.0,Customer Changed Mind,Rejected,2026-05-16
119,1447.0,748.0,3.0,Damaged Product,Pending,2025-12-08
120,7707.0,473.0,4.0,Not as Described,Rejected,2025-06-01
121,567.0,957.0,5.0,Damaged Product,Approved,2025-11-28
122,4560.0,316.0,5.0,Wrong Item Delivered,Pending,2026-01-10
123,6829.0,437.0,4.0,Wrong Item Delivered,Pending,2025-10-27
124,9245.0,969.0,2.0,Not as Described,Approved,2026-03-09
125,4259.0,111.0,5.0,Customer Changed Mind,Pending,2026-05-06
126,6916.0,286.0,2.0,Customer Changed Mind,Rejected,2026-02-26
127,7414.0,273.0,5.0,Quality Issue,Rejected,2026-02-26
128,7440.0,857.0,5.0,Quality Issue,Pending,2026-03-14
129,1969.0,32.0,1.0,Not as Described,Approved,2025-12-03
130,461.0,976.0,4.0,Wrong Item Delivered,Rejected,2025-06-19
131,6026.0,408.0,4.0,Not as Described,Approved,2025-08-29
132,7549.0,294.0,1.0,Not as Described,Pending,2025-06-25
133,4341.0,687.0,5.0,Not as Described,Approved,2026-02-17
134,1603.0,515.0,2.0,Wrong Item Delivered,Approved,2025-12-18
135,2192.0,989.0,5.0,Wrong Item Delivered,Pending,2025-11-20
136,7198.0,605.0,2.0,Damaged Product,Approved,2025-07-23
137,8921.0,534.0,5.0,Damaged Product,Pending,2025-07-18
138,7621.0,197.0,2.0,Wrong Item Delivered,Approved,2025-10-28
139,3118.0,559.0,5.0,Wrong Item Delivered,Pending,2025-06-24
140,8970.0,883.0,5.0,Quality Issue,Approved,2025-09-14
141,4147.0,296.0,1.0,Not as Described,Pending,2025-07-18
142,8418.0,501.0,3.0,Not as Described,Rejected,2025-10-13
143,7215.0,102.0,3.0,Quality Issue,Approved,2025-06-29
144,3512.0,336.0,4.0,Damaged Product,Approved,2025-12-03
145,6510.0,769.0,2.0,Quality Issue,Approved,2026-02-10
146,6793.0,83.0,4.0,Customer Changed Mind,Pending,2026-04-27
147,7224.0,412.0,4.0,Quality Issue,Rejected,2025-12-20
148,8150.0,595.0,1.0,Customer Changed Mind,Rejected,2025-05-31
149,2198.0,69.0,4.0,Not as Described,Approved,2026-02-03
150,5821.0,991.0,3.0,Damaged Product,Rejected,2026-04-08
151,1303.0,853.0,5.0,Wrong Item Delivered,Rejected,2026-03-14
152,6716.0,268.0,5.0,Customer Changed Mind,Rejected,2025-10-19
153,1056.0,305.0,3.0,Damaged Product,Pending,2025-10-11
154,7062.0,550.0,5.0,Customer Changed Mind,Pending,2026-04-01
155,2575.0,342.0,5.0,Damaged Product,Rejected,2026-04-11
156,1934.0,54.0,4.0,Customer Changed Mind,Pending,2025-12-22
157,3893.0,414.0,4.0,Damaged Product,Approved,2025-06-05
158,8597.0,969.0,2.0,Not as Described,Pending,2026-03-18
159,2102.0,329.0,2.0,Customer Changed Mind,Approved,2025-11-09
160,7813.0,572.0,5.0,Customer Changed Mind,Approved,2026-02-12
161,4556.0,598.0,5.0,Quality Issue,Rejected,2026-03-07
162,7046.0,150.0,2.0,Wrong Item Delivered,Rejected,2025-07-03
163,6339.0,917.0,5.0,Customer Changed Mind,Pending,2026-02-14
164,2107.0,103.0,1.0,Wrong Item Delivered,Pending,2025-11-13
165,3166.0,721.0,3.0,Customer Changed Mind,Approved,2025-11-17
166,2397.0,885.0,5.0,Quality Issue,Approved,2026-02-07
167,2081.0,734.0,5.0,Customer Changed Mind,Pending,2026-05-08
168,9442.0,86.0,1.0,Customer Changed Mind,Pending,2025-07-25
169,4197.0,94.0,4.0,Quality Issue,Rejected,2025-09-11
170,289.0,724.0,1.0,Wrong Item Delivered,Pending,2026-03-05
171,8427.0,889.0,3.0,Quality Issue,Pending,2025-08-15
172,7171.0,465.0,2.0,Quality Issue,Approved,2026-01-09
173,197.0,173.0,1.0,Not as Described,Rejected,2026-03-15
174,3246.0,925.0,5.0,Damaged Product,Pending,2026-01-15
175,7559.0,526.0,4.0,Wrong Item Delivered,Rejected,2026-01-12
176,1394.0,986.0,4.0,Wrong Item Delivered,Pending,2025-09-27
177,1461.0,605.0,3.0,Not as Described,Pending,2025-10-28
178,1788.0,521.0,5.0,Not as Described,Approved,2025-09-18
179,5387.0,108.0,5.0,Wrong Item Delivered,Approved,2025-08-09
180,4252.0,914.0,4.0,Wrong Item Delivered,Rejected,2026-03-30
181,2051.0,177.0,4.0,Not as Described,Rejected,2026-04-25
182,9930.0,384.0,1.0,Wrong Item Delivered,Rejected,2025-12-02
183,8797.0,64.0,5.0,Not as Described,Approved,2025-06-06
184,3447.0,370.0,4.0,Quality Issue,Rejected,2025-06-16
185,4776.0,765.0,4.0,Customer Changed Mind,Approved,2025-07-25
186,2511.0,147.0,5.0,Wrong Item Delivered,Pending,2025-09-08
187,3163.0,527.0,5.0,Not as Described,Approved,2025-08-02
188,769.0,414.0,2.0,Not as Described,Approved,2025-09-07
189,4195.0,174.0,3.0,Quality Issue,Rejected,2025-07-29
190,1684.0,547.0,3.0,Wrong Item Delivered,Pending,2026-01-24
191,4238.0,350.0,1.0,Wrong Item Delivered,Approved,2025-10-11
192,651.0,690.0,5.0,Wrong Item Delivered,Approved,2025-07-19
193,3255.0,439.0,3.0,Customer Changed Mind,Rejected,2025-09-05
194,785.0,851.0,2.0,Wrong Item Delivered,Pending,2025-06-02
195,5149.0,659.0,4.0,Not as Described,Pending,2025-09-18
196,1937.0,664.0,5.0,Wrong Item Delivered,Approved,2026-01-06
197,870.0,155.0,3.0,Damaged Product,Approved,2025-07-27
198,9428.0,690.0,3.0,Quality Issue,Pending,2025-08-11
199,3726.0,559.0,5.0,Damaged Product,Approved,2026-02-15
200,2929.0,703.0,2.0,Not as Described,Rejected,2026-01-04
201,4112.0,933.0,4.0,Quality Issue,Approved,2026-02-25
202,96.0,332.0,4.0,Not as Described,Pending,2026-04-27
203,1532.0,81.0,5.0,Quality Issue,Pending,2025-08-20
204,2366.0,80.0,5.0,Customer Changed Mind,Pending,2026-01-07
205,2490.0,185.0,2.0,Not as Described,Approved,2025-08-26
206,3385.0,938.0,3.0,Wrong Item Delivered,Approved,2025-07-20
207,846.0,4.0,5.0,Customer Changed Mind,Rejected,2026-05-04
208,5867.0,659.0,4.0,Damaged Product,Approved,2025-11-23
209,3196.0,562.0,2.0,Damaged Product,Rejected,2026-02-18
210,3746.0,211.0,4.0,Quality Issue,Rejected,2025-07-17
211,8434.0,831.0,4.0,Customer Changed Mind,Approved,2026-04-04
212,4711.0,557.0,1.0,Customer Changed Mind,Pending,2025-08-10
213,2301.0,240.0,5.0,Quality Issue,Pending,2025-07-20
214,5720.0,590.0,3.0,Damaged Product,Approved,2025-06-02
215,2760.0,647.0,4.0,Customer Changed Mind,Rejected,2025-06-22
216,5055.0,248.0,2.0,Damaged Product,Pending,2026-03-26
217,5424.0,622.0,4.0,Not as Described,Approved,2025-06-21
218,7149.0,583.0,4.0,Damaged Product,Approved,2025-07-29
219,7736.0,550.0,2.0,Wrong Item Delivered,Pending,2025-05-31
220,9738.0,465.0,4.0,Customer Changed Mind,Approved,2026-03-14
221,6712.0,368.0,4.0,Customer Changed Mind,Rejected,2025-09-02
222,7648.0,747.0,3.0,Customer Changed Mind,Pending,2025-12-07
223,3744.0,272.0,2.0,Customer Changed Mind,Rejected,2025-12-28
224,4036.0,306.0,2.0,Wrong Item Delivered,Rejected,2026-03-15
225,6526.0,935.0,5.0,Quality Issue,Rejected,2025-07-22
226,8440.0,25.0,4.0,Quality Issue,Pending,2026-02-27
227,3962.0,910.0,5.0,Wrong Item Delivered,Pending,2025-11-10
228,3378.0,740.0,3.0,Not as Described,Pending,2025-09-09
229,6150.0,447.0,2.0,Not as Described,Pending,2025-09-04
230,8327.0,969.0,5.0,Quality Issue,Pending,2025-10-28
231,7028.0,27.0,3.0,Wrong Item Delivered,Approved,2025-09-11
232,6854.0,38.0,3.0,Wrong Item Delivered,Pending,2025-10-09
233,4552.0,579.0,3.0,Quality Issue,Pending,2026-01-30
234,8259.0,421.0,1.0,Damaged Product,Pending,2026-05-04
235,1773.0,515.0,2.0,Customer Changed Mind,Rejected,2025-09-14
236,5106.0,430.0,2.0,Quality Issue,Approved,2026-04-09
237,8696.0,202.0,4.0,Not as Described,Pending,2025-06-25
238,8938.0,758.0,1.0,Wrong Item Delivered,Approved,2025-11-07
239,9649.0,787.0,3.0,Customer Changed Mind,Approved,2026-01-17
240,5282.0,710.0,5.0,Not as Described,Rejected,2026-02-26
241,8644.0,171.0,2.0,Quality Issue,Pending,2025-07-15
242,3600.0,151.0,1.0,Wrong Item Delivered,Approved,2026-03-01
243,8192.0,841.0,1.0,Damaged Product,Pending,2025-08-19
244,3356.0,250.0,1.0,Wrong Item Delivered,Pending,2025-12-29
245,1991.0,562.0,5.0,Customer Changed Mind,Approved,2026-03-20
246,8741.0,783.0,2.0,Damaged Product,Approved,2025-10-27
247,8893.0,148.0,3.0,Customer Changed Mind,Rejected,2026-02-15
248,8619.0,647.0,1.0,Customer Changed Mind,Approved,2025-12-19
249,9621.0,262.0,4.0,Wrong Item Delivered,Approved,2025-11-02
250,2731.0,105.0,3.0,Wrong Item Delivered,Rejected,2026-03-26
251,2739.0,799.0,3.0,Quality Issue,Pending,2026-01-06
252,7691.0,115.0,2.0,Damaged Product,Rejected,2026-04-16
253,6159.0,297.0,3.0,Not as Described,Pending,2026-01-20
254,3585.0,912.0,1.0,Wrong Item Delivered,Pending,2026-03-31
255,2702.0,490.0,5.0,Customer Changed Mind,Rejected,2026-04-03
256,3903.0,470.0,2.0,Wrong Item Delivered,Pending,2026-05-15
257,997.0,409.0,1.0,Wrong Item Delivered,Approved,2025-06-16
258,5297.0,387.0,2.0,Quality Issue,Rejected,2025-07-26
259,7529.0,978.0,5.0,Quality Issue,Approved,2025-08-14
260,8358.0,257.0,3.0,Quality Issue,Rejected,2025-08-28
261,8253.0,828.0,4.0,Wrong Item Delivered,Pending,2025-11-17
262,5287.0,440.0,4.0,Damaged Product,Pending,2025-11-27
263,3051.0,800.0,2.0,Wrong Item Delivered,Pending,2025-09-28
264,3549.0,396.0,4.0,Wrong Item Delivered,Pending,2026-01-19
265,7284.0,740.0,5.0,Not as Described,Approved,2026-03-20
266,5098.0,420.0,2.0,Not as Described,Rejected,2025-10-04
267,6627.0,965.0,4.0,Customer Changed Mind,Approved,2025-12-12
268,948.0,193.0,2.0,Quality Issue,Rejected,2025-07-28
269,9286.0,225.0,3.0,Not as Described,Pending,2026-04-30
270,1056.0,560.0,4.0,Quality Issue,Rejected,2025-08-31
271,8121.0,969.0,2.0,Wrong Item Delivered,Approved,2026-05-08
272,2769.0,58.0,5.0,Not as Described,Pending,2025-12-19
273,715.0,226.0,2.0,Not as Described,Approved,2026-04-20
274,1189.0,252.0,4.0,Quality Issue,Pending,2025-10-28
275,9711.0,135.0,4.0,Customer Changed Mind,Approved,2025-11-26
276,7328.0,520.0,1.0,Not as Described,Approved,2025-06-15
277,5242.0,331.0,5.0,Quality Issue,Pending,2025-09-26
278,3396.0,345.0,1.0,Customer Changed Mind,Pending,2026-01-16
279,7210.0,139.0,5.0,Quality Issue,Pending,2025-11-21
280,9096.0,993.0,3.0,Wrong Item Delivered,Pending,2026-01-19
281,202.0,479.0,3.0,Quality Issue,Approved,2025-10-27
282,3512.0,399.0,5.0,Not as Described,Approved,2026-05-02
283,8212.0,584.0,1.0,Quality Issue,Approved,2025-12-16
284,5633.0,53.0,2.0,Wrong Item Delivered,Pending,2025-08-25
285,3662.0,550.0,3.0,Customer Changed Mind,Rejected,2026-04-17
286,4058.0,647.0,5.0,Customer Changed Mind,Pending,2026-01-08
287,9353.0,405.0,4.0,Not as Described,Pending,2026-05-14
288,7028.0,151.0,5.0,Quality Issue,Rejected,2025-12-06
289,9845.0,82.0,1.0,Damaged Product,Rejected,2026-04-24
290,7905.0,420.0,4.0,Not as Described,Approved,2026-02-03
291,8697.0,579.0,3.0,Customer Changed Mind,Approved,2025-06-02
292,8493.0,469.0,4.0,Not as Described,Approved,2026-01-29
293,1616.0,660.0,3.0,Wrong Item Delivered,Rejected,2025-12-26
294,5325.0,306.0,2.0,Quality Issue,Pending,2026-01-27
295,5998.0,500.0,5.0,Not as Described,Pending,2025-07-27
296,1714.0,31.0,5.0,Customer Changed Mind,Approved,2025-11-11
297,8339.0,852.0,4.0,Quality Issue,Rejected,2025-11-05
298,8909.0,975.0,2.0,Damaged Product,Rejected,2025-10-09
299,6274.0,298.0,2.0,Quality Issue,Pending,2025-12-07
300,4716.0,996.0,1.0,Wrong Item Delivered,Approved,2025-06-03
301,8567.0,216.0,5.0,Wrong Item Delivered,Approved,2026-02-11
302,3060.0,490.0,3.0,Not as Described,Approved,2025-05-26
303,9658.0,283.0,3.0,Quality Issue,Approved,2025-12-17
304,9537.0,87.0,4.0,Damaged Product,Approved,2025-09-26
305,9430.0,575.0,3.0,Wrong Item Delivered,Approved,2025-06-28
306,4764.0,701.0,4.0,Damaged Product,Approved,2025-06-24
307,4191.0,352.0,3.0,Damaged Product,Rejected,2026-01-26
308,4869.0,620.0,4.0,Wrong Item Delivered,Approved,2025-06-10
309,5679.0,974.0,1.0,Wrong Item Delivered,Approved,2025-06-29
310,3054.0,967.0,5.0,Customer Changed Mind,Approved,2026-05-13
311,3815.0,873.0,3.0,Not as Described,Rejected,2025-10-23
312,3273.0,423.0,3.0,Not as Described,Rejected,2025-10-30
313,5778.0,355.0,1.0,Customer Changed Mind,Rejected,2025-10-28
314,150.0,329.0,1.0,Quality Issue,Rejected,2026-03-12
315,1870.0,996.0,2.0,Wrong Item Delivered,Rejected,2026-01-14
316,2440.0,315.0,1.0,Quality Issue,Approved,2025-08-20
317,8825.0,971.0,5.0,Quality Issue,Approved,2025-07-05
318,6807.0,42.0,2.0,Quality Issue,Rejected,2025-05-27
319,7369.0,685.0,3.0,Not as Described,Rejected,2025-07-29
320,4314.0,740.0,3.0,Quality Issue,Rejected,2026-04-03
321,1020.0,925.0,4.0,Not as Described,Pending,2025-08-25
322,5961.0,540.0,1.0,Customer Changed Mind,Rejected,2026-04-25
323,5752.0,720.0,4.0,Customer Changed Mind,Approved,2026-02-23
324,5372.0,830.0,1.0,Wrong Item Delivered,Pending,2025-06-09
325,6819.0,633.0,2.0,Damaged Product,Approved,2025-11-25
326,7430.0,885.0,1.0,Quality Issue,Rejected,2025-10-07
327,9596.0,557.0,5.0,Quality Issue,Approved,2026-03-28
328,7973.0,470.0,2.0,Quality Issue,Pending,2025-09-26
329,4525.0,585.0,1.0,Not as Described,Pending,2025-07-03
330,4038.0,649.0,4.0,Damaged Product,Approved,2026-02-15
331,2117.0,422.0,2.0,Customer Changed Mind,Approved,2025-06-11
332,4010.0,345.0,3.0,Damaged Product,Approved,2026-04-25
333,9360.0,181.0,2.0,Not as Described,Rejected,2026-02-07
334,1030.0,503.0,5.0,Customer Changed Mind,Pending,2026-03-10
335,5130.0,22.0,1.0,Customer Changed Mind,Approved,2025-06-27
336,9599.0,416.0,2.0,Not as Described,Rejected,2025-09-19
337,934.0,190.0,2.0,Quality Issue,Rejected,2026-03-31
338,495.0,538.0,1.0,Wrong Item Delivered,Pending,2025-11-30
339,2664.0,402.0,4.0,Quality Issue,Rejected,2026-03-15
340,3542.0,52.0,1.0,Not as Described,Rejected,2026-04-27
341,4939.0,391.0,2.0,Customer Changed Mind,Rejected,2026-01-29
342,4041.0,368.0,1.0,Quality Issue,Pending,2025-09-05
343,218.0,2.0,4.0,Damaged Product,Rejected,2026-01-12
344,2422.0,485.0,3.0,Quality Issue,Rejected,2025-09-27
345,3614.0,673.0,5.0,Customer Changed Mind,Rejected,2025-11-09
346,7244.0,781.0,1.0,Customer Changed Mind,Rejected,2025-11-19
347,4807.0,806.0,3.0,Wrong Item Delivered,Pending,2025-09-11
348,3864.0,217.0,4.0,Damaged Product,Approved,2025-12-16
349,5006.0,808.0,3.0,Quality Issue,Pending,2025-12-14
350,5174.0,898.0,2.0,Damaged Product,Pending,2026-04-02
351,2621.0,744.0,4.0,Not as Described,Pending,2025-08-19
352,6257.0,434.0,3.0,Quality Issue,Rejected,2025-12-17
353,9475.0,706.0,2.0,Customer Changed Mind,Pending,2025-12-12
354,4080.0,292.0,5.0,Wrong Item Delivered,Pending,2025-11-04
355,8419.0,541.0,1.0,Wrong Item Delivered,Rejected,2026-03-17
356,9148.0,839.0,3.0,Customer Changed Mind,Approved,2025-08-08
357,7442.0,739.0,2.0,Wrong Item Delivered,Rejected,2026-03-01
358,5550.0,651.0,5.0,Not as Described,Rejected,2025-09-18
359,6633.0,291.0,1.0,Quality Issue,Pending,2025-12-13
360,1036.0,487.0,4.0,Not as Described,Approved,2026-01-10
361,367.0,856.0,2.0,Customer Changed Mind,Pending,2025-08-29
362,3817.0,458.0,2.0,Damaged Product,Rejected,2025-11-28
363,876.0,346.0,4.0,Wrong Item Delivered,Approved,2026-02-11
364,4844.0,820.0,2.0,Customer Changed Mind,Rejected,2026-03-07
365,3587.0,478.0,4.0,Not as Described,Rejected,2026-04-02
366,2020.0,482.0,1.0,Not as Described,Approved,2026-01-21
367,8661.0,346.0,2.0,Quality Issue,Pending,2025-11-02
368,3777.0,856.0,4.0,Damaged Product,Pending,2025-06-08
369,9289.0,788.0,5.0,Not as Described,Approved,2025-07-31
370,463.0,141.0,1.0,Quality Issue,Pending,2025-09-21
371,5736.0,547.0,1.0,Quality Issue,Pending,2025-12-09
372,334.0,351.0,4.0,Quality Issue,Pending,2025-06-08
373,7583.0,772.0,3.0,Quality Issue,Pending,2025-11-02
374,7394.0,658.0,1.0,Customer Changed Mind,Rejected,2025-07-21
375,7706.0,672.0,2.0,Damaged Product,Approved,2025-08-05
376,9598.0,839.0,4.0,Damaged Product,Pending,2025-10-07
377,2179.0,737.0,1.0,Damaged Product,Pending,2025-08-17
378,7166.0,475.0,5.0,Wrong Item Delivered,Pending,2025-10-21
379,4746.0,469.0,2.0,Not as Described,Pending,2025-05-31
380,318.0,779.0,5.0,Not as Described,Approved,2026-02-23
381,6649.0,368.0,1.0,Damaged Product,Rejected,2025-08-12
382,724.0,843.0,4.0,Wrong Item Delivered,Pending,2025-09-24
383,1841.0,88.0,3.0,Wrong Item Delivered,Pending,2025-12-24
384,2003.0,221.0,1.0,Customer Changed Mind,Pending,2025-12-29
385,5208.0,123.0,5.0,Quality Issue,Rejected,2025-07-24
386,9311.0,396.0,2.0,Quality Issue,Rejected,2026-03-11
387,56.0,863.0,4.0,Damaged Product,Approved,2025-08-01
388,1440.0,656.0,3.0,Quality Issue,Pending,2026-02-20
389,9435.0,417.0,2.0,Quality Issue,Rejected,2026-04-25
390,5018.0,212.0,2.0,Not as Described,Pending,2026-01-03
391,4713.0,408.0,3.0,Not as Described,Approved,2025-11-21
392,9202.0,916.0,5.0,Wrong Item Delivered,Pending,2025-12-14
393,8480.0,34.0,4.0,Wrong Item Delivered,Rejected,2025-09-02
394,1536.0,716.0,4.0,Wrong Item Delivered,Rejected,2025-12-25
395,3929.0,272.0,5.0,Quality Issue,Approved,2025-08-31
396,8843.0,972.0,3.0,Customer Changed Mind,Approved,2026-04-14
397,207.0,665.0,5.0,Customer Changed Mind,Pending,2025-07-15
398,5026.0,839.0,3.0,Quality Issue,Rejected,2026-02-23
399,3916.0,325.0,3.0,Quality Issue,Rejected,2025-06-08
400,5622.0,293.0,4.0,Not as Described,Rejected,2025-09-28
401,152.0,288.0,3.0,Quality Issue,Pending,2025-06-26
402,9192.0,249.0,4.0,Quality Issue,Pending,2025-09-02
403,1263.0,782.0,1.0,Customer Changed Mind,Approved,2025-07-03
404,8360.0,328.0,2.0,Not as Described,Rejected,2025-09-14
405,8792.0,867.0,2.0,Customer Changed Mind,Approved,2025-10-11
406,3498.0,908.0,3.0,Damaged Product,Approved,2025-11-16
407,3911.0,997.0,5.0,Not as Described,Approved,2026-04-21
408,4993.0,87.0,5.0,Quality Issue,Approved,2026-01-14
409,2201.0,214.0,5.0,Not as Described,Pending,2026-03-27
410,9959.0,875.0,3.0,Not as Described,Approved,2025-08-31
411,4569.0,566.0,2.0,Customer Changed Mind,Pending,2025-10-19
412,4213.0,914.0,1.0,Quality Issue,Approved,2025-12-27
413,2600.0,709.0,4.0,Quality Issue,Pending,2025-07-27
414,7515.0,688.0,4.0,Not as Described,Pending,2026-04-11
415,9294.0,269.0,4.0,Customer Changed Mind,Rejected,2025-09-22
416,7577.0,56.0,3.0,Damaged Product,Rejected,2025-10-27
417,8986.0,559.0,1.0,Not as Described,Approved,2025-06-21
418,5413.0,145.0,3.0,Wrong Item Delivered,Pending,2026-03-24
419,6403.0,25.0,2.0,Not as Described,Rejected,2025-08-17
420,2117.0,274.0,1.0,Not as Described,Approved,2025-09-08
421,8188.0,747.0,1.0,Customer Changed Mind,Approved,2025-10-24
422,5795.0,724.0,1.0,Damaged Product,Approved,2025-11-18
423,7068.0,853.0,2.0,Customer Changed Mind,Approved,2025-09-11
424,6611.0,848.0,1.0,Wrong Item Delivered,Rejected,2025-11-15
425,3227.0,771.0,3.0,Customer Changed Mind,Pending,2025-06-21
426,1585.0,771.0,2.0,Quality Issue,Approved,2025-09-03
427,5272.0,13.0,5.0,Damaged Product,Approved,2025-05-30
428,2364.0,671.0,5.0,Damaged Product,Rejected,2026-05-02
429,5624.0,332.0,5.0,Damaged Product,Pending,2026-05-08
430,5324.0,366.0,5.0,Not as Described,Approved,2026-02-03
431,5478.0,154.0,1.0,Damaged Product,Pending,2025-06-02
432,7140.0,837.0,3.0,Damaged Product,Pending,2025-08-10
433,1000.0,546.0,2.0,Customer Changed Mind,Pending,2026-04-23
434,4933.0,408.0,5.0,Customer Changed Mind,Pending,2025-09-19
435,3504.0,175.0,2.0,Quality Issue,Pending,2026-05-01
436,3102.0,467.0,1.0,Wrong Item Delivered,Rejected,2025-11-19
437,343.0,63.0,3.0,Damaged Product,Approved,2025-06-06
438,8138.0,725.0,3.0,Damaged Product,Rejected,2025-05-30
439,3067.0,932.0,1.0,Customer Changed Mind,Pending,2025-09-19
440,9276.0,835.0,2.0,Wrong Item Delivered,Rejected,2025-10-30
441,4936.0,690.0,2.0,Quality Issue,Pending,2025-09-15
442,9091.0,388.0,1.0,Damaged Product,Pending,2026-03-23
443,8467.0,74.0,5.0,Damaged Product,Approved,2025-08-18
444,8257.0,979.0,2.0,Quality Issue,Rejected,2026-01-22
445,413.0,606.0,5.0,Not as Described,Approved,2026-03-06
446,5797.0,977.0,3.0,Customer Changed Mind,Pending,2025-09-15
447,1166.0,718.0,3.0,Wrong Item Delivered,Rejected,2025-09-05
448,8711.0,910.0,3.0,Damaged Product,Approved,2025-06-22
449,5832.0,239.0,2.0,Customer Changed Mind,Approved,2026-02-23
450,7733.0,527.0,5.0,Not as Described,Approved,2025-09-07
451,5350.0,277.0,3.0,Customer Changed Mind,Rejected,2026-02-01
452,1546.0,20.0,4.0,Not as Described,Rejected,2025-07-14
453,7005.0,255.0,4.0,Customer Changed Mind,Pending,2025-12-12
454,2304.0,364.0,1.0,Quality Issue,Approved,2025-10-10
455,2286.0,555.0,3.0,Wrong Item Delivered,Pending,2025-11-19
456,8331.0,314.0,2.0,Damaged Product,Rejected,2026-03-01
457,7390.0,403.0,5.0,Not as Described,Approved,2025-09-01
458,3217.0,575.0,4.0,Not as Described,Pending,2025-10-28
459,8937.0,74.0,1.0,Damaged Product,Rejected,2026-05-22
460,1556.0,701.0,1.0,Customer Changed Mind,Rejected,2025-11-20
461,7920.0,949.0,4.0,Customer Changed Mind,Rejected,2025-06-11
462,3278.0,882.0,5.0,Damaged Product,Pending,2026-03-29
463,1849.0,604.0,1.0,Wrong Item Delivered,Approved,2026-02-18
464,5378.0,500.0,2.0,Not as Described,Pending,2026-04-25
465,2809.0,227.0,5.0,Customer Changed Mind,Approved,2025-07-24
466,5006.0,947.0,4.0,Not as Described,Approved,2025-08-21
467,5231.0,332.0,2.0,Quality Issue,Approved,2025-06-26
468,6773.0,339.0,4.0,Quality Issue,Pending,2025-07-04
469,3395.0,568.0,5.0,Customer Changed Mind,Approved,2025-08-14
470,9487.0,250.0,3.0,Customer Changed Mind,Rejected,2026-01-15
471,2144.0,939.0,2.0,Damaged Product,Pending,2026-01-04
472,5337.0,788.0,5.0,Quality Issue,Pending,2025-08-13
473,6842.0,237.0,5.0,Wrong Item Delivered,Approved,2025-10-21
474,7186.0,603.0,2.0,Damaged Product,Pending,2025-11-27
475,5043.0,672.0,4.0,Wrong Item Delivered,Rejected,2026-01-07
476,3386.0,69.0,2.0,Not as Described,Approved,2025-11-04
477,4304.0,243.0,5.0,Not as Described,Pending,2025-08-30
478,273.0,512.0,1.0,Quality Issue,Pending,2025-06-27
479,2734.0,159.0,3.0,Not as Described,Approved,2025-10-20
480,9525.0,677.0,2.0,Customer Changed Mind,Pending,2025-11-24
481,2343.0,288.0,3.0,Not as Described,Approved,2025-07-28
482,3077.0,485.0,3.0,Not as Described,Approved,2026-01-29
483,7307.0,109.0,1.0,Quality Issue,Approved,2025-10-01
484,2374.0,849.0,1.0,Wrong Item Delivered,Rejected,2025-11-20
485,5763.0,457.0,4.0,Damaged Product,Rejected,2026-04-26
486,6881.0,547.0,5.0,Quality Issue,Rejected,2026-03-07
487,6237.0,367.0,5.0,Damaged Product,Pending,2025-09-25
488,8048.0,207.0,5.0,Not as Described,Pending,2026-04-08
489,9994.0,369.0,3.0,Customer Changed Mind,Rejected,2026-02-15
490,3377.0,447.0,3.0,Wrong Item Delivered,Pending,2025-08-15
491,1899.0,63.0,4.0,Damaged Product,Approved,2026-02-18
492,3407.0,145.0,5.0,Damaged Product,Approved,2025-09-13
493,2089.0,857.0,1.0,Quality Issue,Pending,2025-06-10
494,759.0,901.0,4.0,Damaged Product,Approved,2025-12-30
495,4700.0,332.0,2.0,Not as Described,Pending,2025-09-08
496,7405.0,985.0,1.0,Not as Described,Pending,2026-04-20
497,616.0,143.0,5.0,Quality Issue,Approved,2025-11-08
498,9326.0,720.0,2.0,Customer Changed Mind,Rejected,2026-03-18
499,2676.0,242.0,5.0,Wrong Item Delivered,Rejected,2026-02-02
500,6704.0,319.0,4.0,Wrong Item Delivered,Rejected,2025-09-04
501,4209.0,802.0,4.0,Not as Described,Pending,2026-04-09
502,3034.0,264.0,5.0,Customer Changed Mind,Approved,2025-12-20
503,2971.0,312.0,1.0,Not as Described,Rejected,2026-01-15
504,3933.0,34.0,3.0,Customer Changed Mind,Approved,2026-01-27
505,3652.0,134.0,1.0,Quality Issue,Rejected,2025-07-18
506,8834.0,185.0,4.0,Quality Issue,Pending,2026-03-03
507,6252.0,417.0,5.0,Not as Described,Pending,2025-06-26
508,2100.0,651.0,1.0,Damaged Product,Pending,2025-07-25
509,3314.0,259.0,4.0,Customer Changed Mind,Pending,2026-04-06
510,5398.0,754.0,4.0,Customer Changed Mind,Approved,2025-09-25
511,9402.0,393.0,3.0,Quality Issue,Rejected,2026-01-24
512,4084.0,742.0,2.0,Not as Described,Approved,2026-01-07
513,6138.0,511.0,1.0,Wrong Item Delivered,Approved,2025-12-31
514,5720.0,182.0,5.0,Quality Issue,Pending,2026-05-05
515,9434.0,784.0,3.0,Wrong Item Delivered,Approved,2025-06-13
516,3365.0,92.0,4.0,Customer Changed Mind,Pending,2025-06-28
517,7024.0,470.0,2.0,Wrong Item Delivered,Rejected,2025-09-07
518,518.0,347.0,3.0,Not as Described,Pending,2025-09-06
519,7574.0,476.0,3.0,Wrong Item Delivered,Approved,2026-01-28
520,3608.0,921.0,1.0,Quality Issue,Pending,2026-04-06
521,9154.0,743.0,1.0,Customer Changed Mind,Pending,2026-04-09
522,4070.0,782.0,4.0,Damaged Product,Rejected,2025-08-27
523,8624.0,254.0,4.0,Customer Changed Mind,Pending,2025-12-24
524,4462.0,102.0,5.0,Quality Issue,Approved,2025-10-22
525,4184.0,238.0,3.0,Wrong Item Delivered,Pending,2025-11-20
526,3519.0,469.0,1.0,Customer Changed Mind,Rejected,2025-08-24
527,3434.0,222.0,5.0,Damaged Product,Approved,2025-11-17
528,3686.0,256.0,2.0,Customer Changed Mind,Approved,2026-01-11
529,8207.0,153.0,4.0,Quality Issue,Rejected,2025-07-09
530,5455.0,426.0,3.0,Wrong Item Delivered,Pending,2025-12-30
531,413.0,258.0,2.0,Customer Changed Mind,Approved,2025-08-12
532,89.0,267.0,3.0,Wrong Item Delivered,Rejected,2026-01-22
533,5614.0,381.0,2.0,Damaged Product,Pending,2026-04-15
534,2167.0,762.0,2.0,Damaged Product,Rejected,2026-05-13
535,5170.0,664.0,1.0,Wrong Item Delivered,Rejected,2025-06-05
536,7460.0,208.0,1.0,Damaged Product,Rejected,2025-10-04
537,8438.0,855.0,5.0,Customer Changed Mind,Rejected,2026-05-22
538,8181.0,211.0,3.0,Wrong Item Delivered,Pending,2025-12-17
539,560.0,312.0,4.0,Not as Described,Rejected,2026-01-02
540,1373.0,724.0,4.0,Not as Described,Pending,2025-07-25
541,1514.0,32.0,1.0,Wrong Item Delivered,Pending,2025-10-30
542,4154.0,426.0,5.0,Customer Changed Mind,Pending,2026-02-16
543,555.0,424.0,2.0,Damaged Product,Rejected,2025-11-13
544,6516.0,273.0,3.0,Customer Changed Mind,Pending,2025-10-20
545,2703.0,30.0,3.0,Not as Described,Pending,2025-10-16
546,845.0,961.0,5.0,Customer Changed Mind,Approved,2026-01-01
547,8481.0,995.0,4.0,Quality Issue,Pending,2026-04-13
548,5597.0,636.0,1.0,Wrong Item Delivered,Pending,2025-11-16
549,2142.0,454.0,5.0,Quality Issue,Rejected,2025-09-02
550,4159.0,585.0,2.0,Customer Changed Mind,Approved,2025-11-06
551,5384.0,210.0,5.0,Quality Issue,Pending,2025-06-25
552,1015.0,363.0,4.0,Wrong Item Delivered,Pending,2026-01-04
553,6315.0,956.0,3.0,Quality Issue,Approved,2026-01-16
554,3147.0,898.0,5.0,Quality Issue,Approved,2025-08-07
555,9441.0,132.0,4.0,Quality Issue,Pending,2025-11-24
556,6655.0,160.0,2.0,Damaged Product,Pending,2025-09-19
557,2793.0,451.0,3.0,Customer Changed Mind,Pending,2025-12-04
558,6323.0,937.0,5.0,Wrong Item Delivered,Rejected,2025-09-15
559,8041.0,376.0,3.0,Quality Issue,Pending,2026-03-02
560,8587.0,16.0,1.0,Wrong Item Delivered,Approved,2025-07-13
561,3228.0,337.0,4.0,Quality Issue,Rejected,2026-03-12
562,4693.0,250.0,2.0,Not as Described,Approved,2025-09-10
563,9101.0,836.0,4.0,Damaged Product,Approved,2026-05-19
564,210.0,659.0,2.0,Wrong Item Delivered,Rejected,2026-03-04
565,998.0,59.0,5.0,Not as Described,Approved,2025-08-13
566,6609.0,560.0,2.0,Not as Described,Pending,2025-12-03
567,4208.0,653.0,4.0,Damaged Product,Approved,2025-06-22
568,1235.0,839.0,1.0,Wrong Item Delivered,Approved,2025-09-21
569,4636.0,817.0,2.0,Quality Issue,Rejected,2025-11-26
570,3760.0,355.0,1.0,Quality Issue,Pending,2026-02-27
571,5975.0,107.0,2.0,Damaged Product,Approved,2025-10-16
572,4535.0,640.0,3.0,Customer Changed Mind,Approved,2026-04-04
573,8269.0,276.0,2.0,Customer Changed Mind,Rejected,2026-04-30
574,4465.0,348.0,2.0,Quality Issue,Approved,2025-09-03
575,9566.0,444.0,5.0,Customer Changed Mind,Approved,2025-07-23
576,6662.0,600.0,4.0,Quality Issue,Pending,2026-01-29
577,619.0,350.0,4.0,Not as Described,Pending,2026-05-10
578,7364.0,599.0,1.0,Customer Changed Mind,Approved,2026-01-03
579,8380.0,35.0,5.0,Customer Changed Mind,Rejected,2025-12-01
580,8634.0,744.0,5.0,Not as Described,Pending,2025-07-07
581,3363.0,922.0,3.0,Quality Issue,Pending,2026-01-29
582,990.0,836.0,5.0,Wrong Item Delivered,Pending,2026-01-15
583,8287.0,186.0,2.0,Quality Issue,Pending,2025-10-27
584,5626.0,995.0,5.0,Customer Changed Mind,Rejected,2025-12-22
585,7527.0,130.0,5.0,Damaged Product,Approved,2025-12-03
586,8900.0,454.0,1.0,Customer Changed Mind,Approved,2025-11-14
587,9196.0,280.0,3.0,Quality Issue,Pending,2025-08-29
588,7691.0,698.0,5.0,Quality Issue,Rejected,2025-12-05
589,3720.0,119.0,1.0,Customer Changed Mind,Approved,2025-08-25
590,2182.0,759.0,2.0,Quality Issue,Pending,2025-05-30
591,4564.0,614.0,4.0,Not as Described,Approved,2025-08-17
592,2766.0,636.0,4.0,Wrong Item Delivered,Pending,2025-12-16
593,2145.0,829.0,2.0,Wrong Item Delivered,Pending,2026-04-21
594,8.0,894.0,3.0,Customer Changed Mind,Pending,2025-11-26
595,5798.0,121.0,5.0,Not as Described,Approved,2026-01-14
596,8481.0,525.0,1.0,Quality Issue,Rejected,2026-04-22
597,8106.0,7.0,5.0,Quality Issue,Approved,2025-12-30
598,2676.0,718.0,1.0,Quality Issue,Approved,2026-02-20
599,2731.0,839.0,1.0,Customer Changed Mind,Pending,2025-06-20
600,990.0,282.0,3.0,Wrong Item Delivered,Approved,2025-10-25
601,5452.0,575.0,3.0,Customer Changed Mind,Rejected,2025-10-03
602,474.0,705.0,5.0,Customer Changed Mind,Approved,2025-08-31
603,3410.0,617.0,5.0,Customer Changed Mind,Pending,2025-12-05
604,9115.0,439.0,2.0,Customer Changed Mind,Approved,2025-06-08
605,4400.0,50.0,5.0,Damaged Product,Approved,2025-06-21
606,759.0,623.0,4.0,Wrong Item Delivered,Rejected,2025-11-25
607,9470.0,311.0,3.0,Quality Issue,Approved,2026-02-26
608,6766.0,733.0,2.0,Not as Described,Pending,2026-04-24
609,4835.0,742.0,4.0,Wrong Item Delivered,Pending,2025-11-28
610,756.0,466.0,3.0,Not as Described,Approved,2026-03-30
611,5837.0,448.0,4.0,Wrong Item Delivered,Pending,2026-04-14
612,1927.0,900.0,2.0,Damaged Product,Pending,2026-05-17
613,6821.0,618.0,4.0,Not as Described,Pending,2025-08-14
614,1919.0,707.0,1.0,Damaged Product,Approved,2025-07-08
615,8887.0,676.0,3.0,Damaged Product,Rejected,2025-11-11
616,2053.0,34.0,5.0,Damaged Product,Pending,2025-07-10
617,5936.0,157.0,2.0,Damaged Product,Rejected,2025-09-20
618,4733.0,222.0,1.0,Wrong Item Delivered,Rejected,2025-10-28
619,9421.0,481.0,2.0,Damaged Product,Approved,2025-10-14
620,4097.0,845.0,3.0,Customer Changed Mind,Approved,2026-05-18
621,3815.0,963.0,5.0,Customer Changed Mind,Pending,2025-10-01
622,7002.0,46.0,1.0,Wrong Item Delivered,Pending,2026-04-06
623,7621.0,772.0,5.0,Damaged Product,Approved,2025-06-21
624,2381.0,908.0,3.0,Quality Issue,Rejected,2025-09-24
625,7931.0,358.0,4.0,Quality Issue,Rejected,2025-10-25
626,5056.0,396.0,2.0,Damaged Product,Rejected,2025-10-07
627,5262.0,493.0,5.0,Damaged Product,Pending,2026-04-02
628,279.0,146.0,5.0,Quality Issue,Rejected,2025-10-09
629,609.0,511.0,4.0,Not as Described,Approved,2025-07-06
630,4733.0,687.0,4.0,Not as Described,Approved,2025-09-07
631,6256.0,501.0,1.0,Not as Described,Rejected,2026-02-10
632,5481.0,935.0,2.0,Quality Issue,Pending,2025-11-13
633,9593.0,876.0,2.0,Quality Issue,Pending,2025-05-30
634,1639.0,793.0,5.0,Wrong Item Delivered,Rejected,2025-07-21
635,2108.0,876.0,5.0,Wrong Item Delivered,Rejected,2026-02-14
636,4840.0,177.0,1.0,Not as Described,Rejected,2025-08-01
637,4986.0,813.0,5.0,Quality Issue,Rejected,2026-02-09
638,4936.0,560.0,3.0,Quality Issue,Pending,2026-03-14
639,2437.0,934.0,1.0,Customer Changed Mind,Approved,2025-08-01
640,718.0,529.0,3.0,Not as Described,Rejected,2026-05-04
641,4446.0,335.0,5.0,Wrong Item Delivered,Rejected,2025-08-25
642,9816.0,318.0,4.0,Customer Changed Mind,Pending,2026-01-09
643,7529.0,499.0,3.0,Customer Changed Mind,Rejected,2025-05-26
644,1781.0,686.0,2.0,Customer Changed Mind,Rejected,2025-08-14
645,2620.0,447.0,5.0,Quality Issue,Pending,2026-04-29
646,9780.0,253.0,4.0,Not as Described,Pending,2026-01-06
647,253.0,671.0,5.0,Damaged Product,Rejected,2026-04-03
648,8363.0,599.0,2.0,Damaged Product,Rejected,2025-11-30
649,3013.0,135.0,4.0,Damaged Product,Pending,2025-12-01
650,4393.0,587.0,3.0,Wrong Item Delivered,Pending,2025-12-16
651,5257.0,703.0,3.0,Quality Issue,Pending,2025-08-21
652,2536.0,648.0,1.0,Wrong Item Delivered,Approved,2026-02-19
653,2830.0,743.0,4.0,Not as Described,Approved,2025-06-07
654,724.0,368.0,3.0,Wrong Item Delivered,Approved,2025-11-18
655,7773.0,453.0,4.0,Customer Changed Mind,Rejected,2025-07-24
656,5495.0,409.0,5.0,Customer Changed Mind,Pending,2025-11-06
657,519.0,858.0,5.0,Not as Described,Pending,2025-10-08
658,7898.0,301.0,3.0,Quality Issue,Approved,2025-08-11
659,4108.0,619.0,5.0,Wrong Item Delivered,Rejected,2026-01-19
660,4127.0,612.0,4.0,Quality Issue,Approved,2026-01-20
661,9327.0,118.0,4.0,Not as Described,Pending,2026-04-11
662,4929.0,49.0,2.0,Quality Issue,Rejected,2026-04-06
663,8091.0,979.0,3.0,Damaged Product,Pending,2025-11-16
664,55.0,109.0,4.0,Not as Described,Rejected,2025-12-01
665,5797.0,685.0,3.0,Customer Changed Mind,Rejected,2025-10-24
666,6103.0,448.0,3.0,Quality Issue,Approved,2026-03-28
667,6171.0,713.0,4.0,Customer Changed Mind,Rejected,2025-12-23
668,769.0,924.0,4.0,Quality Issue,Pending,2026-01-06
669,8974.0,763.0,4.0,Customer Changed Mind,Approved,2025-12-04
670,5412.0,447.0,2.0,Not as Described,Pending,2026-02-28
671,8624.0,501.0,4.0,Customer Changed Mind,Approved,2025-12-17
672,2584.0,989.0,3.0,Damaged Product,Pending,2026-01-17
673,832.0,721.0,4.0,Customer Changed Mind,Approved,2025-12-24
674,7147.0,217.0,2.0,Quality Issue,Approved,2025-08-18
675,422.0,246.0,1.0,Customer Changed Mind,Approved,2025-08-31
676,6664.0,925.0,1.0,Wrong Item Delivered,Rejected,2025-08-12
677,15.0,461.0,4.0,Not as Described,Pending,2025-08-14
678,4940.0,716.0,3.0,Wrong Item Delivered,Approved,2025-12-21
679,2493.0,566.0,2.0,Wrong Item Delivered,Rejected,2025-11-15
680,5215.0,522.0,1.0,Damaged Product,Approved,2026-03-14
681,3465.0,191.0,1.0,Quality Issue,Approved,2026-03-12
682,7430.0,889.0,1.0,Customer Changed Mind,Rejected,2026-01-30
683,9267.0,261.0,3.0,Damaged Product,Approved,2025-12-01
684,7094.0,573.0,3.0,Not as Described,Rejected,2026-01-15
685,9705.0,973.0,1.0,Customer Changed Mind,Approved,2025-07-02
686,1667.0,746.0,5.0,Quality Issue,Rejected,2025-10-09
687,2049.0,112.0,1.0,Quality Issue,Approved,2025-08-16
688,6811.0,747.0,4.0,Not as Described,Rejected,2026-05-05
689,2107.0,651.0,5.0,Wrong Item Delivered,Rejected,2026-02-10
690,8979.0,800.0,2.0,Damaged Product,Rejected,2026-05-22
691,807.0,758.0,5.0,Quality Issue,Rejected,2025-06-03
692,2657.0,647.0,3.0,Damaged Product,Pending,2026-03-01
693,7865.0,705.0,1.0,Wrong Item Delivered,Rejected,2026-02-26
694,3178.0,250.0,3.0,Not as Described,Rejected,2025-06-29
695,913.0,166.0,5.0,Quality Issue,Pending,2026-04-27
696,546.0,457.0,4.0,Damaged Product,Rejected,2025-11-02
697,1940.0,580.0,4.0,Wrong Item Delivered,Rejected,2025-10-27
698,1350.0,455.0,1.0,Wrong Item Delivered,Pending,2025-08-02
699,8829.0,599.0,4.0,Quality Issue,Rejected,2025-09-23
700,1792.0,286.0,2.0,Quality Issue,Pending,2025-11-02
701,9642.0,475.0,1.0,Quality Issue,Rejected,2025-07-06
702,3442.0,562.0,3.0,Quality Issue,Pending,2025-10-18
703,2380.0,104.0,2.0,Wrong Item Delivered,Approved,2025-09-27
704,5285.0,426.0,5.0,Customer Changed Mind,Approved,2025-06-01
705,121.0,493.0,2.0,Not as Described,Approved,2025-08-29
706,3353.0,408.0,4.0,Damaged Product,Pending,2025-07-01
707,1820.0,678.0,4.0,Not as Described,Approved,2026-03-31
708,8866.0,834.0,5.0,Damaged Product,Approved,2026-05-01
709,3000.0,251.0,2.0,Wrong Item Delivered,Approved,2026-02-08
710,6657.0,662.0,5.0,Quality Issue,Rejected,2025-11-22
711,1304.0,594.0,1.0,Damaged Product,Rejected,2026-03-05
712,7731.0,311.0,3.0,Quality Issue,Approved,2025-11-16
713,1514.0,783.0,2.0,Damaged Product,Rejected,2026-01-30
714,4932.0,623.0,4.0,Not as Described,Approved,2025-06-12
715,5286.0,101.0,4.0,Customer Changed Mind,Rejected,2025-10-09
716,5097.0,81.0,2.0,Wrong Item Delivered,Pending,2026-02-09
717,8811.0,684.0,1.0,Not as Described,Pending,2026-02-17
718,3285.0,647.0,4.0,Wrong Item Delivered,Rejected,2025-12-19
719,3505.0,418.0,2.0,Not as Described,Approved,2026-03-20
720,3223.0,442.0,4.0,Quality Issue,Approved,2025-06-04
721,1273.0,731.0,3.0,Wrong Item Delivered,Rejected,2026-05-24
722,9633.0,158.0,2.0,Customer Changed Mind,Pending,2025-07-12
723,9205.0,704.0,4.0,Quality Issue,Rejected,2026-02-03
724,6904.0,610.0,4.0,Customer Changed Mind,Approved,2025-11-11
725,1441.0,109.0,4.0,Wrong Item Delivered,Pending,2025-09-03
726,1843.0,173.0,2.0,Not as Described,Approved,2026-03-25
727,9973.0,778.0,3.0,Not as Described,Pending,2026-05-14
728,5366.0,336.0,1.0,Customer Changed Mind,Approved,2025-09-21
729,3940.0,542.0,4.0,Quality Issue,Approved,2026-02-21
730,5557.0,813.0,2.0,Wrong Item Delivered,Rejected,2026-05-19
731,2684.0,533.0,4.0,Customer Changed Mind,Approved,2025-10-08
732,3774.0,882.0,5.0,Not as Described,Rejected,2026-04-19
733,9461.0,185.0,3.0,Quality Issue,Pending,2025-09-01
734,7459.0,68.0,3.0,Not as Described,Rejected,2026-04-10
735,5505.0,28.0,2.0,Not as Described,Rejected,2025-12-30
736,3439.0,679.0,4.0,Wrong Item Delivered,Approved,2025-12-29
737,3117.0,45.0,3.0,Not as Described,Approved,2026-03-28
738,2246.0,800.0,5.0,Quality Issue,Pending,2025-08-24
739,9391.0,485.0,2.0,Quality Issue,Approved,2026-05-15
740,5765.0,520.0,5.0,Quality Issue,Rejected,2025-08-13
741,519.0,2.0,4.0,Not as Described,Pending,2025-12-11
742,8755.0,181.0,4.0,Customer Changed Mind,Rejected,2025-10-24
743,4268.0,61.0,2.0,Customer Changed Mind,Approved,2025-10-09
744,2495.0,835.0,1.0,Damaged Product,Approved,2025-09-15
745,2222.0,760.0,4.0,Damaged Product,Approved,2025-06-16
746,9542.0,264.0,4.0,Customer Changed Mind,Approved,2026-01-30
747,4722.0,75.0,3.0,Not as Described,Approved,2025-09-06
748,209.0,318.0,2.0,Quality Issue,Approved,2026-01-08
749,122.0,181.0,3.0,Damaged Product,Rejected,2025-08-25
750,815.0,749.0,1.0,Damaged Product,Pending,2026-05-22
751,7200.0,794.0,3.0,Damaged Product,Approved,2026-03-27
752,4134.0,690.0,2.0,Wrong Item Delivered,Rejected,2026-05-03
753,8490.0,579.0,4.0,Wrong Item Delivered,Approved,2025-10-02
754,3638.0,549.0,2.0,Customer Changed Mind,Pending,2025-06-16
755,5492.0,852.0,5.0,Quality Issue,Rejected,2025-08-09
756,6053.0,624.0,2.0,Not as Described,Pending,2026-03-31
757,2536.0,251.0,5.0,Customer Changed Mind,Rejected,2026-05-11
758,1414.0,299.0,1.0,Not as Described,Rejected,2026-04-14
759,3750.0,92.0,1.0,Not as Described,Pending,2026-05-16
760,5442.0,984.0,2.0,Wrong Item Delivered,Pending,2025-10-06
761,9131.0,784.0,1.0,Damaged Product,Approved,2026-03-05
762,5055.0,861.0,1.0,Quality Issue,Rejected,2025-07-19
763,5147.0,364.0,4.0,Customer Changed Mind,Pending,2026-04-26
764,5194.0,469.0,3.0,Wrong Item Delivered,Pending,2025-10-11
765,5765.0,358.0,5.0,Damaged Product,Approved,2026-04-05
766,4922.0,99.0,4.0,Quality Issue,Rejected,2026-04-10
767,2206.0,566.0,3.0,Wrong Item Delivered,Rejected,2026-04-28
768,5060.0,421.0,1.0,Customer Changed Mind,Rejected,2026-01-17
769,6683.0,583.0,3.0,Quality Issue,Pending,2025-08-09
770,3073.0,520.0,3.0,Customer Changed Mind,Approved,2025-11-19
771,7689.0,620.0,2.0,Not as Described,Pending,2026-03-05
772,3626.0,198.0,2.0,Not as Described,Approved,2025-09-02
773,6917.0,87.0,3.0,Wrong Item Delivered,Approved,2025-08-13
774,1963.0,384.0,4.0,Quality Issue,Pending,2026-03-24
775,1230.0,763.0,5.0,Not as Described,Approved,2025-10-15
776,6104.0,878.0,5.0,Damaged Product,Rejected,2025-10-09
777,8230.0,320.0,1.0,Damaged Product,Rejected,2025-07-26
778,6598.0,715.0,5.0,Wrong Item Delivered,Pending,2025-11-18
779,6390.0,374.0,3.0,Quality Issue,Rejected,2026-05-03
780,8706.0,527.0,1.0,Damaged Product,Pending,2025-09-07
781,8658.0,907.0,2.0,Customer Changed Mind,Rejected,2026-05-06
782,1068.0,351.0,3.0,Quality Issue,Approved,2026-01-20
783,3429.0,614.0,3.0,Customer Changed Mind,Rejected,2025-06-02
784,1269.0,994.0,1.0,Customer Changed Mind,Pending,2025-12-13
785,3870.0,731.0,5.0,Customer Changed Mind,Pending,2025-06-29
786,6341.0,885.0,3.0,Damaged Product,Pending,2026-03-01
787,42.0,394.0,5.0,Customer Changed Mind,Rejected,2025-09-20
788,7204.0,938.0,3.0,Customer Changed Mind,Rejected,2026-02-12
789,385.0,429.0,3.0,Wrong Item Delivered,Approved,2025-12-11
790,3454.0,478.0,1.0,Not as Described,Approved,2025-10-29
791,8592.0,875.0,5.0,Quality Issue,Approved,2025-11-21
792,8280.0,875.0,2.0,Damaged Product,Approved,2026-02-04
793,6173.0,588.0,5.0,Not as Described,Pending,2026-02-08
794,101.0,692.0,5.0,Wrong Item Delivered,Approved,2025-07-28
795,9665.0,389.0,4.0,Damaged Product,Rejected,2025-11-07
796,1551.0,26.0,4.0,Quality Issue,Rejected,2026-02-03
797,9453.0,302.0,4.0,Quality Issue,Rejected,2026-04-01
798,6488.0,86.0,4.0,Customer Changed Mind,Pending,2026-04-05
799,5211.0,788.0,4.0,Damaged Product,Rejected,2025-10-02
800,2774.0,970.0,4.0,Quality Issue,Rejected,2026-01-25
801,5966.0,344.0,4.0,Quality Issue,Pending,2026-03-14
802,7718.0,398.0,5.0,Quality Issue,Pending,2025-07-05
803,3914.0,182.0,1.0,Not as Described,Approved,2026-02-15
804,3740.0,662.0,1.0,Not as Described,Pending,2026-03-29
805,962.0,226.0,5.0,Wrong Item Delivered,Approved,2025-06-21
806,4285.0,620.0,1.0,Quality Issue,Approved,2025-12-18
807,9405.0,514.0,1.0,Wrong Item Delivered,Rejected,2026-02-07
808,6247.0,153.0,5.0,Not as Described,Rejected,2025-12-24
809,9251.0,502.0,3.0,Quality Issue,Pending,2025-06-04
810,7351.0,677.0,5.0,Customer Changed Mind,Pending,2025-08-06
811,1315.0,250.0,3.0,Wrong Item Delivered,Approved,2025-08-18
812,1835.0,178.0,4.0,Damaged Product,Approved,2025-07-10
813,8437.0,239.0,4.0,Not as Described,Pending,2025-06-01
814,6078.0,388.0,2.0,Wrong Item Delivered,Approved,2026-03-27
815,4760.0,563.0,4.0,Wrong Item Delivered,Pending,2025-06-25
816,545.0,491.0,2.0,Quality Issue,Pending,2025-08-18
817,793.0,255.0,3.0,Wrong Item Delivered,Pending,2026-03-28
818,2051.0,57.0,2.0,Customer Changed Mind,Rejected,2025-08-17
819,5654.0,918.0,4.0,Wrong Item Delivered,Rejected,2025-08-13
820,290.0,532.0,3.0,Quality Issue,Pending,2025-10-24
821,8551.0,155.0,3.0,Customer Changed Mind,Approved,2026-04-19
822,9337.0,697.0,2.0,Customer Changed Mind,Approved,2025-11-04
823,4321.0,841.0,5.0,Wrong Item Delivered,Rejected,2025-06-03
824,5910.0,28.0,5.0,Customer Changed Mind,Approved,2026-04-03
825,7213.0,990.0,1.0,Wrong Item Delivered,Rejected,2025-08-04
826,8760.0,47.0,1.0,Quality Issue,Rejected,2026-02-15
827,1216.0,2.0,3.0,Customer Changed Mind,Rejected,2026-04-03
828,6351.0,275.0,5.0,Customer Changed Mind,Approved,2025-07-15
829,7711.0,834.0,3.0,Damaged Product,Approved,2025-11-12
830,227.0,170.0,5.0,Quality Issue,Rejected,2025-10-30
831,748.0,266.0,3.0,Not as Described,Pending,2025-11-07
832,8309.0,394.0,4.0,Wrong Item Delivered,Pending,2026-03-04
833,126.0,493.0,5.0,Customer Changed Mind,Rejected,2025-07-05
834,1584.0,131.0,3.0,Wrong Item Delivered,Pending,2026-03-24
835,6324.0,685.0,3.0,Damaged Product,Rejected,2026-02-19
836,7492.0,257.0,3.0,Not as Described,Rejected,2025-09-28
837,8048.0,227.0,3.0,Wrong Item Delivered,Approved,2025-08-23
838,3359.0,493.0,3.0,Quality Issue,Approved,2026-01-18
839,9484.0,767.0,2.0,Not as Described,Approved,2025-11-27
840,1709.0,541.0,1.0,Customer Changed Mind,Pending,2025-06-04
841,5771.0,556.0,3.0,Not as Described,Approved,2026-03-11
842,2769.0,881.0,3.0,Quality Issue,Rejected,2025-12-04
843,6613.0,316.0,2.0,Quality Issue,Approved,2026-05-20
844,7083.0,116.0,3.0,Damaged Product,Approved,2025-12-01
845,6466.0,471.0,1.0,Not as Described,Pending,2025-10-11
846,2773.0,436.0,3.0,Customer Changed Mind,Pending,2025-11-12
847,8176.0,589.0,4.0,Wrong Item Delivered,Rejected,2025-05-26
848,4378.0,628.0,1.0,Damaged Product,Rejected,2026-02-06
849,1084.0,242.0,5.0,Customer Changed Mind,Pending,2025-11-25
850,4086.0,65.0,5.0,Quality Issue,Pending,2026-03-28
851,3415.0,60.0,3.0,Wrong Item Delivered,Rejected,2025-10-31
852,104.0,568.0,3.0,Customer Changed Mind,Approved,2025-07-12
853,3411.0,486.0,1.0,Wrong Item Delivered,Approved,2025-08-17
854,5738.0,357.0,2.0,Damaged Product,Approved,2025-05-29
855,5885.0,298.0,1.0,Customer Changed Mind,Rejected,2026-04-13
856,8986.0,267.0,5.0,Not as Described,Pending,2025-07-24
857,4499.0,261.0,4.0,Quality Issue,Rejected,2025-12-27
858,7696.0,799.0,4.0,Damaged Product,Rejected,2025-07-12
859,4218.0,651.0,3.0,Damaged Product,Rejected,2025-11-14
860,5755.0,347.0,5.0,Quality Issue,Approved,2026-04-17
861,9569.0,425.0,2.0,Not as Described,Pending,2026-01-11
862,3999.0,456.0,3.0,Not as Described,Pending,2026-02-10
863,6461.0,584.0,3.0,Customer Changed Mind,Pending,2025-08-18
864,944.0,291.0,1.0,Customer Changed Mind,Pending,2026-05-18
865,1939.0,603.0,2.0,Wrong Item Delivered,Pending,2025-12-10
866,2574.0,100.0,1.0,Not as Described,Rejected,2026-02-24
867,8736.0,203.0,2.0,Customer Changed Mind,Approved,2026-02-21
868,1011.0,723.0,5.0,Customer Changed Mind,Pending,2026-01-31
869,4122.0,863.0,3.0,Damaged Product,Rejected,2025-08-25
870,5679.0,445.0,5.0,Quality Issue,Pending,2025-12-01
871,7343.0,651.0,1.0,Customer Changed Mind,Approved,2025-11-09
872,6890.0,385.0,4.0,Wrong Item Delivered,Pending,2025-11-24
873,1401.0,977.0,1.0,Customer Changed Mind,Pending,2026-04-30
874,1462.0,423.0,1.0,Not as Described,Pending,2026-04-08
875,8229.0,530.0,4.0,Damaged Product,Approved,2026-03-08
876,4593.0,614.0,2.0,Not as Described,Approved,2025-08-08
877,7226.0,936.0,4.0,Not as Described,Approved,2025-09-14
878,7375.0,770.0,1.0,Wrong Item Delivered,Pending,2025-09-12
879,6338.0,326.0,1.0,Not as Described,Approved,2026-04-18
880,1911.0,310.0,4.0,Damaged Product,Approved,2025-06-16
881,4979.0,119.0,5.0,Not as Described,Rejected,2026-01-31
882,7929.0,24.0,3.0,Wrong Item Delivered,Approved,2025-06-19
883,816.0,139.0,4.0,Customer Changed Mind,Rejected,2025-06-29
884,292.0,179.0,2.0,Quality Issue,Pending,2025-08-16
885,9772.0,324.0,2.0,Damaged Product,Approved,2025-07-02
886,6217.0,864.0,1.0,Quality Issue,Rejected,2025-12-27
887,3888.0,443.0,1.0,Damaged Product,Pending,2025-09-19
888,9620.0,892.0,5.0,Customer Changed Mind,Approved,2025-11-21
889,1238.0,451.0,4.0,Damaged Product,Rejected,2025-08-03
890,5961.0,658.0,3.0,Not as Described,Approved,2025-06-16
891,2122.0,133.0,1.0,Wrong Item Delivered,Rejected,2026-03-02
892,7659.0,264.0,3.0,Wrong Item Delivered,Approved,2026-03-17
893,8411.0,48.0,5.0,Wrong Item Delivered,Approved,2025-06-05
894,2250.0,732.0,5.0,Quality Issue,Approved,2026-01-08
895,8080.0,596.0,2.0,Damaged Product,Pending,2025-11-18
896,8416.0,366.0,3.0,Quality Issue,Approved,2025-08-30
897,9516.0,115.0,4.0,Quality Issue,Pending,2026-04-06
898,850.0,419.0,5.0,Not as Described,Rejected,2026-02-18
899,5568.0,208.0,1.0,Wrong Item Delivered,Rejected,2025-06-03
900,1648.0,639.0,1.0,Customer Changed Mind,Pending,2025-08-27
901,3699.0,340.0,4.0,Customer Changed Mind,Rejected,2026-02-06
902,4432.0,795.0,4.0,Not as Described,Pending,2025-07-06
903,5872.0,726.0,2.0,Not as Described,Rejected,2025-08-17
904,5900.0,113.0,4.0,Customer Changed Mind,Approved,2025-09-01
905,1349.0,812.0,4.0,Wrong Item Delivered,Rejected,2025-10-19
906,89.0,310.0,3.0,Quality Issue,Approved,2025-07-21
907,7654.0,62.0,4.0,Quality Issue,Rejected,2025-12-11
908,3192.0,848.0,3.0,Damaged Product,Rejected,2026-04-27
909,2529.0,274.0,3.0,Quality Issue,Approved,2025-07-08
910,5687.0,955.0,1.0,Customer Changed Mind,Approved,2026-02-04
911,4489.0,715.0,5.0,Wrong Item Delivered,Rejected,2025-12-06
912,7425.0,976.0,4.0,Not as Described,Rejected,2026-02-16
913,912.0,911.0,4.0,Wrong Item Delivered,Rejected,2026-01-06
914,4018.0,567.0,1.0,Customer Changed Mind,Rejected,2025-10-29
915,2914.0,687.0,3.0,Customer Changed Mind,Pending,2026-05-10
916,4336.0,171.0,2.0,Wrong Item Delivered,Approved,2026-01-05
917,3716.0,100.0,2.0,Damaged Product,Rejected,2025-06-12
918,4240.0,71.0,5.0,Not as Described,Pending,2026-05-01
919,1091.0,717.0,5.0,Wrong Item Delivered,Rejected,2026-05-17
920,1271.0,170.0,3.0,Damaged Product,Pending,2025-06-14
921,1885.0,508.0,4.0,Damaged Product,Pending,2026-05-20
922,7485.0,534.0,3.0,Wrong Item Delivered,Rejected,2026-02-06
923,7892.0,139.0,4.0,Customer Changed Mind,Pending,2025-08-21
924,117.0,660.0,2.0,Wrong Item Delivered,Approved,2026-03-02
925,9438.0,469.0,2.0,Not as Described,Rejected,2026-01-31
926,1246.0,775.0,2.0,Damaged Product,Rejected,2025-07-03
927,6275.0,439.0,5.0,Wrong Item Delivered,Pending,2026-03-03
928,4213.0,273.0,1.0,Customer Changed Mind,Rejected,2025-08-05
929,687.0,191.0,5.0,Customer Changed Mind,Rejected,2025-07-05
930,5056.0,524.0,5.0,Not as Described,Pending,2025-12-19
931,3520.0,528.0,2.0,Customer Changed Mind,Rejected,2025-10-25
932,5254.0,249.0,2.0,Quality Issue,Pending,2025-06-19
933,7633.0,839.0,4.0,Quality Issue,Approved,2026-04-11
934,6886.0,130.0,4.0,Damaged Product,Pending,2026-05-17
935,2492.0,358.0,4.0,Not as Described,Rejected,2025-12-17
936,6034.0,451.0,2.0,Not as Described,Pending,2025-09-12
937,5753.0,178.0,5.0,Not as Described,Pending,2026-05-02
938,487.0,749.0,2.0,Damaged Product,Approved,2026-03-28
939,7801.0,476.0,3.0,Wrong Item Delivered,Approved,2025-10-30
940,6207.0,925.0,5.0,Not as Described,Rejected,2026-05-18
941,9916.0,662.0,3.0,Not as Described,Rejected,2026-03-26
942,3977.0,959.0,4.0,Not as Described,Approved,2025-07-03
943,9479.0,763.0,4.0,Damaged Product,Approved,2025-11-27
944,6262.0,590.0,4.0,Wrong Item Delivered,Pending,2026-03-25
945,6826.0,799.0,4.0,Not as Described,Pending,2026-04-22
946,9674.0,439.0,2.0,Quality Issue,Approved,2025-09-18
947,2218.0,816.0,2.0,Damaged Product,Approved,2025-08-18
948,1894.0,807.0,3.0,Not as Described,Approved,2025-06-12
949,4062.0,299.0,4.0,Not as Described,Rejected,2025-12-11
950,5721.0,622.0,5.0,Customer Changed Mind,Approved,2026-03-25
951,7991.0,789.0,5.0,Quality Issue,Approved,2026-05-25
952,3604.0,714.0,2.0,Quality Issue,Pending,2025-10-15
953,1313.0,675.0,3.0,Wrong Item Delivered,Pending,2026-05-13
954,6789.0,979.0,4.0,Damaged Product,Rejected,2025-12-02
955,8207.0,99.0,3.0,Quality Issue,Approved,2026-03-11
956,1085.0,651.0,2.0,Not as Described,Pending,2025-07-11
957,3999.0,230.0,3.0,Damaged Product,Pending,2026-01-05
958,2298.0,449.0,4.0,Quality Issue,Rejected,2026-02-03
959,4893.0,478.0,1.0,Damaged Product,Pending,2026-01-13
960,1833.0,483.0,2.0,Wrong Item Delivered,Approved,2025-12-31
961,8918.0,813.0,1.0,Not as Described,Pending,2026-01-11
962,7406.0,650.0,3.0,Quality Issue,Pending,2025-07-19
963,2717.0,282.0,1.0,Wrong Item Delivered,Pending,2026-01-13
964,6796.0,468.0,5.0,Wrong Item Delivered,Rejected,2026-02-20
965,9471.0,388.0,1.0,Not as Described,Approved,2025-06-01
966,3286.0,635.0,4.0,Wrong Item Delivered,Pending,2026-05-23
967,2848.0,890.0,3.0,Damaged Product,Approved,2026-02-07
968,961.0,699.0,5.0,Damaged Product,Rejected,2025-12-07
969,6789.0,612.0,4.0,Customer Changed Mind,Pending,2026-04-24
970,222.0,16.0,5.0,Wrong Item Delivered,Approved,2025-08-05
971,117.0,962.0,1.0,Not as Described,Rejected,2026-01-10
972,9530.0,932.0,2.0,Customer Changed Mind,Pending,2026-01-30
973,1643.0,68.0,3.0,Quality Issue,Rejected,2025-12-04
974,259.0,500.0,1.0,Customer Changed Mind,Approved,2025-07-18
975,741.0,397.0,4.0,Customer Changed Mind,Approved,2026-02-06
976,6428.0,960.0,2.0,Quality Issue,Rejected,2025-12-15
977,9512.0,148.0,3.0,Customer Changed Mind,Rejected,2025-07-25
978,761.0,554.0,3.0,Not as Described,Approved,2026-02-02
979,2068.0,5.0,4.0,Wrong Item Delivered,Pending,2026-02-23
980,4988.0,786.0,1.0,Wrong Item Delivered,Pending,2026-03-02
981,934.0,107.0,1.0,Quality Issue,Approved,2025-12-05
982,7507.0,917.0,4.0,Customer Changed Mind,Approved,2026-05-23
983,742.0,750.0,2.0,Damaged Product,Pending,2025-08-07
984,8664.0,360.0,3.0,Wrong Item Delivered,Approved,2026-01-06
985,3432.0,852.0,4.0,Not as Described,Pending,2025-10-30
986,9473.0,581.0,5.0,Quality Issue,Rejected,2026-02-17
987,6737.0,357.0,3.0,Customer Changed Mind,Approved,2025-07-05
988,6534.0,58.0,4.0,Damaged Product,Approved,2025-07-28
989,4961.0,557.0,4.0,Customer Changed Mind,Pending,2026-01-19
990,1080.0,24.0,3.0,Quality Issue,Pending,2025-12-20
991,3531.0,577.0,1.0,Wrong Item Delivered,Pending,2025-09-08
992,2612.0,500.0,1.0,Damaged Product,Approved,2025-10-06
993,4135.0,698.0,2.0,Quality Issue,Rejected,2025-12-26
994,1204.0,273.0,5.0,Quality Issue,Rejected,2025-06-12
995,2209.0,13.0,2.0,Wrong Item Delivered,Pending,2025-08-11
996,9189.0,454.0,4.0,Damaged Product,Rejected,2025-08-30
997,4703.0,618.0,3.0,Damaged Product,Approved,2025-07-31
998,9778.0,769.0,4.0,Customer Changed Mind,Pending,2026-04-01
999,3536.0,888.0,1.0,Quality Issue,Approved,2026-02-27
1000,646.0,76.0,1.0,Wrong Item Delivered,Pending,2026-05-09
1001,4920.0,645.0,5.0,Not as Described,Approved,2026-02-10
1002,9950.0,753.0,3.0,Quality Issue,Pending,2026-04-10
1003,7319.0,623.0,2.0,Not as Described,Approved,2026-04-14
1004,6426.0,223.0,4.0,Damaged Product,Approved,2026-02-24
1005,3746.0,414.0,2.0,Wrong Item Delivered,Pending,2025-12-04
1006,8385.0,142.0,4.0,Not as Described,Approved,2026-03-18
1007,8302.0,428.0,3.0,Damaged Product,Rejected,2026-04-02
1008,4942.0,9.0,1.0,Customer Changed Mind,Approved,2026-05-18
1009,2897.0,525.0,5.0,Damaged Product,Rejected,2026-03-02
1010,8904.0,609.0,1.0,Quality Issue,Pending,2025-09-19
1011,2023.0,777.0,4.0,Not as Described,Rejected,2025-06-29
1012,5155.0,610.0,3.0,Not as Described,Pending,2026-05-14
1013,724.0,118.0,5.0,Customer Changed Mind,Pending,2025-08-01
1014,7467.0,163.0,4.0,Customer Changed Mind,Pending,2025-08-25
1015,1015.0,413.0,1.0,Wrong Item Delivered,Approved,2025-07-02
1016,9952.0,372.0,4.0,Quality Issue,Pending,2026-01-19
1017,9817.0,288.0,1.0,Not as Described,Approved,2026-01-29
1018,7151.0,523.0,2.0,Damaged Product,Pending,2026-04-26
1019,3558.0,679.0,4.0,Wrong Item Delivered,Pending,2025-12-13
1020,5808.0,742.0,1.0,Damaged Product,Pending,2026-02-01
1021,1647.0,261.0,2.0,Quality Issue,Pending,2026-01-23
1022,1390.0,287.0,5.0,Quality Issue,Pending,2026-04-25
1023,8351.0,751.0,4.0,Not as Described,Rejected,2026-05-02
1024,7623.0,641.0,1.0,Wrong Item Delivered,Pending,2025-08-15
1025,6816.0,659.0,2.0,Wrong Item Delivered,Rejected,2026-04-15
1026,8641.0,527.0,1.0,Quality Issue,Rejected,2026-03-23
1027,2778.0,555.0,1.0,Damaged Product,Rejected,2025-12-31
1028,7210.0,234.0,1.0,Quality Issue,Pending,2026-02-17
1029,7677.0,726.0,1.0,Not as Described,Pending,2025-07-26
1030,861.0,867.0,4.0,Damaged Product,Rejected,2025-08-04
1031,5448.0,629.0,2.0,Customer Changed Mind,Approved,2025-06-10
1032,6485.0,88.0,4.0,Quality Issue,Approved,2025-11-03
1033,1175.0,905.0,4.0,Quality Issue,Approved,2026-04-11
1034,214.0,986.0,1.0,Damaged Product,Pending,2025-12-04
1035,1229.0,602.0,4.0,Quality Issue,Rejected,2025-11-26
1036,1487.0,215.0,3.0,Quality Issue,Rejected,2026-04-12
1037,7653.0,519.0,5.0,Customer Changed Mind,Rejected,2025-11-16
1038,8507.0,684.0,2.0,Customer Changed Mind,Rejected,2026-05-05
1039,8437.0,257.0,4.0,Quality Issue,Approved,2025-11-03
1040,5802.0,434.0,2.0,Wrong Item Delivered,Pending,2026-05-23
1041,5667.0,155.0,1.0,Damaged Product,Pending,2025-08-29
1042,8404.0,41.0,4.0,Customer Changed Mind,Rejected,2025-07-16
1043,3426.0,526.0,3.0,Wrong Item Delivered,Pending,2026-03-06
1044,1253.0,687.0,5.0,Wrong Item Delivered,Rejected,2026-05-13
1045,1853.0,596.0,2.0,Not as Described,Rejected,2026-03-01
1046,3316.0,237.0,3.0,Damaged Product,Approved,2025-12-30
1047,2972.0,75.0,2.0,Quality Issue,Rejected,2026-04-17
1048,4487.0,259.0,1.0,Damaged Product,Pending,2025-11-02
1049,9211.0,537.0,3.0,Damaged Product,Pending,2025-11-02
1050,5331.0,472.0,2.0,Wrong Item Delivered,Pending,2026-02-02
1051,9044.0,750.0,2.0,Wrong Item Delivered,Approved,2025-06-16
1052,1401.0,232.0,1.0,Wrong Item Delivered,Pending,2026-04-12
1053,430.0,768.0,2.0,Quality Issue,Approved,2025-06-24
1054,3250.0,338.0,1.0,Damaged Product,Approved,2025-07-02
1055,4261.0,684.0,1.0,Quality Issue,Approved,2026-01-29
1056,4804.0,825.0,2.0,Not as Described,Pending,2026-05-11
1057,5319.0,727.0,2.0,Customer Changed Mind,Pending,2026-02-04
1058,5805.0,73.0,2.0,Quality Issue,Rejected,2025-07-10
1059,2873.0,974.0,1.0,Not as Described,Pending,2025-08-30
1060,7563.0,5.0,3.0,Customer Changed Mind,Pending,2025-07-15
1061,1095.0,197.0,2.0,Customer Changed Mind,Rejected,2026-01-04
1062,7367.0,807.0,4.0,Damaged Product,Pending,2026-02-16
1063,8497.0,456.0,4.0,Not as Described,Rejected,2026-04-07
1064,6177.0,424.0,2.0,Not as Described,Rejected,2026-03-10
1065,7580.0,701.0,4.0,Damaged Product,Rejected,2025-09-29
1066,3142.0,419.0,4.0,Not as Described,Pending,2026-04-28
1067,3246.0,383.0,2.0,Wrong Item Delivered,Rejected,2026-04-15
1068,4429.0,450.0,4.0,Customer Changed Mind,Pending,2025-11-21
1069,5054.0,679.0,5.0,Not as Described,Rejected,2025-06-05
1070,5579.0,779.0,4.0,Damaged Product,Pending,2025-10-04
1071,6181.0,416.0,5.0,Customer Changed Mind,Rejected,2025-12-19
1072,9578.0,959.0,3.0,Customer Changed Mind,Approved,2026-04-06
1073,7628.0,685.0,4.0,Damaged Product,Pending,2025-10-12
1074,7696.0,355.0,2.0,Wrong Item Delivered,Pending,2025-07-18
1075,8805.0,161.0,2.0,Customer Changed Mind,Approved,2026-02-06
1076,767.0,618.0,4.0,Damaged Product,Approved,2026-02-28
1077,2864.0,222.0,2.0,Not as Described,Rejected,2025-12-16
1078,274.0,681.0,1.0,Customer Changed Mind,Rejected,2025-10-25
1079,3192.0,341.0,1.0,Damaged Product,Rejected,2026-02-19
1080,945.0,833.0,4.0,Customer Changed Mind,Approved,2025-10-14
1081,5924.0,71.0,3.0,Customer Changed Mind,Approved,2025-10-05
1082,186.0,505.0,4.0,Damaged Product,Rejected,2025-08-18
1083,575.0,259.0,2.0,Damaged Product,Approved,2025-10-15
1084,6275.0,729.0,1.0,Damaged Product,Pending,2025-11-18
1085,2972.0,804.0,1.0,Wrong Item Delivered,Pending,2025-08-10
1086,1943.0,473.0,3.0,Damaged Product,Approved,2026-02-21
1087,8552.0,592.0,4.0,Damaged Product,Pending,2025-08-28
1088,2798.0,433.0,5.0,Quality Issue,Rejected,2025-05-28
1089,3458.0,206.0,1.0,Quality Issue,Pending,2026-03-19
1090,5577.0,931.0,4.0,Wrong Item Delivered,Pending,2026-05-18
1091,8085.0,840.0,2.0,Not as Described,Rejected,2025-07-02
1092,9790.0,498.0,3.0,Damaged Product,Rejected,2026-04-14
1093,4454.0,689.0,5.0,Not as Described,Pending,2025-12-30
1094,6493.0,590.0,1.0,Customer Changed Mind,Rejected,2026-03-07
1095,9363.0,455.0,3.0,Wrong Item Delivered,Rejected,2026-02-10
1096,7810.0,855.0,1.0,Wrong Item Delivered,Rejected,2026-03-09
1097,9960.0,639.0,4.0,Quality Issue,Approved,2025-07-16
1098,6419.0,78.0,2.0,Damaged Product,Approved,2025-09-20
1099,2149.0,914.0,3.0,Customer Changed Mind,Approved,2025-11-15
1100,473.0,680.0,1.0,Damaged Product,Rejected,2025-09-14
1101,6134.0,248.0,5.0,Quality Issue,Pending,2025-06-16
1102,2727.0,812.0,1.0,Wrong Item Delivered,Approved,2025-07-16
1103,3421.0,558.0,2.0,Wrong Item Delivered,Rejected,2026-01-26
1104,8518.0,930.0,3.0,Wrong Item Delivered,Approved,2026-04-24
1105,4939.0,203.0,2.0,Damaged Product,Pending,2026-02-10
1106,2318.0,268.0,4.0,Not as Described,Rejected,2025-06-06
1107,7012.0,818.0,1.0,Not as Described,Pending,2026-04-26
1108,3788.0,58.0,5.0,Customer Changed Mind,Rejected,2025-12-07
1109,8269.0,800.0,3.0,Not as Described,Rejected,2025-11-27
1110,7065.0,422.0,2.0,Damaged Product,Approved,2026-05-16
1111,6700.0,767.0,1.0,Customer Changed Mind,Rejected,2025-08-10
1112,7397.0,187.0,4.0,Customer Changed Mind,Approved,2025-10-11
1113,8904.0,487.0,1.0,Quality Issue,Rejected,2026-02-16
1114,707.0,572.0,3.0,Damaged Product,Pending,2025-05-26
1115,3054.0,266.0,2.0,Wrong Item Delivered,Approved,2025-11-25
1116,1179.0,557.0,4.0,Customer Changed Mind,Pending,2025-05-30
1117,7155.0,182.0,5.0,Customer Changed Mind,Rejected,2025-06-29
1118,5135.0,408.0,5.0,Not as Described,Pending,2025-08-24
1119,399.0,446.0,3.0,Quality Issue,Pending,2025-11-20
1120,9169.0,959.0,1.0,Wrong Item Delivered,Pending,2026-03-14
1121,951.0,862.0,2.0,Damaged Product,Rejected,2025-07-17
1122,4489.0,982.0,5.0,Damaged Product,Pending,2025-08-18
1123,7924.0,686.0,1.0,Damaged Product,Approved,2025-11-22
1124,6717.0,102.0,2.0,Quality Issue,Pending,2025-06-21
1125,3079.0,384.0,1.0,Quality Issue,Approved,2026-04-19
1126,3620.0,646.0,2.0,Not as Described,Rejected,2025-07-29
1127,2484.0,78.0,2.0,Damaged Product,Pending,2025-10-16
1128,8396.0,879.0,3.0,Customer Changed Mind,Approved,2025-08-20
1129,4109.0,8.0,2.0,Wrong Item Delivered,Rejected,2025-12-08
1130,2443.0,647.0,3.0,Damaged Product,Rejected,2025-06-21
1131,4001.0,836.0,4.0,Not as Described,Pending,2025-08-10
1132,8278.0,754.0,4.0,Wrong Item Delivered,Pending,2026-05-07
1133,8445.0,834.0,2.0,Wrong Item Delivered,Pending,2026-02-20
1134,7542.0,777.0,3.0,Customer Changed Mind,Rejected,2025-06-12
1135,5812.0,597.0,2.0,Damaged Product,Rejected,2026-03-26
1136,9837.0,561.0,2.0,Wrong Item Delivered,Pending,2025-10-01
1137,4517.0,941.0,5.0,Wrong Item Delivered,Pending,2025-12-02
1138,2635.0,818.0,2.0,Damaged Product,Rejected,2025-09-17
1139,913.0,349.0,2.0,Customer Changed Mind,Rejected,2025-05-30
1140,8652.0,10.0,1.0,Damaged Product,Pending,2025-09-15
1141,4943.0,470.0,4.0,Wrong Item Delivered,Approved,2025-10-25
1142,5558.0,829.0,1.0,Customer Changed Mind,Approved,2025-10-03
1143,1543.0,327.0,2.0,Customer Changed Mind,Pending,2025-09-15
1144,1148.0,650.0,1.0,Customer Changed Mind,Pending,2025-06-01
1145,3171.0,874.0,3.0,Not as Described,Pending,2026-01-02
1146,6417.0,756.0,5.0,Quality Issue,Approved,2025-05-26
1147,3832.0,555.0,2.0,Quality Issue,Pending,2025-08-27
1148,4643.0,212.0,1.0,Damaged Product,Approved,2025-06-06
1149,4793.0,445.0,3.0,Customer Changed Mind,Pending,2025-11-07
1150,9192.0,216.0,2.0,Damaged Product,Rejected,2026-01-25
1151,5138.0,609.0,1.0,Damaged Product,Pending,2026-04-13
1152,3455.0,381.0,2.0,Wrong Item Delivered,Approved,2025-12-12
1153,3155.0,141.0,2.0,Damaged Product,Rejected,2025-07-06
1154,3645.0,304.0,2.0,Wrong Item Delivered,Pending,2025-12-21
1155,3504.0,190.0,4.0,Damaged Product,Approved,2025-12-20
1156,5452.0,856.0,3.0,Customer Changed Mind,Approved,2026-02-19
1157,2970.0,556.0,3.0,Quality Issue,Approved,2025-09-28
1158,7635.0,855.0,1.0,Wrong Item Delivered,Pending,2026-01-07
1159,3367.0,708.0,1.0,Customer Changed Mind,Approved,2025-08-02
1160,4512.0,87.0,4.0,Damaged Product,Rejected,2025-07-28
1161,6177.0,825.0,1.0,Quality Issue,Rejected,2026-01-07
1162,509.0,90.0,5.0,Damaged Product,Pending,2026-01-26
1163,4083.0,310.0,5.0,Not as Described,Approved,2025-11-05
1164,1876.0,363.0,2.0,Quality Issue,Rejected,2026-03-26
1165,3465.0,837.0,1.0,Damaged Product,Rejected,2026-03-01
1166,2186.0,43.0,5.0,Wrong Item Delivered,Pending,2026-02-24
1167,2365.0,234.0,4.0,Damaged Product,Approved,2026-05-23
1168,1114.0,309.0,2.0,Wrong Item Delivered,Rejected,2026-04-06
1169,382.0,165.0,1.0,Quality Issue,Pending,2025-09-04
1170,8530.0,324.0,2.0,Wrong Item Delivered,Rejected,2026-02-21
1171,6188.0,186.0,5.0,Customer Changed Mind,Rejected,2025-08-28
1172,9041.0,294.0,4.0,Quality Issue,Rejected,2025-09-21
1173,7804.0,305.0,1.0,Damaged Product,Approved,2025-09-05
1174,2859.0,471.0,1.0,Customer Changed Mind,Pending,2025-11-07
1175,6854.0,717.0,4.0,Wrong Item Delivered,Pending,2026-05-12
1176,5212.0,109.0,1.0,Quality Issue,Pending,2025-11-30
1177,9605.0,436.0,4.0,Customer Changed Mind,Pending,2026-01-17
1178,4822.0,10.0,4.0,Quality Issue,Approved,2026-02-18
1179,3587.0,805.0,3.0,Quality Issue,Approved,2025-11-08
1180,6484.0,306.0,5.0,Wrong Item Delivered,Rejected,2025-09-06
1181,1373.0,222.0,4.0,Not as Described,Approved,2025-07-04
1182,3298.0,184.0,3.0,Damaged Product,Pending,2025-07-29
1183,2648.0,351.0,1.0,Damaged Product,Approved,2025-11-06
1184,6856.0,892.0,3.0,Customer Changed Mind,Rejected,2025-08-08
1185,27.0,113.0,1.0,Customer Changed Mind,Rejected,2026-05-23
1186,8049.0,133.0,5.0,Damaged Product,Rejected,2026-05-05
1187,2958.0,588.0,4.0,Quality Issue,Pending,2026-04-09
1188,1017.0,185.0,1.0,Wrong Item Delivered,Approved,2026-01-02
1189,48.0,360.0,3.0,Customer Changed Mind,Approved,2026-02-24
1190,4161.0,341.0,3.0,Quality Issue,Pending,2025-08-25
1191,3751.0,60.0,1.0,Damaged Product,Approved,2025-11-18
1192,5182.0,336.0,1.0,Quality Issue,Pending,2026-01-07
1193,2600.0,422.0,1.0,Customer Changed Mind,Approved,2025-07-17
1194,7159.0,857.0,3.0,Wrong Item Delivered,Rejected,2025-09-04
1195,7499.0,426.0,2.0,Not as Described,Rejected,2026-05-12
1196,3749.0,814.0,4.0,Damaged Product,Approved,2025-08-17
1197,9652.0,135.0,2.0,Not as Described,Pending,2026-03-12
1198,1837.0,273.0,3.0,Wrong Item Delivered,Rejected,2026-03-19
1199,2075.0,231.0,4.0,Damaged Product,Rejected,2025-06-23
1200,4873.0,589.0,3.0,Customer Changed Mind,Pending,2026-01-05
1201,6597.0,431.0,5.0,Customer Changed Mind,Approved,2026-02-20
1202,1068.0,858.0,2.0,Customer Changed Mind,Rejected,2026-01-30
1203,7353.0,618.0,1.0,Customer Changed Mind,Pending,2026-05-03
1204,7799.0,435.0,5.0,Customer Changed Mind,Approved,2025-09-07
1205,7602.0,842.0,1.0,Quality Issue,Approved,2025-09-25
1206,5791.0,157.0,2.0,Customer Changed Mind,Rejected,2026-03-12
1207,926.0,770.0,5.0,Damaged Product,Pending,2025-10-03
1208,2148.0,109.0,1.0,Wrong Item Delivered,Rejected,2025-06-03
1209,2434.0,416.0,3.0,Customer Changed Mind,Rejected,2025-11-30
1210,733.0,586.0,2.0,Not as Described,Rejected,2025-11-17
1211,9056.0,181.0,4.0,Customer Changed Mind,Approved,2026-02-18
1212,6595.0,298.0,1.0,Wrong Item Delivered,Pending,2025-10-23
1213,172.0,451.0,3.0,Customer Changed Mind,Pending,2026-04-12
1214,6072.0,76.0,1.0,Wrong Item Delivered,Approved,2026-01-22
1215,5541.0,664.0,4.0,Damaged Product,Pending,2025-12-05
1216,2832.0,532.0,5.0,Damaged Product,Rejected,2026-03-12
1217,6511.0,522.0,1.0,Quality Issue,Rejected,2025-08-07
1218,800.0,628.0,2.0,Damaged Product,Approved,2025-08-09
1219,828.0,454.0,2.0,Not as Described,Pending,2025-12-30
1220,2767.0,506.0,3.0,Not as Described,Pending,2025-08-23
1221,359.0,974.0,4.0,Wrong Item Delivered,Pending,2025-06-02
1222,5771.0,707.0,1.0,Damaged Product,Approved,2025-12-28
1223,5323.0,965.0,4.0,Wrong Item Delivered,Rejected,2026-03-16
1224,9736.0,552.0,2.0,Quality Issue,Rejected,2025-06-07
1225,7471.0,97.0,1.0,Damaged Product,Approved,2025-07-27
1226,308.0,877.0,4.0,Not as Described,Rejected,2025-06-09
1227,8845.0,937.0,4.0,Damaged Product,Rejected,2026-05-19
1228,2183.0,529.0,1.0,Quality Issue,Rejected,2025-09-05
1229,5669.0,737.0,5.0,Not as Described,Rejected,2025-11-29
1230,4947.0,118.0,4.0,Customer Changed Mind,Approved,2025-12-31
1231,2198.0,726.0,4.0,Wrong Item Delivered,Pending,2025-06-15
1232,9247.0,213.0,1.0,Customer Changed Mind,Rejected,2025-12-10
1233,8810.0,480.0,4.0,Quality Issue,Approved,2026-05-04
1234,3448.0,846.0,3.0,Wrong Item Delivered,Rejected,2026-02-13
1235,7227.0,302.0,5.0,Damaged Product,Pending,2025-12-10
1236,7615.0,663.0,5.0,Not as Described,Approved,2025-11-04
1237,8180.0,414.0,2.0,Not as Described,Approved,2025-08-24
1238,2949.0,179.0,3.0,Quality Issue,Rejected,2025-07-25
1239,7268.0,106.0,4.0,Quality Issue,Rejected,2026-04-30
1240,9295.0,376.0,4.0,Quality Issue,Approved,2025-06-24
1241,5575.0,90.0,5.0,Customer Changed Mind,Pending,2025-12-16
1242,8446.0,64.0,3.0,Quality Issue,Approved,2025-09-17
1243,5936.0,267.0,1.0,Not as Described,Rejected,2025-07-20
1244,4614.0,101.0,4.0,Damaged Product,Approved,2025-07-12
1245,3565.0,219.0,2.0,Customer Changed Mind,Rejected,2026-04-22
1246,394.0,520.0,3.0,Damaged Product,Rejected,2025-11-30
1247,1616.0,958.0,1.0,Damaged Product,Approved,2025-06-02
1248,5286.0,907.0,2.0,Quality Issue,Pending,2025-11-22
1249,5452.0,814.0,1.0,Damaged Product,Approved,2026-03-10
1250,941.0,640.0,5.0,Wrong Item Delivered,Rejected,2026-05-10
1251,4091.0,144.0,1.0,Wrong Item Delivered,Rejected,2026-02-20
1252,4873.0,861.0,2.0,Wrong Item Delivered,Approved,2026-02-20
1253,1605.0,853.0,4.0,Customer Changed Mind,Pending,2025-08-05
1254,8889.0,189.0,3.0,Quality Issue,Pending,2026-01-14
1255,7040.0,542.0,5.0,Quality Issue,Rejected,2025-05-27
1256,7358.0,547.0,5.0,Customer Changed Mind,Approved,2025-12-12
1257,8947.0,856.0,3.0,Wrong Item Delivered,Rejected,2026-05-06
1258,4274.0,570.0,5.0,Customer Changed Mind,Approved,2026-03-08
1259,4420.0,240.0,5.0,Customer Changed Mind,Approved,2025-08-04
1260,9894.0,403.0,1.0,Damaged Product,Rejected,2025-08-26
1261,4773.0,469.0,4.0,Quality Issue,Rejected,2025-08-24
1262,5000.0,816.0,3.0,Damaged Product,Approved,2026-04-26
1263,1945.0,89.0,5.0,Wrong Item Delivered,Rejected,2025-11-01
1264,508.0,819.0,2.0,Damaged Product,Approved,2025-10-22
1265,6294.0,276.0,5.0,Wrong Item Delivered,Rejected,2025-07-17
1266,3480.0,454.0,2.0,Not as Described,Rejected,2026-02-27
1267,4192.0,331.0,1.0,Quality Issue,Rejected,2025-07-11
1268,6008.0,985.0,1.0,Wrong Item Delivered,Pending,2025-05-27
1269,2575.0,970.0,5.0,Damaged Product,Rejected,2025-10-05
1270,1805.0,835.0,5.0,Not as Described,Approved,2025-07-23
1271,5216.0,172.0,4.0,Damaged Product,Approved,2026-03-25
1272,5963.0,944.0,2.0,Wrong Item Delivered,Approved,2025-06-15
1273,596.0,726.0,2.0,Quality Issue,Approved,2025-08-19
1274,2796.0,503.0,3.0,Customer Changed Mind,Approved,2026-01-04
1275,163.0,832.0,3.0,Customer Changed Mind,Pending,2025-11-23
1276,7613.0,235.0,2.0,Wrong Item Delivered,Pending,2026-02-06
1277,3118.0,780.0,5.0,Wrong Item Delivered,Rejected,2025-06-13
1278,4803.0,355.0,1.0,Customer Changed Mind,Pending,2026-02-18
1279,1701.0,677.0,2.0,Customer Changed Mind,Rejected,2025-12-21
1280,8518.0,131.0,5.0,Wrong Item Delivered,Approved,2025-11-18
1281,924.0,277.0,1.0,Customer Changed Mind,Pending,2025-12-08
1282,4005.0,209.0,2.0,Not as Described,Rejected,2026-01-05
1283,2660.0,6.0,2.0,Quality Issue,Rejected,2025-12-30
1284,2974.0,55.0,1.0,Wrong Item Delivered,Approved,2025-07-20
1285,1493.0,286.0,3.0,Not as Described,Rejected,2025-08-27
1286,7927.0,224.0,5.0,Customer Changed Mind,Approved,2025-12-04
1287,8435.0,820.0,4.0,Damaged Product,Rejected,2026-04-07
1288,7384.0,386.0,1.0,Quality Issue,Approved,2025-11-29
1289,4919.0,889.0,4.0,Customer Changed Mind,Approved,2026-04-21
1290,4758.0,303.0,4.0,Wrong Item Delivered,Pending,2025-08-21
1291,816.0,62.0,3.0,Not as Described,Approved,2025-09-05
1292,3542.0,34.0,5.0,Wrong Item Delivered,Rejected,2026-02-19
1293,4241.0,65.0,5.0,Customer Changed Mind,Rejected,2025-06-19
1294,7670.0,943.0,4.0,Damaged Product,Pending,2026-03-13
1295,9361.0,160.0,3.0,Not as Described,Approved,2025-09-25
1296,1272.0,440.0,5.0,Wrong Item Delivered,Pending,2025-06-09
1297,9881.0,406.0,2.0,Quality Issue,Pending,2025-09-16
1298,7140.0,645.0,1.0,Customer Changed Mind,Approved,2025-09-22
1299,6682.0,603.0,5.0,Quality Issue,Rejected,2026-05-23
1300,5709.0,480.0,5.0,Not as Described,Approved,2025-06-02
1301,5894.0,438.0,3.0,Not as Described,Pending,2025-06-13
1302,3567.0,640.0,3.0,Damaged Product,Pending,2026-04-24
1303,4580.0,238.0,2.0,Wrong Item Delivered,Approved,2025-09-18
1304,7662.0,925.0,5.0,Customer Changed Mind,Approved,2026-01-26
1305,1646.0,867.0,4.0,Quality Issue,Approved,2025-12-23
1306,5281.0,380.0,3.0,Customer Changed Mind,Rejected,2025-07-12
1307,5435.0,892.0,1.0,Not as Described,Approved,2025-07-11
1308,2474.0,437.0,3.0,Customer Changed Mind,Pending,2025-09-07
1309,8140.0,559.0,1.0,Not as Described,Pending,2025-09-10
1310,9702.0,386.0,3.0,Damaged Product,Approved,2025-12-20
1311,3643.0,489.0,4.0,Customer Changed Mind,Pending,2025-07-16
1312,7160.0,571.0,2.0,Not as Described,Rejected,2025-09-10
1313,1085.0,977.0,4.0,Quality Issue,Pending,2025-08-26
1314,5794.0,796.0,5.0,Wrong Item Delivered,Approved,2025-08-24
1315,1840.0,387.0,1.0,Wrong Item Delivered,Rejected,2025-09-08
1316,8268.0,213.0,4.0,Customer Changed Mind,Pending,2025-09-02
1317,523.0,586.0,1.0,Customer Changed Mind,Approved,2026-04-29
1318,4668.0,818.0,2.0,Wrong Item Delivered,Rejected,2026-04-22
1319,9364.0,108.0,5.0,Damaged Product,Approved,2025-10-13
1320,6240.0,878.0,1.0,Wrong Item Delivered,Rejected,2026-04-08
1321,8121.0,195.0,2.0,Not as Described,Approved,2026-03-08
1322,4651.0,382.0,1.0,Customer Changed Mind,Rejected,2025-09-03
1323,6379.0,902.0,3.0,Wrong Item Delivered,Rejected,2025-12-30
1324,2995.0,9.0,5.0,Quality Issue,Rejected,2025-11-04
1325,6538.0,634.0,1.0,Not as Described,Pending,2025-11-10
1326,3472.0,312.0,5.0,Quality Issue,Rejected,2026-04-29
1327,2127.0,398.0,3.0,Customer Changed Mind,Pending,2026-04-06
1328,433.0,597.0,4.0,Customer Changed Mind,Pending,2026-02-27
1329,3606.0,759.0,1.0,Wrong Item Delivered,Pending,2025-09-25
1330,8795.0,854.0,4.0,Damaged Product,Approved,2026-05-13
1331,9290.0,669.0,4.0,Damaged Product,Rejected,2025-06-09
1332,8808.0,99.0,2.0,Damaged Product,Pending,2026-04-09
1333,9662.0,632.0,2.0,Customer Changed Mind,Rejected,2026-04-06
1334,5341.0,821.0,1.0,Quality Issue,Approved,2025-09-22
1335,9328.0,436.0,4.0,Customer Changed Mind,Approved,2025-09-05
1336,9405.0,15.0,5.0,Wrong Item Delivered,Rejected,2025-09-25
1337,9305.0,829.0,3.0,Quality Issue,Rejected,2026-05-02
1338,2282.0,662.0,4.0,Quality Issue,Approved,2026-01-31
1339,1627.0,920.0,1.0,Quality Issue,Pending,2025-11-19
1340,2280.0,3.0,2.0,Wrong Item Delivered,Approved,2026-04-06
1341,3445.0,318.0,5.0,Wrong Item Delivered,Pending,2025-06-06
1342,5080.0,962.0,4.0,Wrong Item Delivered,Approved,2026-02-24
1343,1922.0,817.0,2.0,Wrong Item Delivered,Rejected,2025-08-01
1344,2343.0,181.0,2.0,Customer Changed Mind,Pending,2025-12-07
1345,3369.0,321.0,5.0,Wrong Item Delivered,Approved,2025-09-16
1346,232.0,685.0,1.0,Not as Described,Approved,2026-04-08
1347,5756.0,261.0,5.0,Wrong Item Delivered,Rejected,2025-09-24
1348,9824.0,656.0,1.0,Not as Described,Rejected,2026-03-17
1349,4740.0,964.0,4.0,Wrong Item Delivered,Rejected,2026-03-08
1350,8308.0,415.0,2.0,Damaged Product,Rejected,2025-11-23
1351,3577.0,876.0,5.0,Wrong Item Delivered,Rejected,2025-07-21
1352,6170.0,822.0,5.0,Wrong Item Delivered,Approved,2026-04-20
1353,123.0,421.0,2.0,Not as Described,Rejected,2025-07-29
1354,4582.0,131.0,1.0,Not as Described,Rejected,2025-05-30
1355,8412.0,503.0,4.0,Wrong Item Delivered,Approved,2026-05-14
1356,6665.0,145.0,4.0,Customer Changed Mind,Rejected,2025-11-25
1357,8982.0,678.0,4.0,Quality Issue,Rejected,2026-03-12
1358,6371.0,990.0,1.0,Wrong Item Delivered,Pending,2025-08-08
1359,1351.0,572.0,5.0,Damaged Product,Rejected,2026-04-20
1360,5364.0,109.0,2.0,Customer Changed Mind,Rejected,2026-03-31
1361,897.0,331.0,4.0,Damaged Product,Pending,2026-03-28
1362,9279.0,463.0,5.0,Not as Described,Pending,2026-01-03
1363,992.0,336.0,1.0,Customer Changed Mind,Approved,2026-02-14
1364,6234.0,369.0,3.0,Customer Changed Mind,Pending,2026-05-14
1365,4085.0,199.0,2.0,Not as Described,Pending,2025-07-09
1366,4315.0,69.0,5.0,Quality Issue,Approved,2026-02-24
1367,3404.0,928.0,4.0,Wrong Item Delivered,Pending,2025-11-09
1368,9399.0,134.0,3.0,Damaged Product,Rejected,2025-08-09
1369,4096.0,786.0,2.0,Not as Described,Rejected,2026-05-02
1370,8131.0,446.0,1.0,Not as Described,Pending,2025-08-16
1371,897.0,172.0,2.0,Not as Described,Approved,2025-10-06
1372,4613.0,789.0,4.0,Quality Issue,Rejected,2026-03-15
1373,1688.0,978.0,4.0,Customer Changed Mind,Approved,2026-01-08
1374,6412.0,781.0,3.0,Wrong Item Delivered,Pending,2025-10-13
1375,946.0,207.0,2.0,Customer Changed Mind,Rejected,2025-08-15
1376,5780.0,150.0,3.0,Customer Changed Mind,Approved,2025-10-24
1377,8567.0,472.0,4.0,Quality Issue,Rejected,2025-11-18
1378,1411.0,471.0,5.0,Not as Described,Pending,2026-03-18
1379,2476.0,807.0,5.0,Wrong Item Delivered,Approved,2025-05-31
1380,4453.0,248.0,2.0,Quality Issue,Approved,2025-06-02
1381,6559.0,295.0,3.0,Not as Described,Approved,2025-11-25
1382,8819.0,869.0,3.0,Damaged Product,Rejected,2026-02-26
1383,9480.0,380.0,2.0,Customer Changed Mind,Rejected,2025-12-29
1384,3741.0,998.0,2.0,Not as Described,Approved,2025-06-25
1385,2757.0,809.0,5.0,Not as Described,Rejected,2025-08-30
1386,1968.0,949.0,4.0,Wrong Item Delivered,Rejected,2025-06-18
1387,5438.0,787.0,1.0,Customer Changed Mind,Rejected,2026-04-12
1388,1336.0,291.0,4.0,Not as Described,Pending,2026-04-12
1389,7213.0,643.0,1.0,Quality Issue,Pending,2026-01-22
1390,857.0,353.0,5.0,Not as Described,Rejected,2026-03-06
1391,6738.0,711.0,3.0,Wrong Item Delivered,Pending,2026-01-14
1392,6345.0,97.0,2.0,Not as Described,Approved,2025-12-28
1393,7552.0,781.0,3.0,Damaged Product,Pending,2025-10-09
1394,5266.0,916.0,4.0,Damaged Product,Pending,2025-11-09
1395,6427.0,307.0,3.0,Customer Changed Mind,Rejected,2025-09-20
1396,5524.0,365.0,2.0,Damaged Product,Approved,2026-01-01
1397,6444.0,777.0,3.0,Wrong Item Delivered,Rejected,2025-11-04
1398,6150.0,261.0,1.0,Damaged Product,Approved,2026-04-13
1399,6553.0,674.0,3.0,Wrong Item Delivered,Rejected,2026-04-03
1400,6385.0,764.0,2.0,Damaged Product,Rejected,2026-02-07
1401,8491.0,663.0,1.0,Customer Changed Mind,Pending,2026-03-20
1402,9909.0,918.0,3.0,Customer Changed Mind,Pending,2025-10-13
1403,2003.0,680.0,5.0,Customer Changed Mind,Rejected,2026-03-25
1404,137.0,605.0,2.0,Customer Changed Mind,Rejected,2025-06-19
1405,79.0,534.0,5.0,Wrong Item Delivered,Approved,2025-11-02
1406,8355.0,86.0,4.0,Wrong Item Delivered,Pending,2026-02-15
1407,2388.0,714.0,3.0,Damaged Product,Rejected,2026-03-20
1408,8455.0,343.0,3.0,Quality Issue,Rejected,2025-06-13
1409,9850.0,528.0,4.0,Wrong Item Delivered,Pending,2025-05-26
1410,807.0,75.0,1.0,Damaged Product,Rejected,2025-08-08
1411,3748.0,211.0,5.0,Wrong Item Delivered,Rejected,2025-11-15
1412,4138.0,715.0,5.0,Quality Issue,Rejected,2025-06-03
1413,1754.0,111.0,1.0,Customer Changed Mind,Pending,2025-08-22
1414,9748.0,658.0,4.0,Quality Issue,Pending,2025-09-03
1415,9723.0,316.0,2.0,Not as Described,Rejected,2025-12-13
1416,942.0,759.0,4.0,Wrong Item Delivered,Approved,2025-10-26
1417,7221.0,945.0,1.0,Not as Described,Approved,2025-12-02
1418,3082.0,514.0,1.0,Quality Issue,Approved,2026-03-26
1419,7025.0,882.0,2.0,Quality Issue,Approved,2026-05-03
1420,4560.0,524.0,4.0,Not as Described,Pending,2026-03-17
1421,8995.0,24.0,3.0,Quality Issue,Rejected,2025-12-12
1422,6391.0,575.0,3.0,Quality Issue,Rejected,2026-03-10
1423,8957.0,424.0,4.0,Damaged Product,Pending,2026-04-07
1424,6700.0,460.0,1.0,Wrong Item Delivered,Rejected,2026-01-22
1425,3792.0,337.0,2.0,Wrong Item Delivered,Pending,2025-08-16
1426,8832.0,803.0,5.0,Wrong Item Delivered,Approved,2026-02-01
1427,7528.0,230.0,4.0,Damaged Product,Rejected,2025-12-08
1428,2148.0,137.0,1.0,Not as Described,Pending,2026-03-28
1429,1418.0,831.0,3.0,Not as Described,Rejected,2025-12-09
1430,6601.0,895.0,3.0,Wrong Item Delivered,Approved,2026-02-03
1431,1071.0,425.0,5.0,Customer Changed Mind,Approved,2025-11-20
1432,4900.0,236.0,4.0,Quality Issue,Pending,2025-08-26
1433,9425.0,973.0,3.0,Customer Changed Mind,Rejected,2026-01-18
1434,2387.0,56.0,5.0,Quality Issue,Rejected,2026-05-06
1435,3834.0,313.0,2.0,Wrong Item Delivered,Approved,2026-05-12
1436,6810.0,872.0,2.0,Wrong Item Delivered,Approved,2025-12-18
1437,9524.0,166.0,3.0,Damaged Product,Rejected,2025-10-08
1438,5292.0,205.0,2.0,Damaged Product,Pending,2025-06-02
1439,9039.0,601.0,2.0,Damaged Product,Rejected,2026-01-05
1440,4527.0,871.0,1.0,Damaged Product,Approved,2026-01-24
1441,8627.0,139.0,1.0,Quality Issue,Pending,2026-03-15
1442,380.0,803.0,3.0,Customer Changed Mind,Pending,2025-10-23
1443,5700.0,387.0,2.0,Damaged Product,Approved,2025-12-22
1444,5499.0,201.0,1.0,Damaged Product,Approved,2026-04-24
1445,6447.0,358.0,5.0,Customer Changed Mind,Approved,2025-06-05
1446,8827.0,298.0,5.0,Wrong Item Delivered,Rejected,2025-10-31
1447,5842.0,546.0,4.0,Wrong Item Delivered,Pending,2025-07-14
1448,3528.0,953.0,2.0,Not as Described,Rejected,2025-07-22
1449,3708.0,135.0,5.0,Not as Described,Pending,2026-02-19
1450,3231.0,198.0,2.0,Not as Described,Pending,2026-03-05
1451,156.0,404.0,2.0,Customer Changed Mind,Approved,2026-05-01
1452,4220.0,818.0,4.0,Wrong Item Delivered,Rejected,2025-12-13
1453,9091.0,150.0,5.0,Customer Changed Mind,Rejected,2026-03-06
1454,9713.0,932.0,2.0,Customer Changed Mind,Rejected,2026-02-24
1455,9560.0,310.0,2.0,Damaged Product,Pending,2025-08-30
1456,2148.0,428.0,2.0,Quality Issue,Pending,2025-07-01
1457,2401.0,738.0,2.0,Not as Described,Pending,2025-09-05
1458,976.0,219.0,2.0,Not as Described,Rejected,2025-07-29
1459,9368.0,874.0,5.0,Not as Described,Pending,2025-08-09
1460,6466.0,293.0,4.0,Quality Issue,Approved,2025-11-23
1461,5480.0,156.0,4.0,Quality Issue,Rejected,2025-11-02
1462,431.0,888.0,4.0,Damaged Product,Approved,2026-04-18
1463,2486.0,891.0,5.0,Customer Changed Mind,Rejected,2025-09-12
1464,5796.0,324.0,4.0,Not as Described,Rejected,2026-01-10
1465,4934.0,356.0,4.0,Quality Issue,Rejected,2025-08-19
1466,3809.0,405.0,2.0,Quality Issue,Pending,2025-09-01
1467,8520.0,336.0,4.0,Customer Changed Mind,Approved,2025-08-27
1468,7446.0,716.0,1.0,Not as Described,Rejected,2026-02-10
1469,9927.0,121.0,2.0,Quality Issue,Approved,2026-03-29
1470,2124.0,529.0,1.0,Quality Issue,Rejected,2025-07-24
1471,7663.0,641.0,1.0,Not as Described,Rejected,2025-11-13
1472,1084.0,479.0,2.0,Wrong Item Delivered,Pending,2026-02-07
1473,2743.0,768.0,1.0,Wrong Item Delivered,Rejected,2025-09-06
1474,3571.0,757.0,2.0,Not as Described,Rejected,2025-09-17
1475,6024.0,332.0,2.0,Quality Issue,Rejected,2025-11-18
1476,4720.0,626.0,2.0,Quality Issue,Approved,2026-05-16
1477,9548.0,298.0,1.0,Customer Changed Mind,Rejected,2026-05-10
1478,5045.0,668.0,4.0,Quality Issue,Pending,2026-02-17
1479,3382.0,201.0,4.0,Damaged Product,Approved,2025-07-19
1480,3609.0,755.0,4.0,Not as Described,Rejected,2026-01-19
1481,3047.0,804.0,1.0,Customer Changed Mind,Approved,2025-11-26
1482,5078.0,801.0,5.0,Wrong Item Delivered,Pending,2025-08-21
1483,1750.0,534.0,1.0,Quality Issue,Approved,2025-08-14
1484,256.0,459.0,3.0,Damaged Product,Approved,2025-11-20
1485,2092.0,722.0,5.0,Wrong Item Delivered,Pending,2026-03-11
1486,984.0,50.0,4.0,Wrong Item Delivered,Rejected,2026-03-16
1487,3258.0,806.0,4.0,Wrong Item Delivered,Approved,2026-05-19
1488,7444.0,631.0,3.0,Not as Described,Approved,2026-05-17
1489,4029.0,476.0,3.0,Wrong Item Delivered,Approved,2025-09-18
1490,4886.0,268.0,5.0,Customer Changed Mind,Pending,2025-12-16
1491,637.0,322.0,2.0,Quality Issue,Rejected,2025-08-04
1492,9757.0,913.0,1.0,Customer Changed Mind,Pending,2025-08-07
1493,7376.0,41.0,3.0,Not as Described,Rejected,2026-04-20
1494,286.0,647.0,5.0,Quality Issue,Approved,2026-01-31
1495,1135.0,341.0,2.0,Not as Described,Pending,2026-01-22
1496,164.0,82.0,3.0,Quality Issue,Rejected,2026-05-01
1497,466.0,790.0,1.0,Customer Changed Mind,Rejected,2026-05-23
1498,5952.0,376.0,1.0,Quality Issue,Approved,2025-08-02
1499,1014.0,866.0,5.0,Wrong Item Delivered,Rejected,2025-12-05
1500,174.0,169.0,3.0,Damaged Product,Rejected,2026-04-04
1501,1724.0,103.0,4.0,Wrong Item Delivered,Rejected,2025-11-27
1502,9888.0,217.0,2.0,Quality Issue,Rejected,2025-07-16
1503,8966.0,541.0,4.0,Quality Issue,Rejected,2025-08-10
1504,1675.0,198.0,2.0,Customer Changed Mind,Pending,2025-12-19
1505,4310.0,8.0,4.0,Wrong Item Delivered,Rejected,2025-11-12
1506,9404.0,49.0,3.0,Damaged Product,Pending,2026-04-23
1507,9533.0,282.0,1.0,Quality Issue,Approved,2025-07-25
1508,3855.0,266.0,2.0,Wrong Item Delivered,Pending,2025-10-18
1509,2020.0,218.0,5.0,Customer Changed Mind,Approved,2026-02-07
1510,4714.0,242.0,5.0,Quality Issue,Approved,2026-03-05
1511,576.0,919.0,5.0,Damaged Product,Pending,2026-05-04
1512,2376.0,809.0,3.0,Customer Changed Mind,Rejected,2026-02-23
1513,1294.0,938.0,2.0,Quality Issue,Rejected,2026-03-07
1514,7991.0,929.0,1.0,Quality Issue,Rejected,2025-07-10
1515,6719.0,115.0,2.0,Wrong Item Delivered,Rejected,2026-04-07
1516,5875.0,883.0,4.0,Damaged Product,Rejected,2025-09-29
1517,3015.0,21.0,5.0,Customer Changed Mind,Pending,2025-09-30
1518,1265.0,632.0,5.0,Customer Changed Mind,Rejected,2026-04-07
1519,4822.0,971.0,3.0,Wrong Item Delivered,Approved,2026-05-09
1520,9219.0,222.0,4.0,Wrong Item Delivered,Approved,2025-12-15
1521,3679.0,921.0,4.0,Customer Changed Mind,Rejected,2025-11-05
1522,2277.0,390.0,3.0,Damaged Product,Pending,2025-11-06
1523,7458.0,430.0,4.0,Wrong Item Delivered,Pending,2025-10-07
1524,5295.0,50.0,5.0,Customer Changed Mind,Approved,2025-08-27
1525,8755.0,542.0,1.0,Quality Issue,Approved,2026-04-22
1526,613.0,798.0,2.0,Not as Described,Approved,2025-10-25
1527,6220.0,804.0,2.0,Not as Described,Pending,2026-01-09
1528,6165.0,571.0,2.0,Wrong Item Delivered,Rejected,2025-09-16
1529,8798.0,952.0,3.0,Quality Issue,Approved,2026-01-22
1530,955.0,773.0,4.0,Damaged Product,Rejected,2025-11-14
1531,5815.0,449.0,5.0,Customer Changed Mind,Pending,2025-08-19
1532,5374.0,114.0,3.0,Quality Issue,Approved,2025-06-01
1533,4040.0,634.0,1.0,Damaged Product,Rejected,2026-05-02
1534,8035.0,585.0,2.0,Customer Changed Mind,Approved,2026-01-14
1535,1350.0,908.0,5.0,Damaged Product,Rejected,2026-04-27
1536,6766.0,150.0,5.0,Wrong Item Delivered,Approved,2025-09-08
1537,66.0,766.0,5.0,Customer Changed Mind,Approved,2026-01-26
1538,7915.0,678.0,1.0,Customer Changed Mind,Rejected,2026-04-14
1539,7277.0,565.0,2.0,Customer Changed Mind,Pending,2026-04-07
1540,2201.0,201.0,1.0,Damaged Product,Rejected,2026-03-19
1541,7415.0,62.0,2.0,Not as Described,Pending,2025-11-23
1542,1371.0,540.0,2.0,Wrong Item Delivered,Rejected,2026-03-07
1543,7799.0,669.0,2.0,Wrong Item Delivered,Pending,2026-01-24
1544,7603.0,346.0,1.0,Quality Issue,Rejected,2026-01-15
1545,6743.0,780.0,1.0,Customer Changed Mind,Pending,2026-02-14
1546,4758.0,991.0,1.0,Wrong Item Delivered,Approved,2026-03-14
1547,8942.0,325.0,3.0,Quality Issue,Approved,2025-11-10
1548,6466.0,950.0,2.0,Wrong Item Delivered,Rejected,2025-07-08
1549,4272.0,795.0,3.0,Damaged Product,Rejected,2026-05-13
1550,395.0,514.0,1.0,Customer Changed Mind,Rejected,2026-02-28
1551,4925.0,235.0,1.0,Damaged Product,Rejected,2025-10-05
1552,8407.0,835.0,2.0,Wrong Item Delivered,Approved,2026-02-20
1553,2955.0,897.0,4.0,Quality Issue,Approved,2026-03-24
1554,1394.0,805.0,4.0,Not as Described,Pending,2026-03-25
1555,3428.0,423.0,4.0,Wrong Item Delivered,Pending,2025-07-27
1556,9719.0,748.0,1.0,Customer Changed Mind,Approved,2025-10-28
1557,4973.0,264.0,4.0,Not as Described,Rejected,2025-07-30
1558,434.0,221.0,2.0,Customer Changed Mind,Rejected,2025-10-20
1559,6691.0,339.0,5.0,Not as Described,Pending,2025-09-16
1560,7245.0,717.0,1.0,Customer Changed Mind,Pending,2025-09-13
1561,1365.0,935.0,4.0,Quality Issue,Pending,2025-07-20
1562,6714.0,866.0,3.0,Damaged Product,Approved,2026-04-09
1563,1199.0,422.0,5.0,Customer Changed Mind,Rejected,2026-01-23
1564,1331.0,472.0,4.0,Customer Changed Mind,Rejected,2025-09-22
1565,9345.0,145.0,2.0,Not as Described,Approved,2026-02-26
1566,9027.0,113.0,5.0,Not as Described,Approved,2025-07-25
1567,1803.0,213.0,3.0,Damaged Product,Rejected,2025-10-29
1568,1998.0,265.0,1.0,Wrong Item Delivered,Rejected,2026-04-25
1569,3451.0,985.0,3.0,Damaged Product,Rejected,2025-07-28
1570,4991.0,32.0,3.0,Customer Changed Mind,Approved,2025-06-27
1571,9717.0,382.0,1.0,Wrong Item Delivered,Rejected,2026-01-03
1572,932.0,452.0,1.0,Quality Issue,Rejected,2025-08-01
1573,2465.0,381.0,1.0,Quality Issue,Approved,2025-12-16
1574,5012.0,818.0,4.0,Quality Issue,Pending,2025-11-30
1575,1474.0,533.0,5.0,Damaged Product,Approved,2026-02-27
1576,5813.0,611.0,2.0,Quality Issue,Approved,2025-09-10
1577,6877.0,470.0,1.0,Damaged Product,Pending,2025-06-28
1578,1805.0,443.0,5.0,Customer Changed Mind,Pending,2026-04-19
1579,8068.0,768.0,1.0,Quality Issue,Pending,2025-08-20
1580,1369.0,949.0,5.0,Customer Changed Mind,Approved,2026-04-04
1581,4860.0,529.0,2.0,Customer Changed Mind,Approved,2026-04-20
1582,9838.0,554.0,3.0,Damaged Product,Rejected,2025-09-11
1583,1837.0,843.0,4.0,Not as Described,Pending,2025-06-12
1584,8066.0,935.0,3.0,Wrong Item Delivered,Rejected,2026-02-14
1585,2632.0,463.0,3.0,Quality Issue,Approved,2025-12-21
1586,2679.0,906.0,3.0,Quality Issue,Approved,2025-07-23
1587,5975.0,123.0,4.0,Wrong Item Delivered,Approved,2026-04-16
1588,6768.0,261.0,2.0,Not as Described,Pending,2025-12-29
1589,2581.0,746.0,3.0,Not as Described,Approved,2025-09-24
1590,662.0,74.0,5.0,Damaged Product,Approved,2025-12-07
1591,7876.0,932.0,2.0,Quality Issue,Pending,2025-09-17
1592,2150.0,195.0,1.0,Customer Changed Mind,Approved,2025-10-31
1593,8577.0,690.0,1.0,Not as Described,Pending,2025-10-02
1594,9170.0,958.0,5.0,Damaged Product,Rejected,2025-07-09
1595,1030.0,32.0,4.0,Damaged Product,Pending,2025-10-26
1596,5108.0,165.0,5.0,Not as Described,Approved,2026-05-15
1597,9265.0,435.0,5.0,Damaged Product,Rejected,2025-07-05
1598,6280.0,1000.0,5.0,Customer Changed Mind,Pending,2025-11-02
1599,2418.0,681.0,5.0,Quality Issue,Rejected,2025-06-16
1600,5512.0,96.0,5.0,Damaged Product,Rejected,2025-10-15
1601,3362.0,748.0,4.0,Wrong Item Delivered,Pending,2025-09-24
1602,8553.0,899.0,5.0,Not as Described,Rejected,2025-06-29
1603,32.0,747.0,1.0,Damaged Product,Rejected,2025-07-21
1604,9784.0,667.0,1.0,Damaged Product,Pending,2025-06-06
1605,9567.0,859.0,4.0,Customer Changed Mind,Approved,2025-08-30
1606,1317.0,859.0,4.0,Damaged Product,Pending,2025-07-23
1607,3061.0,259.0,2.0,Damaged Product,Pending,2025-06-07
1608,7671.0,14.0,3.0,Customer Changed Mind,Pending,2025-08-31
1609,812.0,571.0,1.0,Not as Described,Approved,2025-10-14
1610,9796.0,933.0,4.0,Customer Changed Mind,Approved,2026-03-04
1611,7986.0,1000.0,2.0,Not as Described,Pending,2025-09-10
1612,8098.0,720.0,3.0,Customer Changed Mind,Rejected,2026-04-28
1613,2434.0,116.0,5.0,Damaged Product,Rejected,2025-06-25
1614,9868.0,944.0,4.0,Quality Issue,Pending,2025-08-07
1615,8143.0,985.0,3.0,Quality Issue,Approved,2025-08-06
1616,719.0,343.0,4.0,Quality Issue,Pending,2025-09-19
1617,62.0,236.0,1.0,Quality Issue,Pending,2026-01-30
1618,909.0,904.0,2.0,Customer Changed Mind,Pending,2025-11-07
1619,4772.0,424.0,2.0,Customer Changed Mind,Pending,2025-10-12
1620,3294.0,812.0,3.0,Damaged Product,Pending,2025-07-16
1621,4318.0,983.0,2.0,Not as Described,Pending,2025-06-15
1622,9338.0,897.0,5.0,Wrong Item Delivered,Approved,2025-08-22
1623,2160.0,191.0,4.0,Wrong Item Delivered,Rejected,2026-01-21
1624,508.0,348.0,2.0,Not as Described,Approved,2025-09-03
1625,4787.0,403.0,2.0,Not as Described,Rejected,2025-08-19
1626,2980.0,678.0,1.0,Not as Described,Rejected,2026-05-02
1627,9109.0,927.0,4.0,Quality Issue,Rejected,2026-03-13
1628,6125.0,50.0,2.0,Quality Issue,Pending,2025-12-06
1629,6454.0,495.0,3.0,Customer Changed Mind,Approved,2026-02-25
1630,986.0,545.0,4.0,Not as Described,Approved,2025-07-15
1631,3759.0,693.0,2.0,Wrong Item Delivered,Approved,2026-02-11
1632,2411.0,131.0,2.0,Not as Described,Pending,2026-05-23
1633,9422.0,590.0,4.0,Customer Changed Mind,Rejected,2025-06-21
1634,9833.0,141.0,4.0,Wrong Item Delivered,Approved,2025-10-19
1635,1302.0,819.0,3.0,Customer Changed Mind,Approved,2026-01-07
1636,5235.0,430.0,5.0,Wrong Item Delivered,Rejected,2026-02-14
1637,265.0,346.0,4.0,Wrong Item Delivered,Approved,2025-11-03
1638,7923.0,892.0,1.0,Quality Issue,Approved,2025-10-21
1639,7420.0,884.0,5.0,Quality Issue,Rejected,2025-10-24
1640,1064.0,452.0,2.0,Wrong Item Delivered,Approved,2025-09-05
1641,6329.0,282.0,3.0,Customer Changed Mind,Approved,2025-05-29
1642,7518.0,702.0,1.0,Customer Changed Mind,Rejected,2025-11-24
1643,6849.0,222.0,5.0,Quality Issue,Approved,2026-02-20
1644,1484.0,174.0,2.0,Not as Described,Pending,2025-12-23
1645,7357.0,795.0,4.0,Damaged Product,Approved,2025-06-17
1646,9467.0,383.0,1.0,Wrong Item Delivered,Rejected,2025-12-26
1647,9725.0,493.0,4.0,Wrong Item Delivered,Approved,2025-07-20
1648,4449.0,737.0,4.0,Wrong Item Delivered,Pending,2025-07-19
1649,835.0,272.0,2.0,Customer Changed Mind,Rejected,2026-01-01
1650,2215.0,621.0,1.0,Not as Described,Rejected,2026-05-04
1651,6918.0,841.0,1.0,Customer Changed Mind,Rejected,2026-03-12
1652,5456.0,460.0,5.0,Not as Described,Pending,2026-02-19
1653,1618.0,379.0,5.0,Damaged Product,Approved,2025-10-19
1654,7949.0,193.0,4.0,Quality Issue,Pending,2025-09-24
1655,6237.0,199.0,3.0,Wrong Item Delivered,Pending,2025-10-08
1656,4050.0,218.0,1.0,Damaged Product,Approved,2025-08-17
1657,210.0,105.0,3.0,Wrong Item Delivered,Pending,2026-03-30
1658,1663.0,814.0,4.0,Damaged Product,Rejected,2026-05-01
1659,3540.0,143.0,5.0,Damaged Product,Rejected,2025-07-17
1660,8241.0,844.0,1.0,Customer Changed Mind,Approved,2025-10-30
1661,318.0,871.0,1.0,Not as Described,Rejected,2025-08-12
1662,7732.0,473.0,4.0,Damaged Product,Pending,2025-11-30
1663,4881.0,47.0,4.0,Customer Changed Mind,Pending,2026-02-10
1664,2429.0,641.0,2.0,Damaged Product,Approved,2025-09-19
1665,7669.0,731.0,4.0,Not as Described,Pending,2025-09-05
1666,8177.0,635.0,1.0,Not as Described,Rejected,2025-05-27
1667,6969.0,778.0,5.0,Quality Issue,Rejected,2026-02-16
1668,9841.0,100.0,3.0,Wrong Item Delivered,Approved,2025-12-31
1669,4422.0,842.0,1.0,Wrong Item Delivered,Pending,2025-07-22
1670,7502.0,194.0,4.0,Quality Issue,Approved,2025-07-30
1671,861.0,604.0,3.0,Damaged Product,Rejected,2026-02-10
1672,6384.0,837.0,1.0,Wrong Item Delivered,Rejected,2025-12-23
1673,8676.0,363.0,2.0,Wrong Item Delivered,Pending,2026-04-21
1674,2840.0,504.0,5.0,Wrong Item Delivered,Approved,2025-09-16
1675,2935.0,331.0,5.0,Quality Issue,Rejected,2026-01-19
1676,9602.0,336.0,3.0,Customer Changed Mind,Approved,2025-11-18
1677,9837.0,41.0,5.0,Damaged Product,Rejected,2026-01-30
1678,9409.0,757.0,3.0,Quality Issue,Rejected,2026-04-03
1679,2089.0,134.0,3.0,Not as Described,Rejected,2025-07-29
1680,4731.0,93.0,5.0,Damaged Product,Rejected,2025-07-07
1681,572.0,42.0,4.0,Damaged Product,Pending,2025-12-07
1682,3101.0,482.0,5.0,Not as Described,Approved,2025-06-04
1683,8903.0,102.0,2.0,Customer Changed Mind,Pending,2025-06-20
1684,7609.0,152.0,3.0,Customer Changed Mind,Rejected,2026-04-08
1685,6798.0,834.0,4.0,Wrong Item Delivered,Rejected,2025-09-14
1686,8762.0,247.0,1.0,Damaged Product,Pending,2025-10-17
1687,5213.0,338.0,4.0,Quality Issue,Pending,2026-04-14
1688,142.0,436.0,3.0,Customer Changed Mind,Pending,2026-05-05
1689,8140.0,151.0,3.0,Quality Issue,Rejected,2025-08-05
1690,7739.0,685.0,2.0,Damaged Product,Rejected,2025-07-07
1691,3497.0,440.0,2.0,Quality Issue,Rejected,2026-02-21
1692,74.0,781.0,2.0,Wrong Item Delivered,Approved,2025-11-10
1693,8946.0,511.0,4.0,Quality Issue,Approved,2025-09-23
1694,8585.0,297.0,4.0,Not as Described,Rejected,2025-11-25
1695,2004.0,910.0,5.0,Not as Described,Pending,2025-10-28
1696,946.0,639.0,4.0,Damaged Product,Approved,2026-05-24
1697,3233.0,331.0,3.0,Customer Changed Mind,Approved,2026-04-14
1698,6585.0,870.0,1.0,Customer Changed Mind,Rejected,2026-01-15
1699,4688.0,444.0,2.0,Not as Described,Approved,2026-05-08
1700,5786.0,17.0,5.0,Not as Described,Rejected,2025-07-30
1701,9178.0,508.0,2.0,Quality Issue,Rejected,2025-12-12
1702,3653.0,172.0,2.0,Quality Issue,Approved,2026-04-20
1703,4460.0,51.0,1.0,Damaged Product,Approved,2025-11-06
1704,1473.0,421.0,1.0,Quality Issue,Pending,2026-05-06
1705,6872.0,637.0,1.0,Customer Changed Mind,Approved,2025-10-18
1706,3505.0,248.0,5.0,Not as Described,Pending,2025-09-02
1707,6814.0,528.0,4.0,Customer Changed Mind,Approved,2025-12-07
1708,7485.0,79.0,1.0,Wrong Item Delivered,Approved,2026-01-08
1709,1481.0,756.0,2.0,Damaged Product,Approved,2025-09-24
1710,8898.0,461.0,3.0,Not as Described,Pending,2025-11-21
1711,1899.0,325.0,5.0,Damaged Product,Pending,2026-01-08
1712,5588.0,444.0,3.0,Wrong Item Delivered,Approved,2025-11-11
1713,7111.0,136.0,1.0,Quality Issue,Rejected,2025-06-29
1714,5821.0,654.0,4.0,Not as Described,Rejected,2025-12-27
1715,9760.0,715.0,5.0,Quality Issue,Approved,2025-06-05
1716,7630.0,58.0,1.0,Wrong Item Delivered,Approved,2025-06-05
1717,8709.0,592.0,5.0,Customer Changed Mind,Rejected,2025-06-13
1718,3468.0,375.0,5.0,Quality Issue,Approved,2025-07-05
1719,6410.0,884.0,1.0,Damaged Product,Pending,2025-12-30
1720,1709.0,763.0,4.0,Customer Changed Mind,Rejected,2025-06-29
1721,8882.0,669.0,4.0,Wrong Item Delivered,Pending,2025-09-11
1722,4373.0,741.0,5.0,Not as Described,Pending,2025-12-28
1723,6657.0,926.0,1.0,Quality Issue,Approved,2026-05-23
1724,4482.0,133.0,2.0,Wrong Item Delivered,Pending,2025-12-24
1725,5778.0,295.0,5.0,Customer Changed Mind,Rejected,2025-07-06
1726,828.0,679.0,5.0,Customer Changed Mind,Approved,2025-11-10
1727,6883.0,866.0,5.0,Not as Described,Pending,2025-08-15
1728,5525.0,487.0,5.0,Damaged Product,Pending,2026-03-05
1729,7557.0,842.0,1.0,Quality Issue,Approved,2026-02-12
1730,1667.0,643.0,2.0,Wrong Item Delivered,Pending,2026-01-14
1731,6766.0,707.0,5.0,Damaged Product,Rejected,2025-10-17
1732,8512.0,599.0,5.0,Customer Changed Mind,Pending,2025-12-02
1733,912.0,164.0,5.0,Quality Issue,Approved,2025-12-07
1734,84.0,383.0,5.0,Damaged Product,Rejected,2025-07-06
1735,8887.0,289.0,5.0,Customer Changed Mind,Approved,2025-06-09
1736,6732.0,111.0,3.0,Quality Issue,Rejected,2026-02-21
1737,6027.0,904.0,3.0,Not as Described,Approved,2025-06-18
1738,7775.0,822.0,2.0,Quality Issue,Pending,2025-06-22
1739,2588.0,334.0,3.0,Damaged Product,Pending,2026-01-21
1740,5131.0,216.0,2.0,Wrong Item Delivered,Pending,2025-11-14
1741,7502.0,182.0,4.0,Quality Issue,Approved,2026-02-27
1742,7016.0,592.0,4.0,Not as Described,Approved,2025-09-26
1743,9907.0,646.0,3.0,Wrong Item Delivered,Rejected,2026-04-21
1744,1667.0,719.0,5.0,Not as Described,Rejected,2025-06-30
1745,3028.0,69.0,2.0,Wrong Item Delivered,Approved,2026-02-20
1746,6230.0,987.0,4.0,Quality Issue,Rejected,2025-08-13
1747,8245.0,580.0,3.0,Quality Issue,Pending,2026-03-13
1748,3506.0,213.0,3.0,Damaged Product,Approved,2025-08-09
1749,5792.0,308.0,1.0,Quality Issue,Approved,2026-05-08
1750,9387.0,989.0,1.0,Wrong Item Delivered,Approved,2026-02-20
1751,7277.0,372.0,4.0,Customer Changed Mind,Approved,2025-08-27
1752,5486.0,384.0,5.0,Quality Issue,Approved,2025-08-23
1753,9885.0,614.0,1.0,Not as Described,Approved,2026-01-21
1754,1054.0,851.0,1.0,Customer Changed Mind,Rejected,2025-06-25
1755,7622.0,252.0,5.0,Not as Described,Rejected,2026-04-22
1756,6893.0,233.0,1.0,Quality Issue,Rejected,2025-09-30
1757,1524.0,852.0,1.0,Not as Described,Rejected,2026-02-26
1758,9588.0,218.0,5.0,Customer Changed Mind,Rejected,2025-08-29
1759,9558.0,267.0,4.0,Customer Changed Mind,Approved,2026-05-02
1760,9639.0,370.0,2.0,Quality Issue,Pending,2026-01-26
1761,4986.0,161.0,1.0,Damaged Product,Approved,2025-08-25
1762,9958.0,686.0,5.0,Customer Changed Mind,Approved,2025-10-30
1763,679.0,645.0,4.0,Customer Changed Mind,Approved,2025-10-01
1764,5371.0,106.0,3.0,Wrong Item Delivered,Rejected,2025-08-16
1765,9712.0,514.0,4.0,Damaged Product,Rejected,2025-12-13
1766,4573.0,304.0,5.0,Wrong Item Delivered,Approved,2026-05-22
1767,7192.0,713.0,4.0,Wrong Item Delivered,Rejected,2025-09-28
1768,5388.0,337.0,1.0,Not as Described,Pending,2026-04-15
1769,6210.0,667.0,4.0,Damaged Product,Pending,2026-02-02
1770,6693.0,980.0,5.0,Damaged Product,Rejected,2025-08-12
1771,6059.0,377.0,4.0,Damaged Product,Approved,2025-10-29
1772,2502.0,820.0,3.0,Damaged Product,Pending,2025-12-29
1773,4284.0,78.0,3.0,Wrong Item Delivered,Rejected,2026-03-17
1774,4725.0,488.0,4.0,Customer Changed Mind,Pending,2025-11-26
1775,1961.0,844.0,3.0,Quality Issue,Pending,2026-05-08
1776,5657.0,940.0,3.0,Quality Issue,Pending,2025-12-03
1777,5109.0,272.0,5.0,Wrong Item Delivered,Pending,2025-07-13
1778,2733.0,69.0,5.0,Quality Issue,Rejected,2026-03-04
1779,6423.0,271.0,4.0,Damaged Product,Rejected,2025-07-29
1780,543.0,118.0,5.0,Quality Issue,Rejected,2025-10-11
1781,5831.0,525.0,1.0,Not as Described,Approved,2025-09-28
1782,2393.0,618.0,1.0,Wrong Item Delivered,Rejected,2026-04-15
1783,3186.0,757.0,4.0,Quality Issue,Rejected,2025-07-28
1784,5220.0,886.0,4.0,Damaged Product,Rejected,2025-08-12
1785,7031.0,406.0,2.0,Wrong Item Delivered,Approved,2025-12-16
1786,3622.0,449.0,2.0,Damaged Product,Pending,2026-01-31
1787,3872.0,725.0,4.0,Damaged Product,Pending,2025-09-21
1788,2651.0,169.0,1.0,Wrong Item Delivered,Rejected,2026-02-20
1789,8630.0,69.0,5.0,Wrong Item Delivered,Approved,2026-04-09
1790,4819.0,230.0,3.0,Damaged Product,Rejected,2026-02-05
1791,4896.0,533.0,5.0,Quality Issue,Rejected,2026-04-09
1792,6414.0,893.0,1.0,Damaged Product,Pending,2025-11-23
1793,3610.0,610.0,3.0,Quality Issue,Rejected,2025-12-13
1794,2961.0,125.0,5.0,Not as Described,Rejected,2025-10-31
1795,3954.0,533.0,1.0,Not as Described,Approved,2026-03-27
1796,4858.0,819.0,1.0,Damaged Product,Rejected,2025-09-04
1797,7352.0,771.0,2.0,Quality Issue,Rejected,2025-06-01
1798,5979.0,516.0,5.0,Customer Changed Mind,Rejected,2026-03-07
1799,860.0,318.0,5.0,Customer Changed Mind,Rejected,2026-02-16
1800,1570.0,501.0,3.0,Not as Described,Approved,2026-01-17
1801,4580.0,526.0,4.0,Customer Changed Mind,Pending,2025-06-24
1802,6621.0,274.0,4.0,Customer Changed Mind,Approved,2025-07-07
1803,5912.0,671.0,5.0,Damaged Product,Approved,2025-10-18
1804,6909.0,429.0,2.0,Quality Issue,Rejected,2026-04-03
1805,7401.0,176.0,1.0,Wrong Item Delivered,Approved,2025-09-09
1806,7210.0,366.0,2.0,Not as Described,Rejected,2025-05-31
1807,4833.0,93.0,5.0,Customer Changed Mind,Rejected,2025-06-17
1808,9862.0,665.0,2.0,Customer Changed Mind,Approved,2025-07-10
1809,2692.0,733.0,5.0,Quality Issue,Approved,2026-01-29
1810,9646.0,856.0,3.0,Customer Changed Mind,Pending,2026-05-10
1811,6252.0,54.0,5.0,Wrong Item Delivered,Pending,2025-08-29
1812,661.0,396.0,3.0,Customer Changed Mind,Approved,2026-01-17
1813,7744.0,55.0,1.0,Wrong Item Delivered,Rejected,2025-08-07
1814,9981.0,132.0,3.0,Wrong Item Delivered,Approved,2026-01-25
1815,6504.0,335.0,3.0,Wrong Item Delivered,Approved,2025-10-19
1816,5578.0,654.0,4.0,Customer Changed Mind,Approved,2026-04-15
1817,3805.0,500.0,3.0,Wrong Item Delivered,Approved,2026-02-12
1818,470.0,964.0,1.0,Customer Changed Mind,Rejected,2025-12-27
1819,705.0,358.0,4.0,Customer Changed Mind,Rejected,2025-08-23
1820,3671.0,446.0,5.0,Customer Changed Mind,Rejected,2026-04-02
1821,3358.0,231.0,3.0,Damaged Product,Pending,2025-11-07
1822,7881.0,30.0,1.0,Damaged Product,Approved,2025-08-02
1823,5381.0,60.0,2.0,Not as Described,Approved,2026-03-20
1824,2744.0,211.0,5.0,Customer Changed Mind,Approved,2025-09-15
1825,8496.0,340.0,2.0,Quality Issue,Pending,2026-03-20
1826,3061.0,409.0,2.0,Not as Described,Pending,2025-07-29
1827,2427.0,28.0,4.0,Quality Issue,Approved,2025-11-28
1828,9530.0,899.0,4.0,Wrong Item Delivered,Approved,2026-05-20
1829,3060.0,655.0,1.0,Customer Changed Mind,Pending,2026-03-09
1830,2505.0,38.0,5.0,Quality Issue,Approved,2025-06-03
1831,4089.0,923.0,4.0,Not as Described,Rejected,2025-06-27
1832,625.0,648.0,1.0,Not as Described,Rejected,2026-03-05
1833,9061.0,622.0,4.0,Customer Changed Mind,Approved,2025-06-18
1834,7332.0,95.0,3.0,Damaged Product,Approved,2025-05-29
1835,2488.0,202.0,2.0,Wrong Item Delivered,Pending,2026-05-19
1836,1854.0,861.0,1.0,Customer Changed Mind,Pending,2025-06-26
1837,4562.0,913.0,2.0,Not as Described,Rejected,2025-06-21
1838,8815.0,282.0,4.0,Wrong Item Delivered,Pending,2026-03-19
1839,9422.0,349.0,1.0,Damaged Product,Approved,2026-03-29
1840,5137.0,246.0,3.0,Quality Issue,Approved,2025-12-29
1841,1675.0,391.0,2.0,Damaged Product,Rejected,2025-12-04
1842,1451.0,583.0,5.0,Wrong Item Delivered,Approved,2025-07-26
1843,2677.0,668.0,2.0,Customer Changed Mind,Approved,2025-06-22
1844,445.0,901.0,1.0,Damaged Product,Pending,2025-11-15
1845,926.0,253.0,1.0,Wrong Item Delivered,Pending,2026-03-06
1846,3545.0,22.0,3.0,Customer Changed Mind,Approved,2026-03-07
1847,1390.0,996.0,3.0,Not as Described,Pending,2026-04-20
1848,1885.0,930.0,1.0,Not as Described,Rejected,2026-01-11
1849,3047.0,103.0,4.0,Quality Issue,Rejected,2025-12-02
1850,8852.0,847.0,3.0,Wrong Item Delivered,Pending,2025-06-23
1851,5289.0,749.0,4.0,Damaged Product,Approved,2026-01-11
1852,7121.0,631.0,5.0,Damaged Product,Pending,2025-05-27
1853,6845.0,571.0,5.0,Customer Changed Mind,Approved,2026-01-16
1854,3856.0,610.0,4.0,Customer Changed Mind,Pending,2025-08-02
1855,4985.0,607.0,4.0,Damaged Product,Approved,2026-03-18
1856,4683.0,551.0,5.0,Customer Changed Mind,Pending,2025-11-01
1857,4784.0,138.0,1.0,Not as Described,Rejected,2025-07-21
1858,879.0,848.0,4.0,Customer Changed Mind,Rejected,2025-11-18
1859,6769.0,818.0,4.0,Not as Described,Pending,2025-06-06
1860,2726.0,942.0,3.0,Quality Issue,Pending,2026-04-17
1861,1815.0,801.0,2.0,Wrong Item Delivered,Rejected,2026-03-14
1862,1036.0,23.0,1.0,Wrong Item Delivered,Rejected,2026-02-27
1863,1037.0,702.0,1.0,Damaged Product,Pending,2025-05-31
1864,4093.0,93.0,5.0,Quality Issue,Rejected,2025-07-11
1865,3212.0,729.0,4.0,Damaged Product,Approved,2025-05-27
1866,4086.0,895.0,4.0,Wrong Item Delivered,Approved,2026-02-25
1867,4962.0,138.0,1.0,Not as Described,Rejected,2026-01-13
1868,1355.0,265.0,2.0,Damaged Product,Pending,2025-11-04
1869,323.0,957.0,4.0,Not as Described,Approved,2025-07-07
1870,7149.0,576.0,3.0,Quality Issue,Approved,2026-04-19
1871,7058.0,370.0,1.0,Damaged Product,Approved,2025-07-27
1872,1653.0,328.0,4.0,Not as Described,Pending,2026-01-07
1873,7211.0,110.0,5.0,Customer Changed Mind,Rejected,2026-03-19
1874,4554.0,905.0,5.0,Wrong Item Delivered,Approved,2025-10-04
1875,1056.0,697.0,3.0,Quality Issue,Approved,2026-01-19
1876,7505.0,597.0,2.0,Wrong Item Delivered,Rejected,2026-05-24
1877,8687.0,990.0,5.0,Wrong Item Delivered,Approved,2025-12-29
1878,9894.0,694.0,1.0,Damaged Product,Pending,2025-11-03
1879,6679.0,333.0,3.0,Wrong Item Delivered,Approved,2025-11-17
1880,5301.0,768.0,1.0,Wrong Item Delivered,Approved,2026-05-16
1881,754.0,628.0,3.0,Quality Issue,Rejected,2026-01-11
1882,8707.0,174.0,2.0,Customer Changed Mind,Rejected,2025-06-03
1883,8361.0,245.0,5.0,Wrong Item Delivered,Approved,2025-12-10
1884,862.0,629.0,4.0,Damaged Product,Approved,2025-07-28
1885,7018.0,21.0,5.0,Quality Issue,Pending,2025-09-08
1886,6570.0,963.0,1.0,Not as Described,Rejected,2026-04-29
1887,2520.0,734.0,3.0,Quality Issue,Approved,2025-10-29
1888,680.0,903.0,5.0,Wrong Item Delivered,Approved,2025-07-02
1889,7086.0,49.0,1.0,Quality Issue,Approved,2025-08-29
1890,5848.0,230.0,3.0,Wrong Item Delivered,Pending,2025-08-24
1891,5513.0,713.0,5.0,Customer Changed Mind,Pending,2026-02-04
1892,3650.0,690.0,1.0,Wrong Item Delivered,Approved,2025-08-29
1893,5688.0,665.0,1.0,Customer Changed Mind,Approved,2026-05-06
1894,5654.0,691.0,4.0,Quality Issue,Pending,2025-10-20
1895,1326.0,735.0,5.0,Damaged Product,Rejected,2025-08-01
1896,4419.0,827.0,4.0,Wrong Item Delivered,Approved,2025-11-13
1897,2253.0,776.0,5.0,Not as Described,Approved,2025-07-18
1898,9568.0,247.0,5.0,Damaged Product,Approved,2026-02-21
1899,337.0,974.0,2.0,Wrong Item Delivered,Approved,2025-10-03
1900,1822.0,817.0,4.0,Wrong Item Delivered,Rejected,2025-12-26
1901,1023.0,321.0,5.0,Quality Issue,Pending,2025-06-22
1902,1754.0,593.0,3.0,Not as Described,Pending,2025-09-12
1903,888.0,582.0,5.0,Quality Issue,Pending,2026-02-13
1904,796.0,243.0,3.0,Not as Described,Rejected,2025-06-14
1905,7427.0,263.0,5.0,Not as Described,Rejected,2025-08-09
1906,457.0,437.0,4.0,Damaged Product,Approved,2026-05-17
1907,381.0,956.0,5.0,Wrong Item Delivered,Approved,2025-10-22
1908,942.0,128.0,5.0,Not as Described,Pending,2025-06-09
1909,9969.0,47.0,1.0,Damaged Product,Approved,2025-07-13
1910,9008.0,507.0,1.0,Customer Changed Mind,Rejected,2026-04-16
1911,1951.0,886.0,4.0,Customer Changed Mind,Approved,2025-10-25
1912,6616.0,883.0,3.0,Wrong Item Delivered,Rejected,2025-11-29
1913,2370.0,956.0,3.0,Damaged Product,Approved,2025-06-17
1914,5489.0,759.0,5.0,Not as Described,Pending,2025-08-18
1915,3786.0,990.0,2.0,Wrong Item Delivered,Pending,2025-12-23
1916,4886.0,791.0,3.0,Customer Changed Mind,Approved,2026-03-02
1917,8098.0,905.0,1.0,Not as Described,Rejected,2025-06-18
1918,5197.0,476.0,2.0,Not as Described,Approved,2025-11-02
1919,7690.0,266.0,2.0,Customer Changed Mind,Pending,2026-04-22
1920,4704.0,910.0,1.0,Damaged Product,Rejected,2025-06-08
1921,6317.0,175.0,4.0,Damaged Product,Rejected,2026-03-27
1922,9598.0,441.0,5.0,Customer Changed Mind,Pending,2026-03-27
1923,3469.0,227.0,1.0,Not as Described,Approved,2026-03-30
1924,2424.0,118.0,5.0,Quality Issue,Pending,2025-06-19
1925,9785.0,599.0,3.0,Wrong Item Delivered,Pending,2025-10-12
1926,1605.0,639.0,3.0,Wrong Item Delivered,Pending,2025-07-10
1927,8785.0,37.0,4.0,Damaged Product,Pending,2025-10-27
1928,7797.0,877.0,3.0,Damaged Product,Approved,2026-03-10
1929,5855.0,3.0,4.0,Wrong Item Delivered,Approved,2025-09-14
1930,9523.0,949.0,4.0,Damaged Product,Rejected,2025-09-26
1931,273.0,718.0,4.0,Not as Described,Rejected,2025-07-20
1932,3790.0,577.0,1.0,Wrong Item Delivered,Pending,2026-03-15
1933,6056.0,728.0,1.0,Wrong Item Delivered,Rejected,2026-04-14
1934,2824.0,83.0,3.0,Customer Changed Mind,Rejected,2026-02-17
1935,7560.0,645.0,3.0,Quality Issue,Approved,2025-08-26
1936,7777.0,922.0,3.0,Not as Described,Approved,2026-02-21
1937,6556.0,533.0,1.0,Not as Described,Pending,2026-01-11
1938,7726.0,265.0,1.0,Damaged Product,Approved,2026-04-11
1939,4184.0,54.0,2.0,Customer Changed Mind,Pending,2026-04-19
1940,5582.0,952.0,2.0,Not as Described,Rejected,2025-11-27
1941,7926.0,187.0,5.0,Not as Described,Rejected,2026-01-24
1942,748.0,970.0,5.0,Customer Changed Mind,Pending,2026-03-21
1943,9804.0,34.0,3.0,Quality Issue,Pending,2025-12-17
1944,695.0,790.0,4.0,Customer Changed Mind,Rejected,2025-12-29
1945,569.0,194.0,4.0,Quality Issue,Pending,2025-09-01
1946,7411.0,365.0,4.0,Quality Issue,Rejected,2025-08-03
1947,6733.0,712.0,5.0,Customer Changed Mind,Rejected,2026-03-29
1948,80.0,312.0,4.0,Wrong Item Delivered,Rejected,2026-01-30
1949,2661.0,777.0,5.0,Customer Changed Mind,Approved,2025-10-03
1950,9803.0,892.0,1.0,Wrong Item Delivered,Pending,2026-05-14
1951,3990.0,920.0,1.0,Quality Issue,Rejected,2025-07-13
1952,6114.0,543.0,4.0,Quality Issue,Approved,2026-04-15
1953,2650.0,844.0,3.0,Wrong Item Delivered,Rejected,2026-04-10
1954,1449.0,493.0,5.0,Not as Described,Rejected,2025-11-07
1955,4412.0,654.0,2.0,Customer Changed Mind,Rejected,2025-08-07
1956,7872.0,376.0,1.0,Customer Changed Mind,Pending,2025-12-05
1957,2216.0,662.0,3.0,Not as Described,Approved,2025-10-14
1958,7094.0,938.0,2.0,Customer Changed Mind,Approved,2025-12-25
1959,1181.0,179.0,4.0,Customer Changed Mind,Approved,2025-12-18
1960,3452.0,151.0,1.0,Not as Described,Rejected,2026-03-21
1961,1851.0,655.0,4.0,Quality Issue,Approved,2025-07-19
1962,395.0,597.0,1.0,Not as Described,Pending,2025-09-24
1963,2045.0,78.0,5.0,Customer Changed Mind,Pending,2025-12-05
1964,223.0,243.0,3.0,Customer Changed Mind,Pending,2025-06-29
1965,8586.0,14.0,4.0,Wrong Item Delivered,Approved,2025-12-03
1966,744.0,930.0,4.0,Quality Issue,Pending,2026-04-28
1967,5886.0,816.0,1.0,Wrong Item Delivered,Approved,2025-11-19
1968,8669.0,486.0,2.0,Quality Issue,Approved,2026-04-01
1969,4940.0,246.0,4.0,Customer Changed Mind,Approved,2026-01-09
1970,6661.0,44.0,4.0,Quality Issue,Pending,2025-08-06
1971,9885.0,566.0,3.0,Quality Issue,Rejected,2026-02-27
1972,7333.0,472.0,5.0,Quality Issue,Approved,2025-11-10
1973,8617.0,258.0,4.0,Wrong Item Delivered,Rejected,2025-12-30
1974,142.0,387.0,3.0,Damaged Product,Approved,2026-02-19
1975,9668.0,905.0,4.0,Not as Described,Pending,2025-07-23
1976,89.0,818.0,3.0,Customer Changed Mind,Rejected,2026-04-05
1977,7699.0,971.0,2.0,Not as Described,Approved,2025-09-16
1978,7147.0,842.0,3.0,Not as Described,Rejected,2025-09-21
1979,2133.0,246.0,1.0,Customer Changed Mind,Rejected,2025-06-29
1980,4110.0,72.0,3.0,Quality Issue,Pending,2026-01-02
1981,7741.0,29.0,3.0,Quality Issue,Pending,2026-04-08
1982,7404.0,518.0,2.0,Quality Issue,Approved,2026-03-20
1983,6557.0,297.0,1.0,Not as Described,Pending,2025-08-10
1984,4891.0,846.0,3.0,Customer Changed Mind,Approved,2025-10-09
1985,2166.0,108.0,3.0,Damaged Product,Approved,2025-12-22
1986,8121.0,550.0,2.0,Wrong Item Delivered,Rejected,2025-07-24
1987,5972.0,732.0,4.0,Customer Changed Mind,Pending,2025-09-22
1988,5090.0,386.0,1.0,Quality Issue,Pending,2025-08-21
1989,8681.0,114.0,1.0,Wrong Item Delivered,Pending,2026-03-19
1990,7440.0,22.0,4.0,Customer Changed Mind,Rejected,2026-05-19
1991,9581.0,378.0,3.0,Not as Described,Pending,2025-12-06
1992,8307.0,218.0,1.0,Not as Described,Approved,2025-06-02
1993,3764.0,723.0,4.0,Wrong Item Delivered,Rejected,2025-10-26
1994,1041.0,229.0,2.0,Quality Issue,Rejected,2025-10-15
1995,7571.0,883.0,3.0,Damaged Product,Approved,2026-04-07
1996,9408.0,203.0,3.0,Quality Issue,Rejected,2026-04-13
1997,7489.0,50.0,1.0,Quality Issue,Rejected,2025-06-27
1998,1334.0,591.0,4.0,Wrong Item Delivered,Pending,2025-07-30
1999,1864.0,496.0,4.0,Quality Issue,Rejected,2025-07-16
2000,2615.0,880.0,3.0,Not as Described,Approved,2026-04-28
2001,8190.0,891.0,1.0,Damaged Product,Rejected,2025-11-13
2002,370.0,762.0,5.0,Not as Described,Approved,2025-10-12
2003,217.0,146.0,5.0,Wrong Item Delivered,Approved,2025-08-11
2004,4150.0,192.0,3.0,Wrong Item Delivered,Rejected,2026-01-11
2005,217.0,119.0,1.0,Quality Issue,Pending,2025-06-01
2006,6404.0,344.0,4.0,Not as Described,Approved,2025-08-21
2007,7086.0,878.0,2.0,Damaged Product,Rejected,2025-10-13
2008,488.0,365.0,1.0,Customer Changed Mind,Approved,2025-10-28
2009,2473.0,225.0,3.0,Damaged Product,Pending,2025-10-21
2010,1726.0,894.0,2.0,Customer Changed Mind,Approved,2025-11-04
2011,149.0,991.0,3.0,Wrong Item Delivered,Pending,2026-02-06
2012,9811.0,318.0,4.0,Damaged Product,Rejected,2025-12-12
2013,5705.0,914.0,2.0,Quality Issue,Approved,2026-03-30
2014,5242.0,964.0,3.0,Customer Changed Mind,Approved,2025-09-16
2015,63.0,506.0,2.0,Customer Changed Mind,Pending,2026-01-02
2016,5657.0,277.0,1.0,Quality Issue,Approved,2025-10-05
2017,9468.0,233.0,2.0,Not as Described,Approved,2026-02-08
2018,5406.0,598.0,3.0,Customer Changed Mind,Pending,2025-09-03
2019,6773.0,429.0,4.0,Wrong Item Delivered,Rejected,2025-08-11
2020,540.0,689.0,4.0,Customer Changed Mind,Pending,2026-03-15
2021,6204.0,691.0,4.0,Quality Issue,Pending,2025-06-29
2022,154.0,751.0,2.0,Not as Described,Approved,2026-04-14
2023,8878.0,803.0,3.0,Damaged Product,Pending,2026-03-08
2024,6245.0,863.0,1.0,Damaged Product,Rejected,2025-10-07
2025,925.0,716.0,2.0,Damaged Product,Pending,2026-02-11
2026,1025.0,722.0,1.0,Damaged Product,Approved,2025-09-17
2027,4315.0,621.0,1.0,Customer Changed Mind,Rejected,2025-10-11
2028,3525.0,461.0,4.0,Damaged Product,Pending,2025-08-11
2029,2884.0,8.0,3.0,Customer Changed Mind,Rejected,2026-02-01
2030,3288.0,773.0,1.0,Wrong Item Delivered,Pending,2026-03-07
2031,6818.0,409.0,1.0,Damaged Product,Approved,2025-06-26
2032,4294.0,317.0,4.0,Damaged Product,Rejected,2026-01-19
2033,1969.0,451.0,4.0,Customer Changed Mind,Approved,2025-09-07
2034,6199.0,664.0,5.0,Damaged Product,Rejected,2026-05-12
2035,9197.0,773.0,3.0,Wrong Item Delivered,Rejected,2025-08-01
2036,5958.0,952.0,2.0,Customer Changed Mind,Approved,2025-08-14
2037,5698.0,730.0,2.0,Damaged Product,Approved,2025-06-27
2038,5044.0,416.0,3.0,Customer Changed Mind,Rejected,2026-02-15
2039,9888.0,724.0,4.0,Quality Issue,Pending,2025-06-19
2040,6601.0,347.0,4.0,Quality Issue,Rejected,2025-11-26
2041,1012.0,817.0,4.0,Wrong Item Delivered,Pending,2025-08-21
2042,9033.0,18.0,4.0,Quality Issue,Pending,2025-11-19
2043,8875.0,501.0,2.0,Damaged Product,Approved,2026-05-01
2044,5137.0,995.0,4.0,Not as Described,Pending,2026-02-03
2045,4907.0,351.0,4.0,Customer Changed Mind,Pending,2026-03-09
2046,4072.0,495.0,1.0,Not as Described,Rejected,2026-03-29
2047,91.0,990.0,2.0,Quality Issue,Pending,2026-02-07
2048,9244.0,215.0,5.0,Wrong Item Delivered,Approved,2026-01-09
2049,5193.0,40.0,5.0,Not as Described,Approved,2026-02-13
2050,8119.0,490.0,4.0,Wrong Item Delivered,Rejected,2026-03-21
2051,1839.0,10.0,3.0,Quality Issue,Pending,2025-11-12
2052,3123.0,743.0,5.0,Wrong Item Delivered,Approved,2026-05-09
2053,9562.0,16.0,4.0,Quality Issue,Pending,2025-09-05
2054,5117.0,977.0,5.0,Quality Issue,Pending,2025-07-03
2055,5986.0,658.0,3.0,Wrong Item Delivered,Rejected,2026-03-15
2056,4167.0,365.0,3.0,Not as Described,Pending,2026-03-25
2057,2364.0,270.0,1.0,Quality Issue,Approved,2025-05-31
2058,4464.0,254.0,1.0,Wrong Item Delivered,Rejected,2025-09-24
2059,8701.0,957.0,3.0,Wrong Item Delivered,Pending,2025-11-14
2060,9222.0,614.0,5.0,Wrong Item Delivered,Pending,2025-11-26
2061,1282.0,512.0,2.0,Not as Described,Approved,2025-10-12
2062,2108.0,65.0,2.0,Not as Described,Pending,2026-05-07
2063,1589.0,12.0,1.0,Customer Changed Mind,Rejected,2025-07-18
2064,7289.0,273.0,5.0,Customer Changed Mind,Approved,2026-01-30
2065,8291.0,457.0,3.0,Customer Changed Mind,Approved,2025-08-04
2066,2441.0,685.0,3.0,Not as Described,Pending,2026-04-13
2067,5053.0,601.0,2.0,Wrong Item Delivered,Pending,2025-07-26
2068,9920.0,473.0,5.0,Damaged Product,Rejected,2025-07-17
2069,5358.0,61.0,4.0,Wrong Item Delivered,Approved,2025-08-25
2070,1429.0,313.0,1.0,Quality Issue,Rejected,2026-05-18
2071,2084.0,110.0,2.0,Wrong Item Delivered,Pending,2025-08-29
2072,88.0,353.0,5.0,Not as Described,Rejected,2026-01-25
2073,4198.0,347.0,5.0,Wrong Item Delivered,Rejected,2026-03-07
2074,5817.0,197.0,2.0,Damaged Product,Rejected,2025-12-07
2075,7422.0,537.0,3.0,Quality Issue,Rejected,2026-02-02
2076,3556.0,997.0,1.0,Damaged Product,Rejected,2025-07-03
2077,5380.0,682.0,2.0,Wrong Item Delivered,Pending,2025-08-20
2078,7091.0,703.0,4.0,Quality Issue,Approved,2026-04-09
2079,5205.0,691.0,1.0,Customer Changed Mind,Rejected,2026-01-02
2080,9321.0,388.0,5.0,Quality Issue,Approved,2025-12-24
2081,6410.0,269.0,5.0,Quality Issue,Approved,2025-07-14
2082,6704.0,676.0,1.0,Wrong Item Delivered,Approved,2025-08-03
2083,2861.0,17.0,5.0,Not as Described,Rejected,2025-09-23
2084,2575.0,303.0,5.0,Customer Changed Mind,Pending,2025-08-07
2085,3824.0,266.0,2.0,Not as Described,Approved,2025-11-24
2086,852.0,228.0,4.0,Damaged Product,Rejected,2026-03-14
2087,8227.0,355.0,4.0,Customer Changed Mind,Rejected,2025-11-18
2088,4695.0,860.0,5.0,Customer Changed Mind,Rejected,2026-03-03
2089,997.0,999.0,1.0,Customer Changed Mind,Approved,2026-01-30
2090,7536.0,784.0,4.0,Customer Changed Mind,Rejected,2026-03-23
2091,6782.0,500.0,4.0,Not as Described,Approved,2025-10-29
2092,2665.0,72.0,2.0,Damaged Product,Pending,2026-05-04
2093,3009.0,14.0,1.0,Wrong Item Delivered,Approved,2025-10-29
2094,9142.0,79.0,5.0,Not as Described,Pending,2026-04-27
2095,292.0,944.0,2.0,Not as Described,Rejected,2025-06-01
2096,6125.0,867.0,2.0,Customer Changed Mind,Pending,2025-07-26
2097,6710.0,435.0,5.0,Not as Described,Approved,2025-08-11
2098,2173.0,209.0,1.0,Quality Issue,Approved,2026-01-09
2099,2222.0,735.0,3.0,Customer Changed Mind,Pending,2025-06-08
2100,6118.0,961.0,3.0,Customer Changed Mind,Approved,2025-08-09
2101,6262.0,191.0,3.0,Not as Described,Pending,2025-11-02
2102,8974.0,510.0,1.0,Wrong Item Delivered,Pending,2025-07-13
2103,2894.0,826.0,5.0,Not as Described,Pending,2026-01-12
2104,3082.0,880.0,3.0,Damaged Product,Pending,2026-01-25
2105,5056.0,825.0,5.0,Damaged Product,Rejected,2026-02-18
2106,3449.0,776.0,3.0,Wrong Item Delivered,Rejected,2026-03-14
2107,5532.0,174.0,3.0,Wrong Item Delivered,Rejected,2025-09-16
2108,7738.0,455.0,4.0,Not as Described,Rejected,2026-05-03
2109,7909.0,352.0,4.0,Customer Changed Mind,Rejected,2025-10-22
2110,7559.0,502.0,5.0,Damaged Product,Approved,2025-09-21
2111,5234.0,471.0,5.0,Damaged Product,Approved,2025-07-10
2112,7996.0,405.0,3.0,Wrong Item Delivered,Pending,2025-12-30
2113,8838.0,130.0,3.0,Quality Issue,Approved,2025-11-17
2114,4783.0,180.0,5.0,Damaged Product,Pending,2025-08-10
2115,3351.0,879.0,4.0,Damaged Product,Pending,2025-05-30
2116,7895.0,431.0,5.0,Not as Described,Approved,2025-08-03
2117,6364.0,118.0,4.0,Damaged Product,Rejected,2025-08-30
2118,8767.0,212.0,1.0,Quality Issue,Pending,2026-04-09
2119,1601.0,298.0,1.0,Not as Described,Pending,2026-02-18
2120,7153.0,717.0,2.0,Not as Described,Approved,2025-12-07
2121,8601.0,253.0,3.0,Damaged Product,Approved,2026-05-24
2122,8604.0,946.0,4.0,Damaged Product,Rejected,2026-02-10
2123,6595.0,795.0,3.0,Wrong Item Delivered,Approved,2025-12-10
2124,7305.0,907.0,5.0,Damaged Product,Pending,2025-07-23
2125,1449.0,260.0,3.0,Wrong Item Delivered,Pending,2026-02-21
2126,3299.0,322.0,3.0,Not as Described,Rejected,2026-05-13
2127,6582.0,732.0,1.0,Not as Described,Rejected,2026-02-27
2128,3235.0,957.0,4.0,Customer Changed Mind,Rejected,2026-01-29
2129,3265.0,324.0,2.0,Quality Issue,Approved,2026-01-02
2130,6192.0,770.0,2.0,Wrong Item Delivered,Approved,2025-12-10
2131,3357.0,731.0,4.0,Quality Issue,Approved,2026-01-22
2132,1251.0,892.0,5.0,Customer Changed Mind,Pending,2026-01-21
2133,5983.0,384.0,5.0,Not as Described,Rejected,2025-07-25
2134,8165.0,181.0,1.0,Quality Issue,Pending,2025-12-11
2135,1222.0,973.0,3.0,Damaged Product,Pending,2025-06-14
2136,7922.0,389.0,2.0,Damaged Product,Rejected,2025-08-06
2137,4763.0,630.0,1.0,Damaged Product,Pending,2025-11-12
2138,2764.0,585.0,2.0,Quality Issue,Approved,2026-03-27
2139,2026.0,367.0,1.0,Wrong Item Delivered,Rejected,2025-07-10
2140,6369.0,591.0,4.0,Wrong Item Delivered,Approved,2025-06-24
2141,8951.0,476.0,3.0,Quality Issue,Pending,2026-03-17
2142,568.0,956.0,5.0,Damaged Product,Approved,2025-08-07
2143,8251.0,893.0,3.0,Not as Described,Rejected,2025-12-08
2144,953.0,268.0,4.0,Not as Described,Pending,2025-07-15
2145,681.0,447.0,3.0,Wrong Item Delivered,Rejected,2026-05-02
2146,1630.0,739.0,5.0,Wrong Item Delivered,Pending,2025-12-23
2147,476.0,42.0,2.0,Damaged Product,Pending,2026-03-29
2148,5389.0,32.0,2.0,Wrong Item Delivered,Approved,2025-09-23
2149,8981.0,301.0,3.0,Wrong Item Delivered,Rejected,2025-10-21
2150,2522.0,617.0,3.0,Quality Issue,Rejected,2026-01-24
2151,9304.0,126.0,4.0,Damaged Product,Approved,2025-11-18
2152,9319.0,784.0,4.0,Damaged Product,Approved,2026-03-02
2153,2615.0,574.0,1.0,Quality Issue,Pending,2026-05-08
2154,4393.0,591.0,5.0,Quality Issue,Approved,2025-07-23
2155,2221.0,970.0,5.0,Not as Described,Approved,2025-11-02
2156,1373.0,65.0,2.0,Not as Described,Rejected,2025-10-28
2157,7574.0,200.0,2.0,Customer Changed Mind,Approved,2025-07-05
2158,8080.0,928.0,5.0,Wrong Item Delivered,Rejected,2025-07-24
2159,1230.0,596.0,1.0,Quality Issue,Pending,2026-01-28
2160,9657.0,125.0,1.0,Quality Issue,Rejected,2025-07-28
2161,7322.0,474.0,5.0,Not as Described,Rejected,2025-10-21
2162,4640.0,534.0,5.0,Customer Changed Mind,Pending,2025-08-01
2163,5476.0,585.0,2.0,Damaged Product,Rejected,2026-02-13
2164,6826.0,56.0,1.0,Quality Issue,Rejected,2026-05-16
2165,4886.0,827.0,3.0,Not as Described,Rejected,2026-02-20
2166,6809.0,99.0,2.0,Quality Issue,Pending,2025-06-18
2167,6579.0,130.0,1.0,Not as Described,Approved,2025-06-09
2168,1387.0,942.0,3.0,Customer Changed Mind,Approved,2026-03-31
2169,9595.0,461.0,1.0,Damaged Product,Pending,2025-09-22
2170,5112.0,211.0,3.0,Damaged Product,Approved,2025-12-04
2171,1708.0,302.0,5.0,Not as Described,Pending,2026-03-14
2172,5222.0,37.0,2.0,Wrong Item Delivered,Approved,2026-04-29
2173,9334.0,224.0,3.0,Quality Issue,Approved,2026-03-29
2174,4824.0,964.0,2.0,Wrong Item Delivered,Pending,2025-12-15
2175,8104.0,483.0,5.0,Wrong Item Delivered,Pending,2025-05-25
2176,7196.0,238.0,4.0,Customer Changed Mind,Approved,2026-01-08
2177,6427.0,835.0,3.0,Not as Described,Approved,2025-08-26
2178,7799.0,862.0,5.0,Quality Issue,Pending,2025-10-04
2179,3511.0,595.0,3.0,Damaged Product,Approved,2025-07-12
2180,6842.0,481.0,2.0,Customer Changed Mind,Rejected,2025-08-28
2181,7969.0,712.0,4.0,Quality Issue,Pending,2025-11-22
2182,4306.0,220.0,5.0,Wrong Item Delivered,Pending,2025-12-15
2183,1700.0,236.0,4.0,Wrong Item Delivered,Pending,2025-07-28
2184,2303.0,956.0,5.0,Customer Changed Mind,Rejected,2025-11-04
2185,3153.0,655.0,4.0,Damaged Product,Pending,2025-10-01
2186,1522.0,302.0,4.0,Damaged Product,Rejected,2026-02-23
2187,9249.0,630.0,1.0,Quality Issue,Pending,2025-12-07
2188,3782.0,180.0,1.0,Customer Changed Mind,Pending,2026-04-12
2189,7233.0,160.0,3.0,Not as Described,Pending,2025-12-10
2190,6122.0,725.0,5.0,Not as Described,Approved,2026-05-11
2191,1510.0,575.0,4.0,Damaged Product,Rejected,2025-12-08
2192,9053.0,444.0,2.0,Quality Issue,Approved,2025-05-25
2193,3940.0,164.0,5.0,Damaged Product,Pending,2026-02-09
2194,593.0,426.0,5.0,Not as Described,Rejected,2025-08-17
2195,5150.0,886.0,3.0,Customer Changed Mind,Approved,2025-09-27
2196,7214.0,496.0,2.0,Quality Issue,Approved,2026-01-23
2197,2913.0,521.0,4.0,Wrong Item Delivered,Pending,2025-08-09
2198,375.0,260.0,4.0,Damaged Product,Pending,2026-03-06
2199,9766.0,392.0,4.0,Customer Changed Mind,Approved,2025-08-16
2200,8108.0,258.0,2.0,Wrong Item Delivered,Rejected,2025-08-29
2201,9721.0,218.0,5.0,Not as Described,Rejected,2026-03-10
2202,2485.0,484.0,5.0,Customer Changed Mind,Rejected,2025-06-23
2203,3390.0,322.0,5.0,Quality Issue,Approved,2026-01-16
2204,6602.0,175.0,1.0,Customer Changed Mind,Rejected,2026-05-20
2205,9994.0,34.0,3.0,Not as Described,Approved,2025-12-12
2206,211.0,32.0,3.0,Not as Described,Approved,2026-02-26
2207,3955.0,770.0,1.0,Wrong Item Delivered,Approved,2026-04-06
2208,6693.0,895.0,5.0,Not as Described,Rejected,2025-12-15
2209,1356.0,669.0,4.0,Not as Described,Approved,2025-06-15
2210,519.0,62.0,2.0,Wrong Item Delivered,Rejected,2025-06-02
2211,3067.0,701.0,1.0,Customer Changed Mind,Pending,2025-06-04
2212,5305.0,579.0,4.0,Damaged Product,Pending,2025-06-04
2213,3672.0,706.0,4.0,Damaged Product,Pending,2025-09-12
2214,680.0,841.0,1.0,Customer Changed Mind,Pending,2025-06-05
2215,8172.0,364.0,2.0,Wrong Item Delivered,Rejected,2026-02-13
2216,722.0,740.0,1.0,Quality Issue,Rejected,2026-03-07
2217,4702.0,574.0,3.0,Wrong Item Delivered,Pending,2025-09-29
2218,7474.0,706.0,2.0,Wrong Item Delivered,Approved,2025-11-14
2219,9635.0,409.0,5.0,Wrong Item Delivered,Rejected,2026-01-14
2220,6298.0,184.0,1.0,Quality Issue,Rejected,2025-08-05
2221,8197.0,613.0,1.0,Customer Changed Mind,Pending,2025-09-10
2222,9220.0,659.0,1.0,Damaged Product,Pending,2026-03-26
2223,8273.0,360.0,4.0,Quality Issue,Pending,2025-10-22
2224,1435.0,142.0,4.0,Customer Changed Mind,Rejected,2025-08-25
2225,545.0,787.0,2.0,Quality Issue,Approved,2026-04-20
2226,2334.0,581.0,2.0,Wrong Item Delivered,Approved,2025-05-28
2227,9427.0,429.0,3.0,Customer Changed Mind,Rejected,2026-02-17
2228,5905.0,835.0,4.0,Not as Described,Approved,2025-11-10
2229,1469.0,587.0,3.0,Wrong Item Delivered,Pending,2026-04-14
2230,3864.0,259.0,4.0,Damaged Product,Pending,2026-04-06
2231,2617.0,720.0,2.0,Not as Described,Pending,2025-11-01
2232,2419.0,870.0,1.0,Customer Changed Mind,Approved,2025-12-03
2233,2410.0,286.0,4.0,Quality Issue,Rejected,2025-10-02
2234,3526.0,240.0,2.0,Not as Described,Pending,2026-01-25
2235,1176.0,832.0,2.0,Customer Changed Mind,Rejected,2025-10-04
2236,7340.0,540.0,4.0,Wrong Item Delivered,Approved,2025-11-13
2237,4645.0,241.0,1.0,Customer Changed Mind,Rejected,2026-01-14
2238,2188.0,404.0,1.0,Quality Issue,Approved,2026-05-25
2239,4123.0,999.0,1.0,Damaged Product,Rejected,2025-12-19
2240,549.0,313.0,1.0,Wrong Item Delivered,Pending,2026-02-27
2241,2965.0,811.0,5.0,Customer Changed Mind,Approved,2026-02-10
2242,8489.0,31.0,2.0,Quality Issue,Approved,2025-10-19
2243,1472.0,123.0,1.0,Quality Issue,Approved,2025-09-14
2244,4868.0,199.0,1.0,Quality Issue,Rejected,2026-03-05
2245,9796.0,638.0,5.0,Quality Issue,Approved,2025-06-26
2246,6357.0,642.0,4.0,Quality Issue,Rejected,2025-07-08
2247,6030.0,715.0,1.0,Not as Described,Rejected,2025-12-11
2248,5059.0,469.0,4.0,Wrong Item Delivered,Rejected,2026-04-17
2249,8967.0,564.0,5.0,Wrong Item Delivered,Rejected,2025-07-10
2250,8998.0,783.0,1.0,Not as Described,Rejected,2026-04-22
2251,9674.0,288.0,5.0,Quality Issue,Pending,2025-08-11
2252,843.0,104.0,3.0,Quality Issue,Approved,2026-04-07
2253,5494.0,834.0,4.0,Wrong Item Delivered,Pending,2025-10-01
2254,6041.0,44.0,1.0,Not as Described,Pending,2025-08-12
2255,5664.0,608.0,4.0,Wrong Item Delivered,Pending,2026-01-15
2256,7562.0,143.0,3.0,Quality Issue,Approved,2025-06-29
2257,6403.0,685.0,5.0,Not as Described,Pending,2025-07-14
2258,320.0,560.0,5.0,Damaged Product,Rejected,2025-08-20
2259,2767.0,797.0,1.0,Wrong Item Delivered,Approved,2026-01-16
2260,7527.0,80.0,4.0,Customer Changed Mind,Approved,2025-11-02
2261,1915.0,676.0,3.0,Not as Described,Rejected,2026-05-05
2262,9475.0,6.0,2.0,Wrong Item Delivered,Rejected,2025-12-01
2263,6760.0,152.0,4.0,Customer Changed Mind,Pending,2025-09-26
2264,2251.0,254.0,3.0,Damaged Product,Approved,2025-06-04
2265,9840.0,188.0,1.0,Customer Changed Mind,Rejected,2025-08-30
2266,2932.0,264.0,4.0,Wrong Item Delivered,Approved,2025-10-18
2267,357.0,172.0,2.0,Damaged Product,Approved,2025-07-01
2268,7269.0,28.0,1.0,Not as Described,Pending,2026-03-27
2269,9533.0,664.0,5.0,Damaged Product,Pending,2026-02-09
2270,4577.0,664.0,4.0,Damaged Product,Rejected,2025-10-03
2271,8595.0,592.0,5.0,Damaged Product,Rejected,2025-12-16
2272,2533.0,637.0,1.0,Wrong Item Delivered,Rejected,2026-04-25
2273,2651.0,528.0,3.0,Wrong Item Delivered,Pending,2025-12-29
2274,6630.0,775.0,1.0,Quality Issue,Approved,2025-08-25
2275,658.0,327.0,1.0,Not as Described,Pending,2025-11-17
2276,3976.0,316.0,4.0,Not as Described,Approved,2025-10-25
2277,1350.0,898.0,2.0,Not as Described,Rejected,2025-06-02
2278,3724.0,755.0,3.0,Wrong Item Delivered,Pending,2026-01-31
2279,3177.0,873.0,5.0,Wrong Item Delivered,Pending,2026-03-19
2280,5826.0,79.0,1.0,Damaged Product,Approved,2025-12-29
2281,4622.0,766.0,3.0,Damaged Product,Approved,2026-01-24
2282,6490.0,394.0,2.0,Wrong Item Delivered,Rejected,2026-03-03
2283,432.0,459.0,5.0,Quality Issue,Rejected,2026-03-16
2284,6416.0,983.0,4.0,Customer Changed Mind,Rejected,2025-07-20
2285,1135.0,180.0,4.0,Wrong Item Delivered,Rejected,2025-07-17
2286,9001.0,64.0,2.0,Not as Described,Rejected,2025-08-06
2287,3975.0,562.0,1.0,Damaged Product,Approved,2026-03-19
2288,9274.0,15.0,3.0,Not as Described,Approved,2026-03-25
2289,6395.0,827.0,2.0,Wrong Item Delivered,Rejected,2026-04-27
2290,1016.0,405.0,5.0,Quality Issue,Approved,2026-03-20
2291,1462.0,465.0,4.0,Wrong Item Delivered,Rejected,2025-11-01
2292,5291.0,883.0,5.0,Damaged Product,Pending,2025-06-17
2293,6517.0,452.0,3.0,Not as Described,Rejected,2026-01-21
2294,3051.0,965.0,4.0,Wrong Item Delivered,Approved,2025-07-19
2295,9526.0,828.0,1.0,Damaged Product,Approved,2025-09-03
2296,2304.0,808.0,3.0,Quality Issue,Rejected,2025-06-14
2297,7257.0,395.0,3.0,Wrong Item Delivered,Pending,2025-09-05
2298,9177.0,567.0,1.0,Wrong Item Delivered,Rejected,2026-05-02
2299,294.0,894.0,2.0,Wrong Item Delivered,Pending,2025-07-09
2300,2463.0,105.0,2.0,Wrong Item Delivered,Rejected,2026-04-19
2301,2818.0,222.0,1.0,Damaged Product,Pending,2025-12-13
2302,8969.0,140.0,1.0,Not as Described,Approved,2025-11-05
2303,7587.0,654.0,4.0,Damaged Product,Approved,2026-01-08
2304,3039.0,141.0,2.0,Not as Described,Pending,2025-10-03
2305,5108.0,924.0,2.0,Quality Issue,Rejected,2025-08-17
2306,5342.0,516.0,2.0,Quality Issue,Rejected,2025-07-07
2307,9326.0,206.0,3.0,Wrong Item Delivered,Rejected,2025-08-14
2308,466.0,2.0,3.0,Not as Described,Rejected,2025-10-26
2309,482.0,140.0,4.0,Damaged Product,Rejected,2026-01-29
2310,4675.0,62.0,1.0,Customer Changed Mind,Pending,2025-08-06
2311,2672.0,34.0,2.0,Not as Described,Rejected,2025-08-29
2312,4327.0,480.0,5.0,Not as Described,Pending,2025-08-13
2313,23.0,448.0,5.0,Damaged Product,Pending,2025-06-23
2314,6853.0,303.0,1.0,Damaged Product,Pending,2026-04-09
2315,5662.0,494.0,1.0,Customer Changed Mind,Pending,2026-04-19
2316,839.0,354.0,1.0,Not as Described,Pending,2026-01-14
2317,3468.0,876.0,1.0,Wrong Item Delivered,Approved,2025-10-31
2318,7894.0,916.0,1.0,Damaged Product,Pending,2025-06-06
2319,3094.0,404.0,1.0,Quality Issue,Approved,2026-01-08
2320,4872.0,812.0,5.0,Quality Issue,Rejected,2026-01-04
2321,2738.0,267.0,2.0,Damaged Product,Approved,2025-05-28
2322,6500.0,27.0,2.0,Customer Changed Mind,Pending,2026-03-11
2323,1360.0,599.0,4.0,Quality Issue,Pending,2025-06-18
2324,2855.0,741.0,3.0,Quality Issue,Pending,2025-10-14
2325,3117.0,195.0,4.0,Quality Issue,Pending,2025-08-03
2326,1725.0,749.0,5.0,Damaged Product,Pending,2026-02-11
2327,4147.0,321.0,1.0,Customer Changed Mind,Rejected,2026-04-08
2328,3677.0,784.0,3.0,Quality Issue,Rejected,2025-06-22
2329,4097.0,557.0,1.0,Damaged Product,Approved,2025-06-03
2330,20.0,40.0,1.0,Damaged Product,Rejected,2025-10-05
2331,858.0,212.0,5.0,Quality Issue,Pending,2025-09-25
2332,2506.0,900.0,2.0,Damaged Product,Rejected,2026-04-14
2333,3454.0,736.0,1.0,Customer Changed Mind,Pending,2025-11-09
2334,6455.0,476.0,5.0,Wrong Item Delivered,Rejected,2025-10-05
2335,691.0,450.0,2.0,Wrong Item Delivered,Pending,2025-07-16
2336,2486.0,87.0,1.0,Damaged Product,Rejected,2025-09-05
2337,9265.0,982.0,4.0,Damaged Product,Pending,2025-06-02
2338,5810.0,910.0,3.0,Quality Issue,Approved,2025-10-16
2339,2969.0,17.0,3.0,Not as Described,Approved,2026-02-06
2340,9180.0,671.0,1.0,Customer Changed Mind,Pending,2025-10-27
2341,4007.0,447.0,4.0,Damaged Product,Rejected,2025-10-18
2342,1346.0,82.0,5.0,Wrong Item Delivered,Pending,2026-02-21
2343,6024.0,821.0,5.0,Wrong Item Delivered,Approved,2025-12-31
2344,8072.0,536.0,2.0,Wrong Item Delivered,Rejected,2025-12-04
2345,7972.0,701.0,2.0,Damaged Product,Approved,2025-10-28
2346,9180.0,254.0,4.0,Quality Issue,Approved,2025-06-24
2347,2582.0,784.0,2.0,Quality Issue,Pending,2025-12-10
2348,7164.0,907.0,3.0,Wrong Item Delivered,Pending,2026-02-02
2349,1504.0,123.0,5.0,Wrong Item Delivered,Approved,2025-10-27
2350,7235.0,217.0,3.0,Wrong Item Delivered,Pending,2025-08-29
2351,745.0,749.0,5.0,Quality Issue,Rejected,2025-08-02
2352,3115.0,418.0,3.0,Not as Described,Pending,2026-04-28
2353,2940.0,902.0,5.0,Quality Issue,Pending,2025-08-06
2354,5407.0,494.0,2.0,Not as Described,Rejected,2025-08-29
2355,6110.0,88.0,1.0,Customer Changed Mind,Pending,2026-05-06
2356,1885.0,506.0,1.0,Quality Issue,Rejected,2025-09-08
2357,1955.0,42.0,1.0,Customer Changed Mind,Pending,2025-06-11
2358,5135.0,734.0,1.0,Quality Issue,Pending,2025-11-12
2359,9628.0,616.0,1.0,Wrong Item Delivered,Rejected,2025-06-02
2360,2462.0,690.0,4.0,Not as Described,Rejected,2026-01-29
2361,5720.0,138.0,2.0,Quality Issue,Pending,2025-11-02
2362,2423.0,260.0,3.0,Quality Issue,Approved,2026-05-12
2363,1969.0,392.0,3.0,Wrong Item Delivered,Rejected,2026-03-19
2364,9205.0,628.0,5.0,Wrong Item Delivered,Rejected,2025-10-05
2365,3383.0,660.0,2.0,Customer Changed Mind,Pending,2026-01-11
2366,4479.0,562.0,3.0,Not as Described,Approved,2025-09-14
2367,4802.0,655.0,2.0,Quality Issue,Rejected,2025-06-02
2368,9955.0,732.0,3.0,Customer Changed Mind,Rejected,2026-01-07
2369,7981.0,381.0,2.0,Customer Changed Mind,Rejected,2026-02-11
2370,2273.0,173.0,2.0,Wrong Item Delivered,Pending,2025-11-21
2371,4330.0,450.0,3.0,Not as Described,Approved,2026-01-14
2372,5607.0,86.0,4.0,Quality Issue,Approved,2025-11-01
2373,3438.0,755.0,1.0,Damaged Product,Approved,2025-07-23
2374,1949.0,508.0,3.0,Not as Described,Approved,2025-08-15
2375,9315.0,567.0,2.0,Customer Changed Mind,Pending,2026-01-17
2376,7672.0,470.0,5.0,Not as Described,Pending,2025-08-16
2377,7622.0,701.0,4.0,Quality Issue,Rejected,2025-06-05
2378,2488.0,607.0,3.0,Damaged Product,Pending,2025-09-28
2379,8738.0,200.0,4.0,Not as Described,Approved,2025-08-20
2380,1358.0,946.0,3.0,Not as Described,Approved,2026-04-13
2381,5414.0,49.0,4.0,Quality Issue,Approved,2025-08-05
2382,7511.0,739.0,4.0,Customer Changed Mind,Pending,2025-07-14
2383,9906.0,321.0,5.0,Quality Issue,Pending,2025-09-02
2384,178.0,970.0,4.0,Not as Described,Approved,2025-12-01
2385,7615.0,191.0,5.0,Damaged Product,Pending,2025-05-25
2386,6938.0,407.0,4.0,Damaged Product,Pending,2025-12-25
2387,134.0,445.0,2.0,Damaged Product,Pending,2025-05-27
2388,234.0,864.0,2.0,Not as Described,Approved,2026-02-17
2389,1604.0,400.0,5.0,Damaged Product,Approved,2025-12-29
2390,2894.0,444.0,4.0,Quality Issue,Rejected,2025-10-13
2391,735.0,226.0,5.0,Wrong Item Delivered,Pending,2025-08-04
2392,5530.0,945.0,2.0,Not as Described,Rejected,2026-04-23
2393,9492.0,341.0,4.0,Not as Described,Pending,2025-11-03
2394,7031.0,491.0,1.0,Wrong Item Delivered,Approved,2025-09-15
2395,5130.0,707.0,3.0,Wrong Item Delivered,Pending,2025-06-06
2396,8165.0,423.0,5.0,Quality Issue,Approved,2025-10-17
2397,2401.0,414.0,5.0,Damaged Product,Pending,2025-11-25
2398,6485.0,190.0,3.0,Not as Described,Approved,2025-09-15
2399,2092.0,955.0,2.0,Not as Described,Rejected,2025-06-13
2400,346.0,536.0,4.0,Damaged Product,Rejected,2025-11-23
2401,9052.0,679.0,2.0,Damaged Product,Rejected,2025-08-08
2402,2954.0,890.0,1.0,Not as Described,Approved,2026-01-07
2403,3783.0,190.0,5.0,Damaged Product,Rejected,2026-05-20
2404,7768.0,415.0,4.0,Customer Changed Mind,Approved,2025-12-10
2405,9499.0,658.0,5.0,Damaged Product,Approved,2026-02-18
2406,5209.0,204.0,2.0,Quality Issue,Rejected,2025-09-13
2407,6550.0,298.0,5.0,Quality Issue,Approved,2026-02-05
2408,9378.0,600.0,5.0,Wrong Item Delivered,Approved,2025-10-21
2409,912.0,137.0,2.0,Quality Issue,Approved,2026-02-10
2410,9465.0,406.0,3.0,Customer Changed Mind,Rejected,2026-05-18
2411,9413.0,383.0,4.0,Wrong Item Delivered,Rejected,2025-12-25
2412,2042.0,179.0,2.0,Customer Changed Mind,Approved,2026-05-21
2413,7199.0,673.0,3.0,Not as Described,Pending,2026-02-25
2414,7603.0,850.0,1.0,Customer Changed Mind,Approved,2025-11-25
2415,328.0,104.0,2.0,Damaged Product,Pending,2026-01-20
2416,9814.0,288.0,3.0,Customer Changed Mind,Approved,2025-06-19
2417,6407.0,379.0,5.0,Customer Changed Mind,Pending,2025-10-31
2418,7679.0,235.0,2.0,Not as Described,Pending,2025-12-09
2419,5763.0,290.0,4.0,Damaged Product,Rejected,2026-01-11
2420,3854.0,908.0,1.0,Customer Changed Mind,Rejected,2025-08-19
2421,1457.0,7.0,3.0,Quality Issue,Approved,2025-08-08
2422,466.0,112.0,5.0,Not as Described,Approved,2025-11-14
2423,8773.0,229.0,4.0,Damaged Product,Rejected,2025-06-09
2424,787.0,59.0,4.0,Not as Described,Approved,2026-01-13
2425,4758.0,437.0,2.0,Wrong Item Delivered,Rejected,2025-08-27
2426,8177.0,813.0,3.0,Quality Issue,Rejected,2026-02-01
2427,8125.0,661.0,2.0,Customer Changed Mind,Rejected,2025-08-12
2428,7555.0,913.0,3.0,Quality Issue,Approved,2025-10-22
2429,2602.0,665.0,2.0,Damaged Product,Rejected,2026-02-05
2430,6594.0,844.0,3.0,Not as Described,Pending,2025-10-10
2431,5305.0,173.0,1.0,Damaged Product,Pending,2025-07-19
2432,3186.0,193.0,2.0,Customer Changed Mind,Rejected,2025-12-19
2433,4309.0,878.0,3.0,Not as Described,Approved,2025-06-23
2434,1238.0,865.0,4.0,Wrong Item Delivered,Pending,2025-11-12
2435,191.0,911.0,4.0,Quality Issue,Rejected,2025-12-12
2436,5686.0,710.0,5.0,Customer Changed Mind,Pending,2025-09-30
2437,7493.0,437.0,3.0,Wrong Item Delivered,Approved,2025-07-31
2438,2829.0,904.0,5.0,Not as Described,Pending,2026-02-17
2439,5110.0,478.0,3.0,Damaged Product,Pending,2026-02-27
2440,4685.0,351.0,3.0,Quality Issue,Rejected,2025-11-16
2441,4960.0,227.0,1.0,Wrong Item Delivered,Rejected,2025-10-21
2442,4761.0,260.0,3.0,Wrong Item Delivered,Rejected,2025-10-21
2443,2485.0,485.0,2.0,Damaged Product,Rejected,2025-06-20
2444,5959.0,945.0,1.0,Wrong Item Delivered,Pending,2026-03-26
2445,5272.0,361.0,5.0,Wrong Item Delivered,Pending,2025-11-01
2446,4387.0,933.0,5.0,Quality Issue,Pending,2026-01-06
2447,6682.0,574.0,1.0,Customer Changed Mind,Pending,2026-05-25
2448,3492.0,369.0,2.0,Customer Changed Mind,Approved,2026-02-19
2449,9257.0,389.0,5.0,Wrong Item Delivered,Approved,2026-05-22
2450,4045.0,14.0,2.0,Customer Changed Mind,Approved,2025-12-06
2451,1808.0,363.0,4.0,Not as Described,Rejected,2025-08-24
2452,3979.0,826.0,5.0,Wrong Item Delivered,Pending,2025-12-03
2453,3883.0,803.0,5.0,Customer Changed Mind,Approved,2025-08-07
2454,630.0,114.0,4.0,Quality Issue,Approved,2025-08-26
2455,4617.0,277.0,5.0,Wrong Item Delivered,Pending,2025-10-08
2456,5871.0,606.0,1.0,Customer Changed Mind,Rejected,2025-06-15
2457,7738.0,824.0,2.0,Quality Issue,Rejected,2025-12-28
2458,3354.0,767.0,3.0,Customer Changed Mind,Rejected,2026-04-02
2459,3356.0,321.0,3.0,Wrong Item Delivered,Approved,2026-03-11
2460,2997.0,301.0,3.0,Damaged Product,Approved,2025-10-08
2461,70.0,682.0,3.0,Customer Changed Mind,Approved,2025-11-05
2462,9788.0,532.0,3.0,Wrong Item Delivered,Pending,2026-04-19
2463,3743.0,295.0,1.0,Wrong Item Delivered,Pending,2025-12-03
2464,7345.0,4.0,3.0,Not as Described,Approved,2026-05-03
2465,2994.0,346.0,5.0,Not as Described,Pending,2025-11-11
2466,2198.0,874.0,2.0,Damaged Product,Rejected,2026-02-23
2467,4004.0,851.0,2.0,Not as Described,Approved,2025-11-08
2468,7017.0,484.0,5.0,Customer Changed Mind,Pending,2026-01-01
2469,5437.0,968.0,4.0,Not as Described,Approved,2025-09-27
2470,5086.0,607.0,2.0,Quality Issue,Approved,2025-10-09
2471,6287.0,774.0,5.0,Customer Changed Mind,Pending,2025-05-29
2472,4280.0,275.0,5.0,Damaged Product,Pending,2026-05-18
2473,6916.0,831.0,1.0,Wrong Item Delivered,Rejected,2025-11-28
2474,6424.0,165.0,5.0,Wrong Item Delivered,Rejected,2025-08-03
2475,9405.0,49.0,4.0,Quality Issue,Pending,2025-08-06
2476,9275.0,442.0,2.0,Quality Issue,Pending,2025-08-18
2477,9434.0,755.0,3.0,Quality Issue,Approved,2025-09-21
2478,7925.0,220.0,4.0,Customer Changed Mind,Pending,2025-07-14
2479,9791.0,5.0,3.0,Not as Described,Rejected,2025-12-07
2480,4718.0,716.0,4.0,Customer Changed Mind,Approved,2025-12-30
2481,5338.0,571.0,2.0,Customer Changed Mind,Rejected,2025-08-24
2482,4634.0,232.0,3.0,Wrong Item Delivered,Rejected,2025-07-01
2483,956.0,338.0,1.0,Quality Issue,Pending,2025-11-28
2484,8882.0,626.0,5.0,Damaged Product,Rejected,2025-06-09
2485,4843.0,343.0,2.0,Damaged Product,Rejected,2025-12-08
2486,197.0,448.0,3.0,Damaged Product,Rejected,2026-04-04
2487,7239.0,657.0,1.0,Not as Described,Pending,2026-01-19
2488,4357.0,163.0,2.0,Quality Issue,Rejected,2026-01-16
2489,213.0,881.0,2.0,Quality Issue,Pending,2026-02-21
2490,3865.0,68.0,3.0,Quality Issue,Pending,2025-08-04
2491,4938.0,217.0,2.0,Wrong Item Delivered,Pending,2025-06-08
2492,7127.0,416.0,2.0,Quality Issue,Rejected,2025-07-29
2493,1458.0,650.0,5.0,Not as Described,Approved,2025-12-05
2494,455.0,641.0,4.0,Customer Changed Mind,Pending,2025-12-16
2495,6162.0,669.0,4.0,Damaged Product,Pending,2025-12-03
2496,7263.0,163.0,5.0,Wrong Item Delivered,Rejected,2025-10-16
2497,2646.0,464.0,2.0,Customer Changed Mind,Pending,2026-05-16
2498,4228.0,230.0,5.0,Quality Issue,Pending,2026-04-07
2499,9518.0,916.0,2.0,Not as Described,Pending,2025-12-25
2500,8212.0,951.0,3.0,Damaged Product,Pending,2025-10-23
2501,6381.0,956.0,4.0,Customer Changed Mind,Rejected,2025-07-22
2502,3209.0,559.0,2.0,Quality Issue,Pending,2025-06-16
2503,2077.0,641.0,1.0,Wrong Item Delivered,Rejected,2026-04-28
2504,5259.0,465.0,4.0,Wrong Item Delivered,Pending,2025-11-23
2505,1048.0,125.0,5.0,Not as Described,Pending,2025-10-27
2506,77.0,326.0,1.0,Quality Issue,Rejected,2025-06-15
2507,345.0,913.0,1.0,Wrong Item Delivered,Pending,2025-11-11
2508,395.0,21.0,3.0,Quality Issue,Approved,2025-12-03
2509,3537.0,27.0,3.0,Quality Issue,Approved,2026-01-19
2510,4876.0,597.0,4.0,Customer Changed Mind,Rejected,2026-04-24
2511,7381.0,439.0,2.0,Damaged Product,Rejected,2025-08-10
2512,4391.0,199.0,5.0,Not as Described,Approved,2026-05-14
2513,5713.0,430.0,4.0,Wrong Item Delivered,Pending,2025-11-01
2514,3662.0,417.0,1.0,Quality Issue,Approved,2025-07-27
2515,809.0,272.0,1.0,Customer Changed Mind,Pending,2025-06-22
2516,1083.0,510.0,4.0,Wrong Item Delivered,Pending,2025-06-09
2517,4062.0,612.0,1.0,Not as Described,Pending,2025-12-20
2518,5696.0,34.0,1.0,Not as Described,Pending,2026-05-06
2519,4831.0,895.0,4.0,Quality Issue,Approved,2025-09-23
2520,9437.0,43.0,5.0,Customer Changed Mind,Rejected,2026-04-13
2521,8458.0,147.0,5.0,Not as Described,Approved,2025-09-28
2522,2345.0,482.0,1.0,Not as Described,Approved,2026-05-15
2523,4690.0,396.0,2.0,Damaged Product,Rejected,2025-06-18
2524,38.0,208.0,5.0,Quality Issue,Approved,2026-03-14
2525,6106.0,799.0,4.0,Customer Changed Mind,Rejected,2026-05-19
2526,3730.0,934.0,1.0,Customer Changed Mind,Rejected,2025-07-04
2527,124.0,392.0,5.0,Customer Changed Mind,Pending,2026-01-09
2528,6948.0,723.0,1.0,Damaged Product,Pending,2026-03-16
2529,959.0,38.0,3.0,Damaged Product,Rejected,2026-01-20
2530,2734.0,610.0,5.0,Wrong Item Delivered,Approved,2025-09-02
2531,6961.0,120.0,4.0,Damaged Product,Pending,2025-06-12
2532,3734.0,407.0,2.0,Quality Issue,Pending,2025-08-19
2533,526.0,73.0,2.0,Wrong Item Delivered,Pending,2025-10-26
2534,9899.0,709.0,1.0,Damaged Product,Pending,2026-01-29
2535,208.0,964.0,4.0,Customer Changed Mind,Pending,2025-08-18
2536,215.0,984.0,4.0,Quality Issue,Approved,2025-10-07
2537,7470.0,127.0,2.0,Customer Changed Mind,Pending,2026-02-10
2538,6904.0,968.0,1.0,Not as Described,Rejected,2025-10-22
2539,1725.0,854.0,3.0,Wrong Item Delivered,Pending,2026-01-27
2540,1419.0,423.0,4.0,Not as Described,Pending,2025-12-02
2541,6789.0,712.0,4.0,Wrong Item Delivered,Rejected,2026-03-17
2542,8565.0,88.0,5.0,Customer Changed Mind,Rejected,2026-04-09
2543,7906.0,122.0,3.0,Not as Described,Rejected,2025-09-18
2544,7318.0,612.0,5.0,Customer Changed Mind,Approved,2025-10-04
2545,2907.0,804.0,2.0,Wrong Item Delivered,Approved,2026-03-09
2546,1470.0,37.0,3.0,Damaged Product,Rejected,2025-12-28
2547,4729.0,148.0,4.0,Quality Issue,Pending,2025-07-17
2548,1782.0,300.0,4.0,Damaged Product,Rejected,2026-03-28
2549,6083.0,643.0,2.0,Wrong Item Delivered,Rejected,2025-08-26
2550,9374.0,850.0,1.0,Customer Changed Mind,Pending,2025-05-28
2551,7885.0,609.0,3.0,Wrong Item Delivered,Pending,2025-07-31
2552,9129.0,704.0,1.0,Quality Issue,Pending,2025-06-24
2553,8684.0,494.0,3.0,Quality Issue,Pending,2025-11-06
2554,5938.0,666.0,3.0,Damaged Product,Approved,2026-04-13
2555,8982.0,546.0,4.0,Quality Issue,Pending,2026-01-31
2556,2352.0,616.0,4.0,Damaged Product,Approved,2026-05-07
2557,8297.0,370.0,3.0,Damaged Product,Pending,2026-01-21
2558,3513.0,134.0,4.0,Damaged Product,Approved,2025-08-27
2559,3897.0,927.0,5.0,Customer Changed Mind,Approved,2025-11-02
2560,1748.0,816.0,2.0,Wrong Item Delivered,Approved,2025-12-19
2561,8336.0,777.0,1.0,Quality Issue,Pending,2026-03-22
2562,4947.0,848.0,3.0,Customer Changed Mind,Approved,2026-01-04
2563,9583.0,801.0,4.0,Wrong Item Delivered,Pending,2026-03-26
2564,5812.0,907.0,4.0,Customer Changed Mind,Pending,2025-07-04
2565,1599.0,432.0,3.0,Customer Changed Mind,Pending,2025-07-12
2566,987.0,799.0,3.0,Damaged Product,Rejected,2025-11-24
2567,557.0,37.0,2.0,Wrong Item Delivered,Approved,2026-04-12
2568,3021.0,974.0,5.0,Not as Described,Rejected,2025-06-15
2569,1402.0,525.0,1.0,Damaged Product,Rejected,2026-03-01
2570,497.0,629.0,2.0,Quality Issue,Rejected,2026-02-01
2571,8481.0,501.0,5.0,Customer Changed Mind,Rejected,2025-09-30
2572,9901.0,180.0,1.0,Quality Issue,Approved,2025-06-17
2573,6984.0,614.0,1.0,Customer Changed Mind,Pending,2026-04-21
2574,9957.0,255.0,5.0,Customer Changed Mind,Pending,2025-07-27
2575,989.0,658.0,5.0,Quality Issue,Rejected,2025-12-03
2576,4006.0,894.0,4.0,Quality Issue,Approved,2026-04-01
2577,7211.0,819.0,1.0,Quality Issue,Rejected,2025-10-07
2578,5595.0,924.0,4.0,Wrong Item Delivered,Rejected,2025-11-19
2579,67.0,677.0,4.0,Damaged Product,Pending,2025-12-16
2580,5289.0,348.0,2.0,Customer Changed Mind,Rejected,2026-04-09
2581,3248.0,969.0,4.0,Damaged Product,Pending,2025-06-09
2582,9397.0,192.0,2.0,Wrong Item Delivered,Pending,2025-12-12
2583,6440.0,309.0,5.0,Not as Described,Approved,2025-09-16
2584,4214.0,415.0,3.0,Quality Issue,Pending,2025-06-16
2585,7561.0,806.0,1.0,Wrong Item Delivered,Rejected,2025-08-25
2586,3480.0,915.0,4.0,Not as Described,Approved,2026-03-13
2587,8645.0,162.0,2.0,Damaged Product,Approved,2025-09-20
2588,5898.0,67.0,2.0,Wrong Item Delivered,Approved,2026-03-13
2589,3213.0,366.0,3.0,Damaged Product,Approved,2025-08-10
2590,3355.0,552.0,2.0,Wrong Item Delivered,Pending,2026-02-11
2591,1781.0,651.0,5.0,Customer Changed Mind,Approved,2025-07-12
2592,1623.0,707.0,3.0,Damaged Product,Rejected,2025-05-27
2593,1270.0,32.0,1.0,Not as Described,Rejected,2025-07-13
2594,141.0,514.0,5.0,Damaged Product,Pending,2025-09-01
2595,7435.0,8.0,4.0,Damaged Product,Approved,2025-06-29
2596,5470.0,487.0,3.0,Wrong Item Delivered,Approved,2026-01-08
2597,9498.0,418.0,3.0,Customer Changed Mind,Approved,2026-01-13
2598,7912.0,614.0,4.0,Quality Issue,Pending,2026-04-29
2599,5653.0,85.0,1.0,Wrong Item Delivered,Rejected,2025-11-18
2600,1594.0,732.0,1.0,Damaged Product,Rejected,2026-04-05
2601,3297.0,450.0,4.0,Not as Described,Pending,2025-07-13
2602,2572.0,848.0,4.0,Quality Issue,Rejected,2025-08-27
2603,7089.0,490.0,4.0,Not as Described,Pending,2026-02-23
2604,6846.0,443.0,3.0,Damaged Product,Pending,2026-04-09
2605,5168.0,483.0,1.0,Customer Changed Mind,Approved,2025-10-31
2606,214.0,159.0,2.0,Damaged Product,Pending,2025-08-11
2607,2435.0,523.0,4.0,Damaged Product,Rejected,2026-02-24
2608,1330.0,260.0,4.0,Not as Described,Rejected,2025-10-26
2609,6193.0,211.0,3.0,Not as Described,Rejected,2026-01-16
2610,5324.0,205.0,5.0,Quality Issue,Rejected,2025-07-30
2611,9061.0,913.0,3.0,Customer Changed Mind,Rejected,2026-04-29
2612,2770.0,186.0,3.0,Not as Described,Approved,2025-11-25
2613,4395.0,293.0,4.0,Quality Issue,Approved,2026-01-18
2614,4852.0,64.0,5.0,Damaged Product,Approved,2026-03-01
2615,7012.0,103.0,3.0,Not as Described,Approved,2025-08-05
2616,8778.0,415.0,2.0,Not as Described,Pending,2025-12-06
2617,6420.0,814.0,4.0,Wrong Item Delivered,Rejected,2026-04-10
2618,6969.0,517.0,5.0,Quality Issue,Pending,2025-06-22
2619,1773.0,677.0,4.0,Not as Described,Approved,2026-05-06
2620,5120.0,975.0,4.0,Not as Described,Approved,2026-01-01
2621,7007.0,820.0,1.0,Wrong Item Delivered,Approved,2025-06-25
2622,3662.0,280.0,1.0,Damaged Product,Pending,2026-01-14
2623,4075.0,411.0,1.0,Customer Changed Mind,Pending,2026-02-13
2624,3601.0,961.0,4.0,Customer Changed Mind,Rejected,2026-04-09
2625,940.0,240.0,2.0,Wrong Item Delivered,Approved,2026-03-28
2626,6006.0,323.0,1.0,Not as Described,Rejected,2025-09-23
2627,608.0,797.0,4.0,Damaged Product,Pending,2025-09-21
2628,2061.0,403.0,5.0,Wrong Item Delivered,Rejected,2025-12-20
2629,7397.0,478.0,2.0,Damaged Product,Rejected,2025-12-29
2630,7725.0,128.0,4.0,Quality Issue,Approved,2026-03-09
2631,721.0,233.0,5.0,Not as Described,Approved,2026-01-05
2632,7161.0,614.0,4.0,Quality Issue,Approved,2026-03-16
2633,9664.0,360.0,2.0,Wrong Item Delivered,Rejected,2026-02-09
2634,1452.0,496.0,1.0,Damaged Product,Approved,2025-06-22
2635,6169.0,889.0,5.0,Quality Issue,Pending,2026-02-24
2636,2766.0,677.0,4.0,Not as Described,Pending,2025-09-01
2637,9205.0,190.0,4.0,Not as Described,Rejected,2025-08-21
2638,2618.0,880.0,2.0,Not as Described,Approved,2025-08-23
2639,1793.0,276.0,4.0,Wrong Item Delivered,Pending,2025-09-29
2640,4964.0,867.0,4.0,Quality Issue,Pending,2025-07-07
2641,3257.0,723.0,1.0,Not as Described,Pending,2025-07-12
2642,3381.0,579.0,2.0,Damaged Product,Approved,2025-11-24
2643,1125.0,704.0,3.0,Damaged Product,Pending,2026-01-27
2644,3473.0,193.0,3.0,Customer Changed Mind,Pending,2026-05-11
2645,6049.0,101.0,4.0,Quality Issue,Approved,2026-02-21
2646,6206.0,901.0,4.0,Quality Issue,Rejected,2026-01-20
2647,5475.0,677.0,4.0,Not as Described,Approved,2026-03-29
2648,3227.0,897.0,1.0,Quality Issue,Rejected,2025-10-06
2649,6268.0,898.0,3.0,Damaged Product,Rejected,2025-12-17
2650,9079.0,96.0,5.0,Wrong Item Delivered,Rejected,2026-01-24
2651,3152.0,474.0,4.0,Quality Issue,Approved,2025-07-10
2652,9143.0,42.0,4.0,Customer Changed Mind,Pending,2025-08-25
2653,9068.0,790.0,1.0,Wrong Item Delivered,Rejected,2025-12-21
2654,2317.0,517.0,4.0,Customer Changed Mind,Rejected,2026-04-13
2655,5119.0,292.0,3.0,Not as Described,Approved,2025-08-08
2656,1053.0,414.0,1.0,Not as Described,Approved,2025-10-23
2657,8380.0,68.0,4.0,Damaged Product,Rejected,2025-11-02
2658,3543.0,225.0,5.0,Not as Described,Pending,2025-07-30
2659,8945.0,307.0,4.0,Damaged Product,Pending,2026-02-23
2660,7227.0,957.0,2.0,Not as Described,Approved,2025-10-22
2661,5552.0,334.0,3.0,Wrong Item Delivered,Approved,2026-04-09
2662,6893.0,534.0,5.0,Damaged Product,Approved,2025-10-19
2663,252.0,884.0,2.0,Not as Described,Pending,2025-11-16
2664,9179.0,227.0,5.0,Damaged Product,Approved,2025-09-11
2665,1324.0,433.0,5.0,Quality Issue,Rejected,2025-06-12
2666,8018.0,474.0,1.0,Quality Issue,Pending,2025-11-07
2667,552.0,910.0,3.0,Not as Described,Approved,2026-04-11
2668,6907.0,971.0,2.0,Not as Described,Pending,2025-09-30
2669,5179.0,491.0,3.0,Damaged Product,Approved,2025-10-07
2670,1936.0,822.0,1.0,Customer Changed Mind,Approved,2026-04-23
2671,6882.0,324.0,4.0,Quality Issue,Pending,2025-09-17
2672,5361.0,245.0,4.0,Quality Issue,Approved,2025-12-23
2673,2710.0,834.0,2.0,Not as Described,Approved,2026-02-22
2674,1137.0,210.0,5.0,Damaged Product,Rejected,2025-12-18
2675,6620.0,675.0,4.0,Not as Described,Approved,2025-11-16
2676,446.0,847.0,5.0,Not as Described,Rejected,2025-07-08
2677,3225.0,854.0,1.0,Not as Described,Approved,2026-01-09
2678,5705.0,163.0,2.0,Not as Described,Rejected,2026-03-30
2679,5535.0,426.0,1.0,Damaged Product,Rejected,2025-12-19
2680,3802.0,366.0,5.0,Wrong Item Delivered,Pending,2025-10-06
2681,4856.0,489.0,5.0,Not as Described,Pending,2025-05-26
2682,362.0,473.0,4.0,Customer Changed Mind,Approved,2026-02-25
2683,1050.0,230.0,4.0,Quality Issue,Approved,2026-05-19
2684,3119.0,188.0,3.0,Not as Described,Pending,2026-03-11
2685,1898.0,84.0,1.0,Not as Described,Approved,2025-11-12
2686,8340.0,372.0,5.0,Damaged Product,Rejected,2025-07-04
2687,9947.0,411.0,3.0,Quality Issue,Pending,2026-01-26
2688,2799.0,938.0,5.0,Wrong Item Delivered,Pending,2025-07-20
2689,6426.0,151.0,5.0,Damaged Product,Approved,2025-06-18
2690,3234.0,399.0,2.0,Customer Changed Mind,Pending,2026-01-30
2691,768.0,818.0,4.0,Wrong Item Delivered,Rejected,2025-09-15
2692,7404.0,803.0,1.0,Damaged Product,Approved,2025-07-10
2693,3733.0,303.0,1.0,Wrong Item Delivered,Rejected,2025-07-18
2694,2713.0,754.0,2.0,Customer Changed Mind,Approved,2025-09-24
2695,1051.0,41.0,4.0,Customer Changed Mind,Approved,2026-01-07
2696,5669.0,62.0,2.0,Wrong Item Delivered,Pending,2026-05-05
2697,3779.0,46.0,2.0,Customer Changed Mind,Pending,2025-12-25
2698,9079.0,246.0,2.0,Customer Changed Mind,Rejected,2026-04-27
2699,1489.0,194.0,1.0,Damaged Product,Pending,2026-05-08
2700,5448.0,350.0,3.0,Customer Changed Mind,Rejected,2026-04-21
2701,377.0,80.0,3.0,Damaged Product,Pending,2026-02-18
2702,8774.0,82.0,5.0,Not as Described,Approved,2026-04-27
2703,1275.0,323.0,5.0,Quality Issue,Rejected,2026-02-10
2704,1064.0,607.0,2.0,Quality Issue,Rejected,2025-11-02
2705,9941.0,206.0,3.0,Quality Issue,Rejected,2026-03-22
2706,1968.0,499.0,3.0,Damaged Product,Approved,2025-12-17
2707,9522.0,931.0,5.0,Wrong Item Delivered,Approved,2026-04-14
2708,2430.0,63.0,2.0,Quality Issue,Rejected,2025-06-09
2709,5280.0,985.0,2.0,Customer Changed Mind,Pending,2026-05-01
2710,8717.0,813.0,3.0,Damaged Product,Pending,2026-02-10
2711,9097.0,269.0,1.0,Quality Issue,Rejected,2026-01-15
2712,6297.0,695.0,5.0,Quality Issue,Pending,2025-11-23
2713,6197.0,961.0,5.0,Customer Changed Mind,Approved,2025-12-21
2714,6177.0,13.0,5.0,Not as Described,Approved,2026-04-27
2715,140.0,835.0,3.0,Damaged Product,Pending,2025-05-26
2716,3353.0,545.0,2.0,Quality Issue,Pending,2026-01-07
2717,9612.0,371.0,4.0,Not as Described,Rejected,2025-12-05
2718,2739.0,805.0,1.0,Damaged Product,Approved,2026-03-21
2719,6487.0,933.0,4.0,Quality Issue,Rejected,2025-10-01
2720,2570.0,250.0,1.0,Customer Changed Mind,Pending,2025-10-15
2721,3178.0,236.0,5.0,Not as Described,Rejected,2026-02-16
2722,3285.0,356.0,2.0,Quality Issue,Pending,2025-06-05
2723,7436.0,934.0,1.0,Not as Described,Pending,2025-10-31
2724,9973.0,973.0,5.0,Not as Described,Approved,2025-06-19
2725,2769.0,340.0,1.0,Quality Issue,Rejected,2026-02-18
2726,4198.0,613.0,3.0,Quality Issue,Rejected,2025-06-08
2727,7638.0,235.0,4.0,Customer Changed Mind,Approved,2025-10-19
2728,6496.0,60.0,4.0,Quality Issue,Rejected,2025-06-26
2729,9508.0,857.0,1.0,Not as Described,Pending,2025-12-09
2730,2462.0,505.0,4.0,Customer Changed Mind,Pending,2026-03-01
2731,7148.0,59.0,3.0,Quality Issue,Rejected,2026-03-09
2732,3322.0,433.0,2.0,Not as Described,Pending,2025-06-23
2733,7237.0,845.0,3.0,Damaged Product,Approved,2025-10-18
2734,4860.0,613.0,5.0,Damaged Product,Rejected,2026-01-22
2735,6241.0,252.0,3.0,Customer Changed Mind,Pending,2025-06-10
2736,3611.0,812.0,3.0,Damaged Product,Pending,2026-02-10
2737,3452.0,320.0,3.0,Damaged Product,Approved,2025-12-04
2738,562.0,150.0,1.0,Not as Described,Rejected,2026-01-17
2739,4272.0,613.0,5.0,Damaged Product,Rejected,2026-05-14
2740,1780.0,749.0,4.0,Customer Changed Mind,Pending,2025-12-22
2741,7781.0,246.0,4.0,Quality Issue,Rejected,2025-06-05
2742,7549.0,994.0,1.0,Quality Issue,Rejected,2026-05-08
2743,9752.0,993.0,1.0,Wrong Item Delivered,Approved,2026-04-02
2744,228.0,961.0,5.0,Quality Issue,Rejected,2025-07-09
2745,8788.0,447.0,1.0,Wrong Item Delivered,Pending,2025-09-02
2746,7879.0,65.0,3.0,Quality Issue,Rejected,2025-07-28
2747,2233.0,125.0,5.0,Quality Issue,Rejected,2026-02-24
2748,2160.0,462.0,3.0,Not as Described,Rejected,2025-06-26
2749,7359.0,211.0,2.0,Not as Described,Approved,2026-05-09
2750,1022.0,379.0,1.0,Damaged Product,Approved,2026-04-27
2751,2573.0,316.0,2.0,Damaged Product,Approved,2026-02-05
2752,9162.0,901.0,2.0,Customer Changed Mind,Rejected,2025-07-15
2753,9911.0,645.0,1.0,Damaged Product,Approved,2026-03-26
2754,3509.0,849.0,2.0,Not as Described,Pending,2026-04-21
2755,927.0,23.0,2.0,Not as Described,Rejected,2025-10-16
2756,5506.0,848.0,4.0,Not as Described,Approved,2025-12-21
2757,600.0,529.0,1.0,Damaged Product,Rejected,2026-02-26
2758,721.0,436.0,1.0,Wrong Item Delivered,Rejected,2025-11-30
2759,7506.0,370.0,4.0,Damaged Product,Rejected,2026-05-04
2760,4405.0,340.0,4.0,Wrong Item Delivered,Rejected,2026-01-22
2761,4685.0,607.0,2.0,Customer Changed Mind,Rejected,2026-02-02
2762,8772.0,101.0,5.0,Customer Changed Mind,Approved,2025-11-14
2763,6417.0,279.0,4.0,Damaged Product,Approved,2025-09-23
2764,568.0,971.0,4.0,Damaged Product,Pending,2026-02-25
2765,9343.0,415.0,1.0,Quality Issue,Approved,2025-08-03
2766,6686.0,134.0,1.0,Damaged Product,Rejected,2025-11-24
2767,2091.0,105.0,2.0,Wrong Item Delivered,Approved,2026-04-27
2768,659.0,862.0,5.0,Customer Changed Mind,Approved,2025-09-19
2769,4934.0,578.0,2.0,Wrong Item Delivered,Approved,2025-10-05
2770,328.0,973.0,1.0,Customer Changed Mind,Pending,2025-09-04
2771,758.0,243.0,1.0,Customer Changed Mind,Rejected,2025-07-17
2772,291.0,779.0,3.0,Customer Changed Mind,Pending,2026-04-01
2773,9454.0,228.0,5.0,Wrong Item Delivered,Approved,2025-11-10
2774,4657.0,287.0,4.0,Damaged Product,Approved,2025-09-26
2775,1297.0,831.0,1.0,Not as Described,Approved,2026-01-23
2776,8726.0,708.0,4.0,Not as Described,Pending,2025-12-13
2777,1859.0,451.0,4.0,Quality Issue,Approved,2025-11-11
2778,5342.0,660.0,2.0,Customer Changed Mind,Rejected,2025-12-03
2779,4876.0,765.0,2.0,Damaged Product,Approved,2025-08-19
2780,5791.0,858.0,4.0,Damaged Product,Approved,2025-08-09
2781,1367.0,530.0,4.0,Not as Described,Approved,2025-06-18
2782,8086.0,630.0,3.0,Wrong Item Delivered,Approved,2025-05-31
2783,828.0,750.0,2.0,Damaged Product,Pending,2025-11-10
2784,2318.0,749.0,5.0,Customer Changed Mind,Pending,2026-03-30
2785,7225.0,113.0,5.0,Quality Issue,Pending,2026-04-24
2786,4086.0,529.0,2.0,Not as Described,Pending,2025-10-03
2787,1968.0,804.0,4.0,Quality Issue,Rejected,2026-01-06
2788,736.0,213.0,1.0,Wrong Item Delivered,Pending,2026-03-19
2789,3792.0,828.0,5.0,Quality Issue,Rejected,2026-02-03
2790,935.0,602.0,1.0,Wrong Item Delivered,Rejected,2026-03-14
2791,8891.0,170.0,3.0,Customer Changed Mind,Pending,2025-12-22
2792,9703.0,143.0,2.0,Damaged Product,Pending,2026-03-16
2793,9039.0,27.0,1.0,Not as Described,Approved,2025-09-08
2794,6728.0,198.0,3.0,Not as Described,Approved,2026-01-12
2795,3291.0,305.0,3.0,Damaged Product,Rejected,2026-05-08
2796,9420.0,13.0,1.0,Not as Described,Approved,2025-07-21
2797,8011.0,361.0,1.0,Damaged Product,Rejected,2025-07-23
2798,1626.0,27.0,3.0,Quality Issue,Approved,2026-02-23
2799,9222.0,587.0,3.0,Quality Issue,Approved,2026-01-23
2800,5928.0,137.0,4.0,Wrong Item Delivered,Rejected,2025-11-11
2801,4212.0,582.0,3.0,Customer Changed Mind,Pending,2025-10-07
2802,4142.0,648.0,3.0,Quality Issue,Approved,2025-12-31
2803,1573.0,197.0,1.0,Wrong Item Delivered,Approved,2026-04-30
2804,1544.0,651.0,1.0,Wrong Item Delivered,Pending,2026-04-16
2805,3063.0,379.0,2.0,Customer Changed Mind,Rejected,2026-01-07
2806,434.0,943.0,3.0,Customer Changed Mind,Approved,2025-06-27
2807,3003.0,424.0,3.0,Not as Described,Rejected,2025-10-25
2808,5369.0,455.0,2.0,Not as Described,Approved,2025-09-22
2809,7150.0,288.0,3.0,Wrong Item Delivered,Pending,2025-10-19
2810,6004.0,62.0,2.0,Quality Issue,Approved,2025-09-04
2811,6568.0,941.0,4.0,Damaged Product,Pending,2025-09-11
2812,7584.0,842.0,1.0,Customer Changed Mind,Rejected,2025-07-07
2813,4957.0,514.0,2.0,Damaged Product,Approved,2026-03-29
2814,9536.0,384.0,3.0,Quality Issue,Pending,2025-09-21
2815,4960.0,419.0,5.0,Wrong Item Delivered,Approved,2026-01-03
2816,6291.0,44.0,5.0,Customer Changed Mind,Approved,2025-11-18
2817,8701.0,697.0,2.0,Wrong Item Delivered,Rejected,2025-11-24
2818,281.0,654.0,2.0,Damaged Product,Pending,2026-01-05
2819,330.0,491.0,2.0,Not as Described,Rejected,2025-06-18
2820,7939.0,321.0,3.0,Customer Changed Mind,Pending,2025-07-27
2821,9659.0,469.0,1.0,Damaged Product,Rejected,2026-03-25
2822,6787.0,307.0,3.0,Damaged Product,Approved,2026-03-03
2823,8594.0,93.0,5.0,Damaged Product,Pending,2026-03-29
2824,5063.0,519.0,5.0,Wrong Item Delivered,Rejected,2025-10-13
2825,1958.0,577.0,5.0,Customer Changed Mind,Rejected,2026-01-05
2826,7461.0,982.0,4.0,Wrong Item Delivered,Approved,2025-11-13
2827,1274.0,684.0,2.0,Not as Described,Approved,2025-09-01
2828,208.0,848.0,3.0,Wrong Item Delivered,Pending,2025-10-04
2829,8237.0,95.0,2.0,Wrong Item Delivered,Approved,2026-04-19
2830,4961.0,78.0,1.0,Customer Changed Mind,Rejected,2025-07-08
2831,2813.0,347.0,5.0,Customer Changed Mind,Approved,2025-09-23
2832,6371.0,518.0,3.0,Damaged Product,Approved,2025-12-05
2833,7841.0,511.0,3.0,Wrong Item Delivered,Pending,2025-08-23
2834,7225.0,218.0,4.0,Wrong Item Delivered,Pending,2026-03-10
2835,1185.0,895.0,1.0,Damaged Product,Rejected,2025-10-07
2836,3198.0,324.0,5.0,Quality Issue,Approved,2026-04-04
2837,6438.0,611.0,5.0,Not as Described,Approved,2026-01-10
2838,8055.0,735.0,2.0,Quality Issue,Approved,2025-05-28
2839,4381.0,1.0,3.0,Not as Described,Pending,2025-09-10
2840,7679.0,491.0,4.0,Not as Described,Pending,2025-06-12
2841,361.0,81.0,4.0,Quality Issue,Approved,2026-04-16
2842,9317.0,794.0,4.0,Wrong Item Delivered,Pending,2025-11-10
2843,6402.0,147.0,1.0,Damaged Product,Approved,2025-08-31
2844,1763.0,953.0,3.0,Not as Described,Rejected,2025-12-08
2845,4749.0,334.0,5.0,Damaged Product,Pending,2026-04-17
2846,894.0,231.0,2.0,Not as Described,Rejected,2026-01-08
2847,9528.0,287.0,2.0,Quality Issue,Approved,2025-12-15
2848,7564.0,194.0,5.0,Quality Issue,Pending,2026-05-14
2849,5267.0,307.0,4.0,Not as Described,Pending,2025-07-29
2850,9423.0,364.0,4.0,Wrong Item Delivered,Approved,2025-07-10
2851,5989.0,777.0,1.0,Not as Described,Pending,2025-06-11
2852,717.0,512.0,2.0,Damaged Product,Approved,2025-09-04
2853,8777.0,817.0,1.0,Damaged Product,Pending,2025-07-15
2854,6237.0,41.0,2.0,Damaged Product,Rejected,2026-02-22
2855,7896.0,385.0,2.0,Not as Described,Rejected,2025-11-03
2856,596.0,563.0,1.0,Quality Issue,Approved,2025-12-15
2857,2893.0,489.0,5.0,Damaged Product,Rejected,2026-03-23
2858,7006.0,471.0,2.0,Wrong Item Delivered,Pending,2025-11-22
2859,1378.0,244.0,2.0,Damaged Product,Approved,2025-07-27
2860,5385.0,343.0,1.0,Damaged Product,Rejected,2026-04-16
2861,5673.0,965.0,4.0,Customer Changed Mind,Rejected,2025-11-12
2862,6362.0,553.0,5.0,Not as Described,Pending,2026-04-11
2863,5801.0,714.0,5.0,Not as Described,Rejected,2025-06-17
2864,3537.0,477.0,5.0,Wrong Item Delivered,Rejected,2025-09-05
2865,9086.0,153.0,1.0,Damaged Product,Rejected,2025-11-26
2866,1060.0,51.0,4.0,Quality Issue,Approved,2025-06-20
2867,8820.0,361.0,3.0,Damaged Product,Rejected,2025-09-01
2868,8661.0,942.0,4.0,Quality Issue,Approved,2025-08-29
2869,6201.0,445.0,2.0,Wrong Item Delivered,Approved,2025-08-05
2870,4126.0,66.0,1.0,Wrong Item Delivered,Approved,2026-01-23
2871,4667.0,186.0,1.0,Not as Described,Pending,2025-12-11
2872,7542.0,763.0,1.0,Not as Described,Rejected,2026-01-24
2873,5132.0,258.0,3.0,Not as Described,Pending,2026-03-14
2874,6440.0,223.0,5.0,Wrong Item Delivered,Approved,2025-12-08
2875,6653.0,302.0,2.0,Damaged Product,Approved,2025-11-03
2876,3959.0,367.0,3.0,Not as Described,Pending,2026-01-29
2877,9365.0,391.0,4.0,Damaged Product,Pending,2025-08-27
2878,8786.0,394.0,1.0,Not as Described,Approved,2025-11-26
2879,7272.0,497.0,1.0,Damaged Product,Rejected,2025-11-24
2880,4835.0,584.0,1.0,Wrong Item Delivered,Approved,2026-04-10
2881,5438.0,614.0,2.0,Wrong Item Delivered,Pending,2026-01-18
2882,7115.0,418.0,2.0,Quality Issue,Rejected,2025-06-02
2883,1216.0,433.0,3.0,Quality Issue,Approved,2025-12-19
2884,571.0,750.0,5.0,Not as Described,Pending,2025-12-10
2885,3483.0,616.0,2.0,Wrong Item Delivered,Rejected,2025-11-17
2886,549.0,507.0,4.0,Not as Described,Approved,2025-08-30
2887,2567.0,854.0,4.0,Damaged Product,Approved,2025-08-10
2888,2141.0,530.0,3.0,Wrong Item Delivered,Pending,2026-03-31
2889,831.0,927.0,2.0,Damaged Product,Pending,2026-01-21
2890,2654.0,224.0,1.0,Wrong Item Delivered,Rejected,2025-10-21
2891,701.0,549.0,2.0,Quality Issue,Pending,2025-07-30
2892,472.0,27.0,3.0,Quality Issue,Pending,2025-10-18
2893,9347.0,52.0,2.0,Quality Issue,Rejected,2025-11-08
2894,666.0,550.0,4.0,Quality Issue,Approved,2026-01-02
2895,8132.0,160.0,3.0,Customer Changed Mind,Pending,2025-12-25
2896,4472.0,936.0,1.0,Not as Described,Pending,2026-05-23
2897,1379.0,842.0,5.0,Customer Changed Mind,Approved,2025-06-20
2898,5743.0,517.0,2.0,Not as Described,Rejected,2025-07-12
2899,6956.0,890.0,4.0,Customer Changed Mind,Approved,2026-01-04
2900,9857.0,697.0,4.0,Not as Described,Rejected,2025-08-06
2901,3617.0,568.0,2.0,Customer Changed Mind,Pending,2026-02-21
2902,6867.0,500.0,1.0,Wrong Item Delivered,Approved,2025-11-29
2903,416.0,653.0,3.0,Damaged Product,Pending,2026-02-18
2904,637.0,796.0,5.0,Damaged Product,Rejected,2026-02-22
2905,2914.0,949.0,5.0,Damaged Product,Approved,2026-04-06
2906,9714.0,117.0,1.0,Not as Described,Approved,2025-12-15
2907,3902.0,62.0,3.0,Not as Described,Approved,2025-08-02
2908,7369.0,193.0,4.0,Not as Described,Pending,2026-01-13
2909,7975.0,212.0,5.0,Damaged Product,Pending,2025-07-01
2910,3478.0,83.0,1.0,Damaged Product,Rejected,2026-03-07
2911,1900.0,148.0,3.0,Damaged Product,Pending,2025-07-29
2912,4586.0,370.0,2.0,Not as Described,Rejected,2026-02-15
2913,7500.0,487.0,4.0,Damaged Product,Approved,2025-09-04
2914,4189.0,584.0,5.0,Wrong Item Delivered,Rejected,2025-09-09
2915,3599.0,769.0,2.0,Wrong Item Delivered,Pending,2026-01-29
2916,1349.0,457.0,3.0,Wrong Item Delivered,Pending,2026-04-08
2917,4284.0,662.0,5.0,Quality Issue,Approved,2026-02-28
2918,1348.0,731.0,2.0,Damaged Product,Pending,2025-10-24
2919,2405.0,436.0,1.0,Damaged Product,Approved,2026-02-28
2920,2058.0,906.0,5.0,Wrong Item Delivered,Rejected,2026-04-23
2921,1045.0,248.0,2.0,Quality Issue,Pending,2025-09-12
2922,6511.0,352.0,4.0,Wrong Item Delivered,Approved,2026-04-14
2923,964.0,233.0,3.0,Not as Described,Approved,2025-07-22
2924,3754.0,498.0,4.0,Wrong Item Delivered,Rejected,2026-04-05
2925,8383.0,431.0,5.0,Quality Issue,Pending,2025-11-05
2926,5038.0,954.0,4.0,Wrong Item Delivered,Approved,2025-09-21
2927,5400.0,755.0,4.0,Wrong Item Delivered,Rejected,2026-03-15
2928,1526.0,627.0,1.0,Customer Changed Mind,Rejected,2025-05-27
2929,8983.0,607.0,1.0,Customer Changed Mind,Approved,2025-08-08
2930,9436.0,887.0,5.0,Quality Issue,Rejected,2025-07-31
2931,4830.0,355.0,3.0,Not as Described,Approved,2025-07-12
2932,5637.0,344.0,2.0,Customer Changed Mind,Rejected,2026-02-17
2933,6506.0,451.0,3.0,Quality Issue,Pending,2025-08-25
2934,7773.0,513.0,1.0,Damaged Product,Approved,2025-08-03
2935,9678.0,94.0,2.0,Damaged Product,Pending,2026-05-14
2936,1362.0,786.0,4.0,Damaged Product,Rejected,2025-12-24
2937,377.0,474.0,3.0,Wrong Item Delivered,Approved,2025-12-11
2938,198.0,911.0,4.0,Wrong Item Delivered,Pending,2026-04-13
2939,2502.0,523.0,5.0,Wrong Item Delivered,Approved,2026-01-25
2940,3088.0,318.0,1.0,Quality Issue,Rejected,2025-12-14
2941,8633.0,12.0,2.0,Damaged Product,Pending,2026-01-27
2942,8233.0,396.0,1.0,Customer Changed Mind,Approved,2026-01-20
2943,7072.0,65.0,5.0,Customer Changed Mind,Pending,2026-03-04
2944,1353.0,201.0,4.0,Wrong Item Delivered,Approved,2025-08-26
2945,51.0,26.0,3.0,Damaged Product,Rejected,2025-08-23
2946,3676.0,601.0,4.0,Quality Issue,Approved,2025-08-15
2947,8959.0,646.0,4.0,Quality Issue,Pending,2025-08-15
2948,3576.0,585.0,4.0,Not as Described,Approved,2026-05-10
2949,1170.0,96.0,3.0,Wrong Item Delivered,Approved,2025-09-03
2950,3658.0,487.0,3.0,Customer Changed Mind,Rejected,2025-10-08
2951,2565.0,420.0,2.0,Wrong Item Delivered,Rejected,2025-08-26
2952,6102.0,638.0,4.0,Wrong Item Delivered,Pending,2026-03-21
2953,8637.0,736.0,2.0,Quality Issue,Approved,2025-07-29
2954,8042.0,341.0,4.0,Wrong Item Delivered,Pending,2025-08-16
2955,552.0,759.0,5.0,Damaged Product,Approved,2026-05-09
2956,9235.0,428.0,3.0,Wrong Item Delivered,Rejected,2025-09-11
2957,8101.0,420.0,5.0,Not as Described,Rejected,2025-07-15
2958,4305.0,854.0,4.0,Not as Described,Approved,2026-02-17
2959,6652.0,4.0,3.0,Wrong Item Delivered,Approved,2025-11-30
2960,5161.0,596.0,1.0,Customer Changed Mind,Pending,2025-08-24
2961,2804.0,115.0,3.0,Customer Changed Mind,Approved,2025-06-01
2962,8248.0,891.0,5.0,Quality Issue,Approved,2026-02-18
2963,3536.0,265.0,3.0,Quality Issue,Pending,2026-01-30
2964,4524.0,753.0,1.0,Damaged Product,Approved,2025-11-11
2965,2981.0,648.0,5.0,Damaged Product,Approved,2025-09-17
2966,9997.0,182.0,5.0,Damaged Product,Rejected,2025-08-26
2967,4996.0,637.0,5.0,Not as Described,Approved,2026-02-16
2968,7570.0,801.0,1.0,Damaged Product,Rejected,2025-10-15
2969,1161.0,424.0,1.0,Damaged Product,Pending,2025-08-03
2970,8615.0,509.0,1.0,Wrong Item Delivered,Pending,2025-08-19
2971,5330.0,258.0,2.0,Wrong Item Delivered,Pending,2025-09-11
2972,619.0,537.0,2.0,Damaged Product,Pending,2026-04-01
2973,5537.0,67.0,2.0,Wrong Item Delivered,Rejected,2026-04-17
2974,9997.0,902.0,5.0,Quality Issue,Approved,2026-01-07
2975,5879.0,203.0,5.0,Quality Issue,Approved,2025-10-12
2976,3837.0,228.0,5.0,Damaged Product,Rejected,2025-07-23
2977,2353.0,385.0,3.0,Not as Described,Approved,2026-04-05
2978,9376.0,161.0,5.0,Wrong Item Delivered,Rejected,2025-09-07
2979,7904.0,895.0,2.0,Wrong Item Delivered,Rejected,2025-09-12
2980,6764.0,282.0,4.0,Customer Changed Mind,Pending,2025-11-28
2981,2642.0,355.0,1.0,Wrong Item Delivered,Approved,2025-08-07
2982,4830.0,139.0,3.0,Wrong Item Delivered,Rejected,2026-05-07
2983,987.0,316.0,2.0,Wrong Item Delivered,Rejected,2025-07-11
2984,4665.0,723.0,1.0,Customer Changed Mind,Approved,2026-04-15
2985,4807.0,551.0,1.0,Quality Issue,Approved,2026-05-24
2986,5249.0,858.0,5.0,Quality Issue,Pending,2025-06-24
2987,1072.0,740.0,2.0,Customer Changed Mind,Rejected,2025-07-24
2988,7800.0,821.0,4.0,Quality Issue,Rejected,2025-11-29
2989,7907.0,678.0,2.0,Quality Issue,Pending,2026-04-04
2990,2649.0,438.0,5.0,Wrong Item Delivered,Rejected,2025-11-21
2991,65.0,163.0,3.0,Wrong Item Delivered,Rejected,2025-06-29
2992,9148.0,866.0,3.0,Quality Issue,Pending,2025-06-09
2993,1846.0,384.0,1.0,Customer Changed Mind,Pending,2026-01-20
2994,2440.0,593.0,5.0,Wrong Item Delivered,Pending,2025-10-20
2995,5971.0,658.0,5.0,Wrong Item Delivered,Pending,2026-01-06
2996,6682.0,440.0,2.0,Wrong Item Delivered,Rejected,2025-06-09
2997,4947.0,669.0,3.0,Damaged Product,Rejected,2026-03-13
2998,7736.0,564.0,2.0,Quality Issue,Pending,2026-05-23
2999,7600.0,344.0,2.0,Damaged Product,Approved,2025-12-28
3000,2448.0,185.0,2.0,Quality Issue,Approved,2025-12-11
3001,3528.0,716.0,4.0,Not as Described,Approved,2026-02-05
3002,4165.0,188.0,2.0,Wrong Item Delivered,Approved,2025-11-12
3003,3418.0,759.0,2.0,Wrong Item Delivered,Approved,2025-10-20
3004,3262.0,570.0,1.0,Wrong Item Delivered,Pending,2025-12-15
3005,1721.0,170.0,1.0,Damaged Product,Approved,2026-03-05
3006,7526.0,457.0,1.0,Quality Issue,Approved,2025-10-25
3007,5778.0,867.0,1.0,Customer Changed Mind,Rejected,2025-05-27
3008,1688.0,794.0,2.0,Quality Issue,Approved,2026-02-26
3009,3150.0,734.0,3.0,Not as Described,Approved,2026-02-27
3010,5976.0,155.0,5.0,Damaged Product,Approved,2026-05-08
3011,4822.0,293.0,1.0,Quality Issue,Approved,2025-12-09
3012,1328.0,951.0,5.0,Not as Described,Rejected,2025-06-11
3013,7835.0,373.0,1.0,Quality Issue,Pending,2025-07-13
3014,3868.0,603.0,5.0,Customer Changed Mind,Approved,2025-08-22
3015,7003.0,577.0,2.0,Not as Described,Approved,2025-06-11
3016,7799.0,535.0,1.0,Quality Issue,Pending,2025-11-17
3017,9924.0,975.0,3.0,Damaged Product,Approved,2026-01-21
3018,5804.0,333.0,3.0,Wrong Item Delivered,Rejected,2025-10-14
3019,2888.0,657.0,2.0,Customer Changed Mind,Approved,2025-11-18
3020,8684.0,667.0,3.0,Customer Changed Mind,Pending,2025-06-11
3021,6239.0,668.0,2.0,Quality Issue,Pending,2026-04-20
3022,6760.0,799.0,3.0,Damaged Product,Pending,2025-06-13
3023,5742.0,727.0,1.0,Wrong Item Delivered,Pending,2025-08-08
3024,1473.0,591.0,1.0,Damaged Product,Approved,2025-06-01
3025,7853.0,250.0,5.0,Damaged Product,Pending,2025-07-16
3026,4592.0,562.0,3.0,Wrong Item Delivered,Approved,2026-04-01
3027,3937.0,285.0,3.0,Damaged Product,Rejected,2025-09-11
3028,7824.0,1.0,5.0,Customer Changed Mind,Approved,2025-11-08
3029,7237.0,540.0,4.0,Customer Changed Mind,Rejected,2026-05-12
3030,3391.0,94.0,3.0,Damaged Product,Rejected,2025-12-21
3031,4124.0,335.0,4.0,Not as Described,Rejected,2026-04-23
3032,580.0,291.0,2.0,Quality Issue,Pending,2025-11-17
3033,688.0,12.0,5.0,Not as Described,Approved,2025-08-04
3034,973.0,235.0,5.0,Wrong Item Delivered,Approved,2025-09-04
3035,1585.0,547.0,4.0,Not as Described,Rejected,2025-11-20
3036,3413.0,493.0,1.0,Not as Described,Pending,2026-02-09
3037,9631.0,887.0,4.0,Not as Described,Rejected,2025-08-15
3038,4550.0,351.0,5.0,Damaged Product,Approved,2025-08-11
3039,4624.0,570.0,4.0,Damaged Product,Pending,2025-09-03
3040,8188.0,118.0,2.0,Not as Described,Rejected,2025-12-30
3041,9868.0,671.0,1.0,Customer Changed Mind,Rejected,2025-10-09
3042,6489.0,492.0,2.0,Customer Changed Mind,Pending,2026-01-10
3043,7356.0,657.0,2.0,Not as Described,Rejected,2026-01-08
3044,9594.0,343.0,2.0,Not as Described,Approved,2025-09-11
3045,2372.0,872.0,4.0,Wrong Item Delivered,Rejected,2025-06-21
3046,7040.0,349.0,4.0,Customer Changed Mind,Rejected,2026-03-19
3047,2251.0,81.0,1.0,Wrong Item Delivered,Pending,2025-07-16
3048,4770.0,449.0,5.0,Wrong Item Delivered,Pending,2025-10-04
3049,1171.0,227.0,3.0,Quality Issue,Approved,2025-12-23
3050,5649.0,883.0,3.0,Customer Changed Mind,Rejected,2026-03-01
3051,742.0,580.0,1.0,Not as Described,Pending,2026-05-18
3052,7336.0,641.0,5.0,Wrong Item Delivered,Approved,2025-06-26
3053,904.0,276.0,4.0,Quality Issue,Approved,2026-03-16
3054,4033.0,733.0,3.0,Quality Issue,Rejected,2025-12-11
3055,4234.0,600.0,5.0,Not as Described,Pending,2025-10-21
3056,215.0,637.0,5.0,Customer Changed Mind,Pending,2026-05-20
3057,3309.0,380.0,5.0,Wrong Item Delivered,Pending,2026-05-24
3058,7875.0,181.0,2.0,Damaged Product,Rejected,2025-10-24
3059,4408.0,326.0,1.0,Wrong Item Delivered,Approved,2025-09-19
3060,9076.0,692.0,5.0,Wrong Item Delivered,Pending,2025-09-30
3061,3696.0,222.0,2.0,Not as Described,Pending,2025-11-13
3062,4303.0,978.0,4.0,Customer Changed Mind,Approved,2026-05-21
3063,850.0,356.0,3.0,Quality Issue,Approved,2026-04-28
3064,1697.0,471.0,3.0,Wrong Item Delivered,Rejected,2025-06-18
3065,1952.0,778.0,5.0,Quality Issue,Approved,2025-06-26
3066,6200.0,861.0,4.0,Damaged Product,Rejected,2026-05-03
3067,7385.0,72.0,3.0,Damaged Product,Approved,2025-06-03
3068,9201.0,430.0,3.0,Damaged Product,Rejected,2026-03-23
3069,1383.0,456.0,1.0,Damaged Product,Rejected,2025-05-28
3070,1207.0,229.0,2.0,Customer Changed Mind,Rejected,2025-11-08
3071,5325.0,18.0,5.0,Damaged Product,Pending,2025-08-09
3072,6877.0,83.0,3.0,Customer Changed Mind,Rejected,2025-07-04
3073,2303.0,281.0,4.0,Customer Changed Mind,Rejected,2026-05-01
3074,7359.0,224.0,2.0,Damaged Product,Rejected,2025-09-24
3075,1404.0,606.0,4.0,Damaged Product,Approved,2026-03-19
3076,1649.0,790.0,3.0,Not as Described,Rejected,2025-12-26
3077,368.0,10.0,3.0,Customer Changed Mind,Rejected,2025-06-05
3078,5856.0,683.0,2.0,Wrong Item Delivered,Approved,2026-01-22
3079,4152.0,131.0,4.0,Customer Changed Mind,Rejected,2026-03-09
3080,8316.0,757.0,5.0,Wrong Item Delivered,Approved,2025-11-24
3081,1300.0,544.0,3.0,Damaged Product,Rejected,2025-08-22
3082,2608.0,859.0,1.0,Quality Issue,Rejected,2026-03-07
3083,4199.0,642.0,1.0,Quality Issue,Approved,2025-07-25
3084,6958.0,636.0,1.0,Quality Issue,Rejected,2025-06-01
3085,8625.0,538.0,1.0,Customer Changed Mind,Rejected,2025-12-03
3086,4566.0,223.0,3.0,Damaged Product,Pending,2025-11-25
3087,1714.0,807.0,1.0,Damaged Product,Rejected,2025-09-28
3088,1524.0,824.0,5.0,Quality Issue,Approved,2026-03-09
3089,9821.0,381.0,4.0,Wrong Item Delivered,Pending,2026-04-28
3090,3410.0,318.0,2.0,Damaged Product,Approved,2025-12-18
3091,9107.0,451.0,3.0,Wrong Item Delivered,Pending,2025-07-07
3092,1951.0,638.0,2.0,Customer Changed Mind,Rejected,2026-01-09
3093,2222.0,980.0,1.0,Not as Described,Approved,2025-07-06
3094,1444.0,914.0,1.0,Quality Issue,Pending,2026-03-02
3095,636.0,124.0,5.0,Wrong Item Delivered,Approved,2026-03-11
3096,5532.0,542.0,2.0,Customer Changed Mind,Approved,2025-11-02
3097,972.0,397.0,3.0,Not as Described,Pending,2025-07-06
3098,6526.0,727.0,2.0,Customer Changed Mind,Pending,2025-11-14
3099,4070.0,896.0,2.0,Not as Described,Pending,2025-10-04
3100,5217.0,50.0,5.0,Not as Described,Pending,2026-02-19
3101,6183.0,637.0,2.0,Not as Described,Approved,2026-02-18
3102,850.0,118.0,2.0,Quality Issue,Pending,2026-03-21
3103,6033.0,114.0,2.0,Damaged Product,Pending,2025-07-03
3104,9799.0,531.0,1.0,Wrong Item Delivered,Pending,2025-08-04
3105,22.0,306.0,4.0,Customer Changed Mind,Approved,2025-07-12
3106,5984.0,61.0,3.0,Quality Issue,Pending,2026-03-15
3107,8812.0,82.0,5.0,Customer Changed Mind,Pending,2025-06-15
3108,1730.0,618.0,4.0,Customer Changed Mind,Approved,2026-04-30
3109,1845.0,584.0,2.0,Wrong Item Delivered,Rejected,2025-08-26
3110,2778.0,15.0,1.0,Wrong Item Delivered,Rejected,2026-03-01
3111,8062.0,931.0,1.0,Not as Described,Rejected,2026-04-29
3112,5351.0,313.0,1.0,Customer Changed Mind,Pending,2026-05-13
3113,1360.0,725.0,3.0,Not as Described,Pending,2025-12-21
3114,4636.0,274.0,3.0,Quality Issue,Approved,2025-11-19
3115,9957.0,759.0,3.0,Quality Issue,Approved,2025-07-27
3116,5415.0,371.0,2.0,Not as Described,Approved,2026-01-28
3117,7471.0,900.0,4.0,Quality Issue,Pending,2026-04-21
3118,9915.0,431.0,5.0,Not as Described,Approved,2025-08-24
3119,1218.0,73.0,1.0,Customer Changed Mind,Rejected,2025-11-14
3120,5973.0,74.0,1.0,Quality Issue,Approved,2025-08-16
3121,5786.0,79.0,1.0,Quality Issue,Rejected,2025-12-04
3122,8084.0,217.0,4.0,Customer Changed Mind,Rejected,2026-05-23
3123,9246.0,463.0,1.0,Quality Issue,Pending,2026-03-03
3124,4730.0,724.0,2.0,Quality Issue,Rejected,2026-01-25
3125,918.0,461.0,5.0,Not as Described,Pending,2026-03-09
3126,4950.0,868.0,4.0,Customer Changed Mind,Rejected,2025-09-24
3127,3910.0,941.0,2.0,Wrong Item Delivered,Rejected,2026-04-30
3128,9010.0,742.0,5.0,Customer Changed Mind,Approved,2026-03-31
3129,614.0,427.0,1.0,Customer Changed Mind,Approved,2025-10-21
3130,2577.0,732.0,3.0,Not as Described,Approved,2026-01-23
3131,9359.0,214.0,2.0,Not as Described,Rejected,2025-05-27
3132,9902.0,437.0,2.0,Wrong Item Delivered,Approved,2026-05-24
3133,3764.0,701.0,2.0,Wrong Item Delivered,Pending,2026-02-08
3134,206.0,541.0,4.0,Damaged Product,Pending,2026-02-05
3135,9892.0,948.0,3.0,Customer Changed Mind,Approved,2026-03-18
3136,2893.0,476.0,1.0,Not as Described,Rejected,2025-10-14
3137,4137.0,594.0,1.0,Wrong Item Delivered,Rejected,2026-01-20
3138,8661.0,82.0,3.0,Customer Changed Mind,Approved,2025-08-05
3139,1243.0,469.0,4.0,Not as Described,Approved,2026-04-10
3140,1059.0,684.0,3.0,Customer Changed Mind,Pending,2026-01-20
3141,5683.0,134.0,3.0,Quality Issue,Rejected,2025-07-14
3142,6644.0,196.0,3.0,Quality Issue,Pending,2025-06-27
3143,7722.0,199.0,3.0,Wrong Item Delivered,Rejected,2025-12-20
3144,8972.0,3.0,1.0,Customer Changed Mind,Pending,2026-05-03
3145,2536.0,452.0,5.0,Damaged Product,Rejected,2025-11-03
3146,9472.0,495.0,5.0,Wrong Item Delivered,Rejected,2026-04-26
3147,2130.0,575.0,1.0,Damaged Product,Pending,2026-02-06
3148,5803.0,501.0,3.0,Wrong Item Delivered,Rejected,2025-09-04
3149,4551.0,710.0,5.0,Quality Issue,Rejected,2025-08-01
3150,9539.0,631.0,4.0,Quality Issue,Pending,2025-08-08
3151,3225.0,318.0,4.0,Wrong Item Delivered,Rejected,2025-12-12
3152,1685.0,894.0,2.0,Not as Described,Pending,2025-10-21
3153,3940.0,15.0,3.0,Wrong Item Delivered,Rejected,2026-04-04
3154,2053.0,116.0,4.0,Wrong Item Delivered,Rejected,2025-06-18
3155,5018.0,838.0,5.0,Quality Issue,Approved,2025-06-26
3156,1085.0,244.0,5.0,Customer Changed Mind,Pending,2025-06-10
3157,2329.0,47.0,2.0,Quality Issue,Approved,2025-12-07
3158,5060.0,978.0,2.0,Wrong Item Delivered,Approved,2025-11-05
3159,8982.0,236.0,5.0,Damaged Product,Rejected,2025-05-30
3160,704.0,856.0,2.0,Wrong Item Delivered,Approved,2026-04-23
3161,8470.0,801.0,5.0,Quality Issue,Approved,2026-05-20
3162,6885.0,334.0,2.0,Customer Changed Mind,Approved,2026-03-04
3163,9637.0,419.0,3.0,Not as Described,Approved,2026-02-28
3164,9014.0,659.0,5.0,Wrong Item Delivered,Pending,2026-02-02
3165,5246.0,216.0,1.0,Damaged Product,Pending,2025-06-13
3166,749.0,892.0,1.0,Wrong Item Delivered,Pending,2026-04-09
3167,3081.0,517.0,1.0,Customer Changed Mind,Pending,2026-02-20
3168,6528.0,718.0,4.0,Quality Issue,Approved,2025-11-23
3169,6296.0,319.0,4.0,Wrong Item Delivered,Pending,2026-05-11
3170,7126.0,10.0,5.0,Not as Described,Approved,2025-08-17
3171,1518.0,187.0,5.0,Quality Issue,Rejected,2025-12-05
3172,8178.0,789.0,5.0,Not as Described,Rejected,2025-10-08
3173,7546.0,325.0,2.0,Customer Changed Mind,Pending,2025-06-26
3174,37.0,40.0,5.0,Quality Issue,Approved,2026-02-14
3175,1318.0,51.0,5.0,Quality Issue,Pending,2026-02-05
3176,8361.0,935.0,4.0,Not as Described,Approved,2026-01-06
3177,1063.0,815.0,4.0,Not as Described,Pending,2025-06-05
3178,9167.0,53.0,1.0,Customer Changed Mind,Rejected,2025-05-30
3179,5654.0,120.0,2.0,Damaged Product,Pending,2025-08-22
3180,6976.0,862.0,1.0,Not as Described,Pending,2025-09-10
3181,1525.0,757.0,5.0,Damaged Product,Rejected,2025-08-26
3182,1737.0,453.0,1.0,Not as Described,Approved,2026-01-01
3183,4852.0,997.0,4.0,Customer Changed Mind,Pending,2025-09-06
3184,3318.0,982.0,1.0,Wrong Item Delivered,Rejected,2025-11-03
3185,220.0,929.0,3.0,Wrong Item Delivered,Pending,2025-10-05
3186,6744.0,279.0,4.0,Not as Described,Approved,2026-04-23
3187,7445.0,731.0,3.0,Customer Changed Mind,Approved,2025-06-07
3188,2607.0,311.0,5.0,Quality Issue,Pending,2025-12-11
3189,2921.0,571.0,5.0,Not as Described,Pending,2025-07-09
3190,7229.0,312.0,2.0,Wrong Item Delivered,Pending,2026-05-03
3191,4316.0,999.0,3.0,Wrong Item Delivered,Approved,2025-09-25
3192,5318.0,520.0,4.0,Wrong Item Delivered,Pending,2025-06-13
3193,3037.0,693.0,5.0,Quality Issue,Approved,2025-07-17
3194,5774.0,255.0,2.0,Damaged Product,Approved,2025-07-07
3195,1848.0,339.0,1.0,Customer Changed Mind,Pending,2025-11-03
3196,6318.0,121.0,2.0,Quality Issue,Rejected,2026-04-01
3197,5797.0,784.0,5.0,Customer Changed Mind,Rejected,2026-01-16
3198,437.0,928.0,5.0,Customer Changed Mind,Rejected,2025-10-14
3199,4282.0,608.0,1.0,Not as Described,Approved,2025-07-14
3200,6046.0,416.0,1.0,Quality Issue,Pending,2025-07-17
3201,3249.0,339.0,4.0,Quality Issue,Rejected,2026-04-27
3202,1201.0,609.0,1.0,Damaged Product,Approved,2025-11-19
3203,607.0,447.0,2.0,Not as Described,Pending,2025-05-27
3204,1388.0,137.0,1.0,Wrong Item Delivered,Rejected,2025-12-15
3205,4300.0,462.0,5.0,Customer Changed Mind,Approved,2026-04-27
3206,233.0,169.0,5.0,Quality Issue,Rejected,2025-07-31
3207,8303.0,854.0,3.0,Quality Issue,Pending,2025-08-18
3208,2360.0,776.0,3.0,Damaged Product,Rejected,2025-09-27
3209,3341.0,261.0,2.0,Damaged Product,Approved,2025-09-17
3210,5271.0,826.0,5.0,Damaged Product,Approved,2025-12-01
3211,3346.0,154.0,4.0,Damaged Product,Pending,2025-08-09
3212,3372.0,434.0,4.0,Damaged Product,Approved,2025-12-06
3213,3971.0,199.0,4.0,Wrong Item Delivered,Pending,2026-03-13
3214,8633.0,595.0,1.0,Damaged Product,Rejected,2025-05-31
3215,8347.0,443.0,1.0,Damaged Product,Rejected,2025-06-11
3216,6320.0,969.0,5.0,Not as Described,Approved,2025-08-27
3217,7069.0,729.0,3.0,Damaged Product,Approved,2025-07-24
3218,7726.0,474.0,1.0,Damaged Product,Pending,2025-06-12
3219,9146.0,916.0,5.0,Not as Described,Pending,2025-09-30
3220,9281.0,466.0,3.0,Damaged Product,Rejected,2025-07-20
3221,6401.0,694.0,2.0,Not as Described,Approved,2025-06-18
3222,4168.0,176.0,5.0,Customer Changed Mind,Pending,2026-04-23
3223,4954.0,815.0,2.0,Customer Changed Mind,Pending,2025-10-23
3224,104.0,459.0,3.0,Quality Issue,Pending,2025-06-12
3225,8707.0,956.0,2.0,Wrong Item Delivered,Rejected,2025-10-27
3226,8381.0,678.0,4.0,Wrong Item Delivered,Rejected,2026-03-02
3227,48.0,837.0,2.0,Customer Changed Mind,Pending,2025-09-02
3228,1970.0,216.0,3.0,Quality Issue,Rejected,2025-06-14
3229,4732.0,983.0,3.0,Quality Issue,Approved,2025-12-31
3230,7729.0,206.0,2.0,Quality Issue,Rejected,2025-06-20
3231,2116.0,329.0,4.0,Wrong Item Delivered,Approved,2025-12-19
3232,1091.0,215.0,2.0,Quality Issue,Pending,2026-03-26
3233,4301.0,248.0,3.0,Not as Described,Rejected,2025-09-24
3234,7781.0,402.0,1.0,Wrong Item Delivered,Rejected,2026-05-11
3235,3686.0,885.0,5.0,Quality Issue,Pending,2025-07-28
3236,1355.0,699.0,5.0,Customer Changed Mind,Rejected,2025-11-05
3237,2553.0,380.0,4.0,Quality Issue,Rejected,2026-02-20
3238,131.0,50.0,2.0,Quality Issue,Rejected,2026-01-15
3239,9019.0,531.0,2.0,Wrong Item Delivered,Pending,2026-03-12
3240,6748.0,477.0,4.0,Wrong Item Delivered,Approved,2025-09-20
3241,7314.0,86.0,3.0,Quality Issue,Pending,2026-04-11
3242,8817.0,816.0,1.0,Not as Described,Pending,2025-05-27
3243,34.0,410.0,2.0,Not as Described,Pending,2026-01-21
3244,5806.0,612.0,3.0,Not as Described,Pending,2025-11-10
3245,1423.0,551.0,4.0,Customer Changed Mind,Pending,2026-03-26
3246,2791.0,9.0,5.0,Quality Issue,Approved,2025-11-17
3247,3836.0,372.0,2.0,Quality Issue,Rejected,2025-07-09
3248,4120.0,262.0,1.0,Not as Described,Pending,2025-09-14
3249,4207.0,252.0,5.0,Not as Described,Approved,2026-03-11
3250,5614.0,829.0,1.0,Customer Changed Mind,Rejected,2025-05-26
3251,6818.0,719.0,3.0,Damaged Product,Approved,2025-07-01
3252,592.0,346.0,2.0,Damaged Product,Pending,2025-06-08
3253,3050.0,18.0,2.0,Wrong Item Delivered,Pending,2025-12-24
3254,7648.0,300.0,1.0,Damaged Product,Rejected,2025-07-07
3255,141.0,606.0,1.0,Damaged Product,Approved,2026-03-21
3256,866.0,853.0,3.0,Damaged Product,Pending,2025-07-03
3257,2998.0,179.0,2.0,Quality Issue,Rejected,2025-06-18
3258,2743.0,855.0,2.0,Wrong Item Delivered,Approved,2025-07-22
3259,4049.0,524.0,1.0,Quality Issue,Rejected,2025-07-24
3260,8629.0,398.0,1.0,Quality Issue,Pending,2025-06-14
3261,5717.0,28.0,3.0,Not as Described,Pending,2026-03-29
3262,66.0,668.0,4.0,Customer Changed Mind,Approved,2026-05-17
3263,9588.0,550.0,3.0,Customer Changed Mind,Rejected,2025-07-11
3264,6098.0,783.0,3.0,Wrong Item Delivered,Pending,2025-09-04
3265,8902.0,689.0,4.0,Wrong Item Delivered,Rejected,2025-09-05
3266,1977.0,324.0,2.0,Quality Issue,Approved,2025-12-13
3267,1761.0,723.0,3.0,Customer Changed Mind,Rejected,2025-10-18
3268,8177.0,730.0,4.0,Quality Issue,Pending,2025-12-21
3269,3304.0,682.0,4.0,Wrong Item Delivered,Approved,2025-10-13
3270,4472.0,105.0,5.0,Customer Changed Mind,Approved,2025-07-28
3271,4122.0,372.0,1.0,Damaged Product,Pending,2026-01-31
3272,7678.0,703.0,1.0,Wrong Item Delivered,Pending,2026-03-04
3273,1454.0,886.0,3.0,Damaged Product,Pending,2026-02-16
3274,4473.0,561.0,5.0,Not as Described,Approved,2025-11-01
3275,1342.0,312.0,4.0,Wrong Item Delivered,Approved,2026-04-12
3276,9441.0,813.0,1.0,Quality Issue,Rejected,2026-01-07
3277,9654.0,52.0,4.0,Customer Changed Mind,Rejected,2026-03-07
3278,8319.0,143.0,4.0,Not as Described,Pending,2025-06-04
3279,69.0,535.0,4.0,Customer Changed Mind,Pending,2026-05-06
3280,227.0,572.0,3.0,Quality Issue,Pending,2025-10-07
3281,9184.0,240.0,2.0,Customer Changed Mind,Approved,2025-11-08
3282,1785.0,833.0,3.0,Not as Described,Pending,2025-09-10
3283,5747.0,351.0,4.0,Damaged Product,Pending,2025-11-17
3284,8503.0,825.0,1.0,Quality Issue,Approved,2025-12-16
3285,5688.0,691.0,2.0,Quality Issue,Approved,2025-12-11
3286,7663.0,464.0,3.0,Wrong Item Delivered,Approved,2025-10-12
3287,682.0,922.0,1.0,Wrong Item Delivered,Pending,2026-03-28
3288,8999.0,97.0,4.0,Not as Described,Rejected,2026-01-17
3289,157.0,260.0,1.0,Wrong Item Delivered,Rejected,2025-09-05
3290,1116.0,199.0,1.0,Damaged Product,Approved,2025-10-06
3291,6314.0,698.0,3.0,Quality Issue,Approved,2025-12-05
3292,3924.0,696.0,3.0,Wrong Item Delivered,Approved,2026-02-09
3293,2373.0,621.0,4.0,Wrong Item Delivered,Pending,2025-10-25
3294,4723.0,621.0,4.0,Not as Described,Rejected,2026-04-25
3295,6704.0,193.0,4.0,Not as Described,Rejected,2025-07-26
3296,6360.0,107.0,3.0,Damaged Product,Approved,2025-07-31
3297,3377.0,970.0,1.0,Not as Described,Pending,2025-11-03
3298,2527.0,389.0,3.0,Wrong Item Delivered,Approved,2025-11-22
3299,3870.0,877.0,2.0,Quality Issue,Approved,2026-04-18
3300,300.0,890.0,3.0,Not as Described,Pending,2025-10-31
3301,8054.0,475.0,1.0,Damaged Product,Approved,2025-06-12
3302,3424.0,577.0,4.0,Not as Described,Rejected,2025-12-12
3303,1235.0,696.0,3.0,Customer Changed Mind,Pending,2026-01-09
3304,2039.0,213.0,3.0,Not as Described,Pending,2025-12-13
3305,3262.0,787.0,5.0,Customer Changed Mind,Approved,2026-02-04
3306,7552.0,227.0,5.0,Quality Issue,Approved,2026-02-07
3307,9512.0,137.0,1.0,Damaged Product,Approved,2026-03-27
3308,4262.0,232.0,1.0,Quality Issue,Pending,2025-11-19
3309,7790.0,117.0,3.0,Quality Issue,Pending,2025-10-17
3310,1921.0,491.0,2.0,Damaged Product,Approved,2026-04-25
3311,5569.0,587.0,1.0,Not as Described,Approved,2026-02-23
3312,3097.0,430.0,3.0,Quality Issue,Rejected,2025-11-25
3313,8155.0,354.0,1.0,Not as Described,Pending,2025-06-04
3314,2338.0,340.0,1.0,Damaged Product,Pending,2025-05-28
3315,6506.0,477.0,3.0,Not as Described,Rejected,2025-07-30
3316,2812.0,529.0,3.0,Damaged Product,Pending,2026-02-21
3317,5196.0,463.0,3.0,Damaged Product,Pending,2025-06-26
3318,3008.0,841.0,5.0,Quality Issue,Rejected,2025-08-06
3319,4145.0,658.0,2.0,Damaged Product,Approved,2026-01-02
3320,4577.0,387.0,1.0,Wrong Item Delivered,Rejected,2025-09-06
3321,9667.0,712.0,2.0,Wrong Item Delivered,Approved,2026-02-19
3322,1580.0,300.0,4.0,Quality Issue,Rejected,2026-03-15
3323,4477.0,193.0,5.0,Damaged Product,Pending,2025-07-30
3324,1695.0,796.0,1.0,Wrong Item Delivered,Approved,2025-11-15
3325,8470.0,594.0,2.0,Wrong Item Delivered,Rejected,2025-10-20
3326,410.0,816.0,5.0,Not as Described,Approved,2026-02-16
3327,2433.0,278.0,2.0,Not as Described,Approved,2026-04-14
3328,3830.0,367.0,3.0,Quality Issue,Approved,2025-08-31
3329,2697.0,696.0,2.0,Wrong Item Delivered,Rejected,2025-09-28
3330,3840.0,402.0,5.0,Customer Changed Mind,Rejected,2025-05-29
3331,7133.0,99.0,3.0,Damaged Product,Approved,2025-08-24
3332,3689.0,105.0,1.0,Damaged Product,Rejected,2026-02-10
3333,2090.0,819.0,3.0,Wrong Item Delivered,Approved,2025-09-16
3334,5674.0,699.0,5.0,Damaged Product,Pending,2026-03-08
3335,4908.0,412.0,1.0,Quality Issue,Rejected,2025-07-10
3336,8459.0,714.0,5.0,Not as Described,Rejected,2026-02-15
3337,7602.0,314.0,5.0,Damaged Product,Approved,2025-06-03
3338,9877.0,518.0,4.0,Not as Described,Approved,2025-08-29
3339,7721.0,774.0,4.0,Wrong Item Delivered,Pending,2026-05-13
3340,3676.0,676.0,1.0,Damaged Product,Pending,2026-01-20
3341,5091.0,144.0,1.0,Customer Changed Mind,Pending,2025-11-29
3342,5801.0,119.0,2.0,Customer Changed Mind,Approved,2026-04-13
3343,4595.0,135.0,4.0,Customer Changed Mind,Rejected,2025-12-26
3344,963.0,950.0,2.0,Not as Described,Rejected,2025-06-17
3345,9972.0,614.0,4.0,Damaged Product,Pending,2026-03-19
3346,8346.0,198.0,3.0,Damaged Product,Rejected,2026-03-16
3347,5714.0,865.0,4.0,Customer Changed Mind,Approved,2026-03-31
3348,3278.0,806.0,2.0,Customer Changed Mind,Approved,2026-05-01
3349,5729.0,320.0,2.0,Customer Changed Mind,Approved,2026-02-28
3350,851.0,212.0,3.0,Not as Described,Rejected,2026-03-27
3351,925.0,47.0,1.0,Damaged Product,Pending,2025-06-22
3352,5770.0,859.0,1.0,Not as Described,Rejected,2025-12-04
3353,9973.0,122.0,5.0,Customer Changed Mind,Rejected,2025-08-23
3354,5315.0,808.0,2.0,Quality Issue,Pending,2025-08-18
3355,462.0,137.0,3.0,Not as Described,Pending,2026-05-09
3356,9063.0,412.0,1.0,Quality Issue,Pending,2025-12-07
3357,6925.0,879.0,2.0,Damaged Product,Rejected,2026-01-11
3358,4744.0,253.0,2.0,Not as Described,Pending,2025-10-30
3359,8350.0,115.0,5.0,Damaged Product,Rejected,2026-03-11
3360,8789.0,695.0,4.0,Customer Changed Mind,Approved,2026-01-11
3361,3697.0,96.0,5.0,Quality Issue,Approved,2025-05-26
3362,7789.0,634.0,5.0,Quality Issue,Pending,2026-04-09
3363,6215.0,710.0,4.0,Customer Changed Mind,Approved,2025-08-24
3364,4189.0,679.0,3.0,Damaged Product,Pending,2025-11-28
3365,5577.0,498.0,2.0,Damaged Product,Rejected,2025-11-15
3366,9048.0,10.0,3.0,Customer Changed Mind,Approved,2025-06-03
3367,8376.0,306.0,1.0,Wrong Item Delivered,Rejected,2025-09-10
3368,9646.0,736.0,3.0,Damaged Product,Rejected,2026-01-27
3369,6426.0,530.0,3.0,Wrong Item Delivered,Pending,2025-08-10
3370,5312.0,482.0,2.0,Not as Described,Pending,2025-11-16
3371,2938.0,569.0,4.0,Wrong Item Delivered,Pending,2026-01-22
3372,973.0,362.0,5.0,Damaged Product,Pending,2025-07-07
3373,5919.0,394.0,1.0,Not as Described,Approved,2025-09-03
3374,5435.0,359.0,1.0,Quality Issue,Rejected,2025-09-05
3375,5830.0,18.0,5.0,Not as Described,Rejected,2025-12-14
3376,3499.0,42.0,4.0,Quality Issue,Rejected,2025-11-27
3377,5146.0,990.0,5.0,Not as Described,Rejected,2025-08-21
3378,8933.0,938.0,1.0,Wrong Item Delivered,Approved,2025-12-18
3379,7177.0,857.0,5.0,Customer Changed Mind,Rejected,2025-12-17
3380,8345.0,9.0,2.0,Wrong Item Delivered,Rejected,2025-08-02
3381,329.0,843.0,3.0,Wrong Item Delivered,Rejected,2026-04-02
3382,1470.0,832.0,1.0,Customer Changed Mind,Approved,2025-08-05
3383,433.0,176.0,2.0,Customer Changed Mind,Rejected,2025-11-12
3384,5609.0,407.0,4.0,Wrong Item Delivered,Approved,2025-07-03
3385,9464.0,603.0,5.0,Damaged Product,Rejected,2025-07-19
3386,9564.0,178.0,2.0,Not as Described,Pending,2025-07-10
3387,3524.0,700.0,1.0,Wrong Item Delivered,Pending,2025-08-18
3388,8875.0,838.0,1.0,Customer Changed Mind,Pending,2025-10-22
3389,9753.0,810.0,1.0,Quality Issue,Pending,2026-04-10
3390,6861.0,479.0,1.0,Customer Changed Mind,Rejected,2026-04-17
3391,4746.0,292.0,1.0,Quality Issue,Pending,2025-10-11
3392,4779.0,248.0,5.0,Not as Described,Pending,2026-04-29
3393,7546.0,47.0,5.0,Customer Changed Mind,Pending,2025-07-17
3394,581.0,521.0,5.0,Quality Issue,Pending,2025-09-21
3395,5021.0,376.0,5.0,Not as Described,Rejected,2025-06-26
3396,4743.0,367.0,1.0,Customer Changed Mind,Approved,2025-09-24
3397,4985.0,543.0,2.0,Customer Changed Mind,Pending,2025-07-13
3398,8696.0,878.0,5.0,Wrong Item Delivered,Approved,2025-08-24
3399,5343.0,648.0,3.0,Quality Issue,Pending,2026-02-23
3400,320.0,545.0,1.0,Wrong Item Delivered,Pending,2025-06-28
3401,755.0,535.0,3.0,Quality Issue,Pending,2026-02-24
3402,6204.0,406.0,3.0,Not as Described,Pending,2026-04-12
3403,3594.0,787.0,5.0,Quality Issue,Pending,2025-07-31
3404,7715.0,130.0,3.0,Not as Described,Pending,2025-11-04
3405,3103.0,849.0,2.0,Damaged Product,Pending,2025-10-18
3406,7956.0,463.0,3.0,Quality Issue,Pending,2025-10-01
3407,9678.0,708.0,5.0,Damaged Product,Approved,2026-03-31
3408,8943.0,905.0,3.0,Not as Described,Rejected,2025-11-26
3409,1308.0,475.0,2.0,Wrong Item Delivered,Pending,2025-06-13
3410,4577.0,872.0,1.0,Not as Described,Pending,2026-02-03
3411,4934.0,747.0,3.0,Quality Issue,Approved,2025-10-24
3412,9574.0,432.0,4.0,Quality Issue,Pending,2025-10-09
3413,1704.0,707.0,1.0,Wrong Item Delivered,Pending,2025-12-14
3414,8292.0,699.0,4.0,Wrong Item Delivered,Approved,2025-12-02
3415,739.0,562.0,5.0,Not as Described,Rejected,2025-07-16
3416,5363.0,112.0,2.0,Damaged Product,Approved,2026-01-08
3417,4869.0,698.0,5.0,Wrong Item Delivered,Approved,2025-12-20
3418,6385.0,487.0,1.0,Not as Described,Pending,2026-01-13
3419,2288.0,380.0,3.0,Damaged Product,Approved,2025-11-18
3420,5962.0,84.0,3.0,Damaged Product,Approved,2026-03-06
3421,6711.0,579.0,4.0,Quality Issue,Approved,2025-06-10
3422,4131.0,308.0,2.0,Damaged Product,Pending,2025-11-26
3423,8.0,67.0,4.0,Not as Described,Pending,2026-03-23
3424,4741.0,809.0,5.0,Quality Issue,Rejected,2026-03-24
3425,988.0,330.0,5.0,Customer Changed Mind,Rejected,2025-09-21
3426,259.0,265.0,2.0,Damaged Product,Approved,2026-03-24
3427,5429.0,59.0,5.0,Customer Changed Mind,Pending,2025-12-12
3428,4173.0,576.0,3.0,Damaged Product,Rejected,2025-10-17
3429,273.0,700.0,2.0,Damaged Product,Approved,2025-12-26
3430,7468.0,927.0,3.0,Customer Changed Mind,Pending,2025-12-13
3431,4145.0,700.0,4.0,Damaged Product,Approved,2025-10-26
3432,6962.0,901.0,3.0,Wrong Item Delivered,Pending,2026-01-28
3433,620.0,660.0,5.0,Not as Described,Pending,2026-03-10
3434,6289.0,977.0,3.0,Not as Described,Rejected,2025-09-05
3435,8991.0,317.0,2.0,Customer Changed Mind,Rejected,2026-04-10
3436,6161.0,195.0,2.0,Quality Issue,Approved,2025-09-04
3437,3463.0,402.0,3.0,Customer Changed Mind,Pending,2025-08-19
3438,1366.0,469.0,2.0,Wrong Item Delivered,Rejected,2025-08-09
3439,4657.0,34.0,1.0,Customer Changed Mind,Rejected,2025-11-18
3440,1074.0,370.0,4.0,Damaged Product,Rejected,2025-10-25
3441,4788.0,457.0,5.0,Wrong Item Delivered,Pending,2025-12-02
3442,5620.0,503.0,2.0,Wrong Item Delivered,Pending,2025-06-17
3443,8729.0,485.0,3.0,Quality Issue,Approved,2025-09-05
3444,3607.0,362.0,3.0,Quality Issue,Rejected,2025-10-26
3445,6236.0,436.0,3.0,Quality Issue,Approved,2025-09-05
3446,7387.0,259.0,1.0,Wrong Item Delivered,Pending,2025-06-06
3447,7265.0,812.0,1.0,Damaged Product,Rejected,2025-11-26
3448,8808.0,198.0,1.0,Customer Changed Mind,Approved,2026-02-06
3449,9559.0,840.0,2.0,Quality Issue,Pending,2025-06-27
3450,4955.0,554.0,3.0,Not as Described,Pending,2026-02-28
3451,1176.0,146.0,4.0,Customer Changed Mind,Approved,2025-10-26
3452,5485.0,514.0,4.0,Customer Changed Mind,Approved,2025-12-14
3453,8337.0,830.0,4.0,Not as Described,Pending,2026-03-29
3454,974.0,429.0,3.0,Wrong Item Delivered,Pending,2025-11-08
3455,8288.0,687.0,1.0,Customer Changed Mind,Rejected,2026-03-07
3456,3327.0,3.0,5.0,Quality Issue,Approved,2026-03-17
3457,2566.0,541.0,3.0,Damaged Product,Approved,2025-06-03
3458,1518.0,560.0,4.0,Wrong Item Delivered,Pending,2025-12-27
3459,719.0,392.0,4.0,Quality Issue,Rejected,2026-03-05
3460,4193.0,610.0,1.0,Not as Described,Rejected,2025-11-08
3461,3764.0,563.0,2.0,Wrong Item Delivered,Approved,2025-11-15
3462,4415.0,947.0,3.0,Customer Changed Mind,Rejected,2025-12-31
3463,56.0,68.0,5.0,Damaged Product,Rejected,2026-05-13
3464,6980.0,263.0,2.0,Customer Changed Mind,Rejected,2026-02-27
3465,8911.0,66.0,2.0,Customer Changed Mind,Pending,2025-06-12
3466,1087.0,896.0,4.0,Not as Described,Approved,2026-04-27
3467,3334.0,387.0,2.0,Customer Changed Mind,Approved,2026-01-03
3468,2577.0,693.0,3.0,Customer Changed Mind,Approved,2026-02-14
3469,4799.0,916.0,1.0,Customer Changed Mind,Rejected,2025-11-30
3470,151.0,63.0,5.0,Not as Described,Approved,2026-03-04
3471,3624.0,909.0,4.0,Customer Changed Mind,Rejected,2025-12-30
3472,7036.0,179.0,4.0,Quality Issue,Pending,2026-05-04
3473,45.0,200.0,3.0,Customer Changed Mind,Approved,2026-02-20
3474,8145.0,286.0,5.0,Quality Issue,Rejected,2025-12-24
3475,7527.0,604.0,2.0,Customer Changed Mind,Pending,2025-06-09
3476,9632.0,949.0,2.0,Damaged Product,Pending,2025-06-10
3477,4855.0,776.0,4.0,Not as Described,Approved,2025-08-06
3478,2045.0,366.0,5.0,Not as Described,Pending,2025-07-15
3479,2809.0,809.0,2.0,Customer Changed Mind,Rejected,2026-02-06
3480,1948.0,945.0,2.0,Customer Changed Mind,Approved,2026-05-15
3481,7584.0,469.0,4.0,Damaged Product,Approved,2026-05-25
3482,8130.0,419.0,5.0,Damaged Product,Pending,2026-01-30
3483,5453.0,598.0,4.0,Not as Described,Rejected,2026-04-29
3484,6823.0,179.0,1.0,Customer Changed Mind,Approved,2025-08-12
3485,8279.0,786.0,3.0,Quality Issue,Approved,2025-11-24
3486,8202.0,898.0,5.0,Wrong Item Delivered,Rejected,2026-03-17
3487,7474.0,903.0,2.0,Wrong Item Delivered,Approved,2025-11-23
3488,7932.0,450.0,5.0,Quality Issue,Approved,2025-07-02
3489,5012.0,947.0,2.0,Wrong Item Delivered,Approved,2025-07-10
3490,7528.0,180.0,1.0,Damaged Product,Pending,2026-01-14
3491,6237.0,809.0,4.0,Damaged Product,Approved,2025-06-22
3492,2177.0,564.0,2.0,Quality Issue,Rejected,2025-09-08
3493,5074.0,367.0,2.0,Wrong Item Delivered,Pending,2025-12-02
3494,8373.0,235.0,1.0,Not as Described,Rejected,2025-08-07
3495,530.0,737.0,5.0,Damaged Product,Pending,2026-03-02
3496,1548.0,720.0,3.0,Customer Changed Mind,Pending,2026-05-15
3497,18.0,633.0,1.0,Customer Changed Mind,Pending,2025-09-07
3498,9423.0,358.0,1.0,Damaged Product,Pending,2025-09-25
3499,5085.0,468.0,5.0,Quality Issue,Rejected,2025-11-30
3500,8998.0,236.0,1.0,Wrong Item Delivered,Approved,2026-03-11
3501,6359.0,80.0,3.0,Customer Changed Mind,Approved,2026-05-21
3502,4148.0,607.0,3.0,Quality Issue,Pending,2025-07-24
3503,5856.0,165.0,3.0,Quality Issue,Rejected,2025-09-23
3504,6717.0,406.0,4.0,Quality Issue,Rejected,2025-12-25
3505,2938.0,160.0,2.0,Customer Changed Mind,Rejected,2026-03-24
3506,6668.0,887.0,4.0,Not as Described,Approved,2025-07-17
3507,2674.0,302.0,4.0,Quality Issue,Approved,2026-05-21
3508,221.0,159.0,5.0,Quality Issue,Pending,2025-08-01
3509,2605.0,343.0,2.0,Quality Issue,Approved,2025-11-30
3510,5501.0,530.0,5.0,Wrong Item Delivered,Pending,2025-08-08
3511,25.0,885.0,4.0,Not as Described,Pending,2025-11-23
3512,6028.0,135.0,5.0,Damaged Product,Rejected,2025-11-29
3513,7212.0,811.0,5.0,Not as Described,Rejected,2026-04-04
3514,7450.0,401.0,2.0,Not as Described,Rejected,2026-02-10
3515,8438.0,750.0,3.0,Not as Described,Pending,2025-08-06
3516,5023.0,8.0,2.0,Quality Issue,Rejected,2025-08-03
3517,291.0,988.0,2.0,Customer Changed Mind,Rejected,2026-05-24
3518,9847.0,911.0,3.0,Customer Changed Mind,Rejected,2025-12-19
3519,2177.0,302.0,5.0,Customer Changed Mind,Pending,2025-08-27
3520,3834.0,754.0,1.0,Customer Changed Mind,Approved,2025-09-24
3521,9829.0,598.0,2.0,Not as Described,Pending,2025-06-07
3522,6331.0,355.0,2.0,Quality Issue,Rejected,2025-06-23
3523,7955.0,160.0,4.0,Damaged Product,Rejected,2025-08-21
3524,442.0,527.0,4.0,Wrong Item Delivered,Pending,2026-05-01
3525,8267.0,709.0,5.0,Not as Described,Approved,2026-05-13
3526,7447.0,165.0,1.0,Damaged Product,Pending,2025-11-03
3527,3032.0,820.0,4.0,Wrong Item Delivered,Approved,2026-03-01
3528,3601.0,688.0,5.0,Quality Issue,Approved,2026-04-10
3529,8488.0,753.0,2.0,Customer Changed Mind,Approved,2026-02-02
3530,6286.0,825.0,1.0,Damaged Product,Pending,2026-03-17
3531,5778.0,485.0,4.0,Customer Changed Mind,Rejected,2026-03-31
3532,1247.0,931.0,5.0,Customer Changed Mind,Rejected,2025-12-05
3533,3617.0,331.0,5.0,Not as Described,Pending,2025-08-22
3534,1632.0,410.0,4.0,Damaged Product,Approved,2025-06-27
3535,134.0,406.0,1.0,Not as Described,Approved,2025-12-10
3536,7782.0,631.0,3.0,Not as Described,Pending,2026-03-21
3537,5509.0,77.0,3.0,Damaged Product,Pending,2026-04-14
3538,2099.0,612.0,4.0,Damaged Product,Rejected,2025-07-28
3539,5104.0,853.0,3.0,Wrong Item Delivered,Approved,2025-07-26
3540,3202.0,216.0,4.0,Wrong Item Delivered,Rejected,2026-03-26
3541,8947.0,411.0,4.0,Wrong Item Delivered,Approved,2026-05-23
3542,7419.0,272.0,4.0,Not as Described,Pending,2025-10-18
3543,5230.0,330.0,5.0,Not as Described,Approved,2026-02-28
3544,2904.0,178.0,2.0,Quality Issue,Approved,2025-10-08
3545,2131.0,42.0,4.0,Customer Changed Mind,Pending,2025-08-31
3546,407.0,770.0,2.0,Not as Described,Rejected,2025-11-13
3547,6779.0,731.0,1.0,Customer Changed Mind,Approved,2025-08-17
3548,799.0,415.0,2.0,Not as Described,Rejected,2025-10-11
3549,9635.0,577.0,4.0,Customer Changed Mind,Approved,2026-02-08
3550,256.0,490.0,2.0,Not as Described,Pending,2026-01-25
3551,6036.0,601.0,3.0,Not as Described,Pending,2026-05-07
3552,8119.0,574.0,3.0,Wrong Item Delivered,Pending,2026-03-26
3553,6806.0,29.0,4.0,Not as Described,Pending,2026-02-12
3554,7589.0,821.0,5.0,Not as Described,Rejected,2025-06-29
3555,7657.0,153.0,4.0,Customer Changed Mind,Pending,2026-04-08
3556,2437.0,41.0,2.0,Damaged Product,Approved,2026-05-01
3557,759.0,338.0,3.0,Not as Described,Pending,2025-10-05
3558,7035.0,260.0,2.0,Not as Described,Pending,2025-12-03
3559,9018.0,118.0,1.0,Quality Issue,Pending,2025-10-10
3560,3387.0,717.0,5.0,Customer Changed Mind,Rejected,2025-08-28
3561,6758.0,280.0,1.0,Quality Issue,Pending,2025-11-12
3562,9719.0,216.0,4.0,Damaged Product,Approved,2025-09-14
3563,8135.0,74.0,3.0,Quality Issue,Rejected,2025-10-01
3564,6631.0,952.0,3.0,Not as Described,Rejected,2025-08-25
3565,5726.0,198.0,1.0,Customer Changed Mind,Rejected,2025-07-07
3566,3986.0,163.0,5.0,Quality Issue,Pending,2025-09-08
3567,9791.0,208.0,4.0,Damaged Product,Rejected,2025-06-21
3568,2996.0,586.0,5.0,Not as Described,Pending,2026-04-29
3569,2765.0,621.0,2.0,Quality Issue,Approved,2025-08-05
3570,6691.0,461.0,2.0,Customer Changed Mind,Pending,2026-04-18
3571,4563.0,996.0,4.0,Damaged Product,Pending,2025-07-07
3572,1828.0,360.0,4.0,Customer Changed Mind,Approved,2026-04-17
3573,2704.0,262.0,3.0,Wrong Item Delivered,Pending,2025-11-22
3574,6268.0,440.0,1.0,Customer Changed Mind,Approved,2026-02-08
3575,4847.0,335.0,1.0,Not as Described,Rejected,2026-03-19
3576,9743.0,933.0,5.0,Damaged Product,Rejected,2025-06-08
3577,6036.0,618.0,2.0,Wrong Item Delivered,Approved,2026-04-18
3578,1232.0,395.0,5.0,Not as Described,Rejected,2026-02-05
3579,5724.0,863.0,2.0,Damaged Product,Approved,2026-04-05
3580,367.0,293.0,3.0,Customer Changed Mind,Pending,2025-10-16
3581,2756.0,930.0,3.0,Quality Issue,Pending,2025-06-16
3582,8232.0,486.0,5.0,Quality Issue,Rejected,2025-07-17
3583,2839.0,899.0,3.0,Damaged Product,Rejected,2025-12-08
3584,7831.0,481.0,4.0,Wrong Item Delivered,Pending,2026-04-11
3585,2197.0,172.0,1.0,Damaged Product,Pending,2026-04-01
3586,4235.0,660.0,1.0,Customer Changed Mind,Approved,2025-06-15
3587,1493.0,52.0,1.0,Wrong Item Delivered,Pending,2025-08-06
3588,7360.0,405.0,1.0,Customer Changed Mind,Pending,2025-11-04
3589,5704.0,501.0,5.0,Damaged Product,Approved,2026-04-23
3590,8130.0,17.0,2.0,Not as Described,Pending,2025-12-13
3591,8850.0,660.0,3.0,Customer Changed Mind,Pending,2025-12-01
3592,6605.0,394.0,2.0,Damaged Product,Approved,2025-12-06
3593,6711.0,130.0,1.0,Quality Issue,Rejected,2025-09-21
3594,7001.0,610.0,5.0,Damaged Product,Approved,2026-03-01
3595,7013.0,645.0,2.0,Damaged Product,Pending,2026-05-22
3596,5022.0,111.0,5.0,Customer Changed Mind,Pending,2025-12-08
3597,9053.0,649.0,3.0,Quality Issue,Approved,2025-09-18
3598,7377.0,748.0,2.0,Wrong Item Delivered,Approved,2025-09-12
3599,9241.0,882.0,3.0,Quality Issue,Approved,2025-08-01
3600,7708.0,949.0,5.0,Wrong Item Delivered,Pending,2026-01-08
3601,9956.0,890.0,3.0,Damaged Product,Approved,2026-01-21
3602,4597.0,676.0,3.0,Wrong Item Delivered,Approved,2025-10-12
3603,5175.0,657.0,1.0,Quality Issue,Approved,2026-03-30
3604,6300.0,159.0,1.0,Customer Changed Mind,Pending,2025-07-30
3605,9154.0,74.0,2.0,Customer Changed Mind,Approved,2025-06-06
3606,4465.0,645.0,3.0,Customer Changed Mind,Pending,2026-04-10
3607,9847.0,367.0,4.0,Wrong Item Delivered,Approved,2026-03-18
3608,6379.0,362.0,4.0,Quality Issue,Rejected,2025-12-25
3609,6271.0,288.0,1.0,Damaged Product,Approved,2026-05-11
3610,3480.0,79.0,2.0,Wrong Item Delivered,Approved,2025-10-09
3611,5622.0,304.0,5.0,Damaged Product,Approved,2025-05-25
3612,6372.0,493.0,4.0,Damaged Product,Approved,2025-06-14
3613,5567.0,2.0,2.0,Damaged Product,Pending,2025-11-11
3614,2100.0,250.0,1.0,Not as Described,Rejected,2025-11-07
3615,2345.0,508.0,3.0,Not as Described,Approved,2025-12-11
3616,618.0,440.0,3.0,Quality Issue,Rejected,2026-04-05
3617,7735.0,936.0,3.0,Damaged Product,Rejected,2025-08-17
3618,5321.0,310.0,4.0,Damaged Product,Pending,2025-09-02
3619,6268.0,479.0,2.0,Damaged Product,Pending,2026-05-18
3620,3015.0,580.0,5.0,Wrong Item Delivered,Rejected,2025-08-25
3621,4387.0,611.0,5.0,Quality Issue,Rejected,2026-04-30
3622,7647.0,936.0,5.0,Customer Changed Mind,Approved,2025-12-09
3623,4398.0,460.0,3.0,Wrong Item Delivered,Rejected,2026-05-15
3624,8895.0,948.0,2.0,Customer Changed Mind,Pending,2025-06-17
3625,6358.0,222.0,3.0,Not as Described,Pending,2026-02-28
3626,1851.0,977.0,4.0,Quality Issue,Pending,2025-06-13
3627,4511.0,817.0,1.0,Customer Changed Mind,Rejected,2025-12-21
3628,2130.0,78.0,4.0,Customer Changed Mind,Approved,2025-10-13
3629,5993.0,348.0,1.0,Damaged Product,Rejected,2025-09-09
3630,6931.0,227.0,2.0,Customer Changed Mind,Approved,2026-05-11
3631,3681.0,898.0,4.0,Wrong Item Delivered,Approved,2025-09-05
3632,6247.0,773.0,3.0,Wrong Item Delivered,Pending,2025-11-13
3633,3568.0,864.0,2.0,Quality Issue,Approved,2026-01-12
3634,4926.0,184.0,3.0,Customer Changed Mind,Pending,2025-10-03
3635,9713.0,264.0,4.0,Wrong Item Delivered,Pending,2025-08-03
3636,1530.0,394.0,3.0,Damaged Product,Approved,2025-06-15
3637,8552.0,154.0,2.0,Damaged Product,Pending,2026-03-01
3638,5014.0,263.0,1.0,Wrong Item Delivered,Pending,2025-12-20
3639,5925.0,840.0,1.0,Quality Issue,Pending,2026-01-07
3640,2838.0,602.0,1.0,Wrong Item Delivered,Pending,2026-05-04
3641,915.0,624.0,5.0,Customer Changed Mind,Rejected,2026-05-16
3642,9769.0,140.0,5.0,Damaged Product,Approved,2026-05-14
3643,2625.0,824.0,5.0,Wrong Item Delivered,Approved,2025-06-06
3644,5173.0,57.0,4.0,Customer Changed Mind,Pending,2026-03-03
3645,1879.0,187.0,3.0,Quality Issue,Approved,2026-02-06
3646,4936.0,191.0,2.0,Quality Issue,Approved,2026-02-16
3647,2015.0,602.0,2.0,Customer Changed Mind,Rejected,2026-04-17
3648,3811.0,457.0,1.0,Damaged Product,Rejected,2025-07-24
3649,548.0,617.0,1.0,Customer Changed Mind,Rejected,2025-08-29
3650,141.0,127.0,3.0,Quality Issue,Pending,2025-11-03
3651,9256.0,429.0,1.0,Damaged Product,Pending,2025-10-23
3652,2949.0,555.0,3.0,Quality Issue,Rejected,2025-12-15
3653,5769.0,759.0,3.0,Customer Changed Mind,Pending,2025-05-26
3654,9200.0,998.0,5.0,Damaged Product,Approved,2025-08-23
3655,4098.0,831.0,5.0,Customer Changed Mind,Pending,2025-12-01
3656,6617.0,929.0,2.0,Quality Issue,Approved,2025-12-07
3657,1232.0,234.0,4.0,Customer Changed Mind,Rejected,2026-05-15
3658,8657.0,551.0,5.0,Quality Issue,Rejected,2025-07-16
3659,4978.0,557.0,2.0,Wrong Item Delivered,Rejected,2025-11-14
3660,6265.0,316.0,5.0,Customer Changed Mind,Rejected,2025-06-24
3661,3983.0,527.0,1.0,Not as Described,Rejected,2025-12-22
3662,9278.0,330.0,3.0,Customer Changed Mind,Rejected,2025-10-08
3663,3635.0,727.0,4.0,Customer Changed Mind,Pending,2026-05-25
3664,6506.0,871.0,1.0,Wrong Item Delivered,Pending,2026-02-25
3665,8249.0,179.0,4.0,Customer Changed Mind,Approved,2026-02-26
3666,1394.0,757.0,3.0,Customer Changed Mind,Approved,2026-01-02
3667,5903.0,517.0,4.0,Wrong Item Delivered,Pending,2025-09-20
3668,4515.0,973.0,1.0,Not as Described,Pending,2026-02-10
3669,6850.0,701.0,4.0,Quality Issue,Approved,2026-01-23
3670,5118.0,213.0,4.0,Damaged Product,Approved,2025-11-05
3671,8120.0,86.0,3.0,Not as Described,Approved,2026-04-13
3672,3266.0,449.0,4.0,Not as Described,Pending,2026-01-06
3673,1713.0,405.0,5.0,Not as Described,Approved,2025-11-26
3674,9496.0,125.0,1.0,Not as Described,Pending,2025-10-14
3675,8964.0,808.0,4.0,Damaged Product,Pending,2026-03-24
3676,8799.0,294.0,1.0,Wrong Item Delivered,Rejected,2025-09-09
3677,9780.0,60.0,5.0,Quality Issue,Approved,2026-05-03
3678,5346.0,756.0,3.0,Damaged Product,Rejected,2026-02-27
3679,4105.0,203.0,4.0,Wrong Item Delivered,Rejected,2026-01-11
3680,2605.0,250.0,4.0,Wrong Item Delivered,Pending,2025-12-28
3681,4873.0,269.0,3.0,Wrong Item Delivered,Approved,2025-07-28
3682,2380.0,174.0,3.0,Quality Issue,Approved,2026-05-18
3683,1599.0,742.0,5.0,Not as Described,Rejected,2025-06-24
3684,7198.0,899.0,1.0,Wrong Item Delivered,Approved,2026-03-20
3685,1053.0,34.0,5.0,Wrong Item Delivered,Pending,2025-10-05
3686,9126.0,839.0,2.0,Customer Changed Mind,Rejected,2026-01-09
3687,4995.0,473.0,1.0,Quality Issue,Pending,2025-06-20
3688,9909.0,708.0,2.0,Quality Issue,Rejected,2025-07-20
3689,5742.0,691.0,4.0,Quality Issue,Pending,2025-09-14
3690,1773.0,104.0,2.0,Customer Changed Mind,Rejected,2026-02-22
3691,734.0,688.0,3.0,Quality Issue,Pending,2026-03-07
3692,4490.0,780.0,3.0,Wrong Item Delivered,Pending,2025-06-05
3693,820.0,762.0,5.0,Quality Issue,Rejected,2025-11-14
3694,9633.0,736.0,2.0,Damaged Product,Pending,2025-09-19
3695,8340.0,985.0,3.0,Quality Issue,Pending,2026-04-09
3696,1582.0,399.0,3.0,Customer Changed Mind,Pending,2025-10-28
3697,8002.0,714.0,4.0,Damaged Product,Approved,2026-03-17
3698,1715.0,329.0,3.0,Not as Described,Pending,2026-01-09
3699,8193.0,544.0,2.0,Not as Described,Approved,2025-06-09
3700,6929.0,430.0,2.0,Wrong Item Delivered,Approved,2025-12-23
3701,7667.0,232.0,3.0,Quality Issue,Rejected,2025-11-08
3702,7287.0,313.0,3.0,Quality Issue,Pending,2026-05-17
3703,6990.0,480.0,1.0,Not as Described,Approved,2025-11-03
3704,7867.0,898.0,4.0,Wrong Item Delivered,Approved,2025-08-30
3705,5162.0,311.0,2.0,Customer Changed Mind,Pending,2025-11-29
3706,6377.0,823.0,5.0,Not as Described,Pending,2026-01-09
3707,3081.0,891.0,3.0,Wrong Item Delivered,Rejected,2026-03-01
3708,1919.0,722.0,1.0,Customer Changed Mind,Pending,2025-06-26
3709,555.0,898.0,5.0,Customer Changed Mind,Pending,2026-02-12
3710,5281.0,770.0,1.0,Quality Issue,Approved,2025-10-08
3711,2669.0,835.0,2.0,Wrong Item Delivered,Rejected,2025-07-01
3712,5424.0,689.0,2.0,Not as Described,Rejected,2025-08-21
3713,9916.0,260.0,5.0,Damaged Product,Pending,2025-12-21
3714,9861.0,903.0,5.0,Wrong Item Delivered,Pending,2026-01-25
3715,712.0,148.0,2.0,Not as Described,Approved,2025-08-18
3716,1777.0,942.0,4.0,Quality Issue,Rejected,2026-01-14
3717,4437.0,12.0,2.0,Not as Described,Approved,2025-11-06
3718,3496.0,857.0,5.0,Not as Described,Rejected,2026-01-20
3719,5278.0,595.0,1.0,Damaged Product,Rejected,2025-12-14
3720,6543.0,666.0,2.0,Customer Changed Mind,Pending,2025-06-21
3721,7634.0,131.0,3.0,Wrong Item Delivered,Pending,2026-03-01
3722,4975.0,693.0,2.0,Quality Issue,Approved,2025-07-08
3723,3797.0,509.0,4.0,Wrong Item Delivered,Approved,2026-03-14
3724,4317.0,606.0,4.0,Damaged Product,Pending,2026-01-29
3725,3386.0,202.0,5.0,Customer Changed Mind,Rejected,2026-03-05
3726,2739.0,685.0,1.0,Customer Changed Mind,Approved,2025-06-18
3727,9911.0,69.0,4.0,Wrong Item Delivered,Rejected,2025-10-07
3728,2362.0,427.0,1.0,Damaged Product,Rejected,2025-09-20
3729,2649.0,659.0,3.0,Wrong Item Delivered,Pending,2025-10-06
3730,2259.0,864.0,2.0,Wrong Item Delivered,Pending,2025-08-22
3731,8315.0,618.0,3.0,Wrong Item Delivered,Approved,2025-11-24
3732,2841.0,632.0,1.0,Customer Changed Mind,Rejected,2026-02-22
3733,7643.0,741.0,2.0,Customer Changed Mind,Pending,2025-10-22
3734,4425.0,762.0,3.0,Wrong Item Delivered,Rejected,2026-04-25
3735,8876.0,200.0,5.0,Quality Issue,Approved,2025-07-03
3736,6254.0,98.0,5.0,Not as Described,Rejected,2026-01-17
3737,4140.0,863.0,4.0,Wrong Item Delivered,Rejected,2025-11-05
3738,5481.0,70.0,2.0,Damaged Product,Approved,2025-11-28
3739,6623.0,989.0,3.0,Wrong Item Delivered,Approved,2025-11-26
3740,3776.0,147.0,3.0,Damaged Product,Approved,2026-01-30
3741,901.0,379.0,4.0,Not as Described,Approved,2025-06-12
3742,6141.0,624.0,4.0,Not as Described,Approved,2026-02-10
3743,7561.0,82.0,1.0,Quality Issue,Rejected,2025-07-11
3744,6797.0,670.0,5.0,Damaged Product,Rejected,2025-09-24
3745,2205.0,176.0,3.0,Wrong Item Delivered,Approved,2025-07-23
3746,1155.0,143.0,5.0,Damaged Product,Approved,2025-08-19
3747,6182.0,146.0,4.0,Quality Issue,Rejected,2025-11-25
3748,5521.0,738.0,5.0,Customer Changed Mind,Pending,2026-04-01
3749,8566.0,628.0,4.0,Quality Issue,Approved,2026-01-17
3750,5527.0,559.0,2.0,Quality Issue,Approved,2025-07-18
3751,3169.0,16.0,1.0,Not as Described,Approved,2025-06-06
3752,7148.0,202.0,5.0,Damaged Product,Pending,2026-04-16
3753,3640.0,513.0,3.0,Wrong Item Delivered,Approved,2025-10-13
3754,534.0,559.0,4.0,Wrong Item Delivered,Approved,2025-11-22
3755,6975.0,491.0,2.0,Wrong Item Delivered,Rejected,2025-08-02
3756,2568.0,740.0,1.0,Wrong Item Delivered,Pending,2026-01-27
3757,7054.0,346.0,5.0,Quality Issue,Rejected,2025-12-24
3758,5624.0,934.0,3.0,Wrong Item Delivered,Pending,2025-09-04
3759,5979.0,679.0,5.0,Customer Changed Mind,Approved,2026-02-02
3760,3929.0,628.0,2.0,Customer Changed Mind,Rejected,2026-01-28
3761,1768.0,284.0,5.0,Not as Described,Pending,2025-10-23
3762,1246.0,538.0,4.0,Quality Issue,Approved,2026-01-17
3763,8881.0,366.0,5.0,Customer Changed Mind,Approved,2026-01-15
3764,2410.0,110.0,1.0,Wrong Item Delivered,Approved,2025-07-07
3765,9711.0,569.0,1.0,Wrong Item Delivered,Pending,2025-09-21
3766,352.0,171.0,5.0,Wrong Item Delivered,Pending,2026-04-24
3767,8221.0,876.0,5.0,Not as Described,Pending,2025-07-21
3768,4608.0,769.0,3.0,Damaged Product,Pending,2025-10-11
3769,4006.0,454.0,5.0,Damaged Product,Approved,2025-06-22
3770,83.0,992.0,1.0,Not as Described,Approved,2025-07-02
3771,6118.0,922.0,1.0,Not as Described,Approved,2025-08-05
3772,8002.0,539.0,2.0,Not as Described,Pending,2025-10-26
3773,194.0,649.0,5.0,Damaged Product,Pending,2026-04-21
3774,6258.0,774.0,4.0,Quality Issue,Rejected,2025-07-20
3775,3321.0,133.0,4.0,Not as Described,Pending,2026-02-27
3776,5360.0,823.0,4.0,Quality Issue,Approved,2026-01-31
3777,5548.0,85.0,2.0,Quality Issue,Rejected,2025-05-25
3778,5368.0,417.0,4.0,Quality Issue,Approved,2025-11-18
3779,8140.0,354.0,4.0,Customer Changed Mind,Pending,2026-03-24
3780,1953.0,645.0,2.0,Damaged Product,Pending,2025-11-14
3781,9310.0,747.0,3.0,Wrong Item Delivered,Rejected,2026-02-02
3782,238.0,958.0,3.0,Not as Described,Pending,2025-06-15
3783,9613.0,648.0,5.0,Quality Issue,Approved,2025-11-07
3784,2016.0,755.0,5.0,Customer Changed Mind,Approved,2025-07-17
3785,7075.0,462.0,2.0,Not as Described,Pending,2025-06-14
3786,6457.0,688.0,2.0,Not as Described,Pending,2025-12-03
3787,8686.0,282.0,2.0,Not as Described,Approved,2026-05-01
3788,9953.0,98.0,4.0,Wrong Item Delivered,Rejected,2025-08-06
3789,5990.0,582.0,5.0,Not as Described,Pending,2025-08-28
3790,3097.0,71.0,2.0,Damaged Product,Rejected,2026-05-24
3791,9880.0,150.0,2.0,Wrong Item Delivered,Pending,2025-08-09
3792,7333.0,139.0,3.0,Quality Issue,Rejected,2025-09-16
3793,8307.0,472.0,2.0,Wrong Item Delivered,Approved,2026-02-04
3794,1788.0,953.0,5.0,Customer Changed Mind,Rejected,2026-01-26
3795,8053.0,384.0,1.0,Not as Described,Rejected,2026-03-07
3796,7491.0,753.0,3.0,Not as Described,Approved,2025-10-02
3797,6726.0,439.0,5.0,Customer Changed Mind,Approved,2025-07-07
3798,1151.0,179.0,2.0,Not as Described,Rejected,2026-05-08
3799,684.0,628.0,3.0,Wrong Item Delivered,Rejected,2026-02-02
3800,7515.0,571.0,5.0,Damaged Product,Rejected,2025-10-23
3801,250.0,480.0,1.0,Not as Described,Rejected,2025-10-22
3802,4124.0,963.0,2.0,Damaged Product,Pending,2025-10-19
3803,6627.0,495.0,5.0,Not as Described,Rejected,2026-04-03
3804,2581.0,866.0,1.0,Quality Issue,Approved,2025-08-22
3805,2465.0,430.0,5.0,Customer Changed Mind,Approved,2025-09-10
3806,2228.0,625.0,3.0,Damaged Product,Approved,2025-10-18
3807,2971.0,597.0,1.0,Quality Issue,Approved,2026-05-01
3808,6833.0,850.0,3.0,Customer Changed Mind,Rejected,2026-02-26
3809,4358.0,303.0,3.0,Customer Changed Mind,Rejected,2026-04-16
3810,8704.0,523.0,1.0,Customer Changed Mind,Approved,2025-09-13
3811,7064.0,680.0,1.0,Quality Issue,Approved,2025-05-25
3812,9623.0,215.0,3.0,Wrong Item Delivered,Pending,2025-07-16
3813,7375.0,74.0,5.0,Quality Issue,Pending,2026-05-11
3814,1391.0,260.0,3.0,Quality Issue,Rejected,2025-07-19
3815,2651.0,38.0,5.0,Not as Described,Rejected,2025-07-01
3816,4749.0,640.0,4.0,Not as Described,Approved,2025-06-16
3817,6787.0,760.0,2.0,Wrong Item Delivered,Approved,2026-03-14
3818,1109.0,378.0,5.0,Quality Issue,Approved,2025-11-01
3819,6490.0,439.0,2.0,Quality Issue,Pending,2025-06-02
3820,2662.0,221.0,2.0,Wrong Item Delivered,Approved,2026-02-13
3821,7123.0,2.0,2.0,Not as Described,Approved,2025-06-22
3822,7324.0,524.0,2.0,Quality Issue,Rejected,2026-01-31
3823,3740.0,995.0,1.0,Damaged Product,Rejected,2025-08-13
3824,4264.0,849.0,1.0,Damaged Product,Approved,2025-11-01
3825,8401.0,676.0,4.0,Not as Described,Approved,2025-07-11
3826,2227.0,564.0,5.0,Damaged Product,Approved,2025-10-08
3827,4237.0,311.0,1.0,Damaged Product,Pending,2025-07-22
3828,6491.0,106.0,5.0,Customer Changed Mind,Rejected,2025-05-31
3829,2918.0,902.0,2.0,Damaged Product,Rejected,2026-05-22
3830,1222.0,304.0,2.0,Wrong Item Delivered,Pending,2026-02-12
3831,1699.0,29.0,5.0,Not as Described,Pending,2025-09-01
3832,6930.0,841.0,3.0,Wrong Item Delivered,Pending,2026-04-22
3833,9101.0,112.0,3.0,Wrong Item Delivered,Approved,2025-06-03
3834,505.0,291.0,5.0,Damaged Product,Approved,2025-11-24
3835,9600.0,206.0,2.0,Customer Changed Mind,Approved,2026-03-08
3836,9586.0,403.0,1.0,Not as Described,Pending,2026-03-23
3837,235.0,899.0,1.0,Quality Issue,Rejected,2025-09-04
3838,789.0,29.0,4.0,Quality Issue,Pending,2026-05-03
3839,5930.0,678.0,1.0,Customer Changed Mind,Pending,2026-04-23
3840,2585.0,284.0,3.0,Quality Issue,Approved,2025-11-14
3841,2182.0,480.0,5.0,Damaged Product,Approved,2026-04-26
3842,4375.0,387.0,4.0,Wrong Item Delivered,Rejected,2025-11-12
3843,9607.0,776.0,2.0,Wrong Item Delivered,Pending,2025-08-14
3844,3648.0,145.0,4.0,Wrong Item Delivered,Pending,2025-06-29
3845,8110.0,412.0,1.0,Damaged Product,Pending,2026-02-21
3846,3717.0,773.0,1.0,Damaged Product,Approved,2026-01-17
3847,1350.0,801.0,4.0,Damaged Product,Pending,2025-08-05
3848,5692.0,453.0,1.0,Quality Issue,Rejected,2025-08-19
3849,4330.0,707.0,3.0,Damaged Product,Pending,2025-08-16
3850,5795.0,294.0,5.0,Wrong Item Delivered,Pending,2025-06-13
3851,1606.0,950.0,4.0,Wrong Item Delivered,Approved,2026-01-26
3852,330.0,978.0,1.0,Damaged Product,Pending,2025-07-28
3853,8828.0,611.0,3.0,Customer Changed Mind,Approved,2026-01-21
3854,5804.0,329.0,3.0,Wrong Item Delivered,Rejected,2025-07-22
3855,8026.0,50.0,4.0,Wrong Item Delivered,Approved,2026-02-07
3856,5786.0,826.0,1.0,Not as Described,Pending,2025-06-13
3857,7654.0,644.0,5.0,Quality Issue,Approved,2026-04-03
3858,166.0,645.0,3.0,Wrong Item Delivered,Rejected,2026-05-01
3859,3118.0,679.0,4.0,Quality Issue,Rejected,2025-08-10
3860,3723.0,64.0,1.0,Not as Described,Pending,2026-01-02
3861,1605.0,763.0,5.0,Quality Issue,Pending,2025-06-12
3862,800.0,991.0,3.0,Not as Described,Approved,2025-12-17
3863,6256.0,323.0,4.0,Wrong Item Delivered,Approved,2025-08-28
3864,574.0,496.0,5.0,Not as Described,Approved,2025-07-28
3865,9591.0,85.0,2.0,Customer Changed Mind,Rejected,2025-05-25
3866,4460.0,215.0,4.0,Damaged Product,Rejected,2025-12-07
3867,8890.0,179.0,5.0,Wrong Item Delivered,Rejected,2025-09-19
3868,3210.0,283.0,1.0,Quality Issue,Pending,2025-11-05
3869,6075.0,409.0,5.0,Customer Changed Mind,Approved,2026-05-17
3870,864.0,745.0,5.0,Customer Changed Mind,Rejected,2025-10-16
3871,7476.0,685.0,2.0,Quality Issue,Approved,2026-02-15
3872,4207.0,356.0,4.0,Not as Described,Approved,2026-03-05
3873,4533.0,795.0,5.0,Wrong Item Delivered,Approved,2025-11-05
3874,9892.0,262.0,1.0,Wrong Item Delivered,Rejected,2025-07-02
3875,5593.0,126.0,3.0,Not as Described,Approved,2026-04-02
3876,9694.0,875.0,5.0,Wrong Item Delivered,Approved,2026-02-16
3877,6576.0,420.0,4.0,Customer Changed Mind,Pending,2025-10-09
3878,8018.0,931.0,1.0,Customer Changed Mind,Approved,2025-09-06
3879,2115.0,765.0,5.0,Wrong Item Delivered,Rejected,2025-07-09
3880,4364.0,88.0,4.0,Not as Described,Pending,2025-09-09
3881,4724.0,517.0,3.0,Quality Issue,Approved,2026-05-13
3882,2979.0,30.0,2.0,Damaged Product,Approved,2026-05-07
3883,3243.0,730.0,2.0,Customer Changed Mind,Approved,2026-01-22
3884,7475.0,584.0,5.0,Damaged Product,Pending,2026-05-02
3885,3806.0,99.0,2.0,Damaged Product,Pending,2025-12-27
3886,498.0,69.0,5.0,Customer Changed Mind,Rejected,2025-11-16
3887,7249.0,919.0,3.0,Customer Changed Mind,Approved,2025-11-22
3888,7642.0,685.0,2.0,Customer Changed Mind,Rejected,2025-08-21
3889,2925.0,948.0,4.0,Not as Described,Approved,2025-08-27
3890,6727.0,646.0,4.0,Wrong Item Delivered,Pending,2025-06-19
3891,7426.0,179.0,2.0,Not as Described,Rejected,2026-04-19
3892,1706.0,883.0,5.0,Not as Described,Approved,2025-07-10
3893,4601.0,33.0,4.0,Customer Changed Mind,Rejected,2026-03-16
3894,1917.0,494.0,5.0,Quality Issue,Approved,2025-12-14
3895,8424.0,380.0,4.0,Not as Described,Rejected,2025-06-20
3896,7183.0,54.0,2.0,Customer Changed Mind,Pending,2025-11-01
3897,9316.0,826.0,4.0,Customer Changed Mind,Rejected,2025-09-30
3898,3974.0,528.0,4.0,Not as Described,Approved,2026-02-20
3899,5168.0,108.0,2.0,Damaged Product,Rejected,2025-09-27
3900,4766.0,367.0,2.0,Not as Described,Approved,2026-04-23
3901,4379.0,73.0,2.0,Customer Changed Mind,Pending,2025-11-29
3902,6860.0,458.0,3.0,Damaged Product,Pending,2025-11-14
3903,6790.0,722.0,4.0,Quality Issue,Rejected,2025-05-28
3904,4651.0,565.0,4.0,Not as Described,Approved,2025-07-23
3905,1646.0,941.0,1.0,Wrong Item Delivered,Rejected,2025-11-26
3906,5473.0,729.0,5.0,Customer Changed Mind,Approved,2025-12-24
3907,9419.0,311.0,3.0,Damaged Product,Approved,2026-05-20
3908,1425.0,218.0,5.0,Wrong Item Delivered,Pending,2025-08-03
3909,7576.0,198.0,2.0,Damaged Product,Rejected,2026-05-09
3910,8815.0,733.0,1.0,Not as Described,Approved,2025-07-10
3911,4642.0,347.0,3.0,Wrong Item Delivered,Rejected,2026-04-09
3912,6022.0,631.0,4.0,Not as Described,Pending,2025-09-19
3913,4363.0,652.0,5.0,Damaged Product,Pending,2026-02-05
3914,6024.0,38.0,1.0,Quality Issue,Approved,2025-09-26
3915,1501.0,613.0,5.0,Quality Issue,Pending,2026-01-30
3916,2814.0,498.0,3.0,Damaged Product,Rejected,2025-12-29
3917,4056.0,95.0,1.0,Quality Issue,Rejected,2025-12-27
3918,8698.0,252.0,3.0,Damaged Product,Approved,2026-03-09
3919,5790.0,926.0,4.0,Wrong Item Delivered,Rejected,2026-05-11
3920,5049.0,964.0,3.0,Quality Issue,Rejected,2025-09-03
3921,2024.0,809.0,2.0,Customer Changed Mind,Rejected,2025-10-24
3922,7635.0,653.0,5.0,Not as Described,Rejected,2025-08-29
3923,4570.0,712.0,3.0,Quality Issue,Pending,2026-05-10
3924,7521.0,742.0,2.0,Not as Described,Pending,2026-02-28
3925,9412.0,714.0,5.0,Customer Changed Mind,Rejected,2025-11-23
3926,2512.0,416.0,3.0,Customer Changed Mind,Pending,2026-01-01
3927,6576.0,840.0,1.0,Damaged Product,Pending,2026-02-25
3928,8030.0,44.0,3.0,Quality Issue,Rejected,2026-01-29
3929,4217.0,30.0,4.0,Not as Described,Pending,2025-06-09
3930,4653.0,184.0,4.0,Customer Changed Mind,Rejected,2026-04-09
3931,1167.0,798.0,4.0,Customer Changed Mind,Approved,2025-09-18
3932,1479.0,642.0,5.0,Quality Issue,Pending,2025-08-31
3933,8185.0,789.0,3.0,Wrong Item Delivered,Rejected,2025-11-27
3934,9310.0,528.0,5.0,Customer Changed Mind,Approved,2026-01-15
3935,950.0,131.0,2.0,Wrong Item Delivered,Rejected,2025-11-19
3936,4466.0,223.0,1.0,Not as Described,Rejected,2026-01-17
3937,5819.0,407.0,2.0,Not as Described,Approved,2025-11-15
3938,1289.0,908.0,5.0,Customer Changed Mind,Pending,2025-07-23
3939,9356.0,618.0,5.0,Wrong Item Delivered,Rejected,2026-03-06
3940,8172.0,259.0,2.0,Quality Issue,Approved,2026-04-26
3941,6958.0,511.0,4.0,Quality Issue,Approved,2025-10-11
3942,5884.0,629.0,3.0,Quality Issue,Rejected,2025-07-11
3943,2854.0,890.0,3.0,Wrong Item Delivered,Pending,2025-12-31
3944,2892.0,618.0,2.0,Damaged Product,Pending,2025-06-27
3945,7295.0,754.0,5.0,Not as Described,Rejected,2026-03-02
3946,3763.0,799.0,3.0,Customer Changed Mind,Pending,2026-03-27
3947,2972.0,118.0,5.0,Wrong Item Delivered,Approved,2026-01-14
3948,5081.0,186.0,5.0,Quality Issue,Pending,2026-02-14
3949,993.0,849.0,5.0,Quality Issue,Rejected,2026-03-18
3950,9678.0,511.0,4.0,Wrong Item Delivered,Approved,2026-05-04
3951,1817.0,983.0,1.0,Damaged Product,Pending,2026-01-20
3952,7531.0,519.0,2.0,Customer Changed Mind,Rejected,2026-01-20
3953,7183.0,248.0,1.0,Damaged Product,Pending,2026-02-16
3954,1058.0,721.0,2.0,Wrong Item Delivered,Approved,2025-05-28
3955,3735.0,988.0,2.0,Wrong Item Delivered,Pending,2025-06-10
3956,4973.0,42.0,1.0,Quality Issue,Pending,2025-06-21
3957,3541.0,63.0,2.0,Customer Changed Mind,Pending,2025-08-18
3958,5635.0,636.0,4.0,Damaged Product,Rejected,2025-09-30
3959,3582.0,278.0,3.0,Damaged Product,Approved,2025-07-20
3960,5503.0,847.0,1.0,Quality Issue,Rejected,2025-09-09
3961,4106.0,553.0,4.0,Damaged Product,Rejected,2026-01-19
3962,8090.0,733.0,4.0,Wrong Item Delivered,Rejected,2025-06-22
3963,6065.0,638.0,5.0,Damaged Product,Approved,2025-06-22
3964,5209.0,226.0,1.0,Not as Described,Rejected,2026-04-28
3965,2038.0,990.0,3.0,Not as Described,Approved,2025-06-12
3966,9342.0,903.0,1.0,Not as Described,Rejected,2025-05-31
3967,1975.0,40.0,1.0,Wrong Item Delivered,Pending,2026-05-06
3968,2703.0,311.0,4.0,Not as Described,Rejected,2025-06-15
3969,6720.0,704.0,2.0,Quality Issue,Approved,2026-02-16
3970,3036.0,465.0,2.0,Quality Issue,Pending,2026-03-27
3971,327.0,167.0,4.0,Customer Changed Mind,Pending,2025-08-07
3972,8399.0,834.0,3.0,Not as Described,Approved,2025-07-16
3973,8938.0,141.0,1.0,Wrong Item Delivered,Approved,2026-03-07
3974,4862.0,478.0,5.0,Wrong Item Delivered,Pending,2025-06-08
3975,702.0,783.0,5.0,Customer Changed Mind,Pending,2025-07-04
3976,4089.0,563.0,5.0,Wrong Item Delivered,Approved,2025-09-01
3977,906.0,473.0,3.0,Wrong Item Delivered,Pending,2026-02-12
3978,6835.0,273.0,1.0,Wrong Item Delivered,Rejected,2026-04-26
3979,404.0,150.0,3.0,Customer Changed Mind,Pending,2026-03-22
3980,8114.0,279.0,4.0,Wrong Item Delivered,Pending,2025-09-16
3981,664.0,73.0,2.0,Not as Described,Rejected,2025-11-24
3982,2818.0,923.0,1.0,Wrong Item Delivered,Pending,2025-12-11
3983,9963.0,714.0,4.0,Damaged Product,Rejected,2025-08-10
3984,1821.0,814.0,3.0,Wrong Item Delivered,Pending,2025-07-02
3985,4437.0,943.0,4.0,Not as Described,Approved,2026-05-21
3986,9633.0,10.0,5.0,Wrong Item Delivered,Rejected,2025-09-05
3987,7785.0,378.0,5.0,Damaged Product,Rejected,2026-05-14
3988,7975.0,440.0,2.0,Customer Changed Mind,Approved,2025-09-21
3989,8665.0,965.0,5.0,Wrong Item Delivered,Rejected,2026-04-07
3990,1529.0,155.0,5.0,Damaged Product,Approved,2025-07-23
3991,1583.0,184.0,1.0,Quality Issue,Rejected,2025-07-02
3992,6219.0,525.0,2.0,Damaged Product,Pending,2026-02-25
3993,7700.0,346.0,3.0,Quality Issue,Rejected,2025-11-07
3994,5730.0,307.0,3.0,Quality Issue,Approved,2025-09-19
3995,3656.0,787.0,2.0,Customer Changed Mind,Pending,2025-11-15
3996,7990.0,397.0,5.0,Damaged Product,Pending,2025-09-02
3997,1759.0,391.0,5.0,Quality Issue,Approved,2026-02-16
3998,8294.0,538.0,1.0,Customer Changed Mind,Rejected,2025-12-25
3999,4356.0,555.0,4.0,Quality Issue,Rejected,2026-02-01
4000,2948.0,943.0,5.0,Customer Changed Mind,Pending,2026-01-29
4001,5261.0,619.0,5.0,Wrong Item Delivered,Rejected,2025-08-08
4002,9743.0,176.0,2.0,Quality Issue,Rejected,2025-06-09
4003,7969.0,660.0,2.0,Customer Changed Mind,Rejected,2026-04-25
4004,1440.0,531.0,3.0,Damaged Product,Rejected,2025-09-04
4005,7785.0,5.0,5.0,Quality Issue,Pending,2025-11-17
4006,3502.0,128.0,3.0,Wrong Item Delivered,Pending,2026-05-19
4007,1299.0,88.0,5.0,Wrong Item Delivered,Pending,2025-12-01
4008,9050.0,591.0,1.0,Wrong Item Delivered,Rejected,2025-08-04
4009,74.0,40.0,3.0,Customer Changed Mind,Pending,2026-02-20
4010,9985.0,661.0,1.0,Quality Issue,Approved,2025-05-29
4011,8091.0,129.0,3.0,Not as Described,Approved,2025-09-11
4012,4060.0,280.0,4.0,Quality Issue,Approved,2025-12-13
4013,5938.0,401.0,5.0,Quality Issue,Approved,2026-02-04
4014,9588.0,207.0,4.0,Quality Issue,Approved,2026-01-22
4015,7620.0,928.0,4.0,Damaged Product,Rejected,2025-10-11
4016,7391.0,318.0,5.0,Wrong Item Delivered,Pending,2025-06-22
4017,362.0,270.0,4.0,Damaged Product,Approved,2026-02-16
4018,8115.0,584.0,1.0,Wrong Item Delivered,Rejected,2026-03-31
4019,447.0,49.0,3.0,Quality Issue,Pending,2025-12-03
4020,4561.0,193.0,1.0,Damaged Product,Rejected,2026-02-19
4021,4138.0,273.0,5.0,Quality Issue,Rejected,2025-08-09
4022,3684.0,731.0,3.0,Damaged Product,Approved,2026-02-09
4023,1938.0,572.0,3.0,Damaged Product,Approved,2025-11-30
4024,6581.0,4.0,4.0,Damaged Product,Pending,2025-07-12
4025,4524.0,67.0,3.0,Damaged Product,Rejected,2026-01-27
4026,6107.0,96.0,4.0,Not as Described,Pending,2026-05-09
4027,8981.0,234.0,3.0,Customer Changed Mind,Approved,2025-08-15
4028,4875.0,395.0,5.0,Wrong Item Delivered,Pending,2025-05-29
4029,9473.0,384.0,2.0,Wrong Item Delivered,Pending,2026-02-16
4030,3546.0,60.0,3.0,Not as Described,Approved,2026-05-02
4031,7956.0,462.0,2.0,Customer Changed Mind,Approved,2025-09-22
4032,4056.0,516.0,2.0,Customer Changed Mind,Pending,2026-02-20
4033,7180.0,166.0,4.0,Customer Changed Mind,Pending,2026-04-02
4034,2945.0,911.0,1.0,Wrong Item Delivered,Approved,2025-06-28
4035,4646.0,906.0,5.0,Not as Described,Pending,2026-02-09
4036,4816.0,864.0,4.0,Damaged Product,Pending,2026-03-22
4037,6455.0,251.0,5.0,Quality Issue,Pending,2026-02-23
4038,8677.0,812.0,2.0,Wrong Item Delivered,Approved,2026-02-12
4039,8345.0,145.0,2.0,Quality Issue,Pending,2025-10-09
4040,2262.0,603.0,4.0,Damaged Product,Pending,2026-01-03
4041,1962.0,326.0,4.0,Customer Changed Mind,Approved,2026-05-04
4042,3418.0,325.0,5.0,Wrong Item Delivered,Rejected,2025-11-25
4043,5180.0,415.0,3.0,Damaged Product,Approved,2025-08-07
4044,7089.0,923.0,5.0,Quality Issue,Pending,2025-08-19
4045,9309.0,483.0,5.0,Quality Issue,Pending,2025-07-21
4046,8615.0,115.0,5.0,Not as Described,Rejected,2025-11-16
4047,4843.0,467.0,4.0,Not as Described,Rejected,2026-03-17
4048,6580.0,685.0,4.0,Customer Changed Mind,Pending,2025-06-07
4049,5610.0,331.0,5.0,Wrong Item Delivered,Rejected,2026-01-20
4050,6774.0,832.0,2.0,Wrong Item Delivered,Approved,2025-07-29
4051,2793.0,243.0,1.0,Not as Described,Approved,2025-10-15
4052,2178.0,363.0,4.0,Damaged Product,Rejected,2025-05-28
4053,4292.0,771.0,3.0,Customer Changed Mind,Pending,2025-08-01
4054,135.0,849.0,5.0,Wrong Item Delivered,Pending,2025-07-04
4055,531.0,815.0,4.0,Not as Described,Approved,2025-12-29
4056,3111.0,378.0,1.0,Quality Issue,Rejected,2025-06-13
4057,4529.0,744.0,4.0,Quality Issue,Rejected,2025-08-24
4058,3815.0,618.0,5.0,Damaged Product,Pending,2025-07-28
4059,3419.0,922.0,5.0,Quality Issue,Approved,2025-07-11
4060,8149.0,242.0,2.0,Wrong Item Delivered,Rejected,2025-12-01
4061,8975.0,15.0,4.0,Quality Issue,Rejected,2026-05-17
4062,1074.0,802.0,1.0,Wrong Item Delivered,Approved,2026-03-25
4063,809.0,509.0,2.0,Not as Described,Rejected,2025-09-21
4064,1433.0,910.0,5.0,Wrong Item Delivered,Rejected,2025-07-19
4065,9997.0,350.0,5.0,Quality Issue,Approved,2025-12-10
4066,3265.0,435.0,4.0,Quality Issue,Rejected,2026-03-31
4067,1308.0,940.0,4.0,Quality Issue,Pending,2026-03-24
4068,8766.0,541.0,3.0,Not as Described,Rejected,2026-05-18
4069,345.0,736.0,4.0,Customer Changed Mind,Approved,2025-09-28
4070,8892.0,908.0,5.0,Quality Issue,Pending,2025-06-08
4071,8796.0,468.0,3.0,Customer Changed Mind,Rejected,2025-09-22
4072,881.0,856.0,3.0,Not as Described,Pending,2025-08-29
4073,9072.0,560.0,4.0,Damaged Product,Pending,2025-06-14
4074,6391.0,993.0,3.0,Wrong Item Delivered,Rejected,2025-08-17
4075,7140.0,775.0,1.0,Quality Issue,Rejected,2026-05-02
4076,5262.0,80.0,1.0,Quality Issue,Rejected,2026-04-09
4077,2113.0,490.0,3.0,Wrong Item Delivered,Approved,2025-06-19
4078,7922.0,808.0,3.0,Customer Changed Mind,Pending,2025-05-29
4079,2958.0,457.0,5.0,Damaged Product,Approved,2026-01-07
4080,6899.0,497.0,3.0,Wrong Item Delivered,Pending,2025-09-02
4081,2383.0,319.0,4.0,Damaged Product,Approved,2025-10-31
4082,4578.0,373.0,3.0,Not as Described,Pending,2025-09-26
4083,7871.0,637.0,1.0,Damaged Product,Approved,2025-12-16
4084,7848.0,338.0,2.0,Damaged Product,Pending,2025-12-08
4085,8362.0,728.0,2.0,Customer Changed Mind,Approved,2025-12-11
4086,4064.0,270.0,1.0,Damaged Product,Pending,2025-11-11
4087,6644.0,997.0,5.0,Wrong Item Delivered,Approved,2025-12-05
4088,4838.0,922.0,1.0,Customer Changed Mind,Pending,2026-03-17
4089,120.0,90.0,5.0,Customer Changed Mind,Approved,2026-03-03
4090,5543.0,559.0,4.0,Wrong Item Delivered,Rejected,2026-05-05
4091,4189.0,147.0,1.0,Quality Issue,Rejected,2025-05-30
4092,6069.0,569.0,5.0,Damaged Product,Pending,2026-04-27
4093,6004.0,389.0,1.0,Not as Described,Rejected,2025-06-01
4094,937.0,135.0,5.0,Damaged Product,Rejected,2025-08-18
4095,7882.0,401.0,4.0,Customer Changed Mind,Rejected,2025-09-17
4096,6948.0,532.0,2.0,Wrong Item Delivered,Rejected,2026-02-02
4097,2545.0,693.0,3.0,Wrong Item Delivered,Pending,2025-10-12
4098,3392.0,350.0,5.0,Not as Described,Approved,2025-09-22
4099,6757.0,556.0,4.0,Quality Issue,Pending,2025-12-19
4100,9502.0,162.0,3.0,Damaged Product,Approved,2026-02-19
4101,8151.0,960.0,3.0,Not as Described,Approved,2025-08-20
4102,7494.0,973.0,2.0,Not as Described,Pending,2025-11-17
4103,9692.0,934.0,3.0,Not as Described,Rejected,2025-12-16
4104,6533.0,992.0,5.0,Quality Issue,Pending,2025-07-29
4105,508.0,774.0,2.0,Not as Described,Rejected,2025-08-28
4106,4029.0,334.0,3.0,Quality Issue,Pending,2026-05-20
4107,5107.0,482.0,2.0,Wrong Item Delivered,Rejected,2025-07-24
4108,8504.0,775.0,5.0,Wrong Item Delivered,Rejected,2025-10-23
4109,8696.0,193.0,5.0,Damaged Product,Rejected,2026-02-28
4110,817.0,636.0,1.0,Not as Described,Pending,2025-07-01
4111,94.0,124.0,4.0,Damaged Product,Approved,2025-09-17
4112,3609.0,258.0,5.0,Quality Issue,Rejected,2025-07-15
4113,3371.0,328.0,3.0,Not as Described,Rejected,2025-12-30
4114,6629.0,115.0,1.0,Damaged Product,Pending,2026-02-20
4115,9502.0,578.0,5.0,Quality Issue,Rejected,2026-05-13
4116,8960.0,50.0,4.0,Wrong Item Delivered,Approved,2025-11-20
4117,2681.0,35.0,1.0,Customer Changed Mind,Pending,2026-04-29
4118,9379.0,300.0,3.0,Not as Described,Approved,2026-03-29
4119,3954.0,940.0,1.0,Customer Changed Mind,Pending,2025-11-12
4120,4603.0,336.0,1.0,Quality Issue,Rejected,2025-06-22
4121,6701.0,933.0,2.0,Damaged Product,Approved,2026-04-05
4122,9564.0,102.0,5.0,Not as Described,Pending,2026-05-19
4123,5183.0,691.0,5.0,Customer Changed Mind,Approved,2026-02-20
4124,7280.0,51.0,5.0,Quality Issue,Rejected,2025-12-09
4125,2724.0,643.0,1.0,Customer Changed Mind,Approved,2025-07-08
4126,3789.0,609.0,5.0,Wrong Item Delivered,Approved,2025-06-20
4127,8807.0,567.0,4.0,Damaged Product,Rejected,2026-04-29
4128,8112.0,421.0,4.0,Wrong Item Delivered,Approved,2025-10-28
4129,2443.0,599.0,5.0,Wrong Item Delivered,Pending,2026-05-03
4130,1586.0,326.0,3.0,Customer Changed Mind,Rejected,2025-08-01
4131,3091.0,42.0,2.0,Quality Issue,Rejected,2026-02-18
4132,6700.0,808.0,4.0,Customer Changed Mind,Approved,2026-02-10
4133,9801.0,11.0,2.0,Damaged Product,Approved,2026-04-09
4134,1310.0,548.0,1.0,Quality Issue,Pending,2026-04-29
4135,5716.0,918.0,5.0,Quality Issue,Approved,2025-07-15
4136,6099.0,903.0,5.0,Quality Issue,Approved,2025-12-21
4137,2853.0,432.0,2.0,Customer Changed Mind,Rejected,2026-03-18
4138,2041.0,601.0,1.0,Customer Changed Mind,Pending,2025-10-17
4139,2174.0,704.0,2.0,Wrong Item Delivered,Pending,2025-07-12
4140,2772.0,235.0,1.0,Not as Described,Rejected,2025-08-13
4141,868.0,419.0,4.0,Not as Described,Pending,2025-06-15
4142,8622.0,834.0,1.0,Customer Changed Mind,Rejected,2026-01-08
4143,989.0,833.0,1.0,Customer Changed Mind,Rejected,2026-03-24
4144,500.0,884.0,2.0,Wrong Item Delivered,Rejected,2025-08-24
4145,7227.0,828.0,3.0,Quality Issue,Rejected,2025-11-22
4146,2570.0,197.0,1.0,Wrong Item Delivered,Rejected,2025-05-28
4147,9525.0,793.0,4.0,Customer Changed Mind,Pending,2026-02-25
4148,5135.0,245.0,1.0,Quality Issue,Approved,2025-12-05
4149,4266.0,158.0,2.0,Not as Described,Rejected,2025-11-24
4150,2664.0,439.0,5.0,Quality Issue,Approved,2025-10-29
4151,3973.0,682.0,1.0,Quality Issue,Rejected,2026-02-01
4152,4566.0,830.0,2.0,Quality Issue,Rejected,2025-11-11
4153,4393.0,972.0,1.0,Damaged Product,Pending,2026-01-29
4154,6912.0,966.0,5.0,Customer Changed Mind,Approved,2025-08-31
4155,5857.0,15.0,1.0,Wrong Item Delivered,Pending,2025-11-29
4156,9074.0,637.0,2.0,Damaged Product,Approved,2025-07-26
4157,4924.0,235.0,4.0,Quality Issue,Approved,2025-09-04
4158,3726.0,703.0,1.0,Wrong Item Delivered,Rejected,2026-05-11
4159,6089.0,286.0,5.0,Wrong Item Delivered,Pending,2026-05-03
4160,4663.0,416.0,2.0,Wrong Item Delivered,Pending,2026-05-05
4161,5379.0,971.0,2.0,Customer Changed Mind,Rejected,2025-07-02
4162,8050.0,151.0,4.0,Not as Described,Rejected,2025-10-08
4163,8030.0,888.0,5.0,Customer Changed Mind,Pending,2025-12-29
4164,463.0,122.0,2.0,Not as Described,Approved,2025-08-06
4165,9040.0,700.0,5.0,Wrong Item Delivered,Rejected,2025-10-11
4166,7418.0,590.0,1.0,Not as Described,Rejected,2026-01-14
4167,1254.0,530.0,2.0,Wrong Item Delivered,Rejected,2025-11-02
4168,2721.0,900.0,1.0,Damaged Product,Pending,2026-01-25
4169,6597.0,255.0,5.0,Customer Changed Mind,Approved,2026-04-30
4170,3154.0,617.0,3.0,Quality Issue,Pending,2025-10-05
4171,3191.0,674.0,1.0,Customer Changed Mind,Approved,2026-04-15
4172,6805.0,873.0,3.0,Wrong Item Delivered,Approved,2026-04-15
4173,1615.0,215.0,2.0,Wrong Item Delivered,Rejected,2025-08-14
4174,7731.0,627.0,5.0,Wrong Item Delivered,Approved,2025-08-31
4175,9022.0,399.0,3.0,Quality Issue,Pending,2025-09-29
4176,1243.0,48.0,4.0,Not as Described,Pending,2025-08-21
4177,4867.0,990.0,5.0,Quality Issue,Approved,2025-08-03
4178,5023.0,926.0,3.0,Damaged Product,Rejected,2026-01-18
4179,4651.0,995.0,3.0,Damaged Product,Approved,2025-06-08
4180,95.0,822.0,2.0,Customer Changed Mind,Approved,2026-03-16
4181,8207.0,936.0,4.0,Customer Changed Mind,Rejected,2025-10-10
4182,2152.0,605.0,3.0,Not as Described,Pending,2026-03-24
4183,3281.0,785.0,3.0,Wrong Item Delivered,Approved,2025-06-20
4184,8962.0,886.0,2.0,Quality Issue,Rejected,2026-02-26
4185,4052.0,160.0,2.0,Quality Issue,Rejected,2026-05-23
4186,7412.0,311.0,1.0,Quality Issue,Pending,2025-08-30
4187,4314.0,946.0,2.0,Damaged Product,Approved,2026-05-08
4188,3450.0,299.0,1.0,Quality Issue,Approved,2025-06-02
4189,7954.0,363.0,4.0,Customer Changed Mind,Approved,2026-01-23
4190,7021.0,395.0,5.0,Quality Issue,Rejected,2025-12-13
4191,133.0,634.0,3.0,Not as Described,Pending,2025-09-20
4192,7629.0,895.0,2.0,Quality Issue,Approved,2025-06-28
4193,5330.0,112.0,3.0,Wrong Item Delivered,Rejected,2026-01-27
4194,4669.0,423.0,1.0,Not as Described,Approved,2026-04-20
4195,3735.0,337.0,2.0,Customer Changed Mind,Rejected,2025-10-29
4196,5637.0,137.0,1.0,Customer Changed Mind,Approved,2025-11-17
4197,3039.0,788.0,5.0,Damaged Product,Approved,2025-10-27
4198,1973.0,531.0,5.0,Not as Described,Rejected,2025-08-30
4199,5294.0,41.0,4.0,Customer Changed Mind,Approved,2025-11-29
4200,2809.0,9.0,5.0,Customer Changed Mind,Rejected,2025-09-08
4201,2144.0,99.0,5.0,Not as Described,Approved,2025-12-31
4202,4025.0,761.0,3.0,Customer Changed Mind,Pending,2025-11-05
4203,5788.0,691.0,5.0,Damaged Product,Rejected,2026-01-20
4204,2531.0,712.0,5.0,Wrong Item Delivered,Approved,2026-04-04
4205,7035.0,898.0,3.0,Wrong Item Delivered,Approved,2025-06-01
4206,1132.0,679.0,3.0,Wrong Item Delivered,Rejected,2025-08-13
4207,5688.0,555.0,3.0,Quality Issue,Pending,2026-02-25
4208,2256.0,580.0,2.0,Customer Changed Mind,Approved,2025-12-06
4209,5727.0,168.0,1.0,Not as Described,Approved,2025-07-13
4210,8162.0,724.0,5.0,Not as Described,Approved,2025-09-18
4211,5560.0,261.0,4.0,Damaged Product,Approved,2026-02-16
4212,4807.0,660.0,1.0,Customer Changed Mind,Rejected,2026-03-10
4213,7138.0,525.0,4.0,Quality Issue,Pending,2025-11-30
4214,3295.0,201.0,2.0,Customer Changed Mind,Approved,2025-07-04
4215,4554.0,433.0,3.0,Quality Issue,Approved,2025-11-21
4216,5173.0,760.0,3.0,Customer Changed Mind,Pending,2025-05-26
4217,4182.0,488.0,1.0,Wrong Item Delivered,Approved,2026-02-04
4218,1224.0,189.0,1.0,Quality Issue,Rejected,2026-03-07
4219,31.0,555.0,2.0,Damaged Product,Approved,2025-12-20
4220,1984.0,534.0,3.0,Wrong Item Delivered,Pending,2026-01-07
4221,7467.0,967.0,2.0,Customer Changed Mind,Rejected,2026-03-26
4222,1598.0,752.0,4.0,Damaged Product,Approved,2026-01-23
4223,9801.0,764.0,5.0,Damaged Product,Rejected,2025-10-10
4224,2982.0,621.0,2.0,Customer Changed Mind,Approved,2025-09-07
4225,4455.0,317.0,2.0,Customer Changed Mind,Approved,2025-07-18
4226,7922.0,516.0,4.0,Not as Described,Approved,2025-11-15
4227,8721.0,203.0,2.0,Not as Described,Pending,2025-09-09
4228,9439.0,119.0,1.0,Damaged Product,Pending,2025-10-13
4229,4959.0,610.0,5.0,Damaged Product,Rejected,2026-04-14
4230,2450.0,616.0,2.0,Damaged Product,Approved,2025-12-02
4231,1147.0,248.0,1.0,Not as Described,Pending,2025-07-08
4232,7384.0,253.0,5.0,Wrong Item Delivered,Rejected,2025-10-30
4233,6116.0,43.0,5.0,Not as Described,Approved,2026-04-21
4234,9524.0,70.0,5.0,Damaged Product,Pending,2026-04-01
4235,2370.0,801.0,2.0,Customer Changed Mind,Approved,2026-04-08
4236,5989.0,574.0,2.0,Wrong Item Delivered,Pending,2026-01-26
4237,837.0,446.0,5.0,Damaged Product,Rejected,2026-02-27
4238,5809.0,742.0,3.0,Customer Changed Mind,Pending,2025-06-21
4239,6214.0,13.0,5.0,Not as Described,Rejected,2025-06-28
4240,1927.0,51.0,1.0,Customer Changed Mind,Rejected,2026-02-17
4241,8487.0,564.0,1.0,Not as Described,Rejected,2026-05-16
4242,4958.0,915.0,4.0,Customer Changed Mind,Rejected,2026-05-14
4243,4082.0,711.0,2.0,Not as Described,Rejected,2026-05-09
4244,9210.0,98.0,3.0,Customer Changed Mind,Rejected,2025-07-16
4245,1100.0,230.0,5.0,Quality Issue,Pending,2025-10-06
4246,564.0,389.0,5.0,Customer Changed Mind,Approved,2026-01-04
4247,2375.0,756.0,4.0,Wrong Item Delivered,Approved,2025-09-23
4248,5819.0,607.0,3.0,Not as Described,Rejected,2026-04-04
4249,6604.0,453.0,1.0,Quality Issue,Approved,2025-12-23
4250,8635.0,158.0,5.0,Wrong Item Delivered,Rejected,2026-05-17
4251,538.0,555.0,2.0,Customer Changed Mind,Pending,2026-02-04
4252,1272.0,590.0,2.0,Damaged Product,Approved,2025-11-26
4253,5791.0,661.0,2.0,Customer Changed Mind,Approved,2025-09-24
4254,2241.0,580.0,3.0,Quality Issue,Pending,2025-05-29
4255,2922.0,468.0,2.0,Wrong Item Delivered,Approved,2026-04-21
4256,6608.0,210.0,1.0,Damaged Product,Pending,2025-12-24
4257,750.0,707.0,2.0,Customer Changed Mind,Approved,2025-11-30
4258,5553.0,782.0,4.0,Quality Issue,Pending,2026-04-26
4259,2363.0,129.0,2.0,Damaged Product,Approved,2026-05-15
4260,1319.0,46.0,2.0,Wrong Item Delivered,Rejected,2026-02-15
4261,8174.0,776.0,3.0,Damaged Product,Rejected,2026-02-23
4262,963.0,293.0,2.0,Quality Issue,Rejected,2026-01-02
4263,904.0,899.0,4.0,Not as Described,Approved,2025-06-11
4264,6644.0,840.0,1.0,Customer Changed Mind,Approved,2025-08-08
4265,7907.0,296.0,2.0,Customer Changed Mind,Approved,2025-10-15
4266,2318.0,660.0,1.0,Damaged Product,Pending,2026-02-09
4267,9256.0,136.0,3.0,Not as Described,Rejected,2026-04-16
4268,8645.0,740.0,1.0,Customer Changed Mind,Approved,2025-12-27
4269,8125.0,287.0,2.0,Customer Changed Mind,Rejected,2026-05-12
4270,5836.0,422.0,2.0,Not as Described,Rejected,2026-01-21
4271,8721.0,607.0,4.0,Not as Described,Approved,2025-07-28
4272,4235.0,483.0,1.0,Damaged Product,Pending,2025-08-22
4273,4225.0,8.0,2.0,Wrong Item Delivered,Pending,2025-08-18
4274,4797.0,652.0,1.0,Damaged Product,Rejected,2025-05-31
4275,7405.0,632.0,5.0,Not as Described,Approved,2025-06-06
4276,1055.0,153.0,5.0,Damaged Product,Pending,2025-10-01
4277,401.0,925.0,4.0,Quality Issue,Pending,2026-01-29
4278,1484.0,509.0,5.0,Not as Described,Rejected,2026-01-25
4279,6873.0,522.0,1.0,Customer Changed Mind,Approved,2025-12-31
4280,4138.0,762.0,5.0,Not as Described,Rejected,2026-01-25
4281,4530.0,823.0,5.0,Customer Changed Mind,Rejected,2025-11-10
4282,7899.0,896.0,2.0,Quality Issue,Pending,2025-12-22
4283,7426.0,815.0,3.0,Quality Issue,Approved,2026-01-15
4284,7358.0,819.0,1.0,Quality Issue,Pending,2025-09-30
4285,2949.0,397.0,4.0,Quality Issue,Approved,2026-04-04
4286,1848.0,132.0,4.0,Not as Described,Pending,2026-04-28
4287,7007.0,528.0,2.0,Damaged Product,Approved,2025-10-09
4288,2141.0,536.0,5.0,Wrong Item Delivered,Approved,2025-11-25
4289,6569.0,380.0,2.0,Quality Issue,Rejected,2025-07-09
4290,2274.0,8.0,2.0,Damaged Product,Pending,2026-02-07
4291,3004.0,262.0,3.0,Not as Described,Approved,2025-12-09
4292,7915.0,609.0,2.0,Quality Issue,Rejected,2026-03-20
4293,6203.0,64.0,3.0,Customer Changed Mind,Approved,2026-04-12
4294,4169.0,891.0,5.0,Damaged Product,Pending,2026-02-26
4295,6981.0,131.0,5.0,Damaged Product,Pending,2025-09-12
4296,4697.0,990.0,4.0,Damaged Product,Pending,2025-11-03
4297,5287.0,376.0,1.0,Wrong Item Delivered,Approved,2026-05-08
4298,9818.0,824.0,4.0,Damaged Product,Pending,2026-04-26
4299,2870.0,792.0,3.0,Quality Issue,Rejected,2026-01-17
4300,9450.0,828.0,5.0,Damaged Product,Rejected,2025-11-07
4301,6914.0,702.0,4.0,Quality Issue,Approved,2026-03-17
4302,4614.0,890.0,1.0,Customer Changed Mind,Approved,2026-04-29
4303,5.0,233.0,2.0,Quality Issue,Rejected,2025-10-27
4304,5998.0,312.0,4.0,Not as Described,Approved,2026-03-23
4305,754.0,707.0,4.0,Quality Issue,Rejected,2026-01-26
4306,3615.0,827.0,3.0,Customer Changed Mind,Approved,2025-06-25
4307,285.0,165.0,1.0,Damaged Product,Pending,2026-02-28
4308,4751.0,499.0,3.0,Not as Described,Pending,2026-03-15
4309,6723.0,666.0,3.0,Customer Changed Mind,Rejected,2026-05-05
4310,7003.0,624.0,4.0,Quality Issue,Pending,2026-01-17
4311,5596.0,742.0,5.0,Quality Issue,Pending,2025-05-31
4312,6016.0,763.0,5.0,Quality Issue,Approved,2025-06-03
4313,5501.0,869.0,5.0,Customer Changed Mind,Pending,2025-12-27
4314,8497.0,713.0,2.0,Wrong Item Delivered,Approved,2026-03-21
4315,8105.0,239.0,5.0,Not as Described,Pending,2025-07-29
4316,7832.0,998.0,2.0,Wrong Item Delivered,Approved,2025-06-05
4317,1997.0,844.0,4.0,Wrong Item Delivered,Approved,2026-01-04
4318,3858.0,982.0,3.0,Not as Described,Pending,2026-05-23
4319,3496.0,714.0,3.0,Damaged Product,Rejected,2025-11-01
4320,5580.0,648.0,5.0,Damaged Product,Approved,2025-12-01
4321,8088.0,993.0,4.0,Damaged Product,Pending,2026-04-01
4322,9194.0,418.0,3.0,Customer Changed Mind,Approved,2026-03-16
4323,5887.0,15.0,3.0,Quality Issue,Pending,2025-12-25
4324,6496.0,197.0,2.0,Wrong Item Delivered,Rejected,2026-01-22
4325,4337.0,881.0,1.0,Not as Described,Rejected,2026-01-29
4326,2172.0,565.0,2.0,Quality Issue,Rejected,2025-08-01
4327,4095.0,950.0,3.0,Not as Described,Pending,2025-09-27
4328,7375.0,243.0,2.0,Customer Changed Mind,Approved,2025-10-17
4329,9304.0,399.0,1.0,Damaged Product,Pending,2026-05-18
4330,4021.0,834.0,1.0,Wrong Item Delivered,Pending,2026-05-12
4331,8061.0,539.0,5.0,Damaged Product,Rejected,2026-04-12
4332,6568.0,978.0,4.0,Not as Described,Approved,2025-10-03
4333,6639.0,354.0,5.0,Damaged Product,Approved,2025-11-11
4334,4628.0,971.0,3.0,Wrong Item Delivered,Approved,2025-08-03
4335,544.0,324.0,5.0,Damaged Product,Rejected,2025-07-23
4336,7063.0,294.0,3.0,Customer Changed Mind,Approved,2025-06-16
4337,2111.0,766.0,1.0,Customer Changed Mind,Pending,2025-06-29
4338,9476.0,466.0,4.0,Quality Issue,Approved,2026-04-18
4339,9875.0,755.0,4.0,Wrong Item Delivered,Approved,2025-12-19
4340,2300.0,406.0,4.0,Quality Issue,Pending,2026-02-14
4341,3099.0,777.0,3.0,Wrong Item Delivered,Pending,2026-01-18
4342,6770.0,679.0,2.0,Damaged Product,Pending,2026-05-06
4343,1843.0,467.0,1.0,Customer Changed Mind,Approved,2026-02-15
4344,6874.0,470.0,4.0,Quality Issue,Pending,2026-05-12
4345,4029.0,286.0,5.0,Wrong Item Delivered,Approved,2025-10-28
4346,9979.0,930.0,2.0,Wrong Item Delivered,Rejected,2025-07-26
4347,2103.0,582.0,3.0,Damaged Product,Pending,2025-09-23
4348,6431.0,37.0,3.0,Quality Issue,Pending,2025-12-26
4349,2754.0,947.0,3.0,Customer Changed Mind,Rejected,2026-03-28
4350,9613.0,686.0,2.0,Customer Changed Mind,Approved,2025-09-08
4351,7470.0,766.0,2.0,Not as Described,Pending,2025-09-12
4352,5516.0,505.0,1.0,Quality Issue,Rejected,2025-07-18
4353,6223.0,160.0,4.0,Quality Issue,Pending,2026-05-19
4354,496.0,855.0,5.0,Not as Described,Pending,2026-04-16
4355,184.0,954.0,2.0,Wrong Item Delivered,Rejected,2026-02-01
4356,4851.0,726.0,5.0,Quality Issue,Pending,2026-02-18
4357,1227.0,624.0,3.0,Damaged Product,Approved,2026-03-10
4358,5194.0,233.0,4.0,Damaged Product,Rejected,2025-11-27
4359,8006.0,142.0,4.0,Damaged Product,Rejected,2026-02-08
4360,6129.0,589.0,2.0,Damaged Product,Pending,2025-07-14
4361,7853.0,996.0,1.0,Damaged Product,Approved,2026-03-13
4362,1025.0,907.0,5.0,Customer Changed Mind,Rejected,2025-11-19
4363,3487.0,992.0,2.0,Damaged Product,Rejected,2025-06-06
4364,6951.0,427.0,3.0,Not as Described,Approved,2026-04-25
4365,4116.0,401.0,5.0,Customer Changed Mind,Pending,2026-01-31
4366,8749.0,998.0,2.0,Wrong Item Delivered,Pending,2026-02-27
4367,2930.0,185.0,1.0,Not as Described,Pending,2026-05-23
4368,5617.0,330.0,2.0,Quality Issue,Rejected,2026-04-26
4369,357.0,555.0,3.0,Wrong Item Delivered,Pending,2025-12-27
4370,7122.0,478.0,1.0,Customer Changed Mind,Approved,2025-11-03
4371,8328.0,280.0,1.0,Damaged Product,Pending,2026-02-03
4372,3799.0,622.0,2.0,Not as Described,Approved,2025-10-06
4373,5525.0,257.0,3.0,Quality Issue,Pending,2026-02-19
4374,1727.0,921.0,3.0,Not as Described,Approved,2025-08-22
4375,1359.0,714.0,1.0,Not as Described,Pending,2026-05-06
4376,8494.0,289.0,2.0,Customer Changed Mind,Approved,2025-06-15
4377,6267.0,219.0,2.0,Customer Changed Mind,Approved,2025-07-22
4378,8739.0,998.0,5.0,Customer Changed Mind,Pending,2026-05-10
4379,8447.0,519.0,5.0,Customer Changed Mind,Pending,2025-10-10
4380,2931.0,835.0,2.0,Not as Described,Approved,2026-01-07
4381,6982.0,417.0,5.0,Quality Issue,Approved,2026-03-11
4382,5906.0,514.0,2.0,Quality Issue,Approved,2026-05-05
4383,5186.0,327.0,3.0,Customer Changed Mind,Rejected,2025-06-09
4384,9187.0,865.0,1.0,Customer Changed Mind,Rejected,2026-03-24
4385,3702.0,138.0,4.0,Quality Issue,Approved,2025-08-27
4386,8595.0,780.0,1.0,Quality Issue,Rejected,2025-07-25
4387,4455.0,922.0,5.0,Quality Issue,Rejected,2025-11-29
4388,9499.0,892.0,3.0,Not as Described,Approved,2026-04-16
4389,1514.0,455.0,5.0,Not as Described,Pending,2026-03-01
4390,6463.0,957.0,4.0,Not as Described,Pending,2025-08-28
4391,3730.0,727.0,5.0,Wrong Item Delivered,Approved,2025-09-10
4392,4724.0,313.0,4.0,Wrong Item Delivered,Rejected,2025-09-24
4393,2843.0,495.0,4.0,Wrong Item Delivered,Approved,2025-12-15
4394,4822.0,130.0,4.0,Wrong Item Delivered,Pending,2026-02-25
4395,8969.0,677.0,1.0,Customer Changed Mind,Rejected,2026-04-10
4396,276.0,819.0,3.0,Wrong Item Delivered,Rejected,2026-01-13
4397,7527.0,370.0,2.0,Customer Changed Mind,Approved,2026-03-11
4398,7979.0,280.0,2.0,Customer Changed Mind,Approved,2025-09-13
4399,9754.0,240.0,3.0,Wrong Item Delivered,Approved,2026-05-12
4400,3286.0,911.0,1.0,Not as Described,Rejected,2025-06-16
4401,7385.0,118.0,4.0,Customer Changed Mind,Pending,2025-07-21
4402,356.0,300.0,2.0,Not as Described,Rejected,2026-04-24
4403,6773.0,701.0,4.0,Customer Changed Mind,Pending,2025-09-26
4404,7607.0,693.0,2.0,Quality Issue,Approved,2025-06-29
4405,7143.0,31.0,2.0,Wrong Item Delivered,Pending,2025-08-06
4406,2352.0,552.0,2.0,Quality Issue,Rejected,2025-07-22
4407,7969.0,673.0,2.0,Not as Described,Pending,2025-06-12
4408,8318.0,864.0,4.0,Wrong Item Delivered,Rejected,2026-05-12
4409,1308.0,453.0,4.0,Damaged Product,Approved,2025-05-28
4410,7214.0,296.0,5.0,Not as Described,Pending,2025-07-23
4411,6041.0,927.0,5.0,Damaged Product,Pending,2025-12-18
4412,7936.0,370.0,1.0,Damaged Product,Pending,2025-07-15
4413,6054.0,211.0,5.0,Customer Changed Mind,Approved,2025-10-25
4414,1786.0,472.0,3.0,Damaged Product,Pending,2025-09-14
4415,9442.0,367.0,3.0,Damaged Product,Rejected,2025-09-29
4416,7013.0,583.0,3.0,Damaged Product,Approved,2026-05-11
4417,8644.0,421.0,1.0,Damaged Product,Pending,2025-09-11
4418,9046.0,396.0,4.0,Wrong Item Delivered,Approved,2026-04-29
4419,8892.0,148.0,2.0,Quality Issue,Approved,2025-08-12
4420,2158.0,238.0,1.0,Quality Issue,Approved,2026-05-24
4421,2486.0,580.0,4.0,Not as Described,Pending,2026-02-16
4422,1267.0,857.0,1.0,Quality Issue,Rejected,2026-04-23
4423,1827.0,196.0,5.0,Not as Described,Approved,2026-05-09
4424,6467.0,622.0,1.0,Damaged Product,Rejected,2025-11-03
4425,8143.0,430.0,5.0,Customer Changed Mind,Rejected,2025-10-01
4426,8884.0,99.0,5.0,Quality Issue,Approved,2025-10-18
4427,496.0,45.0,3.0,Not as Described,Approved,2025-07-14
4428,2582.0,821.0,3.0,Damaged Product,Pending,2025-06-14
4429,2208.0,625.0,4.0,Customer Changed Mind,Approved,2025-06-01
4430,4757.0,973.0,5.0,Not as Described,Approved,2025-07-20
4431,3004.0,423.0,1.0,Not as Described,Pending,2025-07-19
4432,4023.0,736.0,5.0,Customer Changed Mind,Pending,2026-04-10
4433,3360.0,510.0,5.0,Customer Changed Mind,Approved,2025-09-04
4434,277.0,345.0,2.0,Not as Described,Rejected,2026-01-06
4435,6223.0,309.0,2.0,Quality Issue,Pending,2025-11-02
4436,527.0,918.0,2.0,Quality Issue,Rejected,2025-08-13
4437,3806.0,193.0,1.0,Not as Described,Approved,2025-08-11
4438,2333.0,816.0,5.0,Customer Changed Mind,Pending,2026-02-15
4439,5896.0,152.0,3.0,Customer Changed Mind,Rejected,2025-11-03
4440,6272.0,895.0,4.0,Customer Changed Mind,Rejected,2025-08-28
4441,7556.0,591.0,4.0,Wrong Item Delivered,Rejected,2025-09-21
4442,4276.0,669.0,3.0,Quality Issue,Approved,2025-12-12
4443,1420.0,852.0,4.0,Wrong Item Delivered,Pending,2025-10-07
4444,360.0,867.0,3.0,Damaged Product,Rejected,2026-01-24
4445,7669.0,65.0,3.0,Damaged Product,Pending,2026-01-17
4446,2136.0,265.0,5.0,Wrong Item Delivered,Pending,2026-02-20
4447,8609.0,245.0,2.0,Not as Described,Approved,2025-09-17
4448,916.0,928.0,4.0,Quality Issue,Rejected,2025-11-16
4449,1906.0,280.0,5.0,Wrong Item Delivered,Approved,2025-05-29
4450,3213.0,900.0,1.0,Damaged Product,Rejected,2025-06-07
4451,410.0,371.0,4.0,Customer Changed Mind,Rejected,2025-11-02
4452,3128.0,144.0,5.0,Not as Described,Approved,2025-10-25
4453,5204.0,229.0,3.0,Not as Described,Pending,2026-01-26
4454,4708.0,154.0,1.0,Damaged Product,Approved,2026-01-23
4455,1670.0,809.0,3.0,Wrong Item Delivered,Pending,2026-02-26
4456,2578.0,392.0,2.0,Not as Described,Rejected,2026-05-18
4457,3655.0,631.0,3.0,Wrong Item Delivered,Approved,2025-06-20
4458,8013.0,994.0,3.0,Damaged Product,Approved,2026-02-28
4459,7870.0,231.0,3.0,Wrong Item Delivered,Rejected,2026-01-05
4460,724.0,890.0,5.0,Customer Changed Mind,Rejected,2025-08-20
4461,1010.0,129.0,4.0,Not as Described,Pending,2025-10-30
4462,6493.0,948.0,4.0,Wrong Item Delivered,Rejected,2025-07-11
4463,8404.0,854.0,2.0,Quality Issue,Approved,2025-06-19
4464,4665.0,199.0,1.0,Damaged Product,Approved,2026-05-03
4465,7970.0,781.0,4.0,Wrong Item Delivered,Pending,2026-05-20
4466,4094.0,197.0,3.0,Wrong Item Delivered,Approved,2026-03-08
4467,9100.0,840.0,1.0,Not as Described,Rejected,2025-11-25
4468,6709.0,17.0,3.0,Quality Issue,Pending,2026-02-13
4469,8109.0,909.0,5.0,Quality Issue,Pending,2026-03-20
4470,6868.0,448.0,2.0,Quality Issue,Pending,2026-05-14
4471,1068.0,842.0,5.0,Damaged Product,Pending,2025-10-09
4472,3569.0,656.0,2.0,Not as Described,Pending,2026-03-20
4473,8551.0,53.0,5.0,Damaged Product,Rejected,2026-01-21
4474,6155.0,428.0,1.0,Wrong Item Delivered,Pending,2026-01-15
4475,9875.0,613.0,5.0,Damaged Product,Rejected,2025-12-22
4476,1738.0,920.0,2.0,Customer Changed Mind,Rejected,2025-09-11
4477,5144.0,552.0,1.0,Damaged Product,Approved,2025-11-11
4478,7984.0,827.0,4.0,Customer Changed Mind,Approved,2026-05-12
4479,2207.0,420.0,2.0,Quality Issue,Rejected,2026-03-17
4480,1702.0,669.0,4.0,Customer Changed Mind,Rejected,2025-08-27
4481,5403.0,264.0,2.0,Customer Changed Mind,Pending,2026-05-18
4482,4259.0,762.0,5.0,Quality Issue,Approved,2026-03-30
4483,5623.0,432.0,3.0,Not as Described,Rejected,2025-06-01
4484,7031.0,580.0,3.0,Not as Described,Rejected,2026-05-19
4485,7432.0,757.0,3.0,Damaged Product,Pending,2025-09-02
4486,8612.0,67.0,2.0,Quality Issue,Rejected,2026-02-23
4487,4188.0,76.0,5.0,Quality Issue,Pending,2025-06-30
4488,3608.0,706.0,2.0,Not as Described,Approved,2025-10-26
4489,3045.0,806.0,2.0,Quality Issue,Approved,2026-01-17
4490,9973.0,39.0,5.0,Customer Changed Mind,Pending,2025-11-29
4491,4067.0,436.0,3.0,Damaged Product,Approved,2025-11-22
4492,2062.0,452.0,2.0,Not as Described,Approved,2026-04-23
4493,644.0,658.0,1.0,Customer Changed Mind,Rejected,2026-03-26
4494,1492.0,900.0,5.0,Quality Issue,Rejected,2025-10-16
4495,9331.0,200.0,5.0,Customer Changed Mind,Rejected,2025-11-26
4496,6758.0,999.0,5.0,Customer Changed Mind,Pending,2026-03-15
4497,3294.0,76.0,5.0,Quality Issue,Approved,2025-10-28
4498,7316.0,592.0,2.0,Damaged Product,Pending,2026-01-13
4499,9198.0,922.0,4.0,Not as Described,Approved,2026-02-23
4500,2509.0,370.0,3.0,Damaged Product,Pending,2025-11-24
4501,7155.0,229.0,1.0,Quality Issue,Approved,2025-07-24
4502,6798.0,798.0,5.0,Customer Changed Mind,Pending,2025-07-20
4503,4260.0,557.0,2.0,Not as Described,Rejected,2026-03-23
4504,564.0,858.0,1.0,Customer Changed Mind,Pending,2025-10-16
4505,6220.0,768.0,5.0,Quality Issue,Rejected,2025-10-17
4506,4534.0,202.0,3.0,Quality Issue,Pending,2025-06-22
4507,5577.0,80.0,2.0,Customer Changed Mind,Approved,2026-03-23
4508,1710.0,118.0,2.0,Not as Described,Approved,2025-12-22
4509,2066.0,503.0,2.0,Not as Described,Pending,2026-04-13
4510,4895.0,147.0,2.0,Quality Issue,Approved,2026-03-15
4511,8652.0,819.0,1.0,Quality Issue,Rejected,2025-11-10
4512,5506.0,931.0,2.0,Wrong Item Delivered,Approved,2026-05-11
4513,9483.0,349.0,2.0,Customer Changed Mind,Rejected,2025-10-23
4514,857.0,157.0,1.0,Not as Described,Pending,2026-03-02
4515,3593.0,166.0,4.0,Damaged Product,Rejected,2026-02-12
4516,2847.0,674.0,2.0,Quality Issue,Rejected,2026-04-13
4517,4124.0,313.0,4.0,Quality Issue,Rejected,2026-05-20
4518,2197.0,934.0,1.0,Quality Issue,Approved,2026-04-08
4519,1340.0,154.0,2.0,Wrong Item Delivered,Rejected,2025-10-31
4520,2528.0,364.0,1.0,Wrong Item Delivered,Rejected,2025-09-13
4521,4654.0,764.0,5.0,Customer Changed Mind,Pending,2025-10-02
4522,7899.0,96.0,2.0,Damaged Product,Rejected,2026-01-28
4523,224.0,45.0,5.0,Damaged Product,Pending,2025-06-20
4524,5083.0,547.0,2.0,Customer Changed Mind,Pending,2026-02-03
4525,6055.0,75.0,5.0,Not as Described,Pending,2026-04-03
4526,3030.0,299.0,1.0,Damaged Product,Approved,2026-05-23
4527,1612.0,234.0,1.0,Customer Changed Mind,Approved,2026-01-26
4528,256.0,439.0,1.0,Damaged Product,Pending,2026-03-24
4529,3499.0,730.0,4.0,Not as Described,Pending,2026-01-26
4530,1190.0,823.0,5.0,Customer Changed Mind,Rejected,2026-03-08
4531,3298.0,179.0,2.0,Not as Described,Rejected,2025-12-07
4532,148.0,79.0,1.0,Damaged Product,Approved,2026-02-14
4533,9419.0,781.0,2.0,Quality Issue,Pending,2025-09-01
4534,8586.0,151.0,2.0,Wrong Item Delivered,Approved,2026-02-12
4535,7246.0,282.0,2.0,Damaged Product,Pending,2025-07-14
4536,4852.0,395.0,1.0,Damaged Product,Pending,2025-10-13
4537,220.0,892.0,5.0,Quality Issue,Pending,2026-03-05
4538,631.0,373.0,5.0,Quality Issue,Pending,2026-05-15
4539,6301.0,251.0,5.0,Not as Described,Pending,2026-02-09
4540,660.0,541.0,1.0,Wrong Item Delivered,Approved,2026-04-04
4541,8485.0,928.0,5.0,Damaged Product,Approved,2026-05-09
4542,5577.0,601.0,4.0,Wrong Item Delivered,Pending,2026-04-16
4543,5855.0,790.0,1.0,Not as Described,Approved,2026-04-19
4544,9796.0,21.0,1.0,Customer Changed Mind,Rejected,2025-11-14
4545,3002.0,737.0,2.0,Quality Issue,Pending,2025-09-28
4546,2112.0,359.0,4.0,Not as Described,Rejected,2026-03-05
4547,8340.0,972.0,2.0,Damaged Product,Approved,2026-05-24
4548,2071.0,111.0,1.0,Customer Changed Mind,Approved,2025-09-11
4549,4835.0,772.0,2.0,Quality Issue,Approved,2026-02-23
4550,840.0,457.0,5.0,Wrong Item Delivered,Approved,2026-04-06
4551,6368.0,333.0,2.0,Quality Issue,Approved,2025-08-01
4552,571.0,233.0,5.0,Quality Issue,Rejected,2025-07-27
4553,1860.0,456.0,2.0,Damaged Product,Approved,2025-09-18
4554,9874.0,853.0,1.0,Quality Issue,Pending,2026-03-15
4555,165.0,742.0,1.0,Quality Issue,Rejected,2026-04-30
4556,7219.0,769.0,5.0,Damaged Product,Approved,2026-05-06
4557,8594.0,269.0,3.0,Not as Described,Pending,2025-10-18
4558,2991.0,606.0,5.0,Not as Described,Approved,2025-06-16
4559,1543.0,122.0,5.0,Damaged Product,Pending,2025-08-14
4560,8127.0,365.0,4.0,Damaged Product,Rejected,2026-03-04
4561,7776.0,547.0,2.0,Damaged Product,Rejected,2026-04-12
4562,9924.0,664.0,3.0,Customer Changed Mind,Approved,2025-09-06
4563,9470.0,715.0,2.0,Quality Issue,Pending,2025-05-30
4564,9445.0,115.0,2.0,Customer Changed Mind,Pending,2025-06-07
4565,6786.0,863.0,3.0,Wrong Item Delivered,Approved,2025-06-09
4566,3478.0,685.0,4.0,Not as Described,Pending,2025-08-27
4567,9883.0,279.0,5.0,Wrong Item Delivered,Pending,2025-06-07
4568,7234.0,407.0,4.0,Damaged Product,Approved,2025-08-11
4569,3956.0,477.0,2.0,Wrong Item Delivered,Pending,2026-01-29
4570,5728.0,897.0,4.0,Customer Changed Mind,Pending,2025-06-18
4571,7938.0,48.0,3.0,Not as Described,Pending,2025-10-18
4572,1680.0,114.0,3.0,Quality Issue,Rejected,2025-11-11
4573,8908.0,783.0,3.0,Quality Issue,Pending,2025-06-20
4574,4637.0,405.0,1.0,Not as Described,Pending,2025-09-20
4575,7278.0,12.0,3.0,Not as Described,Rejected,2025-11-07
4576,5620.0,833.0,3.0,Wrong Item Delivered,Rejected,2025-11-02
4577,3575.0,193.0,4.0,Quality Issue,Approved,2025-08-02
4578,9507.0,165.0,4.0,Not as Described,Approved,2026-02-26
4579,3624.0,943.0,3.0,Not as Described,Rejected,2025-06-11
4580,6574.0,726.0,5.0,Damaged Product,Rejected,2025-07-02
4581,6633.0,131.0,1.0,Not as Described,Pending,2025-09-20
4582,8686.0,327.0,3.0,Damaged Product,Approved,2025-08-09
4583,4106.0,931.0,4.0,Not as Described,Pending,2026-03-10
4584,4359.0,193.0,4.0,Not as Described,Approved,2025-06-20
4585,7413.0,299.0,1.0,Customer Changed Mind,Rejected,2025-07-01
4586,7213.0,954.0,2.0,Damaged Product,Pending,2026-03-08
4587,2013.0,316.0,4.0,Quality Issue,Pending,2025-06-16
4588,3138.0,792.0,2.0,Wrong Item Delivered,Rejected,2026-01-30
4589,8669.0,699.0,1.0,Customer Changed Mind,Rejected,2025-08-03
4590,5989.0,839.0,5.0,Customer Changed Mind,Approved,2026-02-26
4591,5047.0,743.0,1.0,Wrong Item Delivered,Approved,2025-09-25
4592,5734.0,1000.0,5.0,Wrong Item Delivered,Rejected,2025-05-30
4593,2581.0,177.0,4.0,Quality Issue,Pending,2025-08-17
4594,6534.0,177.0,4.0,Damaged Product,Pending,2026-03-15
4595,8828.0,879.0,3.0,Damaged Product,Approved,2025-11-07
4596,6961.0,722.0,2.0,Customer Changed Mind,Rejected,2026-02-16
4597,4527.0,719.0,2.0,Damaged Product,Approved,2026-02-13
4598,373.0,632.0,3.0,Customer Changed Mind,Rejected,2025-12-25
4599,9666.0,898.0,5.0,Wrong Item Delivered,Rejected,2026-05-15
4600,2433.0,376.0,3.0,Customer Changed Mind,Rejected,2025-06-26
4601,842.0,451.0,3.0,Damaged Product,Rejected,2026-02-12
4602,9419.0,982.0,2.0,Quality Issue,Pending,2026-01-06
4603,8422.0,99.0,3.0,Customer Changed Mind,Pending,2026-05-09
4604,4599.0,877.0,3.0,Not as Described,Approved,2025-10-28
4605,3272.0,826.0,3.0,Customer Changed Mind,Rejected,2026-05-23
4606,4934.0,267.0,2.0,Wrong Item Delivered,Rejected,2025-08-14
4607,9059.0,130.0,3.0,Wrong Item Delivered,Approved,2025-11-01
4608,6937.0,124.0,1.0,Not as Described,Approved,2026-02-26
4609,9703.0,150.0,1.0,Damaged Product,Rejected,2025-11-23
4610,9202.0,651.0,1.0,Not as Described,Rejected,2025-11-01
4611,1546.0,891.0,4.0,Not as Described,Rejected,2026-05-01
4612,7050.0,602.0,3.0,Wrong Item Delivered,Approved,2026-02-01
4613,563.0,498.0,4.0,Damaged Product,Pending,2025-12-17
4614,1553.0,358.0,5.0,Damaged Product,Approved,2025-11-15
4615,7219.0,432.0,5.0,Customer Changed Mind,Pending,2025-10-08
4616,246.0,982.0,1.0,Wrong Item Delivered,Approved,2026-05-08
4617,7959.0,130.0,2.0,Customer Changed Mind,Pending,2026-05-09
4618,6517.0,839.0,3.0,Quality Issue,Approved,2025-11-04
4619,4101.0,107.0,1.0,Not as Described,Rejected,2025-11-18
4620,7105.0,665.0,3.0,Quality Issue,Rejected,2025-08-05
4621,4003.0,231.0,1.0,Customer Changed Mind,Pending,2025-08-07
4622,1678.0,24.0,1.0,Quality Issue,Approved,2025-10-05
4623,9482.0,68.0,1.0,Customer Changed Mind,Approved,2026-04-25
4624,4654.0,524.0,5.0,Customer Changed Mind,Pending,2025-08-20
4625,527.0,667.0,1.0,Wrong Item Delivered,Rejected,2026-03-26
4626,6689.0,36.0,3.0,Damaged Product,Approved,2026-05-08
4627,6387.0,103.0,1.0,Damaged Product,Pending,2025-06-13
4628,1941.0,820.0,1.0,Not as Described,Rejected,2026-02-06
4629,7500.0,699.0,5.0,Wrong Item Delivered,Pending,2026-03-13
4630,710.0,226.0,1.0,Quality Issue,Pending,2026-03-06
4631,4366.0,896.0,5.0,Damaged Product,Approved,2025-08-31
4632,488.0,698.0,3.0,Quality Issue,Approved,2026-02-22
4633,4032.0,406.0,1.0,Not as Described,Rejected,2026-04-24
4634,927.0,677.0,3.0,Not as Described,Rejected,2025-10-22
4635,6643.0,836.0,3.0,Quality Issue,Rejected,2026-03-06
4636,2733.0,66.0,3.0,Not as Described,Approved,2026-04-27
4637,5180.0,572.0,4.0,Quality Issue,Rejected,2025-08-05
4638,4708.0,280.0,2.0,Customer Changed Mind,Pending,2025-10-11
4639,7133.0,464.0,2.0,Wrong Item Delivered,Approved,2026-02-08
4640,6365.0,912.0,5.0,Quality Issue,Rejected,2025-10-21
4641,970.0,716.0,5.0,Damaged Product,Rejected,2026-03-07
4642,5533.0,708.0,5.0,Customer Changed Mind,Approved,2026-02-09
4643,2452.0,961.0,4.0,Not as Described,Approved,2026-02-20
4644,3085.0,744.0,2.0,Wrong Item Delivered,Rejected,2025-12-14
4645,1978.0,296.0,3.0,Quality Issue,Pending,2026-01-14
4646,9441.0,511.0,4.0,Wrong Item Delivered,Pending,2025-07-29
4647,4046.0,453.0,5.0,Customer Changed Mind,Approved,2025-10-30
4648,3288.0,580.0,4.0,Customer Changed Mind,Pending,2025-11-27
4649,5593.0,767.0,3.0,Quality Issue,Rejected,2025-05-25
4650,7048.0,728.0,5.0,Customer Changed Mind,Rejected,2025-06-01
4651,158.0,48.0,2.0,Wrong Item Delivered,Rejected,2025-11-23
4652,6939.0,942.0,3.0,Customer Changed Mind,Pending,2026-03-31
4653,8395.0,161.0,5.0,Not as Described,Rejected,2026-04-09
4654,6024.0,589.0,2.0,Damaged Product,Rejected,2026-03-05
4655,8827.0,660.0,4.0,Customer Changed Mind,Pending,2025-12-13
4656,1073.0,946.0,2.0,Wrong Item Delivered,Approved,2025-10-07
4657,9987.0,436.0,5.0,Damaged Product,Rejected,2025-10-25
4658,4703.0,590.0,5.0,Damaged Product,Pending,2026-04-14
4659,1198.0,320.0,2.0,Customer Changed Mind,Rejected,2025-07-23
4660,9677.0,545.0,1.0,Wrong Item Delivered,Pending,2025-06-13
4661,6531.0,855.0,5.0,Customer Changed Mind,Pending,2025-07-15
4662,3583.0,601.0,3.0,Customer Changed Mind,Rejected,2026-05-23
4663,4012.0,807.0,3.0,Not as Described,Rejected,2025-07-06
4664,7862.0,77.0,2.0,Not as Described,Approved,2025-06-09
4665,6648.0,388.0,2.0,Customer Changed Mind,Rejected,2026-02-06
4666,755.0,687.0,4.0,Damaged Product,Pending,2025-12-10
4667,4755.0,990.0,1.0,Quality Issue,Rejected,2025-09-16
4668,6609.0,95.0,1.0,Quality Issue,Rejected,2026-02-27
4669,5105.0,863.0,4.0,Quality Issue,Rejected,2025-07-11
4670,8685.0,466.0,4.0,Customer Changed Mind,Approved,2025-07-30
4671,997.0,326.0,4.0,Not as Described,Pending,2025-10-15
4672,8705.0,338.0,2.0,Damaged Product,Pending,2025-10-31
4673,6944.0,850.0,3.0,Wrong Item Delivered,Approved,2025-12-17
4674,7301.0,9.0,2.0,Customer Changed Mind,Pending,2026-01-18
4675,3440.0,468.0,3.0,Wrong Item Delivered,Rejected,2026-02-18
4676,5769.0,231.0,3.0,Quality Issue,Rejected,2026-01-06
4677,4099.0,51.0,5.0,Damaged Product,Approved,2026-02-09
4678,6927.0,676.0,5.0,Not as Described,Rejected,2026-01-12
4679,6645.0,268.0,1.0,Customer Changed Mind,Approved,2025-06-23
4680,4770.0,984.0,3.0,Not as Described,Pending,2025-10-02
4681,2612.0,397.0,4.0,Customer Changed Mind,Approved,2025-06-14
4682,7414.0,192.0,5.0,Damaged Product,Pending,2025-10-03
4683,8264.0,628.0,1.0,Wrong Item Delivered,Rejected,2025-07-11
4684,8454.0,36.0,2.0,Customer Changed Mind,Approved,2026-03-04
4685,8021.0,139.0,1.0,Damaged Product,Approved,2025-07-03
4686,5216.0,609.0,1.0,Customer Changed Mind,Approved,2025-06-20
4687,3723.0,30.0,3.0,Customer Changed Mind,Approved,2026-03-16
4688,1784.0,825.0,5.0,Damaged Product,Approved,2025-06-06
4689,10.0,567.0,5.0,Damaged Product,Pending,2026-04-07
4690,1543.0,914.0,5.0,Wrong Item Delivered,Rejected,2025-10-01
4691,9034.0,684.0,5.0,Not as Described,Pending,2025-08-26
4692,6320.0,855.0,5.0,Not as Described,Pending,2025-07-11
4693,7330.0,842.0,4.0,Quality Issue,Pending,2026-01-31
4694,5140.0,543.0,4.0,Quality Issue,Pending,2025-10-11
4695,5158.0,981.0,1.0,Not as Described,Pending,2025-08-01
4696,1532.0,685.0,2.0,Wrong Item Delivered,Rejected,2025-07-02
4697,7534.0,876.0,5.0,Not as Described,Approved,2026-04-03
4698,8086.0,50.0,4.0,Customer Changed Mind,Rejected,2025-08-22
4699,6361.0,696.0,1.0,Damaged Product,Pending,2025-11-22
4700,4618.0,337.0,5.0,Customer Changed Mind,Pending,2026-02-28
4701,143.0,466.0,5.0,Customer Changed Mind,Pending,2025-11-10
4702,2818.0,805.0,2.0,Quality Issue,Pending,2025-06-08
4703,5513.0,773.0,3.0,Customer Changed Mind,Approved,2025-07-07
4704,6093.0,535.0,5.0,Quality Issue,Rejected,2025-12-10
4705,1140.0,647.0,1.0,Not as Described,Pending,2026-01-04
4706,8932.0,675.0,3.0,Quality Issue,Pending,2025-08-23
4707,313.0,838.0,5.0,Wrong Item Delivered,Pending,2025-07-01
4708,4031.0,404.0,1.0,Damaged Product,Pending,2026-03-18
4709,2865.0,717.0,5.0,Not as Described,Approved,2025-06-24
4710,8758.0,578.0,2.0,Wrong Item Delivered,Rejected,2025-09-01
4711,4091.0,863.0,3.0,Wrong Item Delivered,Rejected,2026-03-13
4712,3328.0,244.0,4.0,Damaged Product,Rejected,2026-01-20
4713,2044.0,620.0,4.0,Not as Described,Pending,2026-02-19
4714,9725.0,116.0,2.0,Wrong Item Delivered,Rejected,2025-06-26
4715,4610.0,11.0,1.0,Not as Described,Pending,2026-05-20
4716,718.0,100.0,4.0,Damaged Product,Rejected,2026-01-12
4717,1621.0,612.0,5.0,Not as Described,Approved,2026-03-31
4718,6110.0,230.0,4.0,Damaged Product,Rejected,2026-04-09
4719,1735.0,952.0,3.0,Not as Described,Pending,2025-07-27
4720,3371.0,925.0,1.0,Damaged Product,Pending,2025-12-18
4721,4192.0,978.0,2.0,Not as Described,Pending,2025-09-25
4722,3871.0,955.0,5.0,Customer Changed Mind,Pending,2026-03-01
4723,3269.0,245.0,4.0,Customer Changed Mind,Approved,2026-02-05
4724,4618.0,853.0,5.0,Wrong Item Delivered,Approved,2025-10-04
4725,9397.0,379.0,4.0,Damaged Product,Rejected,2026-02-28
4726,5423.0,259.0,3.0,Wrong Item Delivered,Pending,2025-08-18
4727,9599.0,261.0,1.0,Quality Issue,Pending,2026-01-18
4728,8299.0,180.0,3.0,Customer Changed Mind,Rejected,2025-06-03
4729,9547.0,761.0,1.0,Wrong Item Delivered,Pending,2025-08-02
4730,1322.0,750.0,3.0,Quality Issue,Rejected,2025-08-23
4731,6148.0,233.0,5.0,Quality Issue,Pending,2026-05-22
4732,8711.0,326.0,4.0,Damaged Product,Pending,2025-06-07
4733,4218.0,916.0,5.0,Quality Issue,Pending,2025-11-03
4734,9749.0,82.0,2.0,Not as Described,Rejected,2025-08-19
4735,1596.0,333.0,2.0,Wrong Item Delivered,Approved,2025-08-17
4736,5432.0,171.0,3.0,Not as Described,Rejected,2025-12-30
4737,463.0,280.0,5.0,Quality Issue,Pending,2026-03-16
4738,4234.0,870.0,2.0,Damaged Product,Rejected,2025-08-19
4739,1279.0,378.0,2.0,Customer Changed Mind,Rejected,2025-12-31
4740,4613.0,558.0,3.0,Quality Issue,Approved,2026-02-19
4741,2801.0,220.0,3.0,Customer Changed Mind,Rejected,2025-06-15
4742,6388.0,857.0,3.0,Damaged Product,Approved,2026-01-19
4743,9550.0,574.0,4.0,Not as Described,Pending,2025-09-27
4744,5104.0,254.0,5.0,Not as Described,Approved,2025-05-26
4745,6787.0,588.0,4.0,Quality Issue,Approved,2025-08-05
4746,4789.0,243.0,2.0,Wrong Item Delivered,Approved,2025-06-04
4747,8979.0,52.0,2.0,Customer Changed Mind,Pending,2026-04-05
4748,375.0,900.0,4.0,Damaged Product,Pending,2025-10-08
4749,1883.0,429.0,5.0,Not as Described,Approved,2026-01-26
4750,2192.0,526.0,5.0,Quality Issue,Rejected,2025-09-26
4751,7678.0,997.0,5.0,Quality Issue,Rejected,2026-02-02
4752,546.0,470.0,2.0,Customer Changed Mind,Pending,2026-02-03
4753,8210.0,52.0,4.0,Customer Changed Mind,Approved,2025-07-26
4754,7685.0,400.0,3.0,Customer Changed Mind,Rejected,2025-07-22
4755,9163.0,852.0,1.0,Quality Issue,Approved,2025-08-07
4756,401.0,773.0,4.0,Customer Changed Mind,Approved,2026-01-23
4757,351.0,381.0,3.0,Wrong Item Delivered,Approved,2026-02-20
4758,8924.0,801.0,4.0,Damaged Product,Pending,2025-06-04
4759,6916.0,591.0,3.0,Damaged Product,Pending,2025-07-31
4760,2280.0,383.0,1.0,Damaged Product,Rejected,2026-04-29
4761,1806.0,402.0,4.0,Not as Described,Pending,2025-09-12
4762,777.0,227.0,2.0,Not as Described,Pending,2026-04-13
4763,2548.0,23.0,4.0,Wrong Item Delivered,Pending,2026-01-01
4764,7995.0,994.0,3.0,Damaged Product,Rejected,2026-05-24
4765,7724.0,868.0,2.0,Wrong Item Delivered,Approved,2025-09-09
4766,9088.0,799.0,3.0,Not as Described,Rejected,2026-05-15
4767,6722.0,571.0,1.0,Not as Described,Approved,2025-10-23
4768,601.0,186.0,4.0,Quality Issue,Rejected,2025-09-03
4769,3784.0,97.0,2.0,Quality Issue,Approved,2025-11-12
4770,2101.0,762.0,5.0,Customer Changed Mind,Pending,2026-01-31
4771,7861.0,586.0,5.0,Customer Changed Mind,Approved,2026-03-17
4772,133.0,760.0,5.0,Quality Issue,Approved,2026-01-14
4773,6440.0,482.0,1.0,Quality Issue,Rejected,2026-02-22
4774,3329.0,239.0,3.0,Wrong Item Delivered,Approved,2025-12-10
4775,8721.0,515.0,4.0,Wrong Item Delivered,Rejected,2025-06-14
4776,4922.0,805.0,1.0,Customer Changed Mind,Approved,2025-08-07
4777,9605.0,360.0,2.0,Customer Changed Mind,Pending,2026-05-02
4778,1916.0,606.0,4.0,Damaged Product,Pending,2025-09-30
4779,9468.0,49.0,5.0,Quality Issue,Pending,2026-04-10
4780,2288.0,401.0,4.0,Quality Issue,Rejected,2025-11-14
4781,26.0,579.0,2.0,Damaged Product,Approved,2025-12-12
4782,539.0,185.0,1.0,Damaged Product,Rejected,2025-05-25
4783,3553.0,975.0,3.0,Quality Issue,Rejected,2026-03-06
4784,6323.0,43.0,1.0,Not as Described,Rejected,2025-09-16
4785,6366.0,979.0,4.0,Wrong Item Delivered,Pending,2026-03-15
4786,8141.0,789.0,1.0,Damaged Product,Pending,2025-06-19
4787,4330.0,247.0,2.0,Wrong Item Delivered,Approved,2025-07-24
4788,227.0,558.0,3.0,Wrong Item Delivered,Approved,2026-03-05
4789,5341.0,52.0,3.0,Customer Changed Mind,Approved,2025-07-16
4790,5984.0,953.0,4.0,Customer Changed Mind,Approved,2025-11-11
4791,979.0,227.0,5.0,Quality Issue,Rejected,2025-11-29
4792,5715.0,465.0,5.0,Customer Changed Mind,Approved,2025-11-10
4793,390.0,261.0,1.0,Wrong Item Delivered,Rejected,2025-06-29
4794,8708.0,477.0,2.0,Damaged Product,Rejected,2025-08-31
4795,6237.0,597.0,4.0,Wrong Item Delivered,Rejected,2025-09-12
4796,8687.0,583.0,2.0,Customer Changed Mind,Pending,2025-08-26
4797,7789.0,550.0,4.0,Quality Issue,Rejected,2025-09-30
4798,9353.0,844.0,1.0,Customer Changed Mind,Approved,2026-05-23
4799,4361.0,86.0,2.0,Customer Changed Mind,Pending,2025-12-11
4800,9835.0,650.0,3.0,Customer Changed Mind,Rejected,2025-07-19
4801,3085.0,52.0,4.0,Wrong Item Delivered,Rejected,2026-02-25
4802,1457.0,474.0,2.0,Not as Described,Pending,2026-03-08
4803,5981.0,975.0,3.0,Wrong Item Delivered,Approved,2025-11-16
4804,6908.0,513.0,3.0,Not as Described,Approved,2025-07-24
4805,3944.0,930.0,5.0,Customer Changed Mind,Pending,2026-05-24
4806,3183.0,422.0,5.0,Customer Changed Mind,Pending,2025-09-15
4807,2203.0,529.0,4.0,Quality Issue,Rejected,2025-07-30
4808,6685.0,24.0,1.0,Customer Changed Mind,Pending,2026-02-20
4809,9072.0,368.0,3.0,Damaged Product,Rejected,2026-01-22
4810,9969.0,796.0,4.0,Wrong Item Delivered,Pending,2025-08-05
4811,8682.0,378.0,2.0,Damaged Product,Rejected,2025-12-10
4812,6437.0,890.0,5.0,Customer Changed Mind,Pending,2025-08-15
4813,5307.0,335.0,5.0,Wrong Item Delivered,Pending,2025-09-18
4814,5944.0,661.0,2.0,Customer Changed Mind,Approved,2026-05-07
4815,2844.0,522.0,4.0,Not as Described,Pending,2025-11-05
4816,8830.0,99.0,3.0,Damaged Product,Approved,2025-08-03
4817,6745.0,344.0,5.0,Wrong Item Delivered,Approved,2025-10-05
4818,4885.0,300.0,5.0,Quality Issue,Rejected,2026-05-15
4819,9472.0,263.0,3.0,Damaged Product,Pending,2026-05-09
4820,1750.0,139.0,3.0,Not as Described,Rejected,2026-04-21
4821,8811.0,604.0,2.0,Not as Described,Approved,2025-08-26
4822,149.0,420.0,3.0,Quality Issue,Pending,2026-04-18
4823,7380.0,65.0,2.0,Quality Issue,Approved,2025-12-18
4824,7198.0,789.0,4.0,Customer Changed Mind,Pending,2025-12-03
4825,3731.0,655.0,2.0,Damaged Product,Rejected,2025-11-03
4826,8018.0,406.0,1.0,Not as Described,Rejected,2026-01-15
4827,7320.0,998.0,3.0,Damaged Product,Rejected,2026-03-10
4828,1951.0,939.0,2.0,Quality Issue,Approved,2025-09-01
4829,8385.0,12.0,4.0,Wrong Item Delivered,Pending,2026-01-23
4830,1341.0,120.0,5.0,Customer Changed Mind,Rejected,2025-11-14
4831,517.0,966.0,4.0,Wrong Item Delivered,Pending,2026-02-19
4832,5061.0,74.0,5.0,Not as Described,Approved,2025-09-16
4833,3997.0,862.0,4.0,Wrong Item Delivered,Approved,2025-09-09
4834,2830.0,105.0,2.0,Not as Described,Rejected,2025-11-06
4835,2782.0,782.0,5.0,Damaged Product,Rejected,2026-02-01
4836,5327.0,448.0,4.0,Customer Changed Mind,Rejected,2025-08-16
4837,9732.0,802.0,3.0,Wrong Item Delivered,Approved,2026-01-05
4838,9022.0,108.0,5.0,Damaged Product,Pending,2025-12-13
4839,9324.0,564.0,4.0,Wrong Item Delivered,Approved,2025-07-20
4840,4335.0,538.0,5.0,Customer Changed Mind,Pending,2025-06-03
4841,3105.0,395.0,3.0,Damaged Product,Pending,2026-04-04
4842,7615.0,556.0,2.0,Customer Changed Mind,Approved,2025-07-04
4843,2947.0,197.0,1.0,Damaged Product,Pending,2025-07-27
4844,2029.0,72.0,2.0,Damaged Product,Pending,2026-03-29
4845,7238.0,664.0,2.0,Customer Changed Mind,Approved,2025-09-30
4846,2562.0,973.0,1.0,Quality Issue,Rejected,2025-11-19
4847,6252.0,790.0,5.0,Damaged Product,Rejected,2026-05-22
4848,9166.0,872.0,2.0,Damaged Product,Pending,2026-04-22
4849,740.0,563.0,4.0,Damaged Product,Pending,2026-04-17
4850,5757.0,350.0,2.0,Wrong Item Delivered,Rejected,2025-11-04
4851,6917.0,478.0,3.0,Wrong Item Delivered,Pending,2025-08-29
4852,1747.0,852.0,5.0,Wrong Item Delivered,Rejected,2025-12-25
4853,183.0,922.0,2.0,Damaged Product,Pending,2025-05-27
4854,8258.0,97.0,5.0,Not as Described,Approved,2025-10-30
4855,8508.0,746.0,2.0,Damaged Product,Rejected,2026-04-11
4856,2109.0,541.0,3.0,Not as Described,Approved,2025-09-23
4857,6595.0,7.0,1.0,Wrong Item Delivered,Pending,2025-07-27
4858,1565.0,545.0,3.0,Damaged Product,Approved,2026-01-19
4859,1928.0,96.0,1.0,Damaged Product,Rejected,2025-08-18
4860,4589.0,577.0,5.0,Customer Changed Mind,Rejected,2026-03-02
4861,4903.0,989.0,4.0,Quality Issue,Pending,2026-03-14
4862,754.0,978.0,5.0,Customer Changed Mind,Approved,2025-08-20
4863,4380.0,736.0,1.0,Quality Issue,Rejected,2025-07-02
4864,1690.0,669.0,5.0,Damaged Product,Rejected,2025-09-09
4865,8808.0,898.0,1.0,Damaged Product,Approved,2025-07-07
4866,9238.0,176.0,1.0,Damaged Product,Approved,2025-11-15
4867,9137.0,811.0,3.0,Customer Changed Mind,Approved,2026-04-30
4868,801.0,60.0,2.0,Customer Changed Mind,Pending,2025-11-05
4869,9536.0,866.0,1.0,Wrong Item Delivered,Rejected,2026-01-02
4870,2218.0,634.0,1.0,Not as Described,Rejected,2025-08-25
4871,1614.0,371.0,4.0,Customer Changed Mind,Approved,2026-01-10
4872,292.0,198.0,4.0,Quality Issue,Rejected,2025-11-27
4873,9626.0,880.0,1.0,Quality Issue,Pending,2026-03-01
4874,194.0,629.0,5.0,Not as Described,Pending,2026-04-25
4875,5757.0,922.0,4.0,Customer Changed Mind,Approved,2026-04-09
4876,4139.0,150.0,4.0,Damaged Product,Approved,2025-06-12
4877,8340.0,378.0,4.0,Not as Described,Rejected,2025-09-27
4878,5285.0,325.0,4.0,Damaged Product,Pending,2026-01-09
4879,7096.0,179.0,1.0,Not as Described,Rejected,2025-06-27
4880,1895.0,745.0,2.0,Not as Described,Approved,2026-03-09
4881,220.0,286.0,5.0,Wrong Item Delivered,Rejected,2026-01-04
4882,9320.0,707.0,4.0,Quality Issue,Pending,2025-06-23
4883,1599.0,584.0,5.0,Wrong Item Delivered,Rejected,2025-08-26
4884,5283.0,486.0,5.0,Wrong Item Delivered,Rejected,2026-03-06
4885,7651.0,503.0,5.0,Quality Issue,Approved,2026-05-17
4886,8733.0,276.0,1.0,Customer Changed Mind,Approved,2026-02-01
4887,4990.0,70.0,3.0,Customer Changed Mind,Pending,2025-09-22
4888,8389.0,15.0,3.0,Wrong Item Delivered,Pending,2026-02-09
4889,2269.0,160.0,2.0,Customer Changed Mind,Pending,2025-12-16
4890,9094.0,294.0,5.0,Quality Issue,Rejected,2025-12-09
4891,9378.0,252.0,3.0,Not as Described,Pending,2025-05-26
4892,8567.0,293.0,4.0,Not as Described,Approved,2025-11-23
4893,4096.0,599.0,4.0,Quality Issue,Pending,2025-10-10
4894,8778.0,763.0,5.0,Quality Issue,Rejected,2026-01-13
4895,8076.0,244.0,1.0,Customer Changed Mind,Rejected,2025-10-13
4896,721.0,231.0,1.0,Not as Described,Rejected,2026-03-29
4897,3403.0,837.0,1.0,Damaged Product,Approved,2026-02-18
4898,4046.0,113.0,1.0,Damaged Product,Approved,2025-07-28
4899,8164.0,494.0,4.0,Not as Described,Pending,2026-01-04
4900,4664.0,998.0,5.0,Damaged Product,Rejected,2026-04-10
4901,8196.0,634.0,2.0,Not as Described,Approved,2025-11-07
4902,448.0,304.0,4.0,Damaged Product,Pending,2025-12-28
4903,7844.0,986.0,1.0,Customer Changed Mind,Rejected,2025-11-01
4904,5804.0,740.0,1.0,Not as Described,Pending,2026-04-11
4905,9756.0,19.0,5.0,Quality Issue,Pending,2026-04-03
4906,6159.0,318.0,3.0,Damaged Product,Pending,2025-11-20
4907,4869.0,973.0,1.0,Not as Described,Rejected,2026-02-28
4908,8537.0,120.0,5.0,Damaged Product,Rejected,2025-12-05
4909,7714.0,818.0,1.0,Not as Described,Approved,2026-04-27
4910,3212.0,511.0,3.0,Damaged Product,Approved,2025-11-21
4911,4200.0,460.0,1.0,Wrong Item Delivered,Pending,2026-02-24
4912,5194.0,553.0,2.0,Not as Described,Approved,2025-09-05
4913,8512.0,725.0,5.0,Damaged Product,Rejected,2025-09-16
4914,264.0,680.0,4.0,Damaged Product,Pending,2025-08-18
4915,5199.0,264.0,1.0,Quality Issue,Approved,2025-11-16
4916,4458.0,992.0,3.0,Not as Described,Rejected,2025-06-17
4917,6924.0,809.0,1.0,Customer Changed Mind,Pending,2025-07-08
4918,1229.0,580.0,4.0,Wrong Item Delivered,Approved,2026-02-16
4919,7593.0,699.0,5.0,Damaged Product,Rejected,2026-03-27
4920,45.0,939.0,4.0,Customer Changed Mind,Rejected,2026-05-02
4921,7759.0,458.0,3.0,Damaged Product,Rejected,2025-12-01
4922,9202.0,903.0,3.0,Not as Described,Rejected,2026-04-05
4923,2931.0,574.0,2.0,Quality Issue,Pending,2026-05-25
4924,4282.0,190.0,2.0,Customer Changed Mind,Pending,2025-09-06
4925,9537.0,857.0,5.0,Quality Issue,Approved,2025-07-19
4926,9077.0,312.0,2.0,Not as Described,Pending,2025-07-22
4927,3791.0,21.0,1.0,Quality Issue,Approved,2025-06-29
4928,1089.0,479.0,5.0,Damaged Product,Approved,2025-06-25
4929,903.0,354.0,5.0,Wrong Item Delivered,Rejected,2025-11-22
4930,8808.0,260.0,5.0,Customer Changed Mind,Approved,2025-10-06
4931,707.0,577.0,1.0,Damaged Product,Approved,2025-06-24
4932,7178.0,518.0,1.0,Quality Issue,Rejected,2025-12-11
4933,5715.0,851.0,4.0,Not as Described,Approved,2025-09-04
4934,2481.0,350.0,3.0,Customer Changed Mind,Rejected,2026-02-07
4935,9967.0,737.0,1.0,Wrong Item Delivered,Rejected,2025-08-19
4936,8798.0,462.0,5.0,Quality Issue,Rejected,2025-07-31
4937,8161.0,982.0,5.0,Not as Described,Approved,2025-07-12
4938,3968.0,778.0,3.0,Quality Issue,Approved,2026-03-29
4939,8176.0,400.0,1.0,Damaged Product,Rejected,2025-08-14
4940,6245.0,2.0,2.0,Not as Described,Rejected,2026-05-06
4941,7882.0,419.0,3.0,Not as Described,Pending,2025-07-21
4942,5029.0,174.0,2.0,Quality Issue,Approved,2026-05-22
4943,8434.0,15.0,1.0,Quality Issue,Pending,2025-10-14
4944,2886.0,86.0,5.0,Wrong Item Delivered,Rejected,2026-05-02
4945,9199.0,964.0,4.0,Not as Described,Rejected,2025-08-27
4946,4715.0,587.0,3.0,Customer Changed Mind,Approved,2025-06-04
4947,1729.0,85.0,5.0,Customer Changed Mind,Approved,2025-06-15
4948,7885.0,191.0,4.0,Quality Issue,Approved,2026-05-16
4949,99.0,260.0,1.0,Quality Issue,Rejected,2026-02-23
4950,6925.0,892.0,2.0,Not as Described,Rejected,2025-10-22
4951,1443.0,172.0,5.0,Wrong Item Delivered,Rejected,2026-05-08
4952,1952.0,423.0,1.0,Not as Described,Approved,2026-02-08
4953,1052.0,376.0,5.0,Customer Changed Mind,Pending,2025-09-01
4954,6137.0,434.0,4.0,Quality Issue,Approved,2025-05-31
4955,6908.0,193.0,4.0,Wrong Item Delivered,Approved,2026-02-23
4956,789.0,961.0,5.0,Wrong Item Delivered,Pending,2026-03-26
4957,3485.0,813.0,2.0,Customer Changed Mind,Pending,2025-07-20
4958,575.0,309.0,5.0,Wrong Item Delivered,Pending,2025-09-03
4959,6186.0,713.0,1.0,Damaged Product,Approved,2026-03-11
4960,7710.0,946.0,1.0,Wrong Item Delivered,Rejected,2026-05-02
4961,9409.0,673.0,3.0,Quality Issue,Rejected,2026-04-01
4962,8096.0,687.0,3.0,Wrong Item Delivered,Approved,2025-11-16
4963,8488.0,375.0,1.0,Not as Described,Approved,2025-10-13
4964,8959.0,545.0,3.0,Customer Changed Mind,Approved,2025-07-03
4965,1923.0,526.0,4.0,Not as Described,Pending,2026-04-10
4966,4192.0,237.0,1.0,Wrong Item Delivered,Pending,2025-07-28
4967,6655.0,92.0,2.0,Quality Issue,Pending,2025-11-04
4968,5913.0,617.0,5.0,Not as Described,Rejected,2025-07-06
4969,7058.0,980.0,4.0,Customer Changed Mind,Rejected,2025-11-28
4970,422.0,520.0,2.0,Customer Changed Mind,Approved,2025-11-30
4971,9579.0,336.0,3.0,Not as Described,Pending,2025-12-20
4972,8197.0,752.0,4.0,Customer Changed Mind,Approved,2025-07-20
4973,6678.0,365.0,3.0,Wrong Item Delivered,Approved,2025-06-19
4974,8669.0,333.0,4.0,Wrong Item Delivered,Rejected,2025-12-03
4975,2877.0,940.0,5.0,Customer Changed Mind,Approved,2025-05-30
4976,5505.0,460.0,4.0,Wrong Item Delivered,Pending,2026-04-10
4977,5662.0,693.0,5.0,Quality Issue,Approved,2026-04-23
4978,4978.0,654.0,5.0,Wrong Item Delivered,Approved,2025-10-10
4979,5785.0,687.0,2.0,Customer Changed Mind,Pending,2025-08-17
4980,618.0,451.0,5.0,Customer Changed Mind,Approved,2025-12-09
4981,2312.0,85.0,4.0,Not as Described,Pending,2026-03-04
4982,2369.0,496.0,3.0,Customer Changed Mind,Pending,2025-11-05
4983,3259.0,340.0,1.0,Wrong Item Delivered,Rejected,2025-11-30
4984,6621.0,987.0,2.0,Quality Issue,Approved,2026-03-30
4985,5014.0,936.0,4.0,Quality Issue,Pending,2025-06-01
4986,2920.0,979.0,2.0,Damaged Product,Pending,2025-09-06
4987,2210.0,695.0,3.0,Quality Issue,Pending,2025-11-02
4988,3721.0,807.0,3.0,Wrong Item Delivered,Rejected,2025-11-12
4989,1497.0,24.0,3.0,Not as Described,Approved,2025-06-20
4990,931.0,600.0,4.0,Not as Described,Rejected,2025-07-11
4991,2715.0,572.0,3.0,Customer Changed Mind,Pending,2025-06-03
4992,1065.0,674.0,1.0,Not as Described,Rejected,2025-12-06
4993,6793.0,60.0,3.0,Wrong Item Delivered,Rejected,2026-05-21
4994,4452.0,859.0,5.0,Customer Changed Mind,Approved,2026-05-02
4995,5221.0,372.0,3.0,Quality Issue,Pending,2026-05-17
4996,6737.0,422.0,5.0,Quality Issue,Rejected,2026-04-06
4997,5231.0,587.0,5.0,Customer Changed Mind,Rejected,2026-02-03
4998,9383.0,628.0,5.0,Customer Changed Mind,Pending,2025-06-13
4999,9146.0,530.0,1.0,Not as Described,Rejected,2025-06-27
5000,954.0,613.0,1.0,Damaged Product,Pending,2026-01-21
